{
"type": "FeatureCollection",
"name": "a5332fd0-99df-4636-86f7-caa1a010eb45",
"crs": { "type": "name", "properties": { "name": "urn:ogc:def:crs:OGC:1.3:CRS84" } },
"features": [
{ "type": "Feature", "properties": { "class": "solar panel,photovoltaic panel,solar array", "id": 0 }, "geometry": { "type": "Polygon", "coordinates": [ [ [ 55.36897748708725, 24.769314945725782 ], [ 55.36897748708725, 24.769305203673891 ], [ 55.36896675825119, 24.769305203673891 ], [ 55.36896675825119, 24.769295461622001 ], [ 55.36897748708725, 24.769295461622001 ], [ 55.36897748708725, 24.76928571957011 ], [ 55.368988215923309, 24.76928571957011 ], [ 55.369020402431488, 24.76928571957011 ], [ 55.369020402431488, 24.76927597751822 ], [ 55.369031131267548, 24.76927597751822 ], [ 55.369074046611786, 24.76927597751822 ], [ 55.369084775447845, 24.76927597751822 ], [ 55.369106233119965, 24.76927597751822 ], [ 55.369116961956024, 24.76927597751822 ], [ 55.369149148464203, 24.76927597751822 ], [ 55.369149148464203, 24.76928571957011 ], [ 55.369159877300262, 24.76928571957011 ], [ 55.369245707988739, 24.76928571957011 ], [ 55.369245707988739, 24.769305203673891 ], [ 55.369234979152679, 24.769305203673891 ], [ 55.369234979152679, 24.769314945725782 ], [ 55.36922425031662, 24.769314945725782 ], [ 55.369095504283905, 24.769314945725782 ], [ 55.369084775447845, 24.769314945725782 ], [ 55.369074046611786, 24.769314945725782 ], [ 55.369063317775726, 24.769314945725782 ], [ 55.369063317775726, 24.769305203673891 ], [ 55.369041860103607, 24.769305203673891 ], [ 55.369041860103607, 24.769314945725782 ], [ 55.369031131267548, 24.769314945725782 ], [ 55.36897748708725, 24.769314945725782 ] ] ] } },
{ "type": "Feature", "properties": { "class": "solar panel,photovoltaic panel,solar array", "id": 1 }, "geometry": { "type": "Polygon", "coordinates": [ [ [ 55.369449555873871, 24.769266235466329 ], [ 55.369395911693573, 24.769266235466329 ], [ 55.369395911693573, 24.769256493414439 ], [ 55.369385182857513, 24.769256493414439 ], [ 55.369385182857513, 24.769246751362548 ], [ 55.369385182857513, 24.769188299051205 ], [ 55.369385182857513, 24.769149330843643 ], [ 55.369395911693573, 24.769149330843643 ], [ 55.369395911693573, 24.769139588791752 ], [ 55.369803607463837, 24.769139588791752 ], [ 55.369803607463837, 24.769149330843643 ], [ 55.369814336299896, 24.769149330843643 ], [ 55.369814336299896, 24.769246751362548 ], [ 55.369803607463837, 24.769246751362548 ], [ 55.369803607463837, 24.769256493414439 ], [ 55.369792878627777, 24.769256493414439 ], [ 55.369492471218109, 24.769256493414439 ], [ 55.369492471218109, 24.769266235466329 ], [ 55.36947101354599, 24.769266235466329 ], [ 55.369449555873871, 24.769266235466329 ] ] ] } },
{ "type": "Feature", "properties": { "class": "solar panel,photovoltaic panel,solar array", "id": 2 }, "geometry": { "type": "Polygon", "coordinates": [ [ [ 55.369985997676849, 24.769217525206876 ], [ 55.369985997676849, 24.769207783154986 ], [ 55.369953811168671, 24.769207783154986 ], [ 55.369943082332611, 24.769207783154986 ], [ 55.369943082332611, 24.769168814947424 ], [ 55.369953811168671, 24.769168814947424 ], [ 55.369953811168671, 24.769139588791752 ], [ 55.369953811168671, 24.769129846739862 ], [ 55.36996454000473, 24.769129846739862 ], [ 55.36996454000473, 24.769120104687971 ], [ 55.370061099529266, 24.769120104687971 ], [ 55.370061099529266, 24.769110362636081 ], [ 55.370082557201385, 24.769110362636081 ], [ 55.370114743709564, 24.769110362636081 ], [ 55.370114743709564, 24.76910062058419 ], [ 55.370146930217743, 24.76910062058419 ], [ 55.370157659053802, 24.76910062058419 ], [ 55.370157659053802, 24.769110362636081 ], [ 55.370189845561981, 24.769110362636081 ], [ 55.370189845561981, 24.769120104687971 ], [ 55.370200574398041, 24.769120104687971 ], [ 55.370200574398041, 24.769159072895533 ], [ 55.370189845561981, 24.769159072895533 ], [ 55.370189845561981, 24.769188299051205 ], [ 55.370179116725922, 24.769188299051205 ], [ 55.370179116725922, 24.769198041103095 ], [ 55.370179116725922, 24.769207783154986 ], [ 55.370168387889862, 24.769207783154986 ], [ 55.370007455348969, 24.769207783154986 ], [ 55.370007455348969, 24.769217525206876 ], [ 55.369985997676849, 24.769217525206876 ] ] ] } },
{ "type": "Feature", "properties": { "class": "solar panel,photovoltaic panel,solar array", "id": 3 }, "geometry": { "type": "Polygon", "coordinates": [ [ [ 55.369395911693573, 24.769081136480409 ], [ 55.369385182857513, 24.769081136480409 ], [ 55.369385182857513, 24.769061652376632 ], [ 55.369385182857513, 24.769022684169069 ], [ 55.369385182857513, 24.768983715961507 ], [ 55.369395911693573, 24.768983715961507 ], [ 55.369395911693573, 24.768973973909617 ], [ 55.369395911693573, 24.768964231857726 ], [ 55.369803607463837, 24.768964231857726 ], [ 55.369803607463837, 24.768973973909617 ], [ 55.369814336299896, 24.768973973909617 ], [ 55.369814336299896, 24.769081136480409 ], [ 55.369803607463837, 24.769081136480409 ], [ 55.36971777677536, 24.769081136480409 ], [ 55.369664132595062, 24.769081136480409 ], [ 55.369642674922943, 24.769081136480409 ], [ 55.369556844234467, 24.769081136480409 ], [ 55.369535386562347, 24.769081136480409 ], [ 55.36946028470993, 24.769081136480409 ], [ 55.369395911693573, 24.769081136480409 ] ] ] } },
{ "type": "Feature", "properties": { "class": "solar panel,photovoltaic panel,solar array", "id": 4 }, "geometry": { "type": "Polygon", "coordinates": [ [ [ 55.369041860103607, 24.769051910324741 ], [ 55.369041860103607, 24.768954489805836 ], [ 55.369052588939667, 24.768954489805836 ], [ 55.369052588939667, 24.768944747753945 ], [ 55.369095504283905, 24.768944747753945 ], [ 55.369127690792084, 24.768944747753945 ], [ 55.369138419628143, 24.768944747753945 ], [ 55.369138419628143, 24.768954489805836 ], [ 55.369149148464203, 24.768954489805836 ], [ 55.369149148464203, 24.769042168272851 ], [ 55.369149148464203, 24.769051910324741 ], [ 55.369138419628143, 24.769051910324741 ], [ 55.369041860103607, 24.769051910324741 ] ] ] } },
{ "type": "Feature", "properties": { "class": "solar panel,photovoltaic panel,solar array", "id": 5 }, "geometry": { "type": "Polygon", "coordinates": [ [ [ 55.370629727840424, 24.767454213814698 ], [ 55.37072628736496, 24.767454213814698 ], [ 55.37072628736496, 24.767444471762808 ], [ 55.370737016201019, 24.767444471762808 ], [ 55.370737016201019, 24.767454213814698 ], [ 55.370844304561615, 24.767454213814698 ], [ 55.370844304561615, 24.767444471762808 ], [ 55.370865762233734, 24.767444471762808 ], [ 55.370865762233734, 24.767454213814698 ], [ 55.37096232175827, 24.767454213814698 ], [ 55.371005237102509, 24.767454213814698 ], [ 55.371005237102509, 24.767463955866589 ], [ 55.371005237102509, 24.767473697918479 ], [ 55.371015965938568, 24.767473697918479 ], [ 55.371015965938568, 24.767600344593056 ], [ 55.371005237102509, 24.767600344593056 ], [ 55.371005237102509, 24.767610086644947 ], [ 55.371005237102509, 24.767619828696837 ], [ 55.370994508266449, 24.767619828696837 ], [ 55.370994508266449, 24.767629570748728 ], [ 55.370983779430389, 24.767629570748728 ], [ 55.370908677577972, 24.767629570748728 ], [ 55.370790660381317, 24.767629570748728 ], [ 55.370790660381317, 24.767619828696837 ], [ 55.370779931545258, 24.767619828696837 ], [ 55.370779931545258, 24.767629570748728 ], [ 55.370758473873138, 24.767629570748728 ], [ 55.370758473873138, 24.767619828696837 ], [ 55.370704829692841, 24.767619828696837 ], [ 55.370704829692841, 24.767629570748728 ], [ 55.370683372020721, 24.767629570748728 ], [ 55.370683372020721, 24.767619828696837 ], [ 55.370640456676483, 24.767619828696837 ], [ 55.370629727840424, 24.767619828696837 ], [ 55.370618999004364, 24.767619828696837 ], [ 55.370586812496185, 24.767619828696837 ], [ 55.370586812496185, 24.767610086644947 ], [ 55.370511710643768, 24.767610086644947 ], [ 55.370500981807709, 24.767610086644947 ], [ 55.370500981807709, 24.767600344593056 ], [ 55.370490252971649, 24.767600344593056 ], [ 55.370490252971649, 24.767571118437385 ], [ 55.370500981807709, 24.767571118437385 ], [ 55.370500981807709, 24.767532150229822 ], [ 55.370490252971649, 24.767532150229822 ], [ 55.370490252971649, 24.767463955866589 ], [ 55.370500981807709, 24.767463955866589 ], [ 55.370500981807709, 24.767454213814698 ], [ 55.370522439479828, 24.767454213814698 ], [ 55.370629727840424, 24.767454213814698 ] ] ] } },
{ "type": "Feature", "properties": { "class": "solar panel,photovoltaic panel,solar array", "id": 6 }, "geometry": { "type": "Polygon", "coordinates": [ [ [ 55.368902385234833, 24.767551634333604 ], [ 55.368891656398773, 24.767551634333604 ], [ 55.368891656398773, 24.767532150229822 ], [ 55.368880927562714, 24.767532150229822 ], [ 55.368880927562714, 24.767522408177932 ], [ 55.368891656398773, 24.767522408177932 ], [ 55.368891656398773, 24.767502924074151 ], [ 55.368880927562714, 24.767502924074151 ], [ 55.368880927562714, 24.767473697918479 ], [ 55.368848741054535, 24.767473697918479 ], [ 55.368838012218475, 24.767473697918479 ], [ 55.368838012218475, 24.767463955866589 ], [ 55.368827283382416, 24.767463955866589 ], [ 55.368827283382416, 24.767454213814698 ], [ 55.368816554546356, 24.767454213814698 ], [ 55.368816554546356, 24.767424987659027 ], [ 55.368827283382416, 24.767424987659027 ], [ 55.368827283382416, 24.767415245607136 ], [ 55.368827283382416, 24.767405503555246 ], [ 55.368838012218475, 24.767405503555246 ], [ 55.368934571743011, 24.767405503555246 ], [ 55.368956029415131, 24.767405503555246 ], [ 55.368956029415131, 24.767415245607136 ], [ 55.368956029415131, 24.767424987659027 ], [ 55.36896675825119, 24.767424987659027 ], [ 55.36896675825119, 24.767454213814698 ], [ 55.368956029415131, 24.767454213814698 ], [ 55.368956029415131, 24.767463955866589 ], [ 55.36896675825119, 24.767463955866589 ], [ 55.36896675825119, 24.767473697918479 ], [ 55.369031131267548, 24.767473697918479 ], [ 55.369041860103607, 24.767473697918479 ], [ 55.369041860103607, 24.76748343997037 ], [ 55.369041860103607, 24.767532150229822 ], [ 55.369041860103607, 24.767541892281713 ], [ 55.369020402431488, 24.767541892281713 ], [ 55.369020402431488, 24.767551634333604 ], [ 55.368988215923309, 24.767551634333604 ], [ 55.368988215923309, 24.767541892281713 ], [ 55.368945300579071, 24.767541892281713 ], [ 55.368945300579071, 24.767551634333604 ], [ 55.368913114070892, 24.767551634333604 ], [ 55.368902385234833, 24.767551634333604 ] ] ] } },
{ "type": "Feature", "properties": { "class": "solar panel,photovoltaic panel,solar array", "id": 7 }, "geometry": { "type": "Polygon", "coordinates": [ [ [ 55.368848741054535, 24.767376277399574 ], [ 55.368848741054535, 24.767366535347684 ], [ 55.368773639202118, 24.767366535347684 ], [ 55.368773639202118, 24.767347051243902 ], [ 55.368784368038177, 24.767347051243902 ], [ 55.368805825710297, 24.767347051243902 ], [ 55.368805825710297, 24.767337309192012 ], [ 55.368827283382416, 24.767337309192012 ], [ 55.368827283382416, 24.767347051243902 ], [ 55.368880927562714, 24.767347051243902 ], [ 55.368902385234833, 24.767347051243902 ], [ 55.368902385234833, 24.767366535347684 ], [ 55.368880927562714, 24.767366535347684 ], [ 55.368880927562714, 24.767376277399574 ], [ 55.368848741054535, 24.767376277399574 ] ] ] } },
{ "type": "Feature", "properties": { "class": "solar panel,photovoltaic panel,solar array", "id": 8 }, "geometry": { "type": "Polygon", "coordinates": [ [ [ 55.371176898479462, 24.767512666126041 ], [ 55.371176898479462, 24.76749318202226 ], [ 55.371166169643402, 24.76749318202226 ], [ 55.371166169643402, 24.767463955866589 ], [ 55.371176898479462, 24.767463955866589 ], [ 55.371176898479462, 24.767356793295793 ], [ 55.371176898479462, 24.767337309192012 ], [ 55.371187627315521, 24.767337309192012 ], [ 55.371187627315521, 24.76730808303634 ], [ 55.371187627315521, 24.76729834098445 ], [ 55.371198356151581, 24.76729834098445 ], [ 55.3712198138237, 24.76729834098445 ], [ 55.37123054265976, 24.76729834098445 ], [ 55.37123054265976, 24.76730808303634 ], [ 55.37123054265976, 24.767473697918479 ], [ 55.37123054265976, 24.76749318202226 ], [ 55.3712198138237, 24.76749318202226 ], [ 55.3712198138237, 24.767502924074151 ], [ 55.37120908498764, 24.767502924074151 ], [ 55.371198356151581, 24.767502924074151 ], [ 55.371198356151581, 24.767512666126041 ], [ 55.371176898479462, 24.767512666126041 ] ] ] } },
{ "type": "Feature", "properties": { "class": "solar panel,photovoltaic panel,solar array", "id": 9 }, "geometry": { "type": "Polygon", "coordinates": [ [ [ 55.371101796627045, 24.767512666126041 ], [ 55.371101796627045, 24.767502924074151 ], [ 55.371101796627045, 24.76748343997037 ], [ 55.371091067790985, 24.76748343997037 ], [ 55.371091067790985, 24.767444471762808 ], [ 55.371101796627045, 24.767444471762808 ], [ 55.371101796627045, 24.767395761503355 ], [ 55.371091067790985, 24.767395761503355 ], [ 55.371091067790985, 24.767376277399574 ], [ 55.371101796627045, 24.767376277399574 ], [ 55.371101796627045, 24.767317825088231 ], [ 55.371101796627045, 24.76729834098445 ], [ 55.371112525463104, 24.76729834098445 ], [ 55.371123254299164, 24.76729834098445 ], [ 55.371133983135223, 24.76729834098445 ], [ 55.371133983135223, 24.76730808303634 ], [ 55.371144711971283, 24.76730808303634 ], [ 55.371144711971283, 24.767317825088231 ], [ 55.371155440807343, 24.767317825088231 ], [ 55.371155440807343, 24.767366535347684 ], [ 55.371144711971283, 24.767366535347684 ], [ 55.371144711971283, 24.767376277399574 ], [ 55.371155440807343, 24.767376277399574 ], [ 55.371155440807343, 24.767463955866589 ], [ 55.371144711971283, 24.767463955866589 ], [ 55.371144711971283, 24.76749318202226 ], [ 55.371144711971283, 24.767502924074151 ], [ 55.371133983135223, 24.767502924074151 ], [ 55.371133983135223, 24.767512666126041 ], [ 55.371101796627045, 24.767512666126041 ] ] ] } },
{ "type": "Feature", "properties": { "class": "solar panel,photovoltaic panel,solar array", "id": 10 }, "geometry": { "type": "Polygon", "coordinates": [ [ [ 55.371294915676117, 24.767580860489275 ], [ 55.371294915676117, 24.767571118437385 ], [ 55.371284186840057, 24.767571118437385 ], [ 55.371284186840057, 24.767561376385494 ], [ 55.371273458003998, 24.767561376385494 ], [ 55.371273458003998, 24.767532150229822 ], [ 55.371284186840057, 24.767532150229822 ], [ 55.371284186840057, 24.767522408177932 ], [ 55.371284186840057, 24.767512666126041 ], [ 55.371305644512177, 24.767512666126041 ], [ 55.371305644512177, 24.767502924074151 ], [ 55.371284186840057, 24.767502924074151 ], [ 55.371284186840057, 24.76749318202226 ], [ 55.371273458003998, 24.76749318202226 ], [ 55.371273458003998, 24.767473697918479 ], [ 55.371284186840057, 24.767473697918479 ], [ 55.371284186840057, 24.767454213814698 ], [ 55.371284186840057, 24.767444471762808 ], [ 55.371294915676117, 24.767444471762808 ], [ 55.371294915676117, 24.767434729710917 ], [ 55.371294915676117, 24.767424987659027 ], [ 55.371284186840057, 24.767424987659027 ], [ 55.371284186840057, 24.767386019451465 ], [ 55.371284186840057, 24.767366535347684 ], [ 55.371294915676117, 24.767366535347684 ], [ 55.371294915676117, 24.767356793295793 ], [ 55.371284186840057, 24.767356793295793 ], [ 55.371273458003998, 24.767356793295793 ], [ 55.371273458003998, 24.76729834098445 ], [ 55.371284186840057, 24.76729834098445 ], [ 55.371284186840057, 24.767288598932559 ], [ 55.371316373348236, 24.767288598932559 ], [ 55.371359288692474, 24.767288598932559 ], [ 55.37146657705307, 24.767288598932559 ], [ 55.37146657705307, 24.76729834098445 ], [ 55.37147730588913, 24.76729834098445 ], [ 55.37147730588913, 24.767347051243902 ], [ 55.37146657705307, 24.767347051243902 ], [ 55.37146657705307, 24.767366535347684 ], [ 55.37147730588913, 24.767366535347684 ], [ 55.37147730588913, 24.767415245607136 ], [ 55.37146657705307, 24.767415245607136 ], [ 55.37146657705307, 24.767424987659027 ], [ 55.37146657705307, 24.767434729710917 ], [ 55.371445119380951, 24.767434729710917 ], [ 55.371445119380951, 24.767444471762808 ], [ 55.37145584821701, 24.767444471762808 ], [ 55.37145584821701, 24.76748343997037 ], [ 55.371445119380951, 24.76748343997037 ], [ 55.371445119380951, 24.76749318202226 ], [ 55.371445119380951, 24.767502924074151 ], [ 55.371434390544891, 24.767502924074151 ], [ 55.371434390544891, 24.767512666126041 ], [ 55.371445119380951, 24.767512666126041 ], [ 55.371445119380951, 24.767561376385494 ], [ 55.371434390544891, 24.767561376385494 ], [ 55.371434390544891, 24.767571118437385 ], [ 55.371423661708832, 24.767571118437385 ], [ 55.371423661708832, 24.767580860489275 ], [ 55.371370017528534, 24.767580860489275 ], [ 55.371370017528534, 24.767571118437385 ], [ 55.371359288692474, 24.767571118437385 ], [ 55.371359288692474, 24.767561376385494 ], [ 55.371348559856415, 24.767561376385494 ], [ 55.371348559856415, 24.767571118437385 ], [ 55.371337831020355, 24.767571118437385 ], [ 55.371337831020355, 24.767580860489275 ], [ 55.371294915676117, 24.767580860489275 ] ], [ [ 55.371359288692474, 24.767512666126041 ], [ 55.371370017528534, 24.767512666126041 ], [ 55.371391475200653, 24.767512666126041 ], [ 55.371391475200653, 24.767502924074151 ], [ 55.371359288692474, 24.767502924074151 ], [ 55.371348559856415, 24.767502924074151 ], [ 55.371348559856415, 24.767512666126041 ], [ 55.371359288692474, 24.767512666126041 ] ] ] } },
{ "type": "Feature", "properties": { "class": "solar panel,photovoltaic panel,solar array", "id": 11 }, "geometry": { "type": "Polygon", "coordinates": [ [ [ 55.370254218578339, 24.767376277399574 ], [ 55.370254218578339, 24.76729834098445 ], [ 55.370243489742279, 24.76729834098445 ], [ 55.370243489742279, 24.767278856880669 ], [ 55.370254218578339, 24.767278856880669 ], [ 55.370254218578339, 24.767249630724997 ], [ 55.370264947414398, 24.767249630724997 ], [ 55.370275676250458, 24.767249630724997 ], [ 55.370275676250458, 24.767347051243902 ], [ 55.370264947414398, 24.767347051243902 ], [ 55.370264947414398, 24.767366535347684 ], [ 55.370264947414398, 24.767376277399574 ], [ 55.370254218578339, 24.767376277399574 ] ] ] } },
{ "type": "Feature", "properties": { "class": "solar panel,photovoltaic panel,solar array", "id": 12 }, "geometry": { "type": "Polygon", "coordinates": [ [ [ 55.368762910366058, 24.767288598932559 ], [ 55.368752181529999, 24.767288598932559 ], [ 55.368752181529999, 24.767249630724997 ], [ 55.368762910366058, 24.767249630724997 ], [ 55.368859469890594, 24.767249630724997 ], [ 55.368870198726654, 24.767249630724997 ], [ 55.368870198726654, 24.767278856880669 ], [ 55.368859469890594, 24.767278856880669 ], [ 55.368859469890594, 24.767288598932559 ], [ 55.368848741054535, 24.767288598932559 ], [ 55.368827283382416, 24.767288598932559 ], [ 55.368795096874237, 24.767288598932559 ], [ 55.368784368038177, 24.767288598932559 ], [ 55.368773639202118, 24.767288598932559 ], [ 55.368762910366058, 24.767288598932559 ] ] ] } },
{ "type": "Feature", "properties": { "class": "solar panel,photovoltaic panel,solar array", "id": 13 }, "geometry": { "type": "Polygon", "coordinates": [ [ [ 55.36897748708725, 24.767288598932559 ], [ 55.36896675825119, 24.767288598932559 ], [ 55.36896675825119, 24.767278856880669 ], [ 55.36896675825119, 24.767259372776888 ], [ 55.36896675825119, 24.767249630724997 ], [ 55.36897748708725, 24.767249630724997 ], [ 55.36897748708725, 24.767239888673107 ], [ 55.369084775447845, 24.767239888673107 ], [ 55.369084775447845, 24.767249630724997 ], [ 55.369084775447845, 24.767278856880669 ], [ 55.369084775447845, 24.767288598932559 ], [ 55.369074046611786, 24.767288598932559 ], [ 55.36897748708725, 24.767288598932559 ] ] ] } },
{ "type": "Feature", "properties": { "class": "solar panel,photovoltaic panel,solar array", "id": 14 }, "geometry": { "type": "Polygon", "coordinates": [ ] } },
{ "type": "Feature", "properties": { "class": "solar panel,photovoltaic panel,solar array", "id": 15 }, "geometry": { "type": "Polygon", "coordinates": [ [ [ 55.368773639202118, 24.767200920465545 ], [ 55.368773639202118, 24.767191178413654 ], [ 55.368762910366058, 24.767191178413654 ], [ 55.368762910366058, 24.767166823283929 ], [ 55.368773639202118, 24.767166823283929 ], [ 55.368773639202118, 24.767161952257982 ], [ 55.368816554546356, 24.767161952257982 ], [ 55.368827283382416, 24.767161952257982 ], [ 55.368827283382416, 24.767157081232039 ], [ 55.368880927562714, 24.767157081232039 ], [ 55.368880927562714, 24.767161952257982 ], [ 55.368902385234833, 24.767161952257982 ], [ 55.368902385234833, 24.767166823283929 ], [ 55.368913114070892, 24.767166823283929 ], [ 55.368913114070892, 24.767191178413654 ], [ 55.368902385234833, 24.767191178413654 ], [ 55.368880927562714, 24.767191178413654 ], [ 55.368880927562714, 24.767200920465545 ], [ 55.368859469890594, 24.767200920465545 ], [ 55.368859469890594, 24.767191178413654 ], [ 55.368795096874237, 24.767191178413654 ], [ 55.368795096874237, 24.767200920465545 ], [ 55.368773639202118, 24.767200920465545 ] ] ] } },
{ "type": "Feature", "properties": { "class": "solar panel,photovoltaic panel,solar array", "id": 16 }, "geometry": { "type": "Polygon", "coordinates": [ [ [ 55.368934571743011, 24.767191178413654 ], [ 55.368934571743011, 24.767186307387711 ], [ 55.368923842906952, 24.767186307387711 ], [ 55.368923842906952, 24.767171694309873 ], [ 55.368934571743011, 24.767171694309873 ], [ 55.368934571743011, 24.767161952257982 ], [ 55.368945300579071, 24.767161952257982 ], [ 55.368945300579071, 24.767157081232039 ], [ 55.368998944759369, 24.767157081232039 ], [ 55.369084775447845, 24.767157081232039 ], [ 55.369084775447845, 24.767161952257982 ], [ 55.369095504283905, 24.767161952257982 ], [ 55.369095504283905, 24.76717656533582 ], [ 55.369084775447845, 24.76717656533582 ], [ 55.369084775447845, 24.767191178413654 ], [ 55.368934571743011, 24.767191178413654 ] ] ] } },
{ "type": "Feature", "properties": { "class": "solar panel,photovoltaic panel,solar array", "id": 17 }, "geometry": { "type": "Polygon", "coordinates": [ [ [ 55.368795096874237, 24.76711324199853 ], [ 55.368795096874237, 24.767108370972586 ], [ 55.368762910366058, 24.767108370972586 ], [ 55.368762910366058, 24.767103499946639 ], [ 55.368762910366058, 24.767093757894749 ], [ 55.368762910366058, 24.767079144816915 ], [ 55.368773639202118, 24.767079144816915 ], [ 55.368773639202118, 24.767074273790968 ], [ 55.368913114070892, 24.767074273790968 ], [ 55.368913114070892, 24.767084015842858 ], [ 55.368913114070892, 24.767088886868805 ], [ 55.368913114070892, 24.767103499946639 ], [ 55.368902385234833, 24.767103499946639 ], [ 55.368902385234833, 24.767108370972586 ], [ 55.368816554546356, 24.767108370972586 ], [ 55.368816554546356, 24.76711324199853 ], [ 55.368795096874237, 24.76711324199853 ] ] ] } },
{ "type": "Feature", "properties": { "class": "solar panel,photovoltaic panel,solar array", "id": 18 }, "geometry": { "type": "Polygon", "coordinates": [ [ [ 55.368934571743011, 24.767108370972586 ], [ 55.368934571743011, 24.767093757894749 ], [ 55.368934571743011, 24.767074273790968 ], [ 55.368945300579071, 24.767074273790968 ], [ 55.368945300579071, 24.767069402765024 ], [ 55.368956029415131, 24.767069402765024 ], [ 55.368956029415131, 24.767074273790968 ], [ 55.36897748708725, 24.767074273790968 ], [ 55.36897748708725, 24.767069402765024 ], [ 55.369095504283905, 24.767069402765024 ], [ 55.369095504283905, 24.767074273790968 ], [ 55.369095504283905, 24.767088886868805 ], [ 55.369095504283905, 24.767098628920696 ], [ 55.369084775447845, 24.767098628920696 ], [ 55.369084775447845, 24.767103499946639 ], [ 55.369074046611786, 24.767103499946639 ], [ 55.369074046611786, 24.767108370972586 ], [ 55.368934571743011, 24.767108370972586 ] ] ] } },
{ "type": "Feature", "properties": { "class": "solar panel,photovoltaic panel,solar array", "id": 19 }, "geometry": { "type": "Polygon", "coordinates": [ [ [ 55.371101796627045, 24.767259372776888 ], [ 55.371101796627045, 24.767152210206092 ], [ 55.371091067790985, 24.767152210206092 ], [ 55.371091067790985, 24.767137597128258 ], [ 55.371101796627045, 24.767137597128258 ], [ 55.371101796627045, 24.767093757894749 ], [ 55.371101796627045, 24.767059660713134 ], [ 55.371112525463104, 24.767059660713134 ], [ 55.371112525463104, 24.767054789687187 ], [ 55.371144711971283, 24.767054789687187 ], [ 55.371144711971283, 24.767059660713134 ], [ 55.371144711971283, 24.767064531739077 ], [ 55.371155440807343, 24.767064531739077 ], [ 55.371155440807343, 24.767220404569326 ], [ 55.371144711971283, 24.767220404569326 ], [ 55.371144711971283, 24.767239888673107 ], [ 55.371144711971283, 24.767249630724997 ], [ 55.371133983135223, 24.767249630724997 ], [ 55.371123254299164, 24.767249630724997 ], [ 55.371123254299164, 24.767259372776888 ], [ 55.371112525463104, 24.767259372776888 ], [ 55.371101796627045, 24.767259372776888 ] ] ] } },
{ "type": "Feature", "properties": { "class": "solar panel,photovoltaic panel,solar array", "id": 20 }, "geometry": { "type": "Polygon", "coordinates": [ [ [ 55.371176898479462, 24.767259372776888 ], [ 55.371176898479462, 24.767147339180148 ], [ 55.371176898479462, 24.767142468154201 ], [ 55.371176898479462, 24.767098628920696 ], [ 55.371187627315521, 24.767098628920696 ], [ 55.371187627315521, 24.767069402765024 ], [ 55.371187627315521, 24.767059660713134 ], [ 55.371198356151581, 24.767059660713134 ], [ 55.371198356151581, 24.767054789687187 ], [ 55.37123054265976, 24.767054789687187 ], [ 55.37123054265976, 24.767059660713134 ], [ 55.37123054265976, 24.767069402765024 ], [ 55.371241271495819, 24.767069402765024 ], [ 55.371241271495819, 24.767137597128258 ], [ 55.37123054265976, 24.767137597128258 ], [ 55.37123054265976, 24.767239888673107 ], [ 55.37123054265976, 24.767249630724997 ], [ 55.3712198138237, 24.767249630724997 ], [ 55.3712198138237, 24.767259372776888 ], [ 55.37120908498764, 24.767259372776888 ], [ 55.371176898479462, 24.767259372776888 ] ] ] } },
{ "type": "Feature", "properties": { "class": "solar panel,photovoltaic panel,solar array", "id": 21 }, "geometry": { "type": "Polygon", "coordinates": [ [ [ 55.371391475200653, 24.767259372776888 ], [ 55.371380746364594, 24.767259372776888 ], [ 55.371380746364594, 24.766952498142338 ], [ 55.371391475200653, 24.766952498142338 ], [ 55.371391475200653, 24.766933014038557 ], [ 55.371391475200653, 24.766918400960719 ], [ 55.371412932872772, 24.766918400960719 ], [ 55.371423661708832, 24.766918400960719 ], [ 55.371423661708832, 24.767103499946639 ], [ 55.371423661708832, 24.767137597128258 ], [ 55.371423661708832, 24.767220404569326 ], [ 55.371423661708832, 24.767249630724997 ], [ 55.371412932872772, 24.767249630724997 ], [ 55.371412932872772, 24.767259372776888 ], [ 55.371402204036713, 24.767259372776888 ], [ 55.371391475200653, 24.767259372776888 ] ] ] } },
{ "type": "Feature", "properties": { "class": "solar panel,photovoltaic panel,solar array", "id": 22 }, "geometry": { "type": "Polygon", "coordinates": [ [ [ 55.371273458003998, 24.767259372776888 ], [ 55.371262729167938, 24.767259372776888 ], [ 55.371262729167938, 24.767118113024477 ], [ 55.371273458003998, 24.767118113024477 ], [ 55.371273458003998, 24.767093757894749 ], [ 55.371262729167938, 24.767093757894749 ], [ 55.371262729167938, 24.766952498142338 ], [ 55.371273458003998, 24.766952498142338 ], [ 55.371273458003998, 24.766918400960719 ], [ 55.371294915676117, 24.766918400960719 ], [ 55.371294915676117, 24.76692814301261 ], [ 55.371305644512177, 24.76692814301261 ], [ 55.371305644512177, 24.766986595323953 ], [ 55.371294915676117, 24.766986595323953 ], [ 55.371294915676117, 24.7669914663499 ], [ 55.371305644512177, 24.7669914663499 ], [ 55.371305644512177, 24.76717656533582 ], [ 55.371294915676117, 24.76717656533582 ], [ 55.371294915676117, 24.767200920465545 ], [ 55.371305644512177, 24.767200920465545 ], [ 55.371305644512177, 24.767210662517435 ], [ 55.371294915676117, 24.767210662517435 ], [ 55.371294915676117, 24.767249630724997 ], [ 55.371294915676117, 24.767259372776888 ], [ 55.371284186840057, 24.767259372776888 ], [ 55.371273458003998, 24.767259372776888 ] ] ] } },
{ "type": "Feature", "properties": { "class": "solar panel,photovoltaic panel,solar array", "id": 23 }, "geometry": { "type": "Polygon", "coordinates": [ [ [ 55.37145584821701, 24.767269114828778 ], [ 55.37145584821701, 24.767259372776888 ], [ 55.371445119380951, 24.767259372776888 ], [ 55.371445119380951, 24.767220404569326 ], [ 55.371445119380951, 24.767210662517435 ], [ 55.371445119380951, 24.76717656533582 ], [ 55.371445119380951, 24.767157081232039 ], [ 55.371445119380951, 24.767147339180148 ], [ 55.371445119380951, 24.767142468154201 ], [ 55.371445119380951, 24.767132726102311 ], [ 55.371445119380951, 24.767093757894749 ], [ 55.371445119380951, 24.767025563531515 ], [ 55.371445119380951, 24.767010950453681 ], [ 55.371445119380951, 24.766986595323953 ], [ 55.371445119380951, 24.766947627116391 ], [ 55.371445119380951, 24.766918400960719 ], [ 55.37145584821701, 24.766918400960719 ], [ 55.37147730588913, 24.766918400960719 ], [ 55.37147730588913, 24.766933014038557 ], [ 55.371488034725189, 24.766933014038557 ], [ 55.371488034725189, 24.767239888673107 ], [ 55.37147730588913, 24.767239888673107 ], [ 55.37147730588913, 24.767249630724997 ], [ 55.37147730588913, 24.767259372776888 ], [ 55.37146657705307, 24.767259372776888 ], [ 55.37146657705307, 24.767269114828778 ], [ 55.37145584821701, 24.767269114828778 ] ] ] } },
{ "type": "Feature", "properties": { "class": "solar panel,photovoltaic panel,solar array", "id": 24 }, "geometry": { "type": "Polygon", "coordinates": [ [ [ 55.371337831020355, 24.767259372776888 ], [ 55.371327102184296, 24.767259372776888 ], [ 55.371327102184296, 24.767239888673107 ], [ 55.371327102184296, 24.76712298405042 ], [ 55.371327102184296, 24.767064531739077 ], [ 55.371327102184296, 24.766967111220172 ], [ 55.371327102184296, 24.766918400960719 ], [ 55.371337831020355, 24.766918400960719 ], [ 55.371337831020355, 24.766908658908829 ], [ 55.371359288692474, 24.766908658908829 ], [ 55.371359288692474, 24.766918400960719 ], [ 55.371359288692474, 24.767064531739077 ], [ 55.371359288692474, 24.767098628920696 ], [ 55.371359288692474, 24.767239888673107 ], [ 55.371359288692474, 24.767259372776888 ], [ 55.371348559856415, 24.767259372776888 ], [ 55.371337831020355, 24.767259372776888 ] ] ] } },
{ "type": "Feature", "properties": { "class": "solar panel,photovoltaic panel,solar array", "id": 25 }, "geometry": { "type": "Polygon", "coordinates": [ [ [ 55.369385182857513, 24.766967111220172 ], [ 55.369385182857513, 24.766962240194228 ], [ 55.369374454021454, 24.766962240194228 ], [ 55.369374454021454, 24.766957369168281 ], [ 55.369374454021454, 24.766952498142338 ], [ 55.369363725185394, 24.766952498142338 ], [ 55.369363725185394, 24.766942756090447 ], [ 55.369374454021454, 24.766942756090447 ], [ 55.369374454021454, 24.7669378850645 ], [ 55.369363725185394, 24.7669378850645 ], [ 55.369363725185394, 24.766908658908829 ], [ 55.369374454021454, 24.766908658908829 ], [ 55.369374454021454, 24.766898916856938 ], [ 55.369374454021454, 24.766889174805048 ], [ 55.369385182857513, 24.766889174805048 ], [ 55.369395911693573, 24.766889174805048 ], [ 55.369395911693573, 24.766879432753157 ], [ 55.369428098201752, 24.766879432753157 ], [ 55.369535386562347, 24.766879432753157 ], [ 55.369546115398407, 24.766879432753157 ], [ 55.369546115398407, 24.766889174805048 ], [ 55.369556844234467, 24.766889174805048 ], [ 55.369556844234467, 24.766908658908829 ], [ 55.369556844234467, 24.766957369168281 ], [ 55.369546115398407, 24.766957369168281 ], [ 55.369546115398407, 24.766962240194228 ], [ 55.36947101354599, 24.766962240194228 ], [ 55.36947101354599, 24.766967111220172 ], [ 55.369385182857513, 24.766967111220172 ] ] ] } },
{ "type": "Feature", "properties": { "class": "solar panel,photovoltaic panel,solar array", "id": 26 }, "geometry": { "type": "Polygon", "coordinates": [ [ [ 55.368913114070892, 24.766918400960719 ], [ 55.368870198726654, 24.766918400960719 ], [ 55.368870198726654, 24.766889174805048 ], [ 55.368880927562714, 24.766889174805048 ], [ 55.368880927562714, 24.766869690701267 ], [ 55.368880927562714, 24.766850206597486 ], [ 55.368891656398773, 24.766850206597486 ], [ 55.368891656398773, 24.766840464545595 ], [ 55.368902385234833, 24.766840464545595 ], [ 55.36896675825119, 24.766840464545595 ], [ 55.36897748708725, 24.766840464545595 ], [ 55.36897748708725, 24.766850206597486 ], [ 55.36897748708725, 24.766879432753157 ], [ 55.36897748708725, 24.766889174805048 ], [ 55.36896675825119, 24.766889174805048 ], [ 55.36896675825119, 24.766908658908829 ], [ 55.36896675825119, 24.766918400960719 ], [ 55.368923842906952, 24.766918400960719 ], [ 55.368913114070892, 24.766918400960719 ] ] ] } },
{ "type": "Feature", "properties": { "class": "solar panel,photovoltaic panel,solar array", "id": 27 }, "geometry": { "type": "Polygon", "coordinates": [ [ [ 55.373547971248627, 24.766879432753157 ], [ 55.373547971248627, 24.766850206597486 ], [ 55.373537242412567, 24.766850206597486 ], [ 55.373537242412567, 24.766801496338033 ], [ 55.373547971248627, 24.766801496338033 ], [ 55.373547971248627, 24.766791754286142 ], [ 55.373601615428925, 24.766791754286142 ], [ 55.373644530773163, 24.766791754286142 ], [ 55.373655259609222, 24.766791754286142 ], [ 55.373655259609222, 24.766801496338033 ], [ 55.373655259609222, 24.766850206597486 ], [ 55.373655259609222, 24.766879432753157 ], [ 55.373644530773163, 24.766879432753157 ], [ 55.373623073101044, 24.766879432753157 ], [ 55.373601615428925, 24.766879432753157 ], [ 55.373547971248627, 24.766879432753157 ] ] ] } },
{ "type": "Feature", "properties": { "class": "solar panel,photovoltaic panel,solar array", "id": 28 }, "geometry": { "type": "Polygon", "coordinates": [ [ [ 55.377088487148285, 24.766782012234252 ], [ 55.377088487148285, 24.766772270182361 ], [ 55.377099215984344, 24.766772270182361 ], [ 55.377099215984344, 24.766782012234252 ], [ 55.377088487148285, 24.766782012234252 ] ] ] } },
{ "type": "Feature", "properties": { "class": "solar panel,photovoltaic panel,solar array", "id": 29 }, "geometry": { "type": "Polygon", "coordinates": [ [ [ 55.375801026821136, 24.766782012234252 ], [ 55.375801026821136, 24.766772270182361 ], [ 55.375811755657196, 24.766772270182361 ], [ 55.375811755657196, 24.766782012234252 ], [ 55.375801026821136, 24.766782012234252 ] ] ] } },
{ "type": "Feature", "properties": { "class": "solar panel,photovoltaic panel,solar array", "id": 30 }, "geometry": { "type": "Polygon", "coordinates": [ ] } },
{ "type": "Feature", "properties": { "class": "solar panel,photovoltaic panel,solar array", "id": 31 }, "geometry": { "type": "Polygon", "coordinates": [ [ [ 55.377592742443085, 24.76674304402669 ], [ 55.377592742443085, 24.766733301974799 ], [ 55.377603471279144, 24.766733301974799 ], [ 55.377603471279144, 24.76674304402669 ], [ 55.377592742443085, 24.76674304402669 ] ] ] } },
{ "type": "Feature", "properties": { "class": "solar panel,photovoltaic panel,solar array", "id": 32 }, "geometry": { "type": "Polygon", "coordinates": [ [ [ 55.373269021511078, 24.766655365559675 ], [ 55.373269021511078, 24.766626139404003 ], [ 55.373279750347137, 24.766626139404003 ], [ 55.373279750347137, 24.766635881455894 ], [ 55.373279750347137, 24.766645623507785 ], [ 55.373279750347137, 24.766655365559675 ], [ 55.373269021511078, 24.766655365559675 ] ] ] } },
{ "type": "Feature", "properties": { "class": "solar panel,photovoltaic panel,solar array", "id": 33 }, "geometry": { "type": "Polygon", "coordinates": [ [ [ 55.374674499034882, 24.766635881455894 ], [ 55.374674499034882, 24.766626139404003 ], [ 55.374685227870941, 24.766626139404003 ], [ 55.374685227870941, 24.766635881455894 ], [ 55.374674499034882, 24.766635881455894 ] ] ] } },
{ "type": "Feature", "properties": { "class": "solar panel,photovoltaic panel,solar array", "id": 34 }, "geometry": { "type": "Polygon", "coordinates": [ [ [ 55.373279750347137, 24.766606655300222 ], [ 55.373269021511078, 24.766606655300222 ], [ 55.373269021511078, 24.766596913248332 ], [ 55.373269021511078, 24.766587171196441 ], [ 55.373258292675018, 24.766587171196441 ], [ 55.373258292675018, 24.766557945040773 ], [ 55.373269021511078, 24.766557945040773 ], [ 55.373269021511078, 24.766548202988883 ], [ 55.373279750347137, 24.766548202988883 ], [ 55.373279750347137, 24.766538460936992 ], [ 55.373290479183197, 24.766538460936992 ], [ 55.373290479183197, 24.766557945040773 ], [ 55.373290479183197, 24.766567687092664 ], [ 55.373290479183197, 24.766606655300222 ], [ 55.373279750347137, 24.766606655300222 ] ] ] } },
{ "type": "Feature", "properties": { "class": "solar panel,photovoltaic panel,solar array", "id": 35 }, "geometry": { "type": "Polygon", "coordinates": [ ] } },
{ "type": "Feature", "properties": { "class": "solar panel,photovoltaic panel,solar array", "id": 36 }, "geometry": { "type": "Polygon", "coordinates": [ [ [ 55.376112163066864, 24.766528718885102 ], [ 55.376112163066864, 24.766518976833211 ], [ 55.376122891902924, 24.766518976833211 ], [ 55.376122891902924, 24.766528718885102 ], [ 55.376112163066864, 24.766528718885102 ] ] ] } },
{ "type": "Feature", "properties": { "class": "solar panel,photovoltaic panel,solar array", "id": 37 }, "geometry": { "type": "Polygon", "coordinates": [ [ [ 55.374674499034882, 24.766509234781321 ], [ 55.374674499034882, 24.766480008625649 ], [ 55.374685227870941, 24.766480008625649 ], [ 55.374685227870941, 24.76648975067754 ], [ 55.374685227870941, 24.76649949272943 ], [ 55.374685227870941, 24.766509234781321 ], [ 55.374674499034882, 24.766509234781321 ] ] ] } },
{ "type": "Feature", "properties": { "class": "solar panel,photovoltaic panel,solar array", "id": 38 }, "geometry": { "type": "Polygon", "coordinates": [ [ [ 55.374674499034882, 24.766441040418087 ], [ 55.374674499034882, 24.766431298366197 ], [ 55.374695956707001, 24.766431298366197 ], [ 55.374695956707001, 24.766441040418087 ], [ 55.374674499034882, 24.766441040418087 ] ] ] } },
{ "type": "Feature", "properties": { "class": "solar panel,photovoltaic panel,solar array", "id": 39 }, "geometry": { "type": "Polygon", "coordinates": [ ] } },
{ "type": "Feature", "properties": { "class": "solar panel,photovoltaic panel,solar array", "id": 40 }, "geometry": { "type": "Polygon", "coordinates": [ [ [ 55.374674499034882, 24.766411814262415 ], [ 55.374674499034882, 24.766392330158634 ], [ 55.374674499034882, 24.766382588106744 ], [ 55.374685227870941, 24.766382588106744 ], [ 55.374685227870941, 24.766392330158634 ], [ 55.374685227870941, 24.766402072210525 ], [ 55.374685227870941, 24.766411814262415 ], [ 55.374674499034882, 24.766411814262415 ] ] ] } },
{ "type": "Feature", "properties": { "class": "solar panel,photovoltaic panel,solar array", "id": 41 }, "geometry": { "type": "Polygon", "coordinates": [ [ [ 55.376101434230804, 24.766275425535948 ], [ 55.376101434230804, 24.766265683484058 ], [ 55.376090705394745, 24.766265683484058 ], [ 55.376090705394745, 24.766255941432167 ], [ 55.376101434230804, 24.766255941432167 ], [ 55.376101434230804, 24.766246199380276 ], [ 55.376090705394745, 24.766246199380276 ], [ 55.376090705394745, 24.766236457328386 ], [ 55.376101434230804, 24.766236457328386 ], [ 55.376122891902924, 24.766236457328386 ], [ 55.376122891902924, 24.766246199380276 ], [ 55.376112163066864, 24.766246199380276 ], [ 55.376112163066864, 24.766265683484058 ], [ 55.376112163066864, 24.766275425535948 ], [ 55.376101434230804, 24.766275425535948 ] ] ] } },
{ "type": "Feature", "properties": { "class": "solar panel,photovoltaic panel,solar array", "id": 42 }, "geometry": { "type": "Polygon", "coordinates": [ [ [ 55.373269021511078, 24.766207231172714 ], [ 55.373269021511078, 24.766197489120824 ], [ 55.373269021511078, 24.766168262965152 ], [ 55.373279750347137, 24.766168262965152 ], [ 55.373279750347137, 24.766178005017043 ], [ 55.373279750347137, 24.766187747068933 ], [ 55.373290479183197, 24.766187747068933 ], [ 55.373290479183197, 24.766207231172714 ], [ 55.373269021511078, 24.766207231172714 ] ] ] } },
{ "type": "Feature", "properties": { "class": "solar panel,photovoltaic panel,solar array", "id": 43 }, "geometry": { "type": "Polygon", "coordinates": [ [ [ 55.374674499034882, 24.766178005017043 ], [ 55.374674499034882, 24.766168262965152 ], [ 55.374685227870941, 24.766168262965152 ], [ 55.374685227870941, 24.766178005017043 ], [ 55.374674499034882, 24.766178005017043 ] ] ] } },
{ "type": "Feature", "properties": { "class": "solar panel,photovoltaic panel,solar array", "id": 44 }, "geometry": { "type": "Polygon", "coordinates": [ [ [ 55.375404059886932, 24.766139036809481 ], [ 55.375404059886932, 24.76612929475759 ], [ 55.375414788722992, 24.76612929475759 ], [ 55.375414788722992, 24.766139036809481 ], [ 55.375404059886932, 24.766139036809481 ] ] ] } },
{ "type": "Feature", "properties": { "class": "solar panel,photovoltaic panel,solar array", "id": 45 }, "geometry": { "type": "Polygon", "coordinates": [ ] } },
{ "type": "Feature", "properties": { "class": "solar panel,photovoltaic panel,solar array", "id": 46 }, "geometry": { "type": "Polygon", "coordinates": [ [ [ 55.37595123052597, 24.766139036809481 ], [ 55.37595123052597, 24.76612929475759 ], [ 55.37596195936203, 24.76612929475759 ], [ 55.37596195936203, 24.766139036809481 ], [ 55.37595123052597, 24.766139036809481 ] ] ] } },
{ "type": "Feature", "properties": { "class": "solar panel,photovoltaic panel,solar array", "id": 47 }, "geometry": { "type": "Polygon", "coordinates": [ [ [ 55.376305282115936, 24.766139036809481 ], [ 55.376305282115936, 24.76612929475759 ], [ 55.376316010951996, 24.76612929475759 ], [ 55.376316010951996, 24.766139036809481 ], [ 55.376305282115936, 24.766139036809481 ] ] ] } },
{ "type": "Feature", "properties": { "class": "solar panel,photovoltaic panel,solar array", "id": 48 }, "geometry": { "type": "Polygon", "coordinates": [ [ [ 55.376326739788055, 24.766139036809481 ], [ 55.376326739788055, 24.76612929475759 ], [ 55.376337468624115, 24.76612929475759 ], [ 55.376337468624115, 24.766139036809481 ], [ 55.376326739788055, 24.766139036809481 ] ] ] } },
{ "type": "Feature", "properties": { "class": "solar panel,photovoltaic panel,solar array", "id": 49 }, "geometry": { "type": "Polygon", "coordinates": [ ] } },
{ "type": "Feature", "properties": { "class": "solar panel,photovoltaic panel,solar array", "id": 50 }, "geometry": { "type": "Polygon", "coordinates": [ [ [ 55.376863181591034, 24.766139036809481 ], [ 55.376863181591034, 24.76612929475759 ], [ 55.376884639263153, 24.76612929475759 ], [ 55.376884639263153, 24.766139036809481 ], [ 55.376863181591034, 24.766139036809481 ] ] ] } },
{ "type": "Feature", "properties": { "class": "solar panel,photovoltaic panel,solar array", "id": 51 }, "geometry": { "type": "Polygon", "coordinates": [ [ [ 55.376927554607391, 24.766139036809481 ], [ 55.376927554607391, 24.76612929475759 ], [ 55.37694901227951, 24.76612929475759 ], [ 55.37694901227951, 24.766139036809481 ], [ 55.376927554607391, 24.766139036809481 ] ] ] } },
{ "type": "Feature", "properties": { "class": "solar panel,photovoltaic panel,solar array", "id": 52 }, "geometry": { "type": "Polygon", "coordinates": [ [ [ 55.375865399837494, 24.766139036809481 ], [ 55.375865399837494, 24.76612929475759 ], [ 55.375876128673553, 24.76612929475759 ], [ 55.375876128673553, 24.766139036809481 ], [ 55.375865399837494, 24.766139036809481 ] ] ] } },
{ "type": "Feature", "properties": { "class": "solar panel,photovoltaic panel,solar array", "id": 53 }, "geometry": { "type": "Polygon", "coordinates": [ [ [ 55.376187264919281, 24.766139036809481 ], [ 55.376187264919281, 24.76612929475759 ], [ 55.376197993755341, 24.76612929475759 ], [ 55.376197993755341, 24.766139036809481 ], [ 55.376187264919281, 24.766139036809481 ] ] ] } },
{ "type": "Feature", "properties": { "class": "solar panel,photovoltaic panel,solar array", "id": 54 }, "geometry": { "type": "Polygon", "coordinates": [ [ [ 55.37621945142746, 24.766139036809481 ], [ 55.37621945142746, 24.76612929475759 ], [ 55.376230180263519, 24.76612929475759 ], [ 55.376230180263519, 24.766139036809481 ], [ 55.37621945142746, 24.766139036809481 ] ] ] } },
{ "type": "Feature", "properties": { "class": "solar panel,photovoltaic panel,solar array", "id": 55 }, "geometry": { "type": "Polygon", "coordinates": [ ] } },
{ "type": "Feature", "properties": { "class": "solar panel,photovoltaic panel,solar array", "id": 56 }, "geometry": { "type": "Polygon", "coordinates": [ ] } },
{ "type": "Feature", "properties": { "class": "solar panel,photovoltaic panel,solar array", "id": 57 }, "geometry": { "type": "Polygon", "coordinates": [ [ [ 55.371766984462738, 24.7661195527057 ], [ 55.371766984462738, 24.766109810653809 ], [ 55.371777713298798, 24.766109810653809 ], [ 55.371777713298798, 24.7661195527057 ], [ 55.371766984462738, 24.7661195527057 ] ] ] } },
{ "type": "Feature", "properties": { "class": "solar panel,photovoltaic panel,solar array", "id": 58 }, "geometry": { "type": "Polygon", "coordinates": [ [ [ 55.374813973903656, 24.7661195527057 ], [ 55.374813973903656, 24.766109810653809 ], [ 55.374824702739716, 24.766109810653809 ], [ 55.374824702739716, 24.7661195527057 ], [ 55.374813973903656, 24.7661195527057 ] ] ] } },
{ "type": "Feature", "properties": { "class": "solar panel,photovoltaic panel,solar array", "id": 59 }, "geometry": { "type": "Polygon", "coordinates": [ [ [ 55.375983417034149, 24.7661195527057 ], [ 55.375983417034149, 24.766109810653809 ], [ 55.375994145870209, 24.766109810653809 ], [ 55.375994145870209, 24.7661195527057 ], [ 55.375983417034149, 24.7661195527057 ] ] ] } },
{ "type": "Feature", "properties": { "class": "solar panel,photovoltaic panel,solar array", "id": 60 }, "geometry": { "type": "Polygon", "coordinates": [ ] } },
{ "type": "Feature", "properties": { "class": "solar panel,photovoltaic panel,solar array", "id": 61 }, "geometry": { "type": "Polygon", "coordinates": [ ] } },
{ "type": "Feature", "properties": { "class": "solar panel,photovoltaic panel,solar array", "id": 62 }, "geometry": { "type": "Polygon", "coordinates": [ ] } },
{ "type": "Feature", "properties": { "class": "solar panel,photovoltaic panel,solar array", "id": 63 }, "geometry": { "type": "Polygon", "coordinates": [ ] } },
{ "type": "Feature", "properties": { "class": "solar panel,photovoltaic panel,solar array", "id": 64 }, "geometry": { "type": "Polygon", "coordinates": [ [ [ 55.376262366771698, 24.76612929475759 ], [ 55.376251637935638, 24.76612929475759 ], [ 55.376251637935638, 24.7661195527057 ], [ 55.376240909099579, 24.7661195527057 ], [ 55.376240909099579, 24.766109810653809 ], [ 55.376294553279877, 24.766109810653809 ], [ 55.376294553279877, 24.76612929475759 ], [ 55.376283824443817, 24.76612929475759 ], [ 55.376283824443817, 24.7661195527057 ], [ 55.376273095607758, 24.7661195527057 ], [ 55.376262366771698, 24.7661195527057 ], [ 55.376262366771698, 24.76612929475759 ] ] ] } },
{ "type": "Feature", "properties": { "class": "solar panel,photovoltaic panel,solar array", "id": 65 }, "geometry": { "type": "Polygon", "coordinates": [ ] } },
{ "type": "Feature", "properties": { "class": "solar panel,photovoltaic panel,solar array", "id": 66 }, "geometry": { "type": "Polygon", "coordinates": [ [ [ 55.37321537733078, 24.766139036809481 ], [ 55.37321537733078, 24.76612929475759 ], [ 55.37320464849472, 24.76612929475759 ], [ 55.37320464849472, 24.766109810653809 ], [ 55.37321537733078, 24.766109810653809 ], [ 55.37321537733078, 24.766100068601919 ], [ 55.37322610616684, 24.766100068601919 ], [ 55.37322610616684, 24.766109810653809 ], [ 55.373236835002899, 24.766109810653809 ], [ 55.373236835002899, 24.7661195527057 ], [ 55.37322610616684, 24.7661195527057 ], [ 55.37322610616684, 24.76612929475759 ], [ 55.37322610616684, 24.766139036809481 ], [ 55.37321537733078, 24.766139036809481 ] ] ] } },
{ "type": "Feature", "properties": { "class": "solar panel,photovoltaic panel,solar array", "id": 67 }, "geometry": { "type": "Polygon", "coordinates": [ [ [ 55.376197993755341, 24.766109810653809 ], [ 55.376187264919281, 24.766109810653809 ], [ 55.376187264919281, 24.766100068601919 ], [ 55.3762087225914, 24.766100068601919 ], [ 55.3762087225914, 24.766109810653809 ], [ 55.376197993755341, 24.766109810653809 ] ] ] } },
{ "type": "Feature", "properties": { "class": "solar panel,photovoltaic panel,solar array", "id": 68 }, "geometry": { "type": "Polygon", "coordinates": [ [ [ 55.3717240691185, 24.766100068601919 ], [ 55.3717240691185, 24.766090326550028 ], [ 55.371734797954559, 24.766090326550028 ], [ 55.371734797954559, 24.766100068601919 ], [ 55.3717240691185, 24.766100068601919 ] ] ] } },
{ "type": "Feature", "properties": { "class": "solar panel,photovoltaic panel,solar array", "id": 69 }, "geometry": { "type": "Polygon", "coordinates": [ ] } },
{ "type": "Feature", "properties": { "class": "solar panel,photovoltaic panel,solar array", "id": 70 }, "geometry": { "type": "Polygon", "coordinates": [ [ [ 55.371648967266083, 24.766100068601919 ], [ 55.371648967266083, 24.766090326550028 ], [ 55.371659696102142, 24.766090326550028 ], [ 55.371659696102142, 24.766080584498138 ], [ 55.371670424938202, 24.766080584498138 ], [ 55.371670424938202, 24.766100068601919 ], [ 55.371648967266083, 24.766100068601919 ] ] ] } },
{ "type": "Feature", "properties": { "class": "solar panel,photovoltaic panel,solar array", "id": 71 }, "geometry": { "type": "Polygon", "coordinates": [ [ [ 55.371691882610321, 24.766100068601919 ], [ 55.371691882610321, 24.766090326550028 ], [ 55.371702611446381, 24.766090326550028 ], [ 55.371702611446381, 24.766100068601919 ], [ 55.371691882610321, 24.766100068601919 ] ] ] } },
{ "type": "Feature", "properties": { "class": "solar panel,photovoltaic panel,solar array", "id": 72 }, "geometry": { "type": "Polygon", "coordinates": [ [ [ 55.37447065114975, 24.766090326550028 ], [ 55.37447065114975, 24.766080584498138 ], [ 55.374481379985809, 24.766080584498138 ], [ 55.374481379985809, 24.766090326550028 ], [ 55.37447065114975, 24.766090326550028 ] ] ] } },
{ "type": "Feature", "properties": { "class": "solar panel,photovoltaic panel,solar array", "id": 73 }, "geometry": { "type": "Polygon", "coordinates": [ ] } },
{ "type": "Feature", "properties": { "class": "solar panel,photovoltaic panel,solar array", "id": 74 }, "geometry": { "type": "Polygon", "coordinates": [ [ [ 55.374685227870941, 24.766080584498138 ], [ 55.374685227870941, 24.766070842446247 ], [ 55.374695956707001, 24.766070842446247 ], [ 55.374695956707001, 24.766080584498138 ], [ 55.374685227870941, 24.766080584498138 ] ] ] } },
{ "type": "Feature", "properties": { "class": "solar panel,photovoltaic panel,solar array", "id": 75 }, "geometry": { "type": "Polygon", "coordinates": [ [ [ 55.373623073101044, 24.766080584498138 ], [ 55.373590886592865, 24.766080584498138 ], [ 55.373590886592865, 24.766070842446247 ], [ 55.373601615428925, 24.766070842446247 ], [ 55.373612344264984, 24.766070842446247 ], [ 55.373623073101044, 24.766070842446247 ], [ 55.373633801937103, 24.766070842446247 ], [ 55.373633801937103, 24.766080584498138 ], [ 55.373623073101044, 24.766080584498138 ] ] ] } },
{ "type": "Feature", "properties": { "class": "solar panel,photovoltaic panel,solar array", "id": 76 }, "geometry": { "type": "Polygon", "coordinates": [ [ [ 55.374889075756073, 24.766080584498138 ], [ 55.374889075756073, 24.766070842446247 ], [ 55.374899804592133, 24.766070842446247 ], [ 55.374899804592133, 24.766080584498138 ], [ 55.374889075756073, 24.766080584498138 ] ] ] } },
{ "type": "Feature", "properties": { "class": "solar panel,photovoltaic panel,solar array", "id": 77 }, "geometry": { "type": "Polygon", "coordinates": [ ] } },
{ "type": "Feature", "properties": { "class": "solar panel,photovoltaic panel,solar array", "id": 78 }, "geometry": { "type": "Polygon", "coordinates": [ [ [ 55.375758111476898, 24.766070842446247 ], [ 55.375758111476898, 24.766061100394356 ], [ 55.375768840312958, 24.766061100394356 ], [ 55.375768840312958, 24.766070842446247 ], [ 55.375758111476898, 24.766070842446247 ] ] ] } },
{ "type": "Feature", "properties": { "class": "solar panel,photovoltaic panel,solar array", "id": 79 }, "geometry": { "type": "Polygon", "coordinates": [ [ [ 55.374749600887299, 24.766080584498138 ], [ 55.374749600887299, 24.766070842446247 ], [ 55.374760329723358, 24.766070842446247 ], [ 55.374760329723358, 24.766080584498138 ], [ 55.374749600887299, 24.766080584498138 ] ] ] } },
{ "type": "Feature", "properties": { "class": "solar panel,photovoltaic panel,solar array", "id": 80 }, "geometry": { "type": "Polygon", "coordinates": [ ] } },
{ "type": "Feature", "properties": { "class": "solar panel,photovoltaic panel,solar array", "id": 81 }, "geometry": { "type": "Polygon", "coordinates": [ [ [ 55.374824702739716, 24.766080584498138 ], [ 55.374792516231537, 24.766080584498138 ], [ 55.374792516231537, 24.766070842446247 ], [ 55.374824702739716, 24.766070842446247 ], [ 55.374824702739716, 24.766061100394356 ], [ 55.374835431575775, 24.766061100394356 ], [ 55.374835431575775, 24.766070842446247 ], [ 55.374846160411835, 24.766070842446247 ], [ 55.374846160411835, 24.766061100394356 ], [ 55.374856889247894, 24.766061100394356 ], [ 55.374856889247894, 24.766070842446247 ], [ 55.374867618083954, 24.766070842446247 ], [ 55.374867618083954, 24.766080584498138 ], [ 55.374856889247894, 24.766080584498138 ], [ 55.374846160411835, 24.766080584498138 ], [ 55.374835431575775, 24.766080584498138 ], [ 55.374824702739716, 24.766080584498138 ] ] ] } },
{ "type": "Feature", "properties": { "class": "solar panel,photovoltaic panel,solar array", "id": 82 }, "geometry": { "type": "Polygon", "coordinates": [ ] } },
{ "type": "Feature", "properties": { "class": "solar panel,photovoltaic panel,solar array", "id": 83 }, "geometry": { "type": "Polygon", "coordinates": [ [ [ 55.375007092952728, 24.766061100394356 ], [ 55.375017821788788, 24.766061100394356 ], [ 55.375017821788788, 24.766070842446247 ], [ 55.375007092952728, 24.766070842446247 ], [ 55.375007092952728, 24.766061100394356 ] ] ] } },
{ "type": "Feature", "properties": { "class": "solar panel,photovoltaic panel,solar array", "id": 84 }, "geometry": { "type": "Polygon", "coordinates": [ ] } },
{ "type": "Feature", "properties": { "class": "solar panel,photovoltaic panel,solar array", "id": 85 }, "geometry": { "type": "Polygon", "coordinates": [ [ [ 55.374653041362762, 24.766080584498138 ], [ 55.374653041362762, 24.766070842446247 ], [ 55.374653041362762, 24.766061100394356 ], [ 55.374663770198822, 24.766061100394356 ], [ 55.374663770198822, 24.766070842446247 ], [ 55.374663770198822, 24.766080584498138 ], [ 55.374653041362762, 24.766080584498138 ] ] ] } },
{ "type": "Feature", "properties": { "class": "solar panel,photovoltaic panel,solar array", "id": 86 }, "geometry": { "type": "Polygon", "coordinates": [ [ [ 55.374663770198822, 24.766051358342466 ], [ 55.374663770198822, 24.766041616290575 ], [ 55.374674499034882, 24.766041616290575 ], [ 55.374674499034882, 24.766051358342466 ], [ 55.374663770198822, 24.766051358342466 ] ] ] } },
{ "type": "Feature", "properties": { "class": "solar panel,photovoltaic panel,solar array", "id": 87 }, "geometry": { "type": "MultiPolygon", "coordinates": [ [ [ [ 55.374685227870941, 24.766041616290575 ], [ 55.374685227870941, 24.766031874238685 ], [ 55.374695956707001, 24.766031874238685 ], [ 55.374695956707001, 24.766041616290575 ], [ 55.374685227870941, 24.766041616290575 ] ] ], [ [ [ 55.374695956707001, 24.766031874238685 ], [ 55.374695956707001, 24.766022132186794 ], [ 55.37470668554306, 24.766022132186794 ], [ 55.37470668554306, 24.766031874238685 ], [ 55.374695956707001, 24.766031874238685 ] ] ] ] } },
{ "type": "Feature", "properties": { "class": "solar panel,photovoltaic panel,solar array", "id": 88 }, "geometry": { "type": "Polygon", "coordinates": [ ] } },
{ "type": "Feature", "properties": { "class": "solar panel,photovoltaic panel,solar array", "id": 89 }, "geometry": { "type": "Polygon", "coordinates": [ ] } },
{ "type": "Feature", "properties": { "class": "solar panel,photovoltaic panel,solar array", "id": 90 }, "geometry": { "type": "Polygon", "coordinates": [ [ [ 55.370436608791351, 24.765686031396573 ], [ 55.370436608791351, 24.765681160370626 ], [ 55.370436608791351, 24.765671418318735 ], [ 55.370436608791351, 24.765661676266845 ], [ 55.370447337627411, 24.765661676266845 ], [ 55.370447337627411, 24.765671418318735 ], [ 55.37045806646347, 24.765671418318735 ], [ 55.37045806646347, 24.765686031396573 ], [ 55.370436608791351, 24.765686031396573 ] ] ] } },
{ "type": "Feature", "properties": { "class": "solar panel,photovoltaic panel,solar array", "id": 91 }, "geometry": { "type": "Polygon", "coordinates": [ ] } },
{ "type": "Feature", "properties": { "class": "solar panel,photovoltaic panel,solar array", "id": 92 }, "geometry": { "type": "Polygon", "coordinates": [ ] } },
{ "type": "Feature", "properties": { "class": "solar panel,photovoltaic panel,solar array", "id": 93 }, "geometry": { "type": "Polygon", "coordinates": [ [ [ 55.370436608791351, 24.765427867021472 ], [ 55.370436608791351, 24.765418124969582 ], [ 55.370447337627411, 24.765418124969582 ], [ 55.370447337627411, 24.765427867021472 ], [ 55.370436608791351, 24.765427867021472 ] ] ] } },
{ "type": "Feature", "properties": { "class": "solar panel,photovoltaic panel,solar array", "id": 94 }, "geometry": { "type": "Polygon", "coordinates": [ ] } },
{ "type": "Feature", "properties": { "class": "solar panel,photovoltaic panel,solar array", "id": 95 }, "geometry": { "type": "Polygon", "coordinates": [ ] } },
{ "type": "Feature", "properties": { "class": "solar panel,photovoltaic panel,solar array", "id": 96 }, "geometry": { "type": "Polygon", "coordinates": [ [ [ 55.371863543987274, 24.765310962398789 ], [ 55.371863543987274, 24.765301220346899 ], [ 55.371885001659393, 24.765301220346899 ], [ 55.371885001659393, 24.765310962398789 ], [ 55.371863543987274, 24.765310962398789 ] ] ] } },
{ "type": "Feature", "properties": { "class": "solar panel,photovoltaic panel,solar array", "id": 97 }, "geometry": { "type": "Polygon", "coordinates": [ [ [ 55.376122891902924, 24.765281736243118 ], [ 55.376122891902924, 24.765271994191227 ], [ 55.376133620738983, 24.765271994191227 ], [ 55.376133620738983, 24.765281736243118 ], [ 55.376122891902924, 24.765281736243118 ] ] ] } },
{ "type": "Feature", "properties": { "class": "solar panel,photovoltaic panel,solar array", "id": 98 }, "geometry": { "type": "Polygon", "coordinates": [ [ [ 55.376101434230804, 24.76532070445068 ], [ 55.376101434230804, 24.765310962398789 ], [ 55.376090705394745, 24.765310962398789 ], [ 55.376090705394745, 24.765291478295008 ], [ 55.376090705394745, 24.765271994191227 ], [ 55.376090705394745, 24.765262252139337 ], [ 55.376101434230804, 24.765262252139337 ], [ 55.376112163066864, 24.765262252139337 ], [ 55.376112163066864, 24.765271994191227 ], [ 55.376112163066864, 24.765291478295008 ], [ 55.376112163066864, 24.76532070445068 ], [ 55.376101434230804, 24.76532070445068 ] ] ] } },
{ "type": "Feature", "properties": { "class": "solar panel,photovoltaic panel,solar array", "id": 99 }, "geometry": { "type": "Polygon", "coordinates": [ [ [ 55.376112163066864, 24.765262252139337 ], [ 55.376112163066864, 24.765252510087446 ], [ 55.376122891902924, 24.765252510087446 ], [ 55.376122891902924, 24.765262252139337 ], [ 55.376112163066864, 24.765262252139337 ] ] ] } },
{ "type": "Feature", "properties": { "class": "solar panel,photovoltaic panel,solar array", "id": 100 }, "geometry": { "type": "Polygon", "coordinates": [ [ [ 55.369041860103607, 24.765271994191227 ], [ 55.369041860103607, 24.765252510087446 ], [ 55.369052588939667, 24.765252510087446 ], [ 55.369052588939667, 24.765242768035556 ], [ 55.369063317775726, 24.765242768035556 ], [ 55.369063317775726, 24.765271994191227 ], [ 55.369041860103607, 24.765271994191227 ] ] ] } },
{ "type": "Feature", "properties": { "class": "solar panel,photovoltaic panel,solar array", "id": 101 }, "geometry": { "type": "Polygon", "coordinates": [ ] } },
{ "type": "Feature", "properties": { "class": "solar panel,photovoltaic panel,solar array", "id": 102 }, "geometry": { "type": "Polygon", "coordinates": [ ] } },
{ "type": "Feature", "properties": { "class": "solar panel,photovoltaic panel,solar array", "id": 103 }, "geometry": { "type": "Polygon", "coordinates": [ ] } },
{ "type": "Feature", "properties": { "class": "solar panel,photovoltaic panel,solar array", "id": 104 }, "geometry": { "type": "Polygon", "coordinates": [ [ [ 55.369041860103607, 24.765184315724213 ], [ 55.369041860103607, 24.765174573672322 ], [ 55.369041860103607, 24.765164831620432 ], [ 55.369052588939667, 24.765164831620432 ], [ 55.369052588939667, 24.765174573672322 ], [ 55.369052588939667, 24.765184315724213 ], [ 55.369041860103607, 24.765184315724213 ] ] ] } },
{ "type": "Feature", "properties": { "class": "solar panel,photovoltaic panel,solar array", "id": 105 }, "geometry": { "type": "Polygon", "coordinates": [ [ [ 55.370436608791351, 24.765164831620432 ], [ 55.370436608791351, 24.765155089568541 ], [ 55.370447337627411, 24.765155089568541 ], [ 55.370447337627411, 24.765164831620432 ], [ 55.370436608791351, 24.765164831620432 ] ] ] } },
{ "type": "Feature", "properties": { "class": "solar panel,photovoltaic panel,solar array", "id": 106 }, "geometry": { "type": "Polygon", "coordinates": [ ] } },
{ "type": "Feature", "properties": { "class": "solar panel,photovoltaic panel,solar array", "id": 107 }, "geometry": { "type": "Polygon", "coordinates": [ [ [ 55.370436608791351, 24.765067411101526 ], [ 55.370436608791351, 24.765057669049636 ], [ 55.370447337627411, 24.765057669049636 ], [ 55.370447337627411, 24.765067411101526 ], [ 55.370436608791351, 24.765067411101526 ] ] ] } },
{ "type": "Feature", "properties": { "class": "solar panel,photovoltaic panel,solar array", "id": 108 }, "geometry": { "type": "Polygon", "coordinates": [ [ [ 55.370436608791351, 24.765047926997745 ], [ 55.370436608791351, 24.765038184945855 ], [ 55.37045806646347, 24.765038184945855 ], [ 55.37045806646347, 24.765047926997745 ], [ 55.370436608791351, 24.765047926997745 ] ] ] } },
{ "type": "Feature", "properties": { "class": "solar panel,photovoltaic panel,solar array", "id": 109 }, "geometry": { "type": "Polygon", "coordinates": [ [ [ 55.376122891902924, 24.765008958790183 ], [ 55.376122891902924, 24.764999216738293 ], [ 55.376133620738983, 24.764999216738293 ], [ 55.376133620738983, 24.765008958790183 ], [ 55.376122891902924, 24.765008958790183 ] ] ] } },
{ "type": "Feature", "properties": { "class": "solar panel,photovoltaic panel,solar array", "id": 110 }, "geometry": { "type": "Polygon", "coordinates": [ ] } },
{ "type": "Feature", "properties": { "class": "solar panel,photovoltaic panel,solar array", "id": 111 }, "geometry": { "type": "Polygon", "coordinates": [ ] } },
{ "type": "Feature", "properties": { "class": "solar panel,photovoltaic panel,solar array", "id": 112 }, "geometry": { "type": "Polygon", "coordinates": [ ] } },
{ "type": "Feature", "properties": { "class": "solar panel,photovoltaic panel,solar array", "id": 113 }, "geometry": { "type": "Polygon", "coordinates": [ ] } },
{ "type": "Feature", "properties": { "class": "solar panel,photovoltaic panel,solar array", "id": 114 }, "geometry": { "type": "Polygon", "coordinates": [ ] } },
{ "type": "Feature", "properties": { "class": "solar panel,photovoltaic panel,solar array", "id": 115 }, "geometry": { "type": "Polygon", "coordinates": [ ] } },
{ "type": "Feature", "properties": { "class": "solar panel,photovoltaic panel,solar array", "id": 116 }, "geometry": { "type": "Polygon", "coordinates": [ [ [ 55.371766984462738, 24.764940764426949 ], [ 55.371766984462738, 24.764921280323168 ], [ 55.371788442134857, 24.764921280323168 ], [ 55.371788442134857, 24.764931022375059 ], [ 55.371777713298798, 24.764931022375059 ], [ 55.371777713298798, 24.764940764426949 ], [ 55.371766984462738, 24.764940764426949 ] ] ] } },
{ "type": "Feature", "properties": { "class": "solar panel,photovoltaic panel,solar array", "id": 117 }, "geometry": { "type": "Polygon", "coordinates": [ [ [ 55.37022203207016, 24.764931022375059 ], [ 55.37022203207016, 24.764921280323168 ], [ 55.370232760906219, 24.764921280323168 ], [ 55.370232760906219, 24.764931022375059 ], [ 55.37022203207016, 24.764931022375059 ] ] ] } },
{ "type": "Feature", "properties": { "class": "solar panel,photovoltaic panel,solar array", "id": 118 }, "geometry": { "type": "Polygon", "coordinates": [ [ [ 55.372088849544525, 24.76495050647884 ], [ 55.372078120708466, 24.76495050647884 ], [ 55.372078120708466, 24.764940764426949 ], [ 55.372088849544525, 24.764940764426949 ], [ 55.372088849544525, 24.764931022375059 ], [ 55.372088849544525, 24.764921280323168 ], [ 55.372099578380585, 24.764921280323168 ], [ 55.372099578380585, 24.764931022375059 ], [ 55.372099578380585, 24.764940764426949 ], [ 55.372099578380585, 24.76495050647884 ], [ 55.372088849544525, 24.76495050647884 ] ] ] } },
{ "type": "Feature", "properties": { "class": "solar panel,photovoltaic panel,solar array", "id": 119 }, "geometry": { "type": "Polygon", "coordinates": [ [ [ 55.372131764888763, 24.764931022375059 ], [ 55.372121036052704, 24.764931022375059 ], [ 55.372121036052704, 24.764921280323168 ], [ 55.372131764888763, 24.764921280323168 ], [ 55.372142493724823, 24.764921280323168 ], [ 55.372142493724823, 24.764931022375059 ], [ 55.372131764888763, 24.764931022375059 ] ] ] } },
{ "type": "Feature", "properties": { "class": "solar panel,photovoltaic panel,solar array", "id": 120 }, "geometry": { "type": "Polygon", "coordinates": [ ] } },
{ "type": "Feature", "properties": { "class": "solar panel,photovoltaic panel,solar array", "id": 121 }, "geometry": { "type": "Polygon", "coordinates": [ [ [ 55.36871999502182, 24.764911538271278 ], [ 55.36871999502182, 24.764901796219387 ], [ 55.36873072385788, 24.764901796219387 ], [ 55.36873072385788, 24.764911538271278 ], [ 55.36871999502182, 24.764911538271278 ] ] ] } },
{ "type": "Feature", "properties": { "class": "solar panel,photovoltaic panel,solar array", "id": 122 }, "geometry": { "type": "Polygon", "coordinates": [ [ [ 55.370779931545258, 24.764911538271278 ], [ 55.370779931545258, 24.764901796219387 ], [ 55.370790660381317, 24.764901796219387 ], [ 55.370790660381317, 24.764911538271278 ], [ 55.370779931545258, 24.764911538271278 ] ] ] } },
{ "type": "Feature", "properties": { "class": "solar panel,photovoltaic panel,solar array", "id": 123 }, "geometry": { "type": "Polygon", "coordinates": [ ] } },
{ "type": "Feature", "properties": { "class": "solar panel,photovoltaic panel,solar array", "id": 124 }, "geometry": { "type": "Polygon", "coordinates": [ [ [ 55.369041860103607, 24.764853085959935 ], [ 55.369041860103607, 24.764843343908044 ], [ 55.369052588939667, 24.764843343908044 ], [ 55.369052588939667, 24.764853085959935 ], [ 55.369041860103607, 24.764853085959935 ] ] ] } },
{ "type": "Feature", "properties": { "class": "solar panel,photovoltaic panel,solar array", "id": 125 }, "geometry": { "type": "Polygon", "coordinates": [ [ [ 55.370436608791351, 24.764804375700482 ], [ 55.370436608791351, 24.764794633648592 ], [ 55.37045806646347, 24.764794633648592 ], [ 55.37045806646347, 24.764804375700482 ], [ 55.370447337627411, 24.764804375700482 ], [ 55.370436608791351, 24.764804375700482 ] ] ] } },
{ "type": "Feature", "properties": { "class": "solar panel,photovoltaic panel,solar array", "id": 126 }, "geometry": { "type": "Polygon", "coordinates": [ [ [ 55.369031131267548, 24.764804375700482 ], [ 55.369031131267548, 24.764794633648592 ], [ 55.369041860103607, 24.764794633648592 ], [ 55.369041860103607, 24.764784891596701 ], [ 55.369041860103607, 24.764775149544811 ], [ 55.369052588939667, 24.764775149544811 ], [ 55.369063317775726, 24.764775149544811 ], [ 55.369063317775726, 24.764804375700482 ], [ 55.369052588939667, 24.764804375700482 ], [ 55.369052588939667, 24.764814117752373 ], [ 55.369041860103607, 24.764814117752373 ], [ 55.369041860103607, 24.764804375700482 ], [ 55.369031131267548, 24.764804375700482 ] ] ] } },
{ "type": "Feature", "properties": { "class": "solar panel,photovoltaic panel,solar array", "id": 127 }, "geometry": { "type": "Polygon", "coordinates": [ [ [ 55.370436608791351, 24.764755665441029 ], [ 55.370436608791351, 24.764745923389139 ], [ 55.370447337627411, 24.764745923389139 ], [ 55.370447337627411, 24.764755665441029 ], [ 55.370436608791351, 24.764755665441029 ] ] ] } },
{ "type": "Feature", "properties": { "class": "solar panel,photovoltaic panel,solar array", "id": 128 }, "geometry": { "type": "Polygon", "coordinates": [ [ [ 55.370436608791351, 24.764697213129686 ], [ 55.370436608791351, 24.764677729025905 ], [ 55.370447337627411, 24.764677729025905 ], [ 55.370447337627411, 24.764692342103743 ], [ 55.370447337627411, 24.764697213129686 ], [ 55.370436608791351, 24.764697213129686 ] ] ] } },
{ "type": "Feature", "properties": { "class": "solar panel,photovoltaic panel,solar array", "id": 129 }, "geometry": { "type": "MultiPolygon", "coordinates": [ [ [ [ 55.369052588939667, 24.764590050558891 ], [ 55.369052588939667, 24.764580308507 ], [ 55.369063317775726, 24.764580308507 ], [ 55.369063317775726, 24.764590050558891 ], [ 55.369052588939667, 24.764590050558891 ] ] ], [ [ [ 55.369052588939667, 24.764580308507 ], [ 55.369041860103607, 24.764580308507 ], [ 55.369041860103607, 24.764575437481056 ], [ 55.369052588939667, 24.764575437481056 ], [ 55.369052588939667, 24.764580308507 ] ] ] ] } },
{ "type": "Feature", "properties": { "class": "solar panel,photovoltaic panel,solar array", "id": 130 }, "geometry": { "type": "Polygon", "coordinates": [ [ [ 55.369041860103607, 24.764565695429166 ], [ 55.369041860103607, 24.764551082351328 ], [ 55.369052588939667, 24.764551082351328 ], [ 55.369052588939667, 24.764546211325385 ], [ 55.369063317775726, 24.764546211325385 ], [ 55.369063317775726, 24.764555953377275 ], [ 55.369052588939667, 24.764555953377275 ], [ 55.369052588939667, 24.764565695429166 ], [ 55.369041860103607, 24.764565695429166 ] ] ] } },
{ "type": "Feature", "properties": { "class": "solar panel,photovoltaic panel,solar array", "id": 131 }, "geometry": { "type": "Polygon", "coordinates": [ [ [ 55.371863543987274, 24.764434177728642 ], [ 55.371863543987274, 24.764424435676752 ], [ 55.371874272823334, 24.764424435676752 ], [ 55.371874272823334, 24.764434177728642 ], [ 55.371863543987274, 24.764434177728642 ] ] ] } },
{ "type": "Feature", "properties": { "class": "solar panel,photovoltaic panel,solar array", "id": 132 }, "geometry": { "type": "Polygon", "coordinates": [ [ [ 55.368333756923676, 24.764697213129686 ], [ 55.368333756923676, 24.764365983365408 ], [ 55.368601977825165, 24.764365983365408 ], [ 55.368644893169403, 24.764365983365408 ], [ 55.368741452693939, 24.764365983365408 ], [ 55.368838012218475, 24.764365983365408 ], [ 55.368880927562714, 24.764365983365408 ], [ 55.368891656398773, 24.764365983365408 ], [ 55.368902385234833, 24.764365983365408 ], [ 55.36897748708725, 24.764365983365408 ], [ 55.369009673595428, 24.764365983365408 ], [ 55.369009673595428, 24.764663115948071 ], [ 55.369009673595428, 24.764682600051852 ], [ 55.369009673595428, 24.764814117752373 ], [ 55.369009673595428, 24.764823859804263 ], [ 55.369009673595428, 24.764853085959935 ], [ 55.369009673595428, 24.764862828011825 ], [ 55.368998944759369, 24.764862828011825 ], [ 55.368998944759369, 24.764872570063716 ], [ 55.36897748708725, 24.764872570063716 ], [ 55.36896675825119, 24.764872570063716 ], [ 55.368956029415131, 24.764872570063716 ], [ 55.368956029415131, 24.764862828011825 ], [ 55.368945300579071, 24.764862828011825 ], [ 55.368945300579071, 24.764853085959935 ], [ 55.368891656398773, 24.764853085959935 ], [ 55.368880927562714, 24.764853085959935 ], [ 55.368870198726654, 24.764853085959935 ], [ 55.368848741054535, 24.764853085959935 ], [ 55.368784368038177, 24.764853085959935 ], [ 55.368784368038177, 24.764862828011825 ], [ 55.368784368038177, 24.764872570063716 ], [ 55.36870926618576, 24.764872570063716 ], [ 55.36870926618576, 24.764882312115606 ], [ 55.368677079677582, 24.764882312115606 ], [ 55.368677079677582, 24.764931022375059 ], [ 55.368666350841522, 24.764931022375059 ], [ 55.368666350841522, 24.764940764426949 ], [ 55.368666350841522, 24.76495050647884 ], [ 55.368655622005463, 24.76495050647884 ], [ 55.368644893169403, 24.76495050647884 ], [ 55.368644893169403, 24.764960248530731 ], [ 55.368634164333344, 24.764960248530731 ], [ 55.368634164333344, 24.764969990582621 ], [ 55.368773639202118, 24.764969990582621 ], [ 55.368784368038177, 24.764969990582621 ], [ 55.368998944759369, 24.764969990582621 ], [ 55.369009673595428, 24.764969990582621 ], [ 55.369009673595428, 24.764979732634512 ], [ 55.369009673595428, 24.765515545488487 ], [ 55.369009673595428, 24.765535029592268 ], [ 55.368998944759369, 24.765535029592268 ], [ 55.36897748708725, 24.765535029592268 ], [ 55.36897748708725, 24.765544771644159 ], [ 55.368441045284271, 24.765544771644159 ], [ 55.368419587612152, 24.765544771644159 ], [ 55.368344485759735, 24.765544771644159 ], [ 55.368344485759735, 24.765535029592268 ], [ 55.368333756923676, 24.765535029592268 ], [ 55.368333756923676, 24.764969990582621 ], [ 55.368355214595795, 24.764969990582621 ], [ 55.368355214595795, 24.764960248530731 ], [ 55.368333756923676, 24.764960248530731 ], [ 55.368333756923676, 24.764697213129686 ] ], [ [ 55.368537604808807, 24.764969990582621 ], [ 55.368559062480927, 24.764969990582621 ], [ 55.368559062480927, 24.764960248530731 ], [ 55.368559062480927, 24.764940764426949 ], [ 55.368526875972748, 24.764940764426949 ], [ 55.368526875972748, 24.76495050647884 ], [ 55.368537604808807, 24.76495050647884 ], [ 55.368537604808807, 24.764960248530731 ], [ 55.368537604808807, 24.764969990582621 ] ] ] } },
{ "type": "Feature", "properties": { "class": "solar panel,photovoltaic panel,solar array", "id": 133 }, "geometry": { "type": "Polygon", "coordinates": [ [ [ 55.369031131267548, 24.765349930606348 ], [ 55.369041860103607, 24.765349930606348 ], [ 55.369041860103607, 24.765340188554458 ], [ 55.369052588939667, 24.765340188554458 ], [ 55.369063317775726, 24.765340188554458 ], [ 55.369063317775726, 24.765330446502567 ], [ 55.369063317775726, 24.765310962398789 ], [ 55.369063317775726, 24.765096637257198 ], [ 55.369063317775726, 24.764989474686402 ], [ 55.369074046611786, 24.764989474686402 ], [ 55.369074046611786, 24.764979732634512 ], [ 55.369074046611786, 24.764969990582621 ], [ 55.369084775447845, 24.764969990582621 ], [ 55.369084775447845, 24.76495050647884 ], [ 55.369084775447845, 24.764931022375059 ], [ 55.369106233119965, 24.764931022375059 ], [ 55.369106233119965, 24.764940764426949 ], [ 55.369095504283905, 24.764940764426949 ], [ 55.369095504283905, 24.76495050647884 ], [ 55.369116961956024, 24.76495050647884 ], [ 55.369116961956024, 24.764960248530731 ], [ 55.369127690792084, 24.764960248530731 ], [ 55.369127690792084, 24.764969990582621 ], [ 55.369138419628143, 24.764969990582621 ], [ 55.369138419628143, 24.764960248530731 ], [ 55.369159877300262, 24.764960248530731 ], [ 55.369159877300262, 24.764969990582621 ], [ 55.369395911693573, 24.764969990582621 ], [ 55.369395911693573, 24.764960248530731 ], [ 55.369406640529633, 24.764960248530731 ], [ 55.369428098201752, 24.764960248530731 ], [ 55.369438827037811, 24.764960248530731 ], [ 55.369449555873871, 24.764960248530731 ], [ 55.36946028470993, 24.764960248530731 ], [ 55.36947101354599, 24.764960248530731 ], [ 55.36947101354599, 24.76495050647884 ], [ 55.36947101354599, 24.764940764426949 ], [ 55.369406640529633, 24.764940764426949 ], [ 55.369406640529633, 24.764931022375059 ], [ 55.369406640529633, 24.764892054167497 ], [ 55.369395911693573, 24.764892054167497 ], [ 55.369395911693573, 24.764882312115606 ], [ 55.369352996349335, 24.764882312115606 ], [ 55.369352996349335, 24.764892054167497 ], [ 55.369331538677216, 24.764892054167497 ], [ 55.369299352169037, 24.764892054167497 ], [ 55.369299352169037, 24.764882312115606 ], [ 55.369288623332977, 24.764882312115606 ], [ 55.369277894496918, 24.764882312115606 ], [ 55.369277894496918, 24.764872570063716 ], [ 55.369267165660858, 24.764872570063716 ], [ 55.369267165660858, 24.764882312115606 ], [ 55.36922425031662, 24.764882312115606 ], [ 55.36922425031662, 24.764872570063716 ], [ 55.369159877300262, 24.764872570063716 ], [ 55.369159877300262, 24.764882312115606 ], [ 55.369159877300262, 24.764892054167497 ], [ 55.369149148464203, 24.764892054167497 ], [ 55.369149148464203, 24.764882312115606 ], [ 55.369138419628143, 24.764882312115606 ], [ 55.369138419628143, 24.764892054167497 ], [ 55.369116961956024, 24.764892054167497 ], [ 55.369116961956024, 24.764882312115606 ], [ 55.369106233119965, 24.764882312115606 ], [ 55.369106233119965, 24.764892054167497 ], [ 55.369095504283905, 24.764892054167497 ], [ 55.369095504283905, 24.764882312115606 ], [ 55.369095504283905, 24.764872570063716 ], [ 55.369074046611786, 24.764872570063716 ], [ 55.369063317775726, 24.764872570063716 ], [ 55.369063317775726, 24.764507243117823 ], [ 55.369074046611786, 24.764507243117823 ], [ 55.369074046611786, 24.764487759014042 ], [ 55.369063317775726, 24.764487759014042 ], [ 55.369063317775726, 24.76444879080648 ], [ 55.369074046611786, 24.76444879080648 ], [ 55.369074046611786, 24.764414693624861 ], [ 55.369063317775726, 24.764414693624861 ], [ 55.369063317775726, 24.764404951572971 ], [ 55.369063317775726, 24.764385467469189 ], [ 55.369074046611786, 24.764385467469189 ], [ 55.369074046611786, 24.764375725417299 ], [ 55.369074046611786, 24.764365983365408 ], [ 55.369084775447845, 24.764365983365408 ], [ 55.369106233119965, 24.764365983365408 ], [ 55.369192063808441, 24.764365983365408 ], [ 55.369267165660858, 24.764365983365408 ], [ 55.369277894496918, 24.764365983365408 ], [ 55.369310081005096, 24.764365983365408 ], [ 55.369352996349335, 24.764365983365408 ], [ 55.369438827037811, 24.764365983365408 ], [ 55.369535386562347, 24.764365983365408 ], [ 55.369556844234467, 24.764365983365408 ], [ 55.369631946086884, 24.764365983365408 ], [ 55.369685590267181, 24.764365983365408 ], [ 55.369685590267181, 24.764356241313518 ], [ 55.36972850561142, 24.764356241313518 ], [ 55.369739234447479, 24.764356241313518 ], [ 55.369749963283539, 24.764356241313518 ], [ 55.369771420955658, 24.764356241313518 ], [ 55.369792878627777, 24.764356241313518 ], [ 55.369792878627777, 24.764365983365408 ], [ 55.369835793972015, 24.764365983365408 ], [ 55.369835793972015, 24.764356241313518 ], [ 55.369857251644135, 24.764356241313518 ], [ 55.369921624660492, 24.764356241313518 ], [ 55.369921624660492, 24.764365983365408 ], [ 55.369932353496552, 24.764365983365408 ], [ 55.369953811168671, 24.764365983365408 ], [ 55.369953811168671, 24.764356241313518 ], [ 55.36996454000473, 24.764356241313518 ], [ 55.36996454000473, 24.764365983365408 ], [ 55.36997526884079, 24.764365983365408 ], [ 55.36997526884079, 24.764356241313518 ], [ 55.370297133922577, 24.764356241313518 ], [ 55.370404422283173, 24.764356241313518 ], [ 55.370415151119232, 24.764356241313518 ], [ 55.370415151119232, 24.764424435676752 ], [ 55.370425879955292, 24.764424435676752 ], [ 55.370425879955292, 24.76444879080648 ], [ 55.370415151119232, 24.76444879080648 ], [ 55.370415151119232, 24.764536469273494 ], [ 55.370415151119232, 24.764541340299438 ], [ 55.370415151119232, 24.764648502870234 ], [ 55.370415151119232, 24.764755665441029 ], [ 55.370415151119232, 24.76476540749292 ], [ 55.370415151119232, 24.764804375700482 ], [ 55.370415151119232, 24.764823859804263 ], [ 55.370415151119232, 24.764853085959935 ], [ 55.370404422283173, 24.764853085959935 ], [ 55.370404422283173, 24.764862828011825 ], [ 55.370372235774994, 24.764862828011825 ], [ 55.370372235774994, 24.764853085959935 ], [ 55.370361506938934, 24.764853085959935 ], [ 55.370361506938934, 24.764843343908044 ], [ 55.370350778102875, 24.764843343908044 ], [ 55.370340049266815, 24.764843343908044 ], [ 55.370286405086517, 24.764843343908044 ], [ 55.370200574398041, 24.764843343908044 ], [ 55.370189845561981, 24.764843343908044 ], [ 55.370189845561981, 24.764853085959935 ], [ 55.370189845561981, 24.764862828011825 ], [ 55.370136201381683, 24.764862828011825 ], [ 55.370136201381683, 24.764872570063716 ], [ 55.370114743709564, 24.764872570063716 ], [ 55.370104014873505, 24.764872570063716 ], [ 55.370104014873505, 24.764882312115606 ], [ 55.370093286037445, 24.764882312115606 ], [ 55.370093286037445, 24.764901796219387 ], [ 55.370082557201385, 24.764901796219387 ], [ 55.370082557201385, 24.764911538271278 ], [ 55.370082557201385, 24.764921280323168 ], [ 55.370071828365326, 24.764921280323168 ], [ 55.370071828365326, 24.764931022375059 ], [ 55.370061099529266, 24.764931022375059 ], [ 55.370039641857147, 24.764931022375059 ], [ 55.370039641857147, 24.764940764426949 ], [ 55.36997526884079, 24.764940764426949 ], [ 55.36997526884079, 24.76495050647884 ], [ 55.36997526884079, 24.764960248530731 ], [ 55.369996726512909, 24.764960248530731 ], [ 55.370018184185028, 24.764960248530731 ], [ 55.370028913021088, 24.764960248530731 ], [ 55.370050370693207, 24.764960248530731 ], [ 55.370104014873505, 24.764960248530731 ], [ 55.370179116725922, 24.764960248530731 ], [ 55.370179116725922, 24.764969990582621 ], [ 55.370189845561981, 24.764969990582621 ], [ 55.370189845561981, 24.764960248530731 ], [ 55.370297133922577, 24.764960248530731 ], [ 55.370404422283173, 24.764960248530731 ], [ 55.370415151119232, 24.764960248530731 ], [ 55.370415151119232, 24.764969990582621 ], [ 55.370415151119232, 24.764999216738293 ], [ 55.370415151119232, 24.765028442893964 ], [ 55.370415151119232, 24.765194057776103 ], [ 55.370415151119232, 24.765213541879884 ], [ 55.370415151119232, 24.765291478295008 ], [ 55.370425879955292, 24.765291478295008 ], [ 55.370425879955292, 24.76532070445068 ], [ 55.370415151119232, 24.76532070445068 ], [ 55.370415151119232, 24.765349930606348 ], [ 55.370425879955292, 24.765349930606348 ], [ 55.370425879955292, 24.76538889881391 ], [ 55.370415151119232, 24.76538889881391 ], [ 55.370415151119232, 24.765418124969582 ], [ 55.370425879955292, 24.765418124969582 ], [ 55.370425879955292, 24.765457093177144 ], [ 55.370415151119232, 24.765457093177144 ], [ 55.370415151119232, 24.765466835229034 ], [ 55.370425879955292, 24.765466835229034 ], [ 55.370425879955292, 24.765515545488487 ], [ 55.370415151119232, 24.765515545488487 ], [ 55.370415151119232, 24.765544771644159 ], [ 55.370425879955292, 24.765544771644159 ], [ 55.370425879955292, 24.765720128578188 ], [ 55.370415151119232, 24.765720128578188 ], [ 55.370415151119232, 24.765734741656026 ], [ 55.370425879955292, 24.765734741656026 ], [ 55.370425879955292, 24.765783451915478 ], [ 55.370415151119232, 24.765783451915478 ], [ 55.370415151119232, 24.765807807045203 ], [ 55.370425879955292, 24.765807807045203 ], [ 55.370425879955292, 24.765851646278712 ], [ 55.370415151119232, 24.765851646278712 ], [ 55.370415151119232, 24.765866259356546 ], [ 55.370425879955292, 24.765866259356546 ], [ 55.370425879955292, 24.765910098590055 ], [ 55.370415151119232, 24.765910098590055 ], [ 55.370415151119232, 24.76593445371978 ], [ 55.370425879955292, 24.76593445371978 ], [ 55.370425879955292, 24.765983163979232 ], [ 55.370415151119232, 24.765983163979232 ], [ 55.370415151119232, 24.765992906031123 ], [ 55.370425879955292, 24.765992906031123 ], [ 55.370425879955292, 24.766022132186794 ], [ 55.370415151119232, 24.766022132186794 ], [ 55.370415151119232, 24.766041616290575 ], [ 55.370404422283173, 24.766041616290575 ], [ 55.370404422283173, 24.766051358342466 ], [ 55.370393693447113, 24.766051358342466 ], [ 55.370382964611053, 24.766051358342466 ], [ 55.370372235774994, 24.766051358342466 ], [ 55.370372235774994, 24.766041616290575 ], [ 55.370361506938934, 24.766041616290575 ], [ 55.370361506938934, 24.766031874238685 ], [ 55.370350778102875, 24.766031874238685 ], [ 55.370350778102875, 24.766022132186794 ], [ 55.370340049266815, 24.766022132186794 ], [ 55.370340049266815, 24.766031874238685 ], [ 55.370329320430756, 24.766031874238685 ], [ 55.370329320430756, 24.766022132186794 ], [ 55.370254218578339, 24.766022132186794 ], [ 55.370254218578339, 24.766031874238685 ], [ 55.370200574398041, 24.766031874238685 ], [ 55.370200574398041, 24.766041616290575 ], [ 55.370189845561981, 24.766041616290575 ], [ 55.370189845561981, 24.766051358342466 ], [ 55.370146930217743, 24.766051358342466 ], [ 55.370146930217743, 24.766061100394356 ], [ 55.370136201381683, 24.766061100394356 ], [ 55.370136201381683, 24.766051358342466 ], [ 55.370114743709564, 24.766051358342466 ], [ 55.370114743709564, 24.766061100394356 ], [ 55.370093286037445, 24.766061100394356 ], [ 55.370093286037445, 24.766070842446247 ], [ 55.370093286037445, 24.766080584498138 ], [ 55.370082557201385, 24.766080584498138 ], [ 55.370082557201385, 24.766090326550028 ], [ 55.370082557201385, 24.766109810653809 ], [ 55.370071828365326, 24.766109810653809 ], [ 55.370071828365326, 24.7661195527057 ], [ 55.370061099529266, 24.7661195527057 ], [ 55.370050370693207, 24.7661195527057 ], [ 55.370039641857147, 24.7661195527057 ], [ 55.370039641857147, 24.76612929475759 ], [ 55.370039641857147, 24.766139036809481 ], [ 55.370028913021088, 24.766139036809481 ], [ 55.370028913021088, 24.766148778861371 ], [ 55.370200574398041, 24.766148778861371 ], [ 55.370318591594696, 24.766148778861371 ], [ 55.370415151119232, 24.766148778861371 ], [ 55.370415151119232, 24.766158520913262 ], [ 55.370425879955292, 24.766158520913262 ], [ 55.370425879955292, 24.766255941432167 ], [ 55.370415151119232, 24.766255941432167 ], [ 55.370415151119232, 24.766275425535948 ], [ 55.370425879955292, 24.766275425535948 ], [ 55.370425879955292, 24.766694333767237 ], [ 55.370415151119232, 24.766694333767237 ], [ 55.370415151119232, 24.766713817871018 ], [ 55.370404422283173, 24.766713817871018 ], [ 55.369749963283539, 24.766713817871018 ], [ 55.369739234447479, 24.766713817871018 ], [ 55.369739234447479, 24.766704075819128 ], [ 55.369739234447479, 24.766694333767237 ], [ 55.369739234447479, 24.766635881455894 ], [ 55.369739234447479, 24.766616397352113 ], [ 55.369739234447479, 24.766528718885102 ], [ 55.369739234447479, 24.76649949272943 ], [ 55.369739234447479, 24.766450782469978 ], [ 55.369739234447479, 24.766216973224605 ], [ 55.369749963283539, 24.766216973224605 ], [ 55.369749963283539, 24.766207231172714 ], [ 55.369739234447479, 24.766207231172714 ], [ 55.369739234447479, 24.766168262965152 ], [ 55.369749963283539, 24.766168262965152 ], [ 55.369749963283539, 24.766148778861371 ], [ 55.369749963283539, 24.7661195527057 ], [ 55.369749963283539, 24.766109810653809 ], [ 55.369739234447479, 24.766109810653809 ], [ 55.369739234447479, 24.766022132186794 ], [ 55.369749963283539, 24.766022132186794 ], [ 55.369749963283539, 24.765992906031123 ], [ 55.369739234447479, 24.765992906031123 ], [ 55.369739234447479, 24.76594419577167 ], [ 55.369749963283539, 24.76594419577167 ], [ 55.369749963283539, 24.765929582693836 ], [ 55.369739234447479, 24.765929582693836 ], [ 55.369739234447479, 24.765900356538165 ], [ 55.369749963283539, 24.765900356538165 ], [ 55.369749963283539, 24.765866259356546 ], [ 55.369739234447479, 24.765866259356546 ], [ 55.369739234447479, 24.765642192163064 ], [ 55.369749963283539, 24.765642192163064 ], [ 55.369749963283539, 24.765622708059283 ], [ 55.369739234447479, 24.765622708059283 ], [ 55.369739234447479, 24.765583739851721 ], [ 55.369749963283539, 24.765583739851721 ], [ 55.369749963283539, 24.765544771644159 ], [ 55.369739234447479, 24.765544771644159 ], [ 55.369739234447479, 24.765535029592268 ], [ 55.369664132595062, 24.765535029592268 ], [ 55.369664132595062, 24.765544771644159 ], [ 55.369621217250824, 24.765544771644159 ], [ 55.369621217250824, 24.765535029592268 ], [ 55.369578301906586, 24.765535029592268 ], [ 55.369578301906586, 24.765544771644159 ], [ 55.369159877300262, 24.765544771644159 ], [ 55.369149148464203, 24.765544771644159 ], [ 55.369074046611786, 24.765544771644159 ], [ 55.369074046611786, 24.765535029592268 ], [ 55.369063317775726, 24.765535029592268 ], [ 55.369063317775726, 24.765505803436596 ], [ 55.369063317775726, 24.765496061384706 ], [ 55.369052588939667, 24.765496061384706 ], [ 55.369052588939667, 24.765486319332815 ], [ 55.369052588939667, 24.765476577280925 ], [ 55.369041860103607, 24.765476577280925 ], [ 55.369041860103607, 24.765466835229034 ], [ 55.369041860103607, 24.765447351125253 ], [ 55.369041860103607, 24.765418124969582 ], [ 55.369052588939667, 24.765418124969582 ], [ 55.369052588939667, 24.765437609073363 ], [ 55.369063317775726, 24.765437609073363 ], [ 55.369063317775726, 24.765408382917691 ], [ 55.369052588939667, 24.765408382917691 ], [ 55.369041860103607, 24.765408382917691 ], [ 55.369041860103607, 24.765398640865801 ], [ 55.369041860103607, 24.76538889881391 ], [ 55.369041860103607, 24.765369414710129 ], [ 55.369031131267548, 24.765369414710129 ], [ 55.369031131267548, 24.765349930606348 ] ], [ [ 55.369943082332611, 24.766139036809481 ], [ 55.369953811168671, 24.766139036809481 ], [ 55.369953811168671, 24.766148778861371 ], [ 55.36996454000473, 24.766148778861371 ], [ 55.36996454000473, 24.766139036809481 ], [ 55.369985997676849, 24.766139036809481 ], [ 55.369985997676849, 24.76612929475759 ], [ 55.36997526884079, 24.76612929475759 ], [ 55.369943082332611, 24.76612929475759 ], [ 55.369932353496552, 24.76612929475759 ], [ 55.369932353496552, 24.766139036809481 ], [ 55.369943082332611, 24.766139036809481 ] ], [ [ 55.369878709316254, 24.766139036809481 ], [ 55.369878709316254, 24.76612929475759 ], [ 55.369867980480194, 24.76612929475759 ], [ 55.369867980480194, 24.7661195527057 ], [ 55.369857251644135, 24.7661195527057 ], [ 55.369857251644135, 24.76612929475759 ], [ 55.369846522808075, 24.76612929475759 ], [ 55.369846522808075, 24.766139036809481 ], [ 55.369878709316254, 24.766139036809481 ] ], [ [ 55.369556844234467, 24.764940764426949 ], [ 55.369556844234467, 24.76495050647884 ], [ 55.369578301906586, 24.76495050647884 ], [ 55.369578301906586, 24.764960248530731 ], [ 55.369621217250824, 24.764960248530731 ], [ 55.369653403759003, 24.764960248530731 ], [ 55.369664132595062, 24.764960248530731 ], [ 55.369664132595062, 24.76495050647884 ], [ 55.369653403759003, 24.76495050647884 ], [ 55.369653403759003, 24.764940764426949 ], [ 55.369556844234467, 24.764940764426949 ] ], [ [ 55.36972850561142, 24.764940764426949 ], [ 55.36972850561142, 24.76495050647884 ], [ 55.369739234447479, 24.76495050647884 ], [ 55.369739234447479, 24.764960248530731 ], [ 55.369771420955658, 24.764960248530731 ], [ 55.369782149791718, 24.764960248530731 ], [ 55.369782149791718, 24.76495050647884 ], [ 55.369792878627777, 24.76495050647884 ], [ 55.369814336299896, 24.76495050647884 ], [ 55.369814336299896, 24.764940764426949 ], [ 55.36972850561142, 24.764940764426949 ] ], [ [ 55.369052588939667, 24.765398640865801 ], [ 55.369063317775726, 24.765398640865801 ], [ 55.369063317775726, 24.765369414710129 ], [ 55.369052588939667, 24.765369414710129 ], [ 55.369052588939667, 24.76537915676202 ], [ 55.369052588939667, 24.765398640865801 ] ] ] } },
{ "type": "Feature", "properties": { "class": "solar panel,photovoltaic panel,solar array", "id": 134 }, "geometry": { "type": "Polygon", "coordinates": [ [ [ 55.370050370693207, 24.764356241313518 ], [ 55.370050370693207, 24.764346499261627 ], [ 55.370061099529266, 24.764346499261627 ], [ 55.370061099529266, 24.764356241313518 ], [ 55.370050370693207, 24.764356241313518 ] ] ] } },
{ "type": "Feature", "properties": { "class": "solar panel,photovoltaic panel,solar array", "id": 135 }, "geometry": { "type": "Polygon", "coordinates": [ ] } },
{ "type": "Feature", "properties": { "class": "solar panel,photovoltaic panel,solar array", "id": 136 }, "geometry": { "type": "Polygon", "coordinates": [ [ [ 55.373269021511078, 24.764356241313518 ], [ 55.373269021511078, 24.764346499261627 ], [ 55.373269021511078, 24.764336757209737 ], [ 55.373279750347137, 24.764336757209737 ], [ 55.373279750347137, 24.764346499261627 ], [ 55.373290479183197, 24.764346499261627 ], [ 55.373290479183197, 24.764356241313518 ], [ 55.373269021511078, 24.764356241313518 ] ] ] } },
{ "type": "Feature", "properties": { "class": "solar panel,photovoltaic panel,solar array", "id": 137 }, "geometry": { "type": "Polygon", "coordinates": [ [ [ 55.374266803264618, 24.764346499261627 ], [ 55.374266803264618, 24.764336757209737 ], [ 55.374277532100677, 24.764336757209737 ], [ 55.374277532100677, 24.764346499261627 ], [ 55.374266803264618, 24.764346499261627 ] ] ] } },
{ "type": "Feature", "properties": { "class": "solar panel,photovoltaic panel,solar array", "id": 138 }, "geometry": { "type": "Polygon", "coordinates": [ ] } },
{ "type": "Feature", "properties": { "class": "solar panel,photovoltaic panel,solar array", "id": 139 }, "geometry": { "type": "Polygon", "coordinates": [ [ [ 55.377474725246429, 24.764180884379488 ], [ 55.377474725246429, 24.764171142327598 ], [ 55.377496182918549, 24.764171142327598 ], [ 55.377496182918549, 24.764180884379488 ], [ 55.377506911754608, 24.764180884379488 ], [ 55.377506911754608, 24.764190626431379 ], [ 55.377474725246429, 24.764190626431379 ], [ 55.377474725246429, 24.764180884379488 ] ] ] } },
{ "type": "Feature", "properties": { "class": "solar panel,photovoltaic panel,solar array", "id": 140 }, "geometry": { "type": "Polygon", "coordinates": [ ] } },
{ "type": "Feature", "properties": { "class": "solar panel,photovoltaic panel,solar array", "id": 141 }, "geometry": { "type": "Polygon", "coordinates": [ [ [ 55.377506911754608, 24.763995785393572 ], [ 55.377506911754608, 24.763986043341681 ], [ 55.377517640590668, 24.763986043341681 ], [ 55.377517640590668, 24.763995785393572 ], [ 55.377506911754608, 24.763995785393572 ] ] ] } },
{ "type": "Feature", "properties": { "class": "solar panel,photovoltaic panel,solar array", "id": 142 }, "geometry": { "type": "Polygon", "coordinates": [ ] } },
{ "type": "Feature", "properties": { "class": "solar panel,photovoltaic panel,solar array", "id": 143 }, "geometry": { "type": "Polygon", "coordinates": [ [ [ 55.372303426265717, 24.763947075134119 ], [ 55.372303426265717, 24.763937333082229 ], [ 55.372314155101776, 24.763937333082229 ], [ 55.372314155101776, 24.763947075134119 ], [ 55.372303426265717, 24.763947075134119 ] ] ] } },
{ "type": "Feature", "properties": { "class": "solar panel,photovoltaic panel,solar array", "id": 144 }, "geometry": { "type": "Polygon", "coordinates": [ [ [ 55.374105870723724, 24.763947075134119 ], [ 55.374105870723724, 24.763937333082229 ], [ 55.374116599559784, 24.763937333082229 ], [ 55.374116599559784, 24.763947075134119 ], [ 55.374105870723724, 24.763947075134119 ] ] ] } },
{ "type": "Feature", "properties": { "class": "solar panel,photovoltaic panel,solar array", "id": 145 }, "geometry": { "type": "Polygon", "coordinates": [ [ [ 55.37247508764267, 24.763947075134119 ], [ 55.37247508764267, 24.763937333082229 ], [ 55.372485816478729, 24.763937333082229 ], [ 55.372496545314789, 24.763937333082229 ], [ 55.372496545314789, 24.763947075134119 ], [ 55.37247508764267, 24.763947075134119 ] ] ] } },
{ "type": "Feature", "properties": { "class": "solar panel,photovoltaic panel,solar array", "id": 146 }, "geometry": { "type": "Polygon", "coordinates": [ [ [ 55.376273095607758, 24.763947075134119 ], [ 55.376273095607758, 24.763937333082229 ], [ 55.376283824443817, 24.763937333082229 ], [ 55.376283824443817, 24.763947075134119 ], [ 55.376273095607758, 24.763947075134119 ] ] ] } },
{ "type": "Feature", "properties": { "class": "solar panel,photovoltaic panel,solar array", "id": 147 }, "geometry": { "type": "Polygon", "coordinates": [ [ [ 55.374449193477631, 24.76395681718601 ], [ 55.374449193477631, 24.763947075134119 ], [ 55.374449193477631, 24.763937333082229 ], [ 55.37445992231369, 24.763937333082229 ], [ 55.37445992231369, 24.763947075134119 ], [ 55.37445992231369, 24.76395681718601 ], [ 55.374449193477631, 24.76395681718601 ] ] ] } },
{ "type": "Feature", "properties": { "class": "solar panel,photovoltaic panel,solar array", "id": 148 }, "geometry": { "type": "Polygon", "coordinates": [ [ [ 55.368398129940033, 24.763937333082229 ], [ 55.368398129940033, 24.763927591030338 ], [ 55.368408858776093, 24.763927591030338 ], [ 55.368408858776093, 24.763937333082229 ], [ 55.368398129940033, 24.763937333082229 ] ] ] } },
{ "type": "Feature", "properties": { "class": "solar panel,photovoltaic panel,solar array", "id": 149 }, "geometry": { "type": "Polygon", "coordinates": [ [ [ 55.372796952724457, 24.763947075134119 ], [ 55.372796952724457, 24.763937333082229 ], [ 55.372786223888397, 24.763937333082229 ], [ 55.372786223888397, 24.763927591030338 ], [ 55.372818410396576, 24.763927591030338 ], [ 55.372818410396576, 24.763947075134119 ], [ 55.372796952724457, 24.763947075134119 ] ] ] } },
{ "type": "Feature", "properties": { "class": "solar panel,photovoltaic panel,solar array", "id": 150 }, "geometry": { "type": "Polygon", "coordinates": [ [ [ 55.373075902462006, 24.763937333082229 ], [ 55.373075902462006, 24.763927591030338 ], [ 55.373086631298065, 24.763927591030338 ], [ 55.373086631298065, 24.763937333082229 ], [ 55.373075902462006, 24.763937333082229 ] ] ] } },
{ "type": "Feature", "properties": { "class": "solar panel,photovoltaic panel,solar array", "id": 151 }, "geometry": { "type": "Polygon", "coordinates": [ [ [ 55.37097305059433, 24.763937333082229 ], [ 55.37097305059433, 24.763927591030338 ], [ 55.370983779430389, 24.763927591030338 ], [ 55.370983779430389, 24.763937333082229 ], [ 55.37097305059433, 24.763937333082229 ] ] ] } },
{ "type": "Feature", "properties": { "class": "solar panel,photovoltaic panel,solar array", "id": 152 }, "geometry": { "type": "Polygon", "coordinates": [ [ [ 55.372045934200287, 24.763937333082229 ], [ 55.372045934200287, 24.763927591030338 ], [ 55.372056663036346, 24.763927591030338 ], [ 55.372056663036346, 24.763937333082229 ], [ 55.372045934200287, 24.763937333082229 ] ] ] } },
{ "type": "Feature", "properties": { "class": "solar panel,photovoltaic panel,solar array", "id": 153 }, "geometry": { "type": "Polygon", "coordinates": [ [ [ 55.373655259609222, 24.763937333082229 ], [ 55.373655259609222, 24.763927591030338 ], [ 55.373665988445282, 24.763927591030338 ], [ 55.373665988445282, 24.763937333082229 ], [ 55.373655259609222, 24.763937333082229 ] ] ] } },
{ "type": "Feature", "properties": { "class": "solar panel,photovoltaic panel,solar array", "id": 154 }, "geometry": { "type": "Polygon", "coordinates": [ [ [ 55.37445992231369, 24.763937333082229 ], [ 55.37445992231369, 24.763927591030338 ], [ 55.37447065114975, 24.763927591030338 ], [ 55.37447065114975, 24.763937333082229 ], [ 55.37445992231369, 24.763937333082229 ] ] ] } },
{ "type": "Feature", "properties": { "class": "solar panel,photovoltaic panel,solar array", "id": 155 }, "geometry": { "type": "Polygon", "coordinates": [ ] } },
{ "type": "Feature", "properties": { "class": "solar panel,photovoltaic panel,solar array", "id": 156 }, "geometry": { "type": "Polygon", "coordinates": [ [ [ 55.371831357479095, 24.763927591030338 ], [ 55.371831357479095, 24.763917848978448 ], [ 55.371842086315155, 24.763917848978448 ], [ 55.371842086315155, 24.763927591030338 ], [ 55.371831357479095, 24.763927591030338 ] ] ] } },
{ "type": "Feature", "properties": { "class": "solar panel,photovoltaic panel,solar array", "id": 157 }, "geometry": { "type": "Polygon", "coordinates": [ ] } },
{ "type": "Feature", "properties": { "class": "solar panel,photovoltaic panel,solar array", "id": 158 }, "geometry": { "type": "Polygon", "coordinates": [ [ [ 55.368333769256729, 24.760995244610019 ], [ 55.368334020301816, 24.760995233411297 ], [ 55.373215113952639, 24.760995233411297 ], [ 55.373215374129146, 24.760995245017359 ], [ 55.373215524269632, 24.760995309497272 ], [ 55.373216154580305, 24.760995615418242 ], [ 55.373217127312806, 24.760995981278782 ], [ 55.373218134854291, 24.760996258802443 ], [ 55.373219167501603, 24.760996445316529 ], [ 55.373220215309779, 24.760996539024802 ], [ 55.373221268187841, 24.760996539024802 ], [ 55.373222315996017, 24.760996445316529 ], [ 55.373223348643329, 24.760996258802443 ], [ 55.373224356184814, 24.760995981278782 ], [ 55.373225328917314, 24.760995615418242 ], [ 55.373225959227987, 24.760995309497272 ], [ 55.373226109368474, 24.760995245017359 ], [ 55.37322636954498, 24.760995233411297 ], [ 55.373333131149295, 24.760995233411297 ], [ 55.373333382194382, 24.760995244610019 ], [ 55.373333407450787, 24.760995711431125 ], [ 55.373333505871109, 24.760996633295765 ], [ 55.373333700257518, 24.760997542507564 ], [ 55.373333988853055, 24.760998430848623 ], [ 55.373334369049253, 24.760999290289678 ], [ 55.373334837409715, 24.761000113062686 ], [ 55.373335389701168, 24.761000891731015 ], [ 55.373336020931731, 24.761001619256685 ], [ 55.373336725396037, 24.76100228906396 ], [ 55.373337496726784, 24.761002895098798 ], [ 55.373338327952318, 24.761003431883555 ], [ 55.373339211559617, 24.761003894566514 ], [ 55.373340139562195, 24.761004278965714 ], [ 55.373341103572322, 24.76100458160677 ], [ 55.37334209487679, 24.761004799754264 ], [ 55.373343104515719, 24.761004931436474 ], [ 55.373344123363495, 24.761004975463187 ], [ 55.373365581035614, 24.761004975463187 ], [ 55.37336659988339, 24.761004931436474 ], [ 55.373367609522319, 24.761004799754264 ], [ 55.373368600826787, 24.76100458160677 ], [ 55.373369564836914, 24.761004278965714 ], [ 55.373370492839491, 24.761003894566514 ], [ 55.373371376446791, 24.761003431883555 ], [ 55.373372207672325, 24.761002895098798 ], [ 55.373372979003072, 24.76100228906396 ], [ 55.373373683467378, 24.761001619256685 ], [ 55.373374314697941, 24.761000891731015 ], [ 55.373374866989394, 24.761000113062686 ], [ 55.373375335349856, 24.760999290289678 ], [ 55.373375715546054, 24.760998430848623 ], [ 55.373376004141591, 24.760997542507564 ], [ 55.373376198528, 24.760996633295765 ], [ 55.373376296948322, 24.760995711431125 ], [ 55.373376322204727, 24.760995244610019 ], [ 55.373376573249814, 24.760995233411297 ], [ 55.373429690673831, 24.760995233411297 ], [ 55.373429941718918, 24.760995244610019 ], [ 55.373429966975323, 24.760995711431125 ], [ 55.373430065395645, 24.760996633295765 ], [ 55.373430259782054, 24.760997542507564 ], [ 55.373430548377591, 24.760998430848623 ], [ 55.373430928573789, 24.760999290289678 ], [ 55.373431396934251, 24.761000113062686 ], [ 55.373431949225704, 24.761000891731015 ], [ 55.373432580456267, 24.761001619256685 ], [ 55.373433284920573, 24.76100228906396 ], [ 55.37343405625132, 24.761002895098798 ], [ 55.373434887476854, 24.761003431883555 ], [ 55.373435771084154, 24.761003894566514 ], [ 55.373436699086731, 24.761004278965714 ], [ 55.373437663096858, 24.76100458160677 ], [ 55.373438654401326, 24.761004799754264 ], [ 55.373439664040255, 24.761004931436474 ], [ 55.373440682888031, 24.761004975463187 ], [ 55.373451411724091, 24.761004975463187 ], [ 55.373452430571867, 24.761004931436474 ], [ 55.373453440210795, 24.761004799754264 ], [ 55.373454431515263, 24.76100458160677 ], [ 55.37345539552539, 24.761004278965714 ], [ 55.373456323527968, 24.761003894566514 ], [ 55.373457207135267, 24.761003431883555 ], [ 55.373458038360802, 24.761002895098798 ], [ 55.373458809691549, 24.76100228906396 ], [ 55.373459514155854, 24.761001619256685 ], [ 55.373460145386417, 24.761000891731015 ], [ 55.373460697677871, 24.761000113062686 ], [ 55.373461166038332, 24.760999290289678 ], [ 55.37346154623453, 24.760998430848623 ], [ 55.373461834830067, 24.760997542507564 ], [ 55.373462029216476, 24.760996633295765 ], [ 55.373462127636799, 24.760995711431125 ], [ 55.373462152893204, 24.760995244610019 ], [ 55.373462403938291, 24.760995233411297 ], [ 55.373569165542605, 24.760995233411297 ], [ 55.373569416587692, 24.760995244610019 ], [ 55.373569441844097, 24.760995711431125 ], [ 55.37356954026442, 24.760996633295765 ], [ 55.373569734650829, 24.760997542507564 ], [ 55.373570023246366, 24.760998430848623 ], [ 55.373570403442564, 24.760999290289678 ], [ 55.373570871803025, 24.761000113062686 ], [ 55.373571424094479, 24.761000891731015 ], [ 55.373572055325042, 24.761001619256685 ], [ 55.373572759789347, 24.76100228906396 ], [ 55.373573531120094, 24.761002895098798 ], [ 55.373574362345629, 24.761003431883555 ], [ 55.373575245952928, 24.761003894566514 ], [ 55.373576173955506, 24.761004278965714 ], [ 55.373577137965633, 24.76100458160677 ], [ 55.373578129270101, 24.761004799754264 ], [ 55.373579138909029, 24.761004931436474 ], [ 55.373580157756805, 24.761004975463187 ], [ 55.373623073101044, 24.761004975463187 ], [ 55.37362409194882, 24.761004931436474 ], [ 55.373625101587749, 24.761004799754264 ], [ 55.373626092892216, 24.76100458160677 ], [ 55.373627056902343, 24.761004278965714 ], [ 55.373627984904921, 24.761003894566514 ], [ 55.37362886851222, 24.761003431883555 ], [ 55.373629699737755, 24.761002895098798 ], [ 55.373630471068502, 24.76100228906396 ], [ 55.373631175532807, 24.761001619256685 ], [ 55.37363180676337, 24.761000891731015 ], [ 55.373632359054824, 24.761000113062686 ], [ 55.373632827415285, 24.760999290289678 ], [ 55.373633207611483, 24.760998430848623 ], [ 55.37363349620702, 24.760997542507564 ], [ 55.373633690593429, 24.760996633295765 ], [ 55.373633789013752, 24.760995711431125 ], [ 55.373633814270157, 24.760995244610019 ], [ 55.373634065315244, 24.760995233411297 ], [ 55.37394467480469, 24.760995233411297 ], [ 55.373944925849777, 24.760995244610019 ], [ 55.373944951106182, 24.760995711431125 ], [ 55.37394505951481, 24.76099669439521 ], [ 55.373945276997475, 24.760997662336401 ], [ 55.373945601317857, 24.760998605301626 ], [ 55.373946029141059, 24.760999513594633 ], [ 55.373946556067906, 24.7610003778757 ], [ 55.37394717668014, 24.761001189257659 ], [ 55.373947884596184, 24.761001939397293 ], [ 55.373948672536727, 24.761002620581124 ], [ 55.373949532399607, 24.761003225804732 ], [ 55.373950455343078, 24.761003748844761 ], [ 55.373951431876769, 24.761004184322942 ], [ 55.373952451959262, 24.761004527761372 ], [ 55.373953505101319, 24.761004775628564 ], [ 55.373954580473786, 24.761004925375772 ], [ 55.37395566701889, 24.761004975463187 ], [ 55.37396639585495, 24.761004975463187 ], [ 55.373967482400055, 24.761004925375772 ], [ 55.373968557772521, 24.761004775628564 ], [ 55.373969610914578, 24.761004527761372 ], [ 55.373970630997071, 24.761004184322942 ], [ 55.373971607530763, 24.761003748844761 ], [ 55.373972530474234, 24.761003225804732 ], [ 55.373973390337113, 24.761002620581124 ], [ 55.373974178277656, 24.761001939397293 ], [ 55.3739748861937, 24.761001189257659 ], [ 55.373975506805934, 24.7610003778757 ], [ 55.373976033732781, 24.760999513594633 ], [ 55.373976461555984, 24.760998605301626 ], [ 55.373976785876366, 24.760997662336401 ], [ 55.37397700335903, 24.76099669439521 ], [ 55.373977111767658, 24.760995711431125 ], [ 55.373977137024063, 24.760995244610019 ], [ 55.37397738806915, 24.760995233411297 ], [ 55.374041234329226, 24.760995233411297 ], [ 55.374041485374313, 24.760995244610019 ], [ 55.374041510630718, 24.760995711431125 ], [ 55.374041619039346, 24.76099669439521 ], [ 55.374041836522011, 24.760997662336401 ], [ 55.374042160842393, 24.760998605301626 ], [ 55.374042588665596, 24.760999513594633 ], [ 55.374043115592443, 24.7610003778757 ], [ 55.374043736204676, 24.761001189257659 ], [ 55.37404444412072, 24.761001939397293 ], [ 55.374045232061263, 24.761002620581124 ], [ 55.374046091924143, 24.761003225804732 ], [ 55.374047014867614, 24.761003748844761 ], [ 55.374047991401305, 24.761004184322942 ], [ 55.374049011483798, 24.761004527761372 ], [ 55.374050064625855, 24.761004775628564 ], [ 55.374051139998322, 24.761004925375772 ], [ 55.374052226543427, 24.761004975463187 ], [ 55.374073684215546, 24.761004975463187 ], [ 55.37407477076065, 24.761004925375772 ], [ 55.374075846133117, 24.761004775628564 ], [ 55.374076899275174, 24.761004527761372 ], [ 55.374077919357667, 24.761004184322942 ], [ 55.374078895891358, 24.761003748844761 ], [ 55.374079818834829, 24.761003225804732 ], [ 55.374080678697709, 24.761002620581124 ], [ 55.374081466638252, 24.761001939397293 ], [ 55.374082174554296, 24.761001189257659 ], [ 55.37408279516653, 24.7610003778757 ], [ 55.374083322093377, 24.760999513594633 ], [ 55.374083749916579, 24.760998605301626 ], [ 55.374084074236961, 24.760997662336401 ], [ 55.374084291719626, 24.76099669439521 ], [ 55.374084400128254, 24.760995711431125 ], [ 55.374084425384659, 24.760995244610019 ], [ 55.374084676429746, 24.760995233411297 ], [ 55.378236209228518, 24.760995233411297 ], [ 55.378236460273605, 24.760995244610019 ], [ 55.378236472606659, 24.760995472565249 ], [ 55.378236472606659, 24.763927351876386 ], [ 55.378236459825004, 24.76392758812317 ], [ 55.378236388813846, 24.763927724454494 ], [ 55.378236051905766, 24.763928296792376 ], [ 55.378235648986774, 24.76392918005785 ], [ 55.378235343352408, 24.76393009493076 ], [ 55.378235137946085, 24.763931032600386 ], [ 55.378235034745991, 24.763931984036454 ], [ 55.378235034745991, 24.76393294007611 ], [ 55.378235137946085, 24.763933891512178 ], [ 55.378235343352408, 24.763934829181803 ], [ 55.378235648986774, 24.763935744054717 ], [ 55.378236051905766, 24.763936627320188 ], [ 55.378236388813846, 24.76393719965807 ], [ 55.378236459825004, 24.763937335989393 ], [ 55.378236472606659, 24.763937572236177 ], [ 55.378236472606659, 24.764034514447182 ], [ 55.378236460273605, 24.764034742402409 ], [ 55.378235946167628, 24.764034765335861 ], [ 55.378234898359452, 24.764034859044134 ], [ 55.37823386571214, 24.76403504555822 ], [ 55.378232858170655, 24.764035323081881 ], [ 55.378231885438154, 24.764035688942421 ], [ 55.378230956882597, 24.764036139616397 ], [ 55.378230081446482, 24.764036670763574 ], [ 55.378229267560727, 24.764037277268713 ], [ 55.378228523063505, 24.764037953290838 ], [ 55.378227855124734, 24.764038692319488 ], [ 55.378227270177021, 24.764039487237412 ], [ 55.378226773853733, 24.764040330389118 ], [ 55.37822637093474, 24.76404121365459 ], [ 55.378226065300368, 24.764042128527503 ], [ 55.378225859894052, 24.764043066197125 ], [ 55.378225756693951, 24.764044017633193 ], [ 55.378225756693951, 24.764044973672853 ], [ 55.378225859894052, 24.76404592510892 ], [ 55.378226065300368, 24.764046862778542 ], [ 55.37822637093474, 24.764047777651456 ], [ 55.378226773853733, 24.764048660916931 ], [ 55.378227270177021, 24.764049504068634 ], [ 55.378227855124734, 24.764050298986557 ], [ 55.378228523063505, 24.764051038015207 ], [ 55.378229267560727, 24.764051714037336 ], [ 55.378230081446482, 24.764052320542472 ], [ 55.378230956882597, 24.764052851689648 ], [ 55.378231885438154, 24.764053302363624 ], [ 55.378232858170655, 24.764053668224165 ], [ 55.37823386571214, 24.764053945747825 ], [ 55.378234898359452, 24.764054132261911 ], [ 55.378235946167628, 24.764054225970185 ], [ 55.378236460273605, 24.764054248903637 ], [ 55.378236472606659, 24.764054476858863 ], [ 55.378236472606659, 24.764083224706635 ], [ 55.378236460273605, 24.764083452661861 ], [ 55.378235946167628, 24.764083475595314 ], [ 55.378234898359452, 24.764083569303587 ], [ 55.37823386571214, 24.764083755817673 ], [ 55.378232858170655, 24.764084033341334 ], [ 55.378231885438154, 24.764084399201874 ], [ 55.378230956882597, 24.76408484987585 ], [ 55.378230081446482, 24.764085381023026 ], [ 55.378229267560727, 24.764085987528166 ], [ 55.378228523063505, 24.764086663550291 ], [ 55.378227855124734, 24.764087402578941 ], [ 55.378227270177021, 24.764088197496864 ], [ 55.378226773853733, 24.764089040648567 ], [ 55.37822637093474, 24.764089923914042 ], [ 55.378226065300368, 24.764090838786956 ], [ 55.378225859894052, 24.764091776456578 ], [ 55.378225756693951, 24.764092727892645 ], [ 55.378225731437546, 24.764093194713752 ], [ 55.378225217331568, 24.764093217647204 ], [ 55.378224169523392, 24.764093311355477 ], [ 55.37822313687608, 24.764093497869563 ], [ 55.378222129334596, 24.764093775393224 ], [ 55.378221156602095, 24.764094141253764 ], [ 55.378220376256891, 24.764094519993918 ], [ 55.378220147227147, 24.764094392869822 ], [ 55.378219183381717, 24.764093971275788 ], [ 55.378218178087522, 24.764093638941056 ], [ 55.378217141340656, 24.764093399170175 ], [ 55.378216083449963, 24.764093254347301 ], [ 55.37821501493454, 24.764093205912474 ], [ 55.378204549476621, 24.764093205912474 ], [ 55.378204298431534, 24.764093194713752 ], [ 55.378204273175129, 24.764092727892645 ], [ 55.378204169975028, 24.764091776456578 ], [ 55.378203964568712, 24.764090838786956 ], [ 55.378203658934339, 24.764089923914042 ], [ 55.378203256015347, 24.764089040648567 ], [ 55.378202759692059, 24.764088197496864 ], [ 55.378202174744345, 24.764087402578941 ], [ 55.378201506805574, 24.764086663550291 ], [ 55.378200762308353, 24.764085987528166 ], [ 55.378199948422598, 24.764085381023026 ], [ 55.378199072986483, 24.76408484987585 ], [ 55.378198144430925, 24.764084399201874 ], [ 55.378197171698424, 24.764084033341334 ], [ 55.37819616415694, 24.764083755817673 ], [ 55.378195131509628, 24.764083569303587 ], [ 55.378194083701452, 24.764083475595314 ], [ 55.37819303082339, 24.764083475595314 ], [ 55.378191983015213, 24.764083569303587 ], [ 55.378190950367902, 24.764083755817673 ], [ 55.378189942826417, 24.764084033341334 ], [ 55.378188970093916, 24.764084399201874 ], [ 55.378188041538358, 24.76408484987585 ], [ 55.378187166102244, 24.764085381023026 ], [ 55.378186352216488, 24.764085987528166 ], [ 55.378185607719267, 24.764086663550291 ], [ 55.378184939780496, 24.764087402578941 ], [ 55.378184354832783, 24.764088197496864 ], [ 55.378183858509495, 24.764089040648567 ], [ 55.378183455590502, 24.764089923914042 ], [ 55.378183149956129, 24.764090838786956 ], [ 55.378182944549813, 24.764091776456578 ], [ 55.378182841349712, 24.764092727892645 ], [ 55.378182816093307, 24.764093194713752 ], [ 55.37818256504822, 24.764093205912474 ], [ 55.378150641918182, 24.764093205912474 ], [ 55.378149590308354, 24.76409325282312 ], [ 55.378148548826104, 24.76409339310327 ], [ 55.378147527501469, 24.764093625401959 ], [ 55.378146536170377, 24.764093947482021 ], [ 55.378145584379872, 24.764094356241646 ], [ 55.378144681296234, 24.764094847744257 ], [ 55.37814383561664, 24.764095417256417 ], [ 55.378143055485452, 24.764096059293411 ], [ 55.378142348415757, 24.764096767672072 ], [ 55.378141721217027, 24.764097535570325 ], [ 55.378141179929521, 24.764098355592896 ], [ 55.378140729766137, 24.76409921984251 ], [ 55.378140375062202, 24.764100119995977 ], [ 55.378140119233699, 24.764101047384326 ], [ 55.378139964744399, 24.764101993076299 ], [ 55.378139913082123, 24.764102947964364 ], [ 55.378139913082123, 24.764132174120036 ], [ 55.378139968242955, 24.764133160730211 ], [ 55.378140133158233, 24.764134137195345 ], [ 55.378140406132196, 24.764135093474717 ], [ 55.378140784357917, 24.764136019735169 ], [ 55.378141263946205, 24.764136906452226 ], [ 55.378141839965593, 24.764137744508016 ], [ 55.378142506493027, 24.764138525285045 ], [ 55.37814325667479, 24.764139240754801 ], [ 55.378144082796972, 24.764139883560301 ], [ 55.378144976364787, 24.764140447091755 ], [ 55.378145928189916, 24.764140925554528 ], [ 55.378146928485016, 24.764141314028716 ], [ 55.378147966964328, 24.764141608519747 ], [ 55.378149032949445, 24.764141805999451 ], [ 55.378150115479151, 24.764141904437199 ], [ 55.378150629585129, 24.764141927370652 ], [ 55.378150654841534, 24.764142394191758 ], [ 55.378150763250162, 24.764143377155843 ], [ 55.378150980732826, 24.764144345097034 ], [ 55.378151305053208, 24.764145288062259 ], [ 55.378151732876411, 24.764146196355266 ], [ 55.378152259803258, 24.764147060636329 ], [ 55.378152880415492, 24.764147872018288 ], [ 55.378153588331536, 24.764148622157922 ], [ 55.378154376272079, 24.764149303341757 ], [ 55.378155236134958, 24.764149908565361 ], [ 55.378156159078429, 24.764150431605394 ], [ 55.37815713561212, 24.764150867083572 ], [ 55.378158155694614, 24.764151210522002 ], [ 55.378159208836671, 24.764151458389197 ], [ 55.378160284209137, 24.764151608136405 ], [ 55.378161370754242, 24.764151658223817 ], [ 55.378172099590302, 24.764151658223817 ], [ 55.378173168105725, 24.764151609788989 ], [ 55.378174225996418, 24.764151464966119 ], [ 55.378175262743284, 24.764151225195238 ], [ 55.378176268037478, 24.764150892860506 ], [ 55.378177231882908, 24.764150471266472 ], [ 55.378178144695617, 24.764149964605242 ], [ 55.378178997399097, 24.764149377914777 ], [ 55.378179781514518, 24.764148717028807 ], [ 55.378180489245075, 24.764147988518822 ], [ 55.378181113553474, 24.764147199628727 ], [ 55.378181648231937, 24.764146358202819 ], [ 55.378182087963914, 24.764145472607776 ], [ 55.378182428376945, 24.764144551649473 ], [ 55.378182666086147, 24.764143604485419 ], [ 55.378182798727877, 24.764142640533695 ], [ 55.378182824983213, 24.76414166937931 ], [ 55.378182744591086, 24.764140700678897 ], [ 55.378182558350872, 24.764139744064686 ], [ 55.378182268114443, 24.764138809048728 ], [ 55.378181876767748, 24.764137904928305 ], [ 55.378181388202137, 24.764137040693505 ], [ 55.378180807275626, 24.764136224937804 ], [ 55.378180139764638, 24.764135465772636 ], [ 55.378179392306535, 24.764134770746722 ], [ 55.378178572333638, 24.764134146771021 ], [ 55.378177687999312, 24.764133600050009 ], [ 55.378176748096891, 24.764133136019982 ], [ 55.378175761972251, 24.764132759295002 ], [ 55.378174739430882, 24.764132473621018 ], [ 55.378173690640374, 24.764132281838613 ], [ 55.378172626029333, 24.764132185854766 ], [ 55.378172111923355, 24.764132162921314 ], [ 55.378172099590302, 24.764131934966088 ], [ 55.378172099590302, 24.764122671222097 ], [ 55.378172111923355, 24.764122443266871 ], [ 55.378172362968442, 24.764122432068145 ], [ 55.37820428609848, 24.764122432068145 ], [ 55.378205372643585, 24.764122381980734 ], [ 55.378206448016051, 24.764122232233525 ], [ 55.378207501158109, 24.76412198436633 ], [ 55.378208521240602, 24.764121640927904 ], [ 55.378209497774293, 24.764121205449722 ], [ 55.378210420717764, 24.76412068240969 ], [ 55.378211280580643, 24.764120077186085 ], [ 55.378212068521186, 24.764119396002251 ], [ 55.378212776437231, 24.764118645862617 ], [ 55.378213397049464, 24.764117834480658 ], [ 55.378213923976311, 24.764116970199595 ], [ 55.378214351799514, 24.764116061906588 ], [ 55.378214676119896, 24.764115118941362 ], [ 55.378214893602561, 24.764114151000172 ], [ 55.378215002011189, 24.764113168036086 ], [ 55.378215027267593, 24.76411270121498 ], [ 55.378215541373571, 24.764112678281528 ], [ 55.378216605984612, 24.764112582297681 ], [ 55.378217654775121, 24.764112390515276 ], [ 55.37821867731649, 24.764112104841292 ], [ 55.378219663441129, 24.764111728116308 ], [ 55.378220376526748, 24.764111376065788 ], [ 55.378221156602095, 24.764111754674968 ], [ 55.378222129334596, 24.764112120535508 ], [ 55.37822313687608, 24.764112398059169 ], [ 55.378224169523392, 24.764112584573255 ], [ 55.378225217331568, 24.764112678281528 ], [ 55.378225731437546, 24.76411270121498 ], [ 55.378225743770599, 24.764112929170206 ], [ 55.378225743770599, 24.764122432068145 ], [ 55.378225798931432, 24.76412341867832 ], [ 55.37822596384671, 24.764124395143455 ], [ 55.378226236820673, 24.764125351422827 ], [ 55.378226615046394, 24.764126277683278 ], [ 55.378227094634681, 24.764127164400335 ], [ 55.37822767065407, 24.764128002456125 ], [ 55.378228337181504, 24.764128783233154 ], [ 55.378229087363266, 24.764129498702911 ], [ 55.378229913485448, 24.76413014150841 ], [ 55.378230807053264, 24.764130705039864 ], [ 55.378231758878393, 24.764131183502638 ], [ 55.378232759173493, 24.764131571976826 ], [ 55.378233797652804, 24.764131866467856 ], [ 55.378234863637921, 24.76413206394756 ], [ 55.378235946167628, 24.764132162385309 ], [ 55.378236460273605, 24.764132185318761 ], [ 55.378236472606659, 24.764132413273988 ], [ 55.378236472606659, 24.764141677017978 ], [ 55.378236460273605, 24.764141904973204 ], [ 55.378236209228518, 24.764141916171926 ], [ 55.37821527831268, 24.764141916171926 ], [ 55.378215027267593, 24.764141904973204 ], [ 55.378215002011189, 24.764141438152098 ], [ 55.378214896305025, 24.764140471458607 ], [ 55.378214685096744, 24.764139519130556 ], [ 55.378214370486496, 24.76413859063738 ], [ 55.37821395560259, 24.764137695211506 ], [ 55.378213444570399, 24.764136841756564 ], [ 55.378212842471363, 24.764136038758842 ], [ 55.37821215529241, 24.764135294202912 ], [ 55.378211389866486, 24.764134615492235 ], [ 55.378210553804564, 24.764134009375535 ], [ 55.378209655419987, 24.764133481879711 ], [ 55.378208703645804, 24.764133038249895 ], [ 55.378207707945933, 24.764132682897294 ], [ 55.378206678221076, 24.764132419355349 ], [ 55.378205624710262, 24.764132250244568 ], [ 55.378204557889021, 24.764132177246502 ], [ 55.378203488365237, 24.764132201087005 ], [ 55.378202426773683, 24.764132321529015 ], [ 55.378201383670238, 24.76413253737493 ], [ 55.378200369426963, 24.764132846478489 ], [ 55.378199394128927, 24.764133245766136 ], [ 55.378198467473979, 24.764133731267574 ], [ 55.378197598676259, 24.764134298155241 ], [ 55.378196796374617, 24.764134940792314 ], [ 55.378196068546714, 24.76413565278876 ], [ 55.378195422429663, 24.764136427064877 ], [ 55.378194864448105, 24.764137255921682 ], [ 55.378194400150306, 24.764138131117473 ], [ 55.378194034152983, 24.764139043949786 ], [ 55.378193770095429, 24.76413998534191 ], [ 55.378193610603269, 24.764140945933157 ], [ 55.378193557262421, 24.764141916171926 ], [ 55.378193557262421, 24.764161400275707 ], [ 55.378193608924697, 24.764162355163776 ], [ 55.378193763413996, 24.764163300855749 ], [ 55.3781940192425, 24.764164228244098 ], [ 55.378194373946435, 24.764165128397565 ], [ 55.378194824109819, 24.764165992647179 ], [ 55.378195365397325, 24.764166812669746 ], [ 55.378195992596055, 24.764167580568003 ], [ 55.37819669966575, 24.764168288946664 ], [ 55.378197479796938, 24.764168930983658 ], [ 55.378198325476532, 24.764169500495818 ], [ 55.37819922856017, 24.764169991998429 ], [ 55.378200180350674, 24.764170400758054 ], [ 55.378201171681766, 24.764170722838116 ], [ 55.378202193006402, 24.764170955136805 ], [ 55.378203234488652, 24.764171095416955 ], [ 55.37820428609848, 24.764171142327598 ], [ 55.378225480392459, 24.764171142327598 ], [ 55.378225731437546, 24.764171153526323 ], [ 55.378225743770599, 24.76417138148155 ], [ 55.378225743770599, 24.764180884379488 ], [ 55.378225798931432, 24.764181870989663 ], [ 55.37822596384671, 24.764182847454798 ], [ 55.378226236820673, 24.764183803734166 ], [ 55.378226615046394, 24.764184729994621 ], [ 55.378227094634681, 24.764185616711679 ], [ 55.37822767065407, 24.764186454767469 ], [ 55.378228337181504, 24.764187235544497 ], [ 55.378229087363266, 24.764187951014254 ], [ 55.378229913485448, 24.764188593819753 ], [ 55.378230807053264, 24.764189157351208 ], [ 55.378231758878393, 24.764189635813981 ], [ 55.378232759173493, 24.764190024288169 ], [ 55.378233797652804, 24.7641903187792 ], [ 55.378234863637921, 24.764190516258903 ], [ 55.378235946167628, 24.764190614696652 ], [ 55.378236460273605, 24.764190637630101 ], [ 55.378236472606659, 24.764190865585331 ], [ 55.378236472606659, 24.764200129329321 ], [ 55.378236460273605, 24.764200357284547 ], [ 55.378235946167628, 24.764200380218 ], [ 55.378234863637921, 24.764200478655749 ], [ 55.378233797652804, 24.764200676135452 ], [ 55.378232759173493, 24.764200970626483 ], [ 55.378231758878393, 24.764201359100671 ], [ 55.378230807053264, 24.764201837563444 ], [ 55.378229913485448, 24.764202401094899 ], [ 55.378229087363266, 24.764203043900398 ], [ 55.378228337181504, 24.764203759370155 ], [ 55.37822767065407, 24.764204540147183 ], [ 55.378227094634681, 24.764205378202973 ], [ 55.378226615046394, 24.764206264920031 ], [ 55.378226236820673, 24.764207191180482 ], [ 55.37822596384671, 24.764208147459854 ], [ 55.378225798931432, 24.764209123924989 ], [ 55.378225743770599, 24.76421011053516 ], [ 55.378225743770599, 24.764219613433102 ], [ 55.378225731437546, 24.764219841388329 ], [ 55.378225480392459, 24.76421985258705 ], [ 55.37821527831268, 24.76421985258705 ], [ 55.378215027267593, 24.764219841388329 ], [ 55.378215002011189, 24.764219374567222 ], [ 55.378214893602561, 24.764218391603137 ], [ 55.378214676119896, 24.764217423661947 ], [ 55.378214351799514, 24.764216480696721 ], [ 55.378213923976311, 24.764215572403714 ], [ 55.378213397049464, 24.764214708122648 ], [ 55.378212776437231, 24.764213896740692 ], [ 55.378212068521186, 24.764213146601055 ], [ 55.378211280580643, 24.764212465417224 ], [ 55.378210420717764, 24.764211860193619 ], [ 55.378209497774293, 24.764211337153586 ], [ 55.378208521240602, 24.764210901675405 ], [ 55.378207501158109, 24.764210558236979 ], [ 55.378206448016051, 24.764210310369783 ], [ 55.378205372643585, 24.764210160622575 ], [ 55.37820428609848, 24.76421011053516 ], [ 55.378193557262421, 24.76421011053516 ], [ 55.378192505652592, 24.764210157445802 ], [ 55.378191464170342, 24.764210297725956 ], [ 55.378190442845707, 24.764210530024645 ], [ 55.378189451514615, 24.764210852104707 ], [ 55.378188499724111, 24.764211260864332 ], [ 55.378187596640473, 24.764211752366943 ], [ 55.378186750960879, 24.764212321879103 ], [ 55.378185970829691, 24.764212963916098 ], [ 55.378185263759995, 24.764213672294758 ], [ 55.378184636561265, 24.764214440193012 ], [ 55.37818409527376, 24.764215260215579 ], [ 55.378183645110376, 24.764216124465197 ], [ 55.37818329040644, 24.764217024618663 ], [ 55.378183034577937, 24.764217952007012 ], [ 55.378182880088637, 24.764218897698985 ], [ 55.378182828426361, 24.76421985258705 ], [ 55.378182828426361, 24.764229594638941 ], [ 55.378182880088637, 24.76423054952701 ], [ 55.378183034577937, 24.764231495218983 ], [ 55.37818329040644, 24.764232422607332 ], [ 55.378183645110376, 24.764233322760798 ], [ 55.37818409527376, 24.764234187010413 ], [ 55.378184636561265, 24.76423500703298 ], [ 55.378185263759995, 24.764235774931237 ], [ 55.378185970829691, 24.764236483309897 ], [ 55.378186750960879, 24.764237125346892 ], [ 55.378187596640473, 24.764237694859052 ], [ 55.378188499724111, 24.764238186361663 ], [ 55.378189451514615, 24.764238595121288 ], [ 55.378190442845707, 24.76423891720135 ], [ 55.378191464170342, 24.764239149500039 ], [ 55.378192505652592, 24.764239289780189 ], [ 55.378193557262421, 24.764239336690832 ], [ 55.37820402272034, 24.764239336690832 ], [ 55.378204273765427, 24.764239347889553 ], [ 55.378204299021832, 24.764239814710663 ], [ 55.378204407430459, 24.764240797674749 ], [ 55.378204624913124, 24.764241765615939 ], [ 55.378204949233506, 24.764242708581165 ], [ 55.378205377056709, 24.764243616874172 ], [ 55.378205903983556, 24.764244481155234 ], [ 55.37820652459579, 24.764245292537193 ], [ 55.378207232511834, 24.764246042676827 ], [ 55.378208020452377, 24.764246723860662 ], [ 55.378208880315256, 24.764247329084267 ], [ 55.378209803258727, 24.764247852124299 ], [ 55.378210779792418, 24.764248287602477 ], [ 55.378211799874911, 24.764248631040907 ], [ 55.378212853016969, 24.764248878908099 ], [ 55.378213928389435, 24.764249028655311 ], [ 55.37821501493454, 24.764249078742722 ], [ 55.378225480392459, 24.764249078742722 ], [ 55.378225731437546, 24.764249089941444 ], [ 55.378225743770599, 24.764249317896674 ], [ 55.378225743770599, 24.764346499261627 ], [ 55.378225798931432, 24.764347485871802 ], [ 55.37822596384671, 24.764348462336933 ], [ 55.378226236820673, 24.764349418616305 ], [ 55.378226615046394, 24.76435034487676 ], [ 55.378227094634681, 24.764351231593817 ], [ 55.37822767065407, 24.764352069649608 ], [ 55.378228337181504, 24.764352850426636 ], [ 55.378229087363266, 24.764353565896389 ], [ 55.378229913485448, 24.764354208701892 ], [ 55.378230807053264, 24.764354772233347 ], [ 55.378231758878393, 24.764355250696116 ], [ 55.378232759173493, 24.764355639170304 ], [ 55.378233797652804, 24.764355933661339 ], [ 55.378234863637921, 24.764356131141042 ], [ 55.378235946167628, 24.764356229578791 ], [ 55.378236460273605, 24.76435625251224 ], [ 55.378236472606659, 24.76435648046747 ], [ 55.378236472606659, 24.76671357871707 ], [ 55.378236460273605, 24.766713806672296 ], [ 55.378235946167628, 24.766713829605749 ], [ 55.378234898359452, 24.766713923314022 ], [ 55.37823386571214, 24.766714109828104 ], [ 55.378232858170655, 24.766714387351769 ], [ 55.378231885438154, 24.766714753212309 ], [ 55.378230956882597, 24.766715203886285 ], [ 55.378230081446482, 24.766715735033461 ], [ 55.378229267560727, 24.766716341538597 ], [ 55.378228523063505, 24.766717017560726 ], [ 55.378227855124734, 24.766717756589376 ], [ 55.378227270177021, 24.766718551507299 ], [ 55.378226773853733, 24.766719394659003 ], [ 55.37822637093474, 24.766720277924478 ], [ 55.378226065300368, 24.766721192797387 ], [ 55.378225859894052, 24.766722130467013 ], [ 55.378225756693951, 24.766723081903081 ], [ 55.378225731437546, 24.766723548724187 ], [ 55.378225480392459, 24.766723559922909 ], [ 55.378054345771787, 24.766723559922909 ], [ 55.378054085595281, 24.76672354831685 ], [ 55.378053935454794, 24.766723483836937 ], [ 55.378053305144121, 24.766723177915964 ], [ 55.37805233241162, 24.766722812055427 ], [ 55.378051324870135, 24.766722534531763 ], [ 55.378050292222824, 24.766722348017677 ], [ 55.378049244414647, 24.766722254309403 ], [ 55.378048191536585, 24.766722254309403 ], [ 55.378047143728409, 24.766722348017677 ], [ 55.378046111081098, 24.766722534531763 ], [ 55.378045103539613, 24.766722812055427 ], [ 55.378044130807112, 24.766723177915964 ], [ 55.378043500496439, 24.766723483836937 ], [ 55.378043350355952, 24.76672354831685 ], [ 55.378043090179446, 24.766723559922909 ], [ 55.37772175185394, 24.766723559922909 ], [ 55.377721500808853, 24.766723548724187 ], [ 55.377721475552448, 24.766723081903081 ], [ 55.37772136714382, 24.766722098938995 ], [ 55.377721149661156, 24.766721130997805 ], [ 55.377720825340774, 24.766720188032579 ], [ 55.377720397517571, 24.766719279739572 ], [ 55.377719870590724, 24.766718415458506 ], [ 55.37771924997849, 24.76671760407655 ], [ 55.377718542062446, 24.766716853936913 ], [ 55.377717754121903, 24.766716172753082 ], [ 55.377716894259024, 24.766715567529477 ], [ 55.377715971315553, 24.766715044489445 ], [ 55.377714994781861, 24.766714609011263 ], [ 55.377713974699368, 24.766714265572837 ], [ 55.377712921557311, 24.766714017705642 ], [ 55.377711846184845, 24.766713867958433 ], [ 55.37771075963974, 24.766713817871018 ], [ 55.37770003080368, 24.766713817871018 ], [ 55.377698944258576, 24.766713867958433 ], [ 55.377697868886109, 24.766714017705642 ], [ 55.377696815744052, 24.766714265572837 ], [ 55.377695795661559, 24.766714609011263 ], [ 55.377694819127868, 24.766715044489445 ], [ 55.377693896184397, 24.766715567529477 ], [ 55.377693036321517, 24.766716172753082 ], [ 55.377692248380974, 24.766716853936913 ], [ 55.37769154046493, 24.76671760407655 ], [ 55.377690919852697, 24.766718415458506 ], [ 55.377690392925849, 24.766719279739572 ], [ 55.377689965102647, 24.766720188032579 ], [ 55.377689640782265, 24.766721130997805 ], [ 55.3776894232996, 24.766722098938995 ], [ 55.377689314890972, 24.766723081903081 ], [ 55.377689289634567, 24.766723548724187 ], [ 55.37768903858948, 24.766723559922909 ], [ 55.377678836509702, 24.766723559922909 ], [ 55.377678576333196, 24.76672354831685 ], [ 55.377678426192709, 24.766723483836937 ], [ 55.377677795882036, 24.766723177915964 ], [ 55.377676823149535, 24.766722812055427 ], [ 55.37767581560805, 24.766722534531763 ], [ 55.377674782960739, 24.766722348017677 ], [ 55.377673735152563, 24.766722254309403 ], [ 55.3776726822745, 24.766722254309403 ], [ 55.377671634466324, 24.766722348017677 ], [ 55.377670601819013, 24.766722534531763 ], [ 55.377669594277528, 24.766722812055427 ], [ 55.377668621545027, 24.766723177915964 ], [ 55.377667991234354, 24.766723483836937 ], [ 55.377667841093867, 24.76672354831685 ], [ 55.377667580917361, 24.766723559922909 ], [ 55.377507175132749, 24.766723559922909 ], [ 55.377506924087662, 24.766723548724187 ], [ 55.377506898831257, 24.766723081903081 ], [ 55.377506795631156, 24.766722130467013 ], [ 55.37750659022484, 24.766721192797387 ], [ 55.377506284590467, 24.766720277924478 ], [ 55.377505881671475, 24.766719394659003 ], [ 55.377505385348186, 24.766718551507299 ], [ 55.377504800400473, 24.766717756589376 ], [ 55.377504132461702, 24.766717017560726 ], [ 55.377503387964481, 24.766716341538597 ], [ 55.377502574078726, 24.766715735033461 ], [ 55.377501698642611, 24.766715203886285 ], [ 55.377500770087053, 24.766714753212309 ], [ 55.377499797354552, 24.766714387351769 ], [ 55.377498789813068, 24.766714109828104 ], [ 55.377497757165756, 24.766713923314022 ], [ 55.37749670935758, 24.766713829605749 ], [ 55.377495656479518, 24.766713829605749 ], [ 55.377494608671341, 24.766713923314022 ], [ 55.37749357602403, 24.766714109828104 ], [ 55.377492568482545, 24.766714387351769 ], [ 55.377491595750044, 24.766714753212309 ], [ 55.377490667194486, 24.766715203886285 ], [ 55.377489791758371, 24.766715735033461 ], [ 55.377488977872616, 24.766716341538597 ], [ 55.377488233375395, 24.766717017560726 ], [ 55.377487565436624, 24.766717756589376 ], [ 55.377486980488911, 24.766718551507299 ], [ 55.377486484165622, 24.766719394659003 ], [ 55.37748608124663, 24.766720277924478 ], [ 55.377485775612257, 24.766721192797387 ], [ 55.377485570205941, 24.766722130467013 ], [ 55.37748546700584, 24.766723081903081 ], [ 55.377485441749435, 24.766723548724187 ], [ 55.377485190704348, 24.766723559922909 ], [ 55.377410615608213, 24.766723559922909 ], [ 55.377410364563126, 24.766723548724187 ], [ 55.377410339306721, 24.766723081903081 ], [ 55.37741023610662, 24.766722130467013 ], [ 55.377410030700304, 24.766721192797387 ], [ 55.377409725065931, 24.766720277924478 ], [ 55.377409322146939, 24.766719394659003 ], [ 55.37740882582365, 24.766718551507299 ], [ 55.377408240875937, 24.766717756589376 ], [ 55.377407572937166, 24.766717017560726 ], [ 55.377406828439945, 24.766716341538597 ], [ 55.37740601455419, 24.766715735033461 ], [ 55.377405139118075, 24.766715203886285 ], [ 55.377404210562517, 24.766714753212309 ], [ 55.377403237830016, 24.766714387351769 ], [ 55.377402230288531, 24.766714109828104 ], [ 55.37740119764122, 24.766713923314022 ], [ 55.377400149833043, 24.766713829605749 ], [ 55.377399096954981, 24.766713829605749 ], [ 55.377398049146805, 24.766713923314022 ], [ 55.377397016499494, 24.766714109828104 ], [ 55.377396008958009, 24.766714387351769 ], [ 55.377395036225508, 24.766714753212309 ], [ 55.37739410766995, 24.766715203886285 ], [ 55.377393232233835, 24.766715735033461 ], [ 55.37739241834808, 24.766716341538597 ], [ 55.377391673850859, 24.766717017560726 ], [ 55.377391005912088, 24.766717756589376 ], [ 55.377390420964375, 24.766718551507299 ], [ 55.377389924641086, 24.766719394659003 ], [ 55.377389521722094, 24.766720277924478 ], [ 55.377389216087721, 24.766721192797387 ], [ 55.377389010681405, 24.766722130467013 ], [ 55.377388907481304, 24.766723081903081 ], [ 55.377388882224899, 24.766723548724187 ], [ 55.377388631179812, 24.766723559922909 ], [ 55.376144612953183, 24.766723559922909 ], [ 55.376144361908096, 24.766723548724187 ], [ 55.376144349575043, 24.766723320768961 ], [ 55.376144349575043, 24.766713817871018 ], [ 55.376144301088807, 24.766712892731721 ], [ 55.376144156068349, 24.766711975954284 ], [ 55.376143915824436, 24.76671107582499 ], [ 55.376143582528499, 24.766710200479647 ], [ 55.376143159193042, 24.766709357830059 ], [ 55.376142649644372, 24.766708555492503 ], [ 55.376142058488036, 24.766707800718894 ], [ 55.3761413910672, 24.766707100331253 ], [ 55.376140653414339, 24.766706460660018 ], [ 55.376139852196722, 24.766705887486854 ], [ 55.376138994656138, 24.766705385992381 ], [ 55.376138088543463, 24.766704960709351 ], [ 55.376137142048591, 24.766704615481679 ], [ 55.376136163726393, 24.766704353429702 ], [ 55.376135162419438, 24.766704176921973 ], [ 55.376134147178014, 24.766704087553858 ], [ 55.376133633072037, 24.766704064620406 ], [ 55.376133620738983, 24.766703836665179 ], [ 55.376133620738983, 24.766684830869298 ], [ 55.376133633072037, 24.766684602914069 ], [ 55.376134147178014, 24.76668457998062 ], [ 55.376135162419438, 24.766684490612505 ], [ 55.376136163726393, 24.766684314104776 ], [ 55.376137142048591, 24.766684052052799 ], [ 55.376138088543463, 24.766683706825127 ], [ 55.376138994656138, 24.766683281542097 ], [ 55.376139852196722, 24.766682780047621 ], [ 55.376140653414339, 24.76668220687446 ], [ 55.3761413910672, 24.766681567203225 ], [ 55.376142058488036, 24.76668086681558 ], [ 55.376142649644372, 24.766680112041975 ], [ 55.376143159193042, 24.766679309704418 ], [ 55.376143582528499, 24.766678467054827 ], [ 55.376143915824436, 24.766677591709488 ], [ 55.376144156068349, 24.766676691580194 ], [ 55.376144301088807, 24.766675774802756 ], [ 55.376144349575043, 24.766674849663456 ], [ 55.376144349575043, 24.766635881455894 ], [ 55.376144301088807, 24.766634956316597 ], [ 55.376144156068349, 24.766634039539159 ], [ 55.376143915824436, 24.766633139409866 ], [ 55.376143582528499, 24.766632264064523 ], [ 55.376143159193042, 24.766631421414935 ], [ 55.376142649644372, 24.766630619077379 ], [ 55.376142058488036, 24.76662986430377 ], [ 55.3761413910672, 24.766629163916129 ], [ 55.376140653414339, 24.766628524244894 ], [ 55.376139852196722, 24.76662795107173 ], [ 55.376138994656138, 24.766627449577257 ], [ 55.376138088543463, 24.766627024294227 ], [ 55.376137142048591, 24.766626679066555 ], [ 55.376136163726393, 24.766626417014578 ], [ 55.376135162419438, 24.766626240506849 ], [ 55.376134147178014, 24.766626151138734 ], [ 55.376133633072037, 24.766626128205282 ], [ 55.376133620738983, 24.766625900250055 ], [ 55.376133620738983, 24.766616636506065 ], [ 55.376133633072037, 24.766616408550838 ], [ 55.376134147178014, 24.766616385617386 ], [ 55.37613519498619, 24.766616291909113 ], [ 55.376136227633502, 24.766616105395027 ], [ 55.376137235174987, 24.766615827871366 ], [ 55.376138207907488, 24.766615462010826 ], [ 55.376139136463046, 24.76661501133685 ], [ 55.37614001189916, 24.766614480189673 ], [ 55.376140825784915, 24.766613873684534 ], [ 55.376141570282137, 24.766613197662409 ], [ 55.376142238220908, 24.766612458633759 ], [ 55.376142823168621, 24.766611663715835 ], [ 55.376143319491909, 24.766610820564129 ], [ 55.376143722410902, 24.766609937298657 ], [ 55.376144028045275, 24.766609022425744 ], [ 55.376144233451591, 24.766608084756122 ], [ 55.376144336651691, 24.766607133320054 ], [ 55.376144336651691, 24.766606177280394 ], [ 55.376144233451591, 24.766605225844327 ], [ 55.376144028045275, 24.766604288174705 ], [ 55.376143722410902, 24.766603373301791 ], [ 55.376143319491909, 24.766602490036316 ], [ 55.376142823168621, 24.766601646884613 ], [ 55.376142238220908, 24.76660085196669 ], [ 55.376141570282137, 24.76660011293804 ], [ 55.376140825784915, 24.766599436915911 ], [ 55.37614001189916, 24.766598830410775 ], [ 55.376139136463046, 24.766598299263599 ], [ 55.376138207907488, 24.766597848589623 ], [ 55.376137235174987, 24.766597482729082 ], [ 55.376136227633502, 24.766597205205422 ], [ 55.37613519498619, 24.766597018691336 ], [ 55.376134147178014, 24.766596924983062 ], [ 55.376133633072037, 24.76659690204961 ], [ 55.376133620738983, 24.766596674094384 ], [ 55.376133620738983, 24.766587171196441 ], [ 55.376133567398135, 24.766586200957672 ], [ 55.376133407905975, 24.766585240366425 ], [ 55.376133143848421, 24.766584298974301 ], [ 55.376132777851097, 24.766583386141988 ], [ 55.376132313553299, 24.766582510946197 ], [ 55.376131755571741, 24.766581682089392 ], [ 55.37613110945469, 24.766580907813275 ], [ 55.376130381626787, 24.766580195816829 ], [ 55.376129579325145, 24.766579553179756 ], [ 55.376128710527425, 24.766578986292089 ], [ 55.376127783872477, 24.766578500790651 ], [ 55.37612680857444, 24.766578101503004 ], [ 55.376125794331166, 24.766577792399445 ], [ 55.376124751227721, 24.76657757655353 ], [ 55.376123689636167, 24.76657745611152 ], [ 55.376122620112383, 24.766577432271017 ], [ 55.376121553291142, 24.766577505269083 ], [ 55.376120499780328, 24.766577674379864 ], [ 55.376119470055471, 24.766577937921809 ], [ 55.3761184743556, 24.76657829327441 ], [ 55.376117522581417, 24.766578736904229 ], [ 55.37611662419684, 24.76657926440005 ], [ 55.376115788134918, 24.76657987051675 ], [ 55.376115022708994, 24.766580549227427 ], [ 55.37611433553004, 24.766581293783357 ], [ 55.376113733431005, 24.766582096781079 ], [ 55.376113222398814, 24.766582950236021 ], [ 55.376112807514907, 24.766583845661895 ], [ 55.37611249290466, 24.766584774155071 ], [ 55.376112281696379, 24.766585726483122 ], [ 55.376112175990215, 24.766586693176613 ], [ 55.37611215073381, 24.766587159997719 ], [ 55.376111899688723, 24.766587171196441 ], [ 55.376101434230804, 24.766587171196441 ], [ 55.376100382620976, 24.766587218107087 ], [ 55.376099341138726, 24.766587358387238 ], [ 55.376098319814091, 24.766587590685926 ], [ 55.376097328482999, 24.766587912765988 ], [ 55.376096376692495, 24.766588321525614 ], [ 55.376095473608856, 24.766588813028225 ], [ 55.376094627929263, 24.766589382540385 ], [ 55.376093847798074, 24.766590024577379 ], [ 55.376093140728379, 24.76659073295604 ], [ 55.376092513529649, 24.766591500854293 ], [ 55.376091972242143, 24.766592320876864 ], [ 55.37609152207876, 24.766593185126478 ], [ 55.376091167374824, 24.766594085279944 ], [ 55.376090911546321, 24.766595012668294 ], [ 55.376090757057021, 24.766595958360266 ], [ 55.376090705394745, 24.766596913248332 ], [ 55.376090705394745, 24.766616397352113 ], [ 55.376090757057021, 24.766617352240182 ], [ 55.376090911546321, 24.766618297932155 ], [ 55.376091167374824, 24.766619225320504 ], [ 55.37609152207876, 24.76662012547397 ], [ 55.376091972242143, 24.766620989723585 ], [ 55.376092513529649, 24.766621809746155 ], [ 55.376093140728379, 24.766622577644409 ], [ 55.376093847798074, 24.766623286023069 ], [ 55.376094627929263, 24.766623928060064 ], [ 55.376095473608856, 24.766624497572224 ], [ 55.376096376692495, 24.766624989074835 ], [ 55.376097328482999, 24.76662539783446 ], [ 55.376098319814091, 24.766625719914522 ], [ 55.376099341138726, 24.766625952213211 ], [ 55.376100382620976, 24.766626092493361 ], [ 55.376101434230804, 24.766626139404003 ], [ 55.376111899688723, 24.766626139404003 ], [ 55.37611215073381, 24.766626150602729 ], [ 55.376112163066864, 24.766626378557955 ], [ 55.376112163066864, 24.766635642301946 ], [ 55.37611215073381, 24.766635870257172 ], [ 55.376111899688723, 24.766635881455894 ], [ 55.376101434230804, 24.766635881455894 ], [ 55.376100382620976, 24.766635928366536 ], [ 55.376099341138726, 24.76663606864669 ], [ 55.376098319814091, 24.766636300945379 ], [ 55.376097328482999, 24.766636623025441 ], [ 55.376096376692495, 24.766637031785066 ], [ 55.376095473608856, 24.766637523287677 ], [ 55.376094627929263, 24.766638092799838 ], [ 55.376093847798074, 24.766638734836832 ], [ 55.376093140728379, 24.766639443215492 ], [ 55.376092513529649, 24.766640211113746 ], [ 55.376091972242143, 24.766641031136317 ], [ 55.37609152207876, 24.766641895385931 ], [ 55.376091167374824, 24.766642795539397 ], [ 55.376090911546321, 24.766643722927746 ], [ 55.376090757057021, 24.766644668619719 ], [ 55.376090705394745, 24.766645623507785 ], [ 55.376090705394745, 24.766684352561398 ], [ 55.376090693061691, 24.766684580516625 ], [ 55.376090178955714, 24.766684603450077 ], [ 55.37608916371429, 24.766684692818192 ], [ 55.376088162407335, 24.766684869325921 ], [ 55.376087184085137, 24.766685131377898 ], [ 55.376086237590265, 24.76668547660557 ], [ 55.37608533147759, 24.7666859018886 ], [ 55.376084473937006, 24.766686403383073 ], [ 55.376083672719389, 24.766686976556237 ], [ 55.376082935066528, 24.766687616227472 ], [ 55.376082267645693, 24.766688316615113 ], [ 55.376081676489356, 24.766689071388722 ], [ 55.376081166940686, 24.766689873726278 ], [ 55.376080743605229, 24.766690716375866 ], [ 55.376080410309292, 24.766691591721209 ], [ 55.376080170065379, 24.766692491850502 ], [ 55.376080025044921, 24.76669340862794 ], [ 55.376079976558685, 24.766694333767237 ], [ 55.376079976558685, 24.76671357871707 ], [ 55.376079964225632, 24.766713806672296 ], [ 55.376079450119654, 24.766713829605749 ], [ 55.376078402311478, 24.766713923314022 ], [ 55.376077369664166, 24.766714109828104 ], [ 55.376076362122681, 24.766714387351769 ], [ 55.376075389390181, 24.766714753212309 ], [ 55.376074460834623, 24.766715203886285 ], [ 55.376073585398508, 24.766715735033461 ], [ 55.376072771512753, 24.766716341538597 ], [ 55.376072027015532, 24.766717017560726 ], [ 55.376071359076761, 24.766717756589376 ], [ 55.376070774129047, 24.766718551507299 ], [ 55.376070277805759, 24.766719394659003 ], [ 55.376069874886767, 24.766720277924478 ], [ 55.376069569252394, 24.766721192797387 ], [ 55.376069363846078, 24.766722130467013 ], [ 55.376069260645977, 24.766723081903081 ], [ 55.376069235389572, 24.766723548724187 ], [ 55.376068984344485, 24.766723559922909 ], [ 55.375415052101133, 24.766723559922909 ], [ 55.375414801056046, 24.766723548724187 ], [ 55.375414775799641, 24.766723081903081 ], [ 55.375414667391013, 24.766722098938995 ], [ 55.375414449908348, 24.766721130997805 ], [ 55.375414125587966, 24.766720188032579 ], [ 55.375413697764763, 24.766719279739572 ], [ 55.375413170837916, 24.766718415458506 ], [ 55.375412550225683, 24.76671760407655 ], [ 55.375411842309639, 24.766716853936913 ], [ 55.375411054369096, 24.766716172753082 ], [ 55.375410194506216, 24.766715567529477 ], [ 55.375409271562745, 24.766715044489445 ], [ 55.375408295029054, 24.766714609011263 ], [ 55.375407274946561, 24.766714265572837 ], [ 55.375406221804504, 24.766714017705642 ], [ 55.375405146432037, 24.766713867958433 ], [ 55.375404059886932, 24.766713817871018 ], [ 55.375393331050873, 24.766713817871018 ], [ 55.375392244505768, 24.766713867958433 ], [ 55.375391169133302, 24.766714017705642 ], [ 55.375390115991244, 24.766714265572837 ], [ 55.375389095908751, 24.766714609011263 ], [ 55.37538811937506, 24.766715044489445 ], [ 55.375387196431589, 24.766715567529477 ], [ 55.37538633656871, 24.766716172753082 ], [ 55.375385548628167, 24.766716853936913 ], [ 55.375384840712123, 24.76671760407655 ], [ 55.375384220099889, 24.766718415458506 ], [ 55.375383693173042, 24.766719279739572 ], [ 55.375383265349839, 24.766720188032579 ], [ 55.375382941029457, 24.766721130997805 ], [ 55.375382723546792, 24.766722098938995 ], [ 55.375382615138165, 24.766723081903081 ], [ 55.37538258988176, 24.766723548724187 ], [ 55.375382338836673, 24.766723559922909 ], [ 55.375372136756894, 24.766723559922909 ], [ 55.375371885711807, 24.766723548724187 ], [ 55.375371860455402, 24.766723081903081 ], [ 55.375371752046775, 24.766722098938995 ], [ 55.37537153456411, 24.766721130997805 ], [ 55.375371210243728, 24.766720188032579 ], [ 55.375370782420525, 24.766719279739572 ], [ 55.375370255493678, 24.766718415458506 ], [ 55.375369634881444, 24.76671760407655 ], [ 55.3753689269654, 24.766716853936913 ], [ 55.375368139024857, 24.766716172753082 ], [ 55.375367279161978, 24.766715567529477 ], [ 55.375366356218507, 24.766715044489445 ], [ 55.375365379684816, 24.766714609011263 ], [ 55.375364359602322, 24.766714265572837 ], [ 55.375363306460265, 24.766714017705642 ], [ 55.375362231087799, 24.766713867958433 ], [ 55.375361144542694, 24.766713817871018 ], [ 55.375178754329681, 24.766713817871018 ], [ 55.375177667784577, 24.766713867958433 ], [ 55.37517659241211, 24.766714017705642 ], [ 55.375175539270053, 24.766714265572837 ], [ 55.37517451918756, 24.766714609011263 ], [ 55.375173542653869, 24.766715044489445 ], [ 55.375172619710398, 24.766715567529477 ], [ 55.375171759847518, 24.766716172753082 ], [ 55.375170971906975, 24.766716853936913 ], [ 55.375170263990931, 24.76671760407655 ], [ 55.375169643378698, 24.766718415458506 ], [ 55.37516911645185, 24.766719279739572 ], [ 55.375168688628648, 24.766720188032579 ], [ 55.375168364308266, 24.766721130997805 ], [ 55.375168146825601, 24.766722098938995 ], [ 55.375168038416973, 24.766723081903081 ], [ 55.375168013160568, 24.766723548724187 ], [ 55.375167762115481, 24.766723559922909 ], [ 55.375157560035703, 24.766723559922909 ], [ 55.375157308990616, 24.766723548724187 ], [ 55.375157283734211, 24.766723081903081 ], [ 55.375157175325583, 24.766722098938995 ], [ 55.375156957842918, 24.766721130997805 ], [ 55.375156633522536, 24.766720188032579 ], [ 55.375156205699334, 24.766719279739572 ], [ 55.375155678772487, 24.766718415458506 ], [ 55.375155058160253, 24.76671760407655 ], [ 55.375154350244209, 24.766716853936913 ], [ 55.375153562303666, 24.766716172753082 ], [ 55.375152702440786, 24.766715567529477 ], [ 55.375151779497315, 24.766715044489445 ], [ 55.375150802963624, 24.766714609011263 ], [ 55.375149782881131, 24.766714265572837 ], [ 55.375148729739074, 24.766714017705642 ], [ 55.375147654366607, 24.766713867958433 ], [ 55.375146567821503, 24.766713817871018 ], [ 55.375082194805145, 24.766713817871018 ], [ 55.375081108260041, 24.766713867958433 ], [ 55.375080032887574, 24.766714017705642 ], [ 55.375078979745517, 24.766714265572837 ], [ 55.375077959663024, 24.766714609011263 ], [ 55.375076983129333, 24.766715044489445 ], [ 55.375076060185862, 24.766715567529477 ], [ 55.375075200322982, 24.766716172753082 ], [ 55.375074412382439, 24.766716853936913 ], [ 55.375073704466395, 24.76671760407655 ], [ 55.375073083854161, 24.766718415458506 ], [ 55.375072556927314, 24.766719279739572 ], [ 55.375072129104112, 24.766720188032579 ], [ 55.37507180478373, 24.766721130997805 ], [ 55.375071587301065, 24.766722098938995 ], [ 55.375071478892437, 24.766723081903081 ], [ 55.375071453636032, 24.766723548724187 ], [ 55.375071202590945, 24.766723559922909 ], [ 55.375050271675107, 24.766723559922909 ], [ 55.375050011498601, 24.76672354831685 ], [ 55.375049861358114, 24.766723483836937 ], [ 55.375049231047441, 24.766723177915964 ], [ 55.375048258314941, 24.766722812055427 ], [ 55.375047250773456, 24.766722534531763 ], [ 55.375046218126144, 24.766722348017677 ], [ 55.375045170317968, 24.766722254309403 ], [ 55.375044117439906, 24.766722254309403 ], [ 55.37504306963173, 24.766722348017677 ], [ 55.375042036984418, 24.766722534531763 ], [ 55.375041029442933, 24.766722812055427 ], [ 55.375040056710432, 24.766723177915964 ], [ 55.375039426399759, 24.766723483836937 ], [ 55.375039276259272, 24.76672354831685 ], [ 55.375039016082766, 24.766723559922909 ], [ 55.37498589865875, 24.766723559922909 ], [ 55.374985647613663, 24.766723548724187 ], [ 55.374985622357258, 24.766723081903081 ], [ 55.37498551394863, 24.766722098938995 ], [ 55.374985296465965, 24.766721130997805 ], [ 55.374984972145583, 24.766720188032579 ], [ 55.37498454432238, 24.766719279739572 ], [ 55.374984017395533, 24.766718415458506 ], [ 55.3749833967833, 24.76671760407655 ], [ 55.374982688867256, 24.766716853936913 ], [ 55.374981900926713, 24.766716172753082 ], [ 55.374981041063833, 24.766715567529477 ], [ 55.374980118120362, 24.766715044489445 ], [ 55.374979141586671, 24.766714609011263 ], [ 55.374978121504178, 24.766714265572837 ], [ 55.374977068362121, 24.766714017705642 ], [ 55.374975992989654, 24.766713867958433 ], [ 55.37497490644455, 24.766713817871018 ], [ 55.374856889247894, 24.766713817871018 ], [ 55.37485580270279, 24.766713867958433 ], [ 55.374854727330323, 24.766714017705642 ], [ 55.374853674188266, 24.766714265572837 ], [ 55.374852654105773, 24.766714609011263 ], [ 55.374851677572082, 24.766715044489445 ], [ 55.374850754628611, 24.766715567529477 ], [ 55.374849894765731, 24.766716172753082 ], [ 55.374849106825188, 24.766716853936913 ], [ 55.374848398909144, 24.76671760407655 ], [ 55.37484777829691, 24.766718415458506 ], [ 55.374847251370063, 24.766719279739572 ], [ 55.374846823546861, 24.766720188032579 ], [ 55.374846499226479, 24.766721130997805 ], [ 55.374846281743814, 24.766722098938995 ], [ 55.374846173335186, 24.766723081903081 ], [ 55.374846148078781, 24.766723548724187 ], [ 55.374845897033694, 24.766723559922909 ], [ 55.374835694953916, 24.766723559922909 ], [ 55.37483543477741, 24.76672354831685 ], [ 55.374835284636923, 24.766723483836937 ], [ 55.37483465432625, 24.766723177915964 ], [ 55.374833681593749, 24.766722812055427 ], [ 55.374832674052264, 24.766722534531763 ], [ 55.374831641404953, 24.766722348017677 ], [ 55.374830593596776, 24.766722254309403 ], [ 55.374829540718714, 24.766722254309403 ], [ 55.374828492910538, 24.766722348017677 ], [ 55.374827460263226, 24.766722534531763 ], [ 55.374826452721742, 24.766722812055427 ], [ 55.374825479989241, 24.766723177915964 ], [ 55.374824849678568, 24.766723483836937 ], [ 55.374824699538081, 24.76672354831685 ], [ 55.374824439361575, 24.766723559922909 ], [ 55.374814237281797, 24.766723559922909 ], [ 55.37481398623671, 24.766723548724187 ], [ 55.374813960980305, 24.766723081903081 ], [ 55.374813852571677, 24.766722098938995 ], [ 55.374813635089012, 24.766721130997805 ], [ 55.37481331076863, 24.766720188032579 ], [ 55.374812882945427, 24.766719279739572 ], [ 55.37481235601858, 24.766718415458506 ], [ 55.374811735406347, 24.76671760407655 ], [ 55.374811027490303, 24.766716853936913 ], [ 55.37481023954976, 24.766716172753082 ], [ 55.37480937968688, 24.766715567529477 ], [ 55.374808456743409, 24.766715044489445 ], [ 55.374807480209718, 24.766714609011263 ], [ 55.374806460127225, 24.766714265572837 ], [ 55.374805406985168, 24.766714017705642 ], [ 55.374804331612701, 24.766713867958433 ], [ 55.374803245067596, 24.766713817871018 ], [ 55.374717677757261, 24.766713817871018 ], [ 55.374717426712174, 24.766713806672296 ], [ 55.37471741437912, 24.76671357871707 ], [ 55.37471741437912, 24.766616397352113 ], [ 55.374717362716844, 24.766615442464047 ], [ 55.374717208227544, 24.766614496772075 ], [ 55.374716952399041, 24.766613569383725 ], [ 55.374716597695105, 24.766612669230259 ], [ 55.374716147531721, 24.766611804980645 ], [ 55.374715606244216, 24.766610984958074 ], [ 55.374714979045486, 24.766610217059821 ], [ 55.37471427197579, 24.76660950868116 ], [ 55.374713491844602, 24.766608866644166 ], [ 55.374712646165008, 24.766608297132006 ], [ 55.37471174308137, 24.766607805629395 ], [ 55.374710791290866, 24.76660739686977 ], [ 55.374709799959774, 24.766607074789707 ], [ 55.374708778635139, 24.766606842491019 ], [ 55.374707737152889, 24.766606702210868 ], [ 55.37470668554306, 24.766606655300222 ], [ 55.374674499034882, 24.766606655300222 ], [ 55.374673447425053, 24.766606702210868 ], [ 55.374672405942803, 24.766606842491019 ], [ 55.374671384618168, 24.766607074789707 ], [ 55.374670393287076, 24.76660739686977 ], [ 55.374669441496572, 24.766607805629395 ], [ 55.374668538412934, 24.766608297132006 ], [ 55.37466769273334, 24.766608866644166 ], [ 55.374666912602152, 24.76660950868116 ], [ 55.374666205532456, 24.766610217059821 ], [ 55.374665578333726, 24.766610984958074 ], [ 55.374665037046221, 24.766611804980645 ], [ 55.374664586882837, 24.766612669230259 ], [ 55.374664232178901, 24.766613569383725 ], [ 55.374663976350398, 24.766614496772075 ], [ 55.374663821861098, 24.766615442464047 ], [ 55.374663770198822, 24.766616397352113 ], [ 55.374663770198822, 24.766703836665179 ], [ 55.374663757865768, 24.766704064620406 ], [ 55.374663243759791, 24.766704087553858 ], [ 55.374662195951615, 24.766704181262131 ], [ 55.374661163304303, 24.766704367776217 ], [ 55.374660155762818, 24.766704645299878 ], [ 55.374659183030317, 24.766705011160418 ], [ 55.37465825447476, 24.766705461834395 ], [ 55.374657379038645, 24.766705992981571 ], [ 55.37465656515289, 24.766706599486707 ], [ 55.374655820655668, 24.766707275508836 ], [ 55.374655152716898, 24.766708014537485 ], [ 55.374654567769184, 24.766708809455409 ], [ 55.374654071445896, 24.766709652607112 ], [ 55.374653668526904, 24.766710535872587 ], [ 55.374653362892531, 24.766711450745497 ], [ 55.374653157486215, 24.766712388415122 ], [ 55.374653054286114, 24.76671333985119 ], [ 55.374653029029709, 24.766713806672296 ], [ 55.374652777984622, 24.766713817871018 ], [ 55.373312200233457, 24.766713817871018 ], [ 55.37331194918837, 24.766713806672296 ], [ 55.373311936855316, 24.76671357871707 ], [ 55.373311936855316, 24.766665107611566 ], [ 55.373311888369081, 24.766664182472269 ], [ 55.373311743348623, 24.766663265694831 ], [ 55.373311503104709, 24.766662365565537 ], [ 55.373311169808773, 24.766661490220194 ], [ 55.373310746473315, 24.766660647570607 ], [ 55.373310236924645, 24.76665984523305 ], [ 55.373309645768309, 24.766659090459441 ], [ 55.373308978347474, 24.7666583900718 ], [ 55.373308240694612, 24.766657750400565 ], [ 55.373307439476996, 24.766657177227401 ], [ 55.373306581936411, 24.766656675732929 ], [ 55.373305675823737, 24.766656250449898 ], [ 55.373304729328865, 24.766655905222226 ], [ 55.373303751006667, 24.76665564317025 ], [ 55.373302749699711, 24.76665546666252 ], [ 55.373301734458288, 24.766655377294406 ], [ 55.37330122035231, 24.766655354360953 ], [ 55.373301208019257, 24.766655126405727 ], [ 55.373301208019257, 24.766636120609846 ], [ 55.373301220800911, 24.766635884363062 ], [ 55.373301291812069, 24.766635748031739 ], [ 55.373301628720149, 24.766635175693857 ], [ 55.373302031639142, 24.766634292428382 ], [ 55.373302337273508, 24.766633377555472 ], [ 55.373302542679831, 24.766632439885846 ], [ 55.373302645879924, 24.766631488449779 ], [ 55.373302645879924, 24.766630532410122 ], [ 55.373302542679831, 24.766629580974055 ], [ 55.373302337273508, 24.766628643304429 ], [ 55.373302031639142, 24.766627728431516 ], [ 55.373301628720149, 24.766626845166044 ], [ 55.373301291812069, 24.766626272828162 ], [ 55.373301220800911, 24.766626136496839 ], [ 55.373301208019257, 24.766625900250055 ], [ 55.373301208019257, 24.766616636506065 ], [ 55.373301220800911, 24.766616400259281 ], [ 55.373301291812069, 24.766616263927958 ], [ 55.373301628720149, 24.766615691590076 ], [ 55.373302031639142, 24.766614808324601 ], [ 55.373302337273508, 24.766613893451691 ], [ 55.373302542679831, 24.766612955782065 ], [ 55.373302645879924, 24.766612004345998 ], [ 55.373302645879924, 24.766611048306341 ], [ 55.373302542679831, 24.766610096870274 ], [ 55.373302337273508, 24.766609159200648 ], [ 55.373302031639142, 24.766608244327735 ], [ 55.373301628720149, 24.766607361062263 ], [ 55.373301291812069, 24.766606788724381 ], [ 55.373301220800911, 24.766606652393058 ], [ 55.373301208019257, 24.766606416146274 ], [ 55.373301208019257, 24.766548202988883 ], [ 55.37330115635698, 24.766547248100814 ], [ 55.373301001867681, 24.766546302408841 ], [ 55.373300746039178, 24.766545375020492 ], [ 55.373300391335242, 24.766544474867025 ], [ 55.373299941171858, 24.766543610617411 ], [ 55.373299399884353, 24.766542790594841 ], [ 55.373298772685622, 24.766542022696587 ], [ 55.373298065615927, 24.766541314317926 ], [ 55.373297285484739, 24.766540672280932 ], [ 55.373296439805145, 24.766540102768772 ], [ 55.373295536721507, 24.766539611266161 ], [ 55.373294584931003, 24.766539202506536 ], [ 55.373293593599911, 24.766538880426474 ], [ 55.373292572275275, 24.766538648127785 ], [ 55.373291530793026, 24.766538507847635 ], [ 55.373290479183197, 24.766538460936992 ], [ 55.373269021511078, 24.766538460936992 ], [ 55.373267969901249, 24.766538507847635 ], [ 55.373266928419, 24.766538648127785 ], [ 55.373265907094364, 24.766538880426474 ], [ 55.373264915763272, 24.766539202506536 ], [ 55.373263963972768, 24.766539611266161 ], [ 55.37326306088913, 24.766540102768772 ], [ 55.373262215209536, 24.766540672280932 ], [ 55.373261435078348, 24.766541314317926 ], [ 55.373260728008653, 24.766542022696587 ], [ 55.373260100809922, 24.766542790594841 ], [ 55.373259559522417, 24.766543610617411 ], [ 55.373259109359033, 24.766544474867025 ], [ 55.373258754655097, 24.766545375020492 ], [ 55.373258498826594, 24.766546302408841 ], [ 55.373258344337295, 24.766547248100814 ], [ 55.373258292675018, 24.766548202988883 ], [ 55.373258292675018, 24.766616158198165 ], [ 55.373258280341965, 24.766616386153391 ], [ 55.373257766235987, 24.766616409086843 ], [ 55.373256750994564, 24.766616498454958 ], [ 55.373255749687608, 24.766616674962687 ], [ 55.37325477136541, 24.766616937014664 ], [ 55.373253824870538, 24.766617282242336 ], [ 55.373252918757863, 24.766617707525366 ], [ 55.373252061217279, 24.766618209019839 ], [ 55.373251259999662, 24.766618782193003 ], [ 55.373250522346801, 24.766619421864238 ], [ 55.373249854925966, 24.766620122251879 ], [ 55.37324926376963, 24.766620877025488 ], [ 55.37324875422096, 24.766621679363045 ], [ 55.373248330885502, 24.766622522012632 ], [ 55.373247997589566, 24.766623397357975 ], [ 55.373247757345652, 24.766624297487269 ], [ 55.373247612325194, 24.766625214264707 ], [ 55.373247563838959, 24.766626139404003 ], [ 55.373247563838959, 24.76671357871707 ], [ 55.373247551505905, 24.766713806672296 ], [ 55.373247300460818, 24.766713817871018 ], [ 55.373172461986542, 24.766713817871018 ], [ 55.373171443138766, 24.766713861897735 ], [ 55.373170433499837, 24.766713993579941 ], [ 55.373169442195369, 24.766714211727436 ], [ 55.373168478185242, 24.766714514368495 ], [ 55.373167550182664, 24.766714898767695 ], [ 55.373166666575365, 24.76671536145065 ], [ 55.37316583534983, 24.766715898235411 ], [ 55.373165064019084, 24.766716504270246 ], [ 55.373164359554778, 24.766717174077524 ], [ 55.373163728324215, 24.76671790160319 ], [ 55.373163176032762, 24.76671868027152 ], [ 55.3731627076723, 24.766719503044527 ], [ 55.373162327476102, 24.766720362485582 ], [ 55.373162038880565, 24.766721250826642 ], [ 55.373161844494156, 24.766722160038441 ], [ 55.373161746073833, 24.766723081903081 ], [ 55.373161720817428, 24.766723548724187 ], [ 55.373161469772342, 24.766723559922909 ], [ 55.371906722709653, 24.766723559922909 ], [ 55.371906471664566, 24.766723548724187 ], [ 55.371906446408161, 24.766723081903081 ], [ 55.37190634320806, 24.766722130467013 ], [ 55.371906137801744, 24.766721192797387 ], [ 55.371905832167371, 24.766720277924478 ], [ 55.371905429248379, 24.766719394659003 ], [ 55.371904932925091, 24.766718551507299 ], [ 55.371904347977377, 24.766717756589376 ], [ 55.371903680038606, 24.766717017560726 ], [ 55.371902935541385, 24.766716341538597 ], [ 55.37190212165563, 24.766715735033461 ], [ 55.371901246219515, 24.766715203886285 ], [ 55.371900317663957, 24.766714753212309 ], [ 55.371899344931457, 24.766714387351769 ], [ 55.371898337389972, 24.766714109828104 ], [ 55.37189730474266, 24.766713923314022 ], [ 55.371896256934484, 24.766713829605749 ], [ 55.371895742828507, 24.766713806672296 ], [ 55.371895730495453, 24.76671357871707 ], [ 55.371895730495453, 24.766704075819128 ], [ 55.371895680433759, 24.766703135804338 ], [ 55.371895530715868, 24.766702204561934 ], [ 55.371895282738976, 24.766701290782429 ], [ 55.371894938817235, 24.766700402993376 ], [ 55.371894502160195, 24.766699549479778 ], [ 55.371893976842813, 24.766698738206774 ], [ 55.371893367767441, 24.766697976745306 ], [ 55.371892680618082, 24.766697272201469 ], [ 55.371891921807325, 24.766696631150186 ], [ 55.371891098416533, 24.76669605957386 ], [ 55.371890218129735, 24.766695562806547 ], [ 55.371889289161921, 24.76669514548416 ], [ 55.371888320182372, 24.766694811501232 ], [ 55.371887320233789, 24.766694563974543 ], [ 55.371886298647865, 24.766694405214061 ], [ 55.371885264958209, 24.766694336701363 ], [ 55.37188422881141, 24.766694359075824 ], [ 55.371883199876962, 24.766694472128641 ], [ 55.371882187757059, 24.766694674804786 ], [ 55.37188120189699, 24.766694965212849 ], [ 55.371880251496975, 24.766695340642688 ], [ 55.371879345426308, 24.766695797590732 ], [ 55.371878492140603, 24.766696331792655 ], [ 55.371877699602869, 24.766696938263198 ], [ 55.371876975209204, 24.766697611342664 ], [ 55.371876325719789, 24.766698344749759 ], [ 55.371875757195774, 24.766699131640202 ], [ 55.37187527494271, 24.766699964670593 ], [ 55.371874883461075, 24.766700836066942 ], [ 55.371874586404246, 24.766701737697229 ], [ 55.371874386544405, 24.766702661147281 ], [ 55.371874285746685, 24.7667035977993 ], [ 55.37187426049028, 24.766704064620406 ], [ 55.371874009445193, 24.766704075819128 ], [ 55.371853078529355, 24.766704075819128 ], [ 55.371852818352849, 24.766704064213069 ], [ 55.371852668212362, 24.766703999733156 ], [ 55.371852037901689, 24.766703693812183 ], [ 55.371851065169189, 24.766703327951646 ], [ 55.371850057627704, 24.766703050427981 ], [ 55.371849024980392, 24.766702863913896 ], [ 55.371847977172216, 24.766702770205622 ], [ 55.371846924294154, 24.766702770205622 ], [ 55.371845876485978, 24.766702863913896 ], [ 55.371844843838666, 24.766703050427981 ], [ 55.371843836297181, 24.766703327951646 ], [ 55.37184286356468, 24.766703693812183 ], [ 55.371842233254007, 24.766703999733156 ], [ 55.371842083113521, 24.766704064213069 ], [ 55.371841559876124, 24.766704087553858 ], [ 55.371840512067948, 24.766704181262131 ], [ 55.371839479420636, 24.766704367776217 ], [ 55.371838471879151, 24.766704645299878 ], [ 55.37183749914665, 24.766705011160418 ], [ 55.371836570591093, 24.766705461834395 ], [ 55.371835695154978, 24.766705992981571 ], [ 55.371834881269223, 24.766706599486707 ], [ 55.371834136772002, 24.766707275508836 ], [ 55.371833468833231, 24.766708014537485 ], [ 55.371832883885517, 24.766708809455409 ], [ 55.371832387562229, 24.766709652607112 ], [ 55.371831984643237, 24.766710535872587 ], [ 55.371831679008864, 24.766711450745497 ], [ 55.371831473602548, 24.766712388415122 ], [ 55.371831370402447, 24.76671333985119 ], [ 55.371831345146042, 24.766713806672296 ], [ 55.371830831040064, 24.766713829605749 ], [ 55.371829783231888, 24.766713923314022 ], [ 55.371828750584577, 24.766714109828104 ], [ 55.371827743043092, 24.766714387351769 ], [ 55.371826770310591, 24.766714753212309 ], [ 55.371825841755033, 24.766715203886285 ], [ 55.371824966318918, 24.766715735033461 ], [ 55.371824152433163, 24.766716341538597 ], [ 55.371823407935942, 24.766717017560726 ], [ 55.371822739997171, 24.766717756589376 ], [ 55.371822155049458, 24.766718551507299 ], [ 55.371821658726169, 24.766719394659003 ], [ 55.371821255807177, 24.766720277924478 ], [ 55.371820950172804, 24.766721192797387 ], [ 55.371820744766488, 24.766722130467013 ], [ 55.371820641566387, 24.766723081903081 ], [ 55.371820616309982, 24.766723548724187 ], [ 55.371820365264895, 24.766723559922909 ], [ 55.370597804710386, 24.766723559922909 ], [ 55.370597553665299, 24.766723548724187 ], [ 55.370597528408894, 24.766723081903081 ], [ 55.370597425208793, 24.766722130467013 ], [ 55.370597219802477, 24.766721192797387 ], [ 55.370596914168104, 24.766720277924478 ], [ 55.370596511249111, 24.766719394659003 ], [ 55.370596014925823, 24.766718551507299 ], [ 55.37059542997811, 24.766717756589376 ], [ 55.370594762039339, 24.766717017560726 ], [ 55.370594017542118, 24.766716341538597 ], [ 55.370593203656362, 24.766715735033461 ], [ 55.370592328220248, 24.766715203886285 ], [ 55.37059139966469, 24.766714753212309 ], [ 55.370590426932189, 24.766714387351769 ], [ 55.370589419390704, 24.766714109828108 ], [ 55.370588386743393, 24.766713923314022 ], [ 55.370587338935216, 24.766713829605749 ], [ 55.370586286057154, 24.766713829605749 ], [ 55.370585238248978, 24.766713923314022 ], [ 55.370584205601666, 24.766714109828108 ], [ 55.370583198060181, 24.766714387351769 ], [ 55.370582225327681, 24.766714753212309 ], [ 55.370581296772123, 24.766715203886285 ], [ 55.370580421336008, 24.766715735033461 ], [ 55.370579607450253, 24.766716341538597 ], [ 55.370578862953032, 24.766717017560726 ], [ 55.370578195014261, 24.766717756589376 ], [ 55.370577610066547, 24.766718551507299 ], [ 55.370577113743259, 24.766719394659003 ], [ 55.370576710824267, 24.766720277924478 ], [ 55.370576405189894, 24.766721192797387 ], [ 55.370576199783578, 24.766722130467013 ], [ 55.370576096583477, 24.766723081903081 ], [ 55.370576071327072, 24.766723548724187 ], [ 55.370575820281985, 24.766723559922909 ], [ 55.370533431694028, 24.766723559922909 ], [ 55.370533180648941, 24.766723548724187 ], [ 55.370533155392536, 24.766723081903081 ], [ 55.370533046983908, 24.766722098938995 ], [ 55.370532829501244, 24.766721130997805 ], [ 55.370532505180861, 24.766720188032579 ], [ 55.370532077357659, 24.766719279739572 ], [ 55.370531550430812, 24.766718415458506 ], [ 55.370530929818578, 24.76671760407655 ], [ 55.370530221902534, 24.766716853936913 ], [ 55.370529433961991, 24.766716172753082 ], [ 55.370528574099112, 24.766715567529477 ], [ 55.370527651155641, 24.766715044489445 ], [ 55.370526674621949, 24.766714609011263 ], [ 55.370525654539456, 24.766714265572837 ], [ 55.370524601397399, 24.766714017705642 ], [ 55.370523526024932, 24.766713867958433 ], [ 55.370522439479828, 24.766713817871018 ], [ 55.37047978751373, 24.766713817871018 ], [ 55.370479536468643, 24.766713806672296 ], [ 55.37047952413559, 24.76671357871707 ], [ 55.37047952413559, 24.766149018015319 ], [ 55.370479536468643, 24.766148790060093 ], [ 55.37047978751373, 24.766148778861371 ], [ 55.370683372020721, 24.766148778861371 ], [ 55.370684458565826, 24.766148728773956 ], [ 55.370685533938293, 24.766148579026748 ], [ 55.37068658708035, 24.766148331159552 ], [ 55.370687607162843, 24.766147987721126 ], [ 55.370688583696534, 24.766147552242945 ], [ 55.370689506640005, 24.766147029202916 ], [ 55.370690366502885, 24.766146423979308 ], [ 55.370691154443428, 24.766145742795477 ], [ 55.370691862359472, 24.766144992655843 ], [ 55.370692482971705, 24.766144181273884 ], [ 55.370693009898552, 24.766143316992817 ], [ 55.370693437721755, 24.76614240869981 ], [ 55.370693762042137, 24.766141465734584 ], [ 55.370693979524802, 24.766140497793394 ], [ 55.37069408793343, 24.766139514829309 ], [ 55.370694113189835, 24.766139048008203 ], [ 55.370694364234922, 24.766139036809481 ], [ 55.37072628736496, 24.766139036809481 ], [ 55.370727373910064, 24.766138986722066 ], [ 55.370728449282531, 24.766138836974857 ], [ 55.370729502424588, 24.766138589107662 ], [ 55.370730522507081, 24.766138245669236 ], [ 55.370731499040772, 24.766137810191054 ], [ 55.370732421984243, 24.766137287151025 ], [ 55.370733281847123, 24.766136681927417 ], [ 55.370734069787666, 24.766136000743586 ], [ 55.37073477770371, 24.766135250603952 ], [ 55.370735398315944, 24.766134439221993 ], [ 55.370735925242791, 24.766133574940927 ], [ 55.370736353065993, 24.76613266664792 ], [ 55.370736677386375, 24.766131723682694 ], [ 55.37073689486904, 24.766130755741504 ], [ 55.370737003277668, 24.766129772777418 ], [ 55.370737028534073, 24.766129305956312 ], [ 55.37073727957916, 24.76612929475759 ], [ 55.370758473873138, 24.76612929475759 ], [ 55.370759509103159, 24.76612924930032 ], [ 55.370760534672229, 24.766129113352726 ], [ 55.370761541009557, 24.766128888183491 ], [ 55.370762518723836, 24.766128575893941 ], [ 55.370763458690853, 24.766128179398411 ], [ 55.370764352138679, 24.766127702397068 ], [ 55.370765190729493, 24.766127149341372 ], [ 55.370765966637428, 24.76612652539254 ], [ 55.370766672621563, 24.766125836373366 ], [ 55.370767302093547, 24.766125088713903 ], [ 55.370767849179018, 24.766124289391438 ], [ 55.37076830877249, 24.766123445865389 ], [ 55.370768676584959, 24.766122566007692 ], [ 55.370768949183919, 24.766121658029331 ], [ 55.370769124025443, 24.766120730403717 ], [ 55.37076919947787, 24.76611979178762 ], [ 55.370769174837072, 24.766118850940369 ], [ 55.370769050333003, 24.766117916642116 ], [ 55.370768827127549, 24.766116997611892 ], [ 55.370768507303701, 24.766116102426256 ], [ 55.370768093846124, 24.766115239439234 ], [ 55.370767590613262, 24.766114416704372 ], [ 55.370767002301378, 24.766113641899576 ], [ 55.370766334400706, 24.766112922255463 ], [ 55.370765593144213, 24.766112264487873 ], [ 55.370764785449424, 24.766111674735217 ], [ 55.370763918853903, 24.766111158501165 ], [ 55.370763001444864, 24.766110720603301 ], [ 55.370762041783728, 24.766110365128171 ], [ 55.370761048826218, 24.766110095393131 ], [ 55.370760031838799, 24.76610991391539 ], [ 55.370759000312169, 24.766109822388536 ], [ 55.370758486206192, 24.766109799455087 ], [ 55.370758460949787, 24.766109332633981 ], [ 55.370758352541159, 24.766108349669896 ], [ 55.370758135058495, 24.766107381728702 ], [ 55.370757810738112, 24.76610643876348 ], [ 55.37075738291491, 24.766105530470469 ], [ 55.370756855988063, 24.766104666189406 ], [ 55.370756235375829, 24.766103854807447 ], [ 55.370755527459785, 24.766103104667813 ], [ 55.370754739519242, 24.766102423483982 ], [ 55.370753879656363, 24.766101818260374 ], [ 55.370752956712892, 24.766101295220345 ], [ 55.3707519801792, 24.766100859742163 ], [ 55.370750960096707, 24.766100516303734 ], [ 55.37074990695465, 24.766100268436542 ], [ 55.370748831582183, 24.766100118689334 ], [ 55.370747745037079, 24.766100068601919 ], [ 55.370715821907041, 24.766100068601919 ], [ 55.370715570861954, 24.766100057403197 ], [ 55.3707155585289, 24.766099829447967 ], [ 55.3707155585289, 24.76609056570398 ], [ 55.370715571310555, 24.766090329457196 ], [ 55.370715642321713, 24.766090193125869 ], [ 55.370715979229793, 24.766089620787987 ], [ 55.370716382148785, 24.766088737522516 ], [ 55.370716687783151, 24.766087822649602 ], [ 55.370716893189474, 24.766086884979977 ], [ 55.370716996389568, 24.766085933543913 ], [ 55.370716996389568, 24.766084977504253 ], [ 55.370716893189474, 24.766084026068185 ], [ 55.370716687783151, 24.76608308839856 ], [ 55.370716382148785, 24.76608217352565 ], [ 55.370715979229793, 24.766081290260175 ], [ 55.370715642321713, 24.766080717922293 ], [ 55.370715571310555, 24.76608058159097 ], [ 55.370715545605549, 24.766080106478309 ], [ 55.370715442405448, 24.766079155042242 ], [ 55.370715236999132, 24.766078217372616 ], [ 55.370714931364759, 24.766077302499703 ], [ 55.370714528445767, 24.766076419234231 ], [ 55.370714032122478, 24.766075576082525 ], [ 55.370713447174765, 24.766074781164601 ], [ 55.370712779235994, 24.766074042135951 ], [ 55.370712034738773, 24.766073366113826 ], [ 55.370711220853018, 24.766072759608686 ], [ 55.370710345416903, 24.76607222846151 ], [ 55.370709416861345, 24.766071777787534 ], [ 55.370708444128844, 24.766071411926998 ], [ 55.370707436587359, 24.766071134403333 ], [ 55.370706403940048, 24.766070947889247 ], [ 55.370705356131872, 24.766070854180974 ], [ 55.370704842025894, 24.766070831247525 ], [ 55.370704816769489, 24.766070364426419 ], [ 55.370704713569388, 24.766069412990351 ], [ 55.370704508163072, 24.766068475320726 ], [ 55.3707042025287, 24.766067560447812 ], [ 55.370703799609707, 24.766066677182341 ], [ 55.370703303286419, 24.766065834030634 ], [ 55.370702718338705, 24.766065039112711 ], [ 55.370702050399935, 24.766064300084061 ], [ 55.370701305902713, 24.766063624061935 ], [ 55.370700492016958, 24.766063017556796 ], [ 55.370699616580843, 24.76606248640962 ], [ 55.370698688025286, 24.766062035735644 ], [ 55.370697715292785, 24.766061669875107 ], [ 55.3706967077513, 24.766061392351443 ], [ 55.370695675103988, 24.766061205837357 ], [ 55.370694627295812, 24.766061112129083 ], [ 55.370694113189835, 24.766061089195635 ], [ 55.37069408793343, 24.766060622374528 ], [ 55.370693979524802, 24.766059639410443 ], [ 55.370693762042137, 24.766058671469249 ], [ 55.370693437721755, 24.766057728504027 ], [ 55.370693009898552, 24.76605682021102 ], [ 55.370692482971705, 24.766055955929954 ], [ 55.370691862359472, 24.766055144547995 ], [ 55.370691154443428, 24.766054394408361 ], [ 55.370690366502885, 24.76605371322453 ], [ 55.370689506640005, 24.766053108000921 ], [ 55.370688583696534, 24.766052584960892 ], [ 55.370687607162843, 24.766052149482711 ], [ 55.37068658708035, 24.766051806044281 ], [ 55.370685533938293, 24.766051558177089 ], [ 55.370684458565826, 24.766051408429881 ], [ 55.370683372020721, 24.766051358342466 ], [ 55.37047978751373, 24.766051358342466 ], [ 55.370479536468643, 24.766051347143744 ], [ 55.37047952413559, 24.766051119188514 ], [ 55.37047952413559, 24.765203799827994 ], [ 55.370479475649354, 24.765202874688693 ], [ 55.370479330628896, 24.765201957911255 ], [ 55.370479090384983, 24.765201057781962 ], [ 55.370478757089046, 24.765200182436622 ], [ 55.370478333753589, 24.765199339787031 ], [ 55.370477824204919, 24.765198537449475 ], [ 55.370477233048582, 24.76519778267587 ], [ 55.370476565627747, 24.765197082288225 ], [ 55.370475827974886, 24.76519644261699 ], [ 55.370475026757269, 24.765195869443829 ], [ 55.370474169216685, 24.765195367949353 ], [ 55.37047326310401, 24.765194942666323 ], [ 55.370472316609138, 24.765194597438651 ], [ 55.37047133828694, 24.765194335386674 ], [ 55.370470336979984, 24.765194158878945 ], [ 55.370469321738561, 24.76519406951083 ], [ 55.370468807632584, 24.765194046577381 ], [ 55.37046879529953, 24.765193818622151 ], [ 55.37046879529953, 24.76517481282627 ], [ 55.370468807632584, 24.765174584871044 ], [ 55.370469321738561, 24.765174561937592 ], [ 55.370470336979984, 24.765174472569477 ], [ 55.37047133828694, 24.765174296061748 ], [ 55.370472316609138, 24.765174034009771 ], [ 55.37047326310401, 24.765173688782099 ], [ 55.370474169216685, 24.765173263499069 ], [ 55.370475026757269, 24.765172762004596 ], [ 55.370475827974886, 24.765172188831432 ], [ 55.370476565627747, 24.765171549160197 ], [ 55.370477233048582, 24.765170848772556 ], [ 55.370477824204919, 24.765170093998947 ], [ 55.370478333753589, 24.76516929166139 ], [ 55.370478757089046, 24.765168449011803 ], [ 55.370479090384983, 24.76516757366646 ], [ 55.370479330628896, 24.765166673537166 ], [ 55.370479475649354, 24.765165756759728 ], [ 55.37047952413559, 24.765164831620432 ], [ 55.37047952413559, 24.765155089568541 ], [ 55.370479475649354, 24.765154164429241 ], [ 55.370479330628896, 24.765153247651803 ], [ 55.370479090384983, 24.765152347522509 ], [ 55.370478757089046, 24.76515147217717 ], [ 55.370478333753589, 24.765150629527579 ], [ 55.370477824204919, 24.765149827190022 ], [ 55.370477233048582, 24.765149072416417 ], [ 55.370476565627747, 24.765148372028772 ], [ 55.370475827974886, 24.765147732357537 ], [ 55.370475026757269, 24.765147159184377 ], [ 55.370474169216685, 24.7651466576899 ], [ 55.37047326310401, 24.76514623240687 ], [ 55.370472316609138, 24.765145887179198 ], [ 55.37047133828694, 24.765145625127222 ], [ 55.370470336979984, 24.765145448619492 ], [ 55.370469321738561, 24.765145359251377 ], [ 55.370468807632584, 24.765145336317929 ], [ 55.37046879529953, 24.765145108362699 ], [ 55.37046879529953, 24.765028682047912 ], [ 55.370468808081185, 24.765028445801128 ], [ 55.370468879092343, 24.765028309469805 ], [ 55.370469216000423, 24.765027737131923 ], [ 55.370469618919415, 24.765026853866452 ], [ 55.370469924553781, 24.765025938993539 ], [ 55.370470129960104, 24.765025001323913 ], [ 55.370470233160198, 24.765024049887849 ], [ 55.370470233160198, 24.765023093848189 ], [ 55.370470129960104, 24.765022142412121 ], [ 55.370469924553781, 24.765021204742496 ], [ 55.370469618919415, 24.765020289869586 ], [ 55.370469216000423, 24.765019406604111 ], [ 55.370468879092343, 24.765018834266229 ], [ 55.370468808081185, 24.765018697934906 ], [ 55.37046879529953, 24.765018461688122 ], [ 55.37046879529953, 24.76497997178846 ], [ 55.370468807632584, 24.764979743833234 ], [ 55.370469321738561, 24.764979720899781 ], [ 55.370470404268268, 24.764979622462032 ], [ 55.370471470253385, 24.764979424982329 ], [ 55.370472508732696, 24.764979130491298 ], [ 55.370473509027796, 24.76497874201711 ], [ 55.370474460852925, 24.764978263554337 ], [ 55.370475354420741, 24.764977700022882 ], [ 55.370476180542923, 24.764977057217383 ], [ 55.370476930724685, 24.76497634174763 ], [ 55.370477597252119, 24.764975560970598 ], [ 55.370478173271508, 24.764974722914808 ], [ 55.370478652859795, 24.764973836197754 ], [ 55.370479031085516, 24.764972909937299 ], [ 55.370479304059479, 24.764971953657927 ], [ 55.370479468974757, 24.764970977192792 ], [ 55.37047952413559, 24.764969990582621 ], [ 55.37047952413559, 24.764960487684679 ], [ 55.370479536468643, 24.764960259729452 ], [ 55.37047978751373, 24.764960248530731 ], [ 55.370554625988007, 24.764960248530731 ], [ 55.370555712533111, 24.764960198443315 ], [ 55.370556787905578, 24.764960048696107 ], [ 55.370557841047635, 24.764959800828912 ], [ 55.370558861130128, 24.764959457390486 ], [ 55.370559837663819, 24.764959021912304 ], [ 55.37056076060729, 24.764958498872272 ], [ 55.37056162047017, 24.764957893648667 ], [ 55.370562408410713, 24.764957212464836 ], [ 55.370563116326757, 24.764956462325198 ], [ 55.37056373693899, 24.764955650943243 ], [ 55.370564263865838, 24.764954786662177 ], [ 55.37056469168904, 24.76495387836917 ], [ 55.370565016009422, 24.764952935403944 ], [ 55.370565233492087, 24.764951967462753 ], [ 55.370565341900715, 24.764950984498668 ], [ 55.37056536715712, 24.764950517677562 ], [ 55.370565618202207, 24.76495050647884 ], [ 55.37072628736496, 24.76495050647884 ], [ 55.370727338974788, 24.764950459568198 ], [ 55.370728380457038, 24.764950319288044 ], [ 55.370729401781674, 24.764950086989355 ], [ 55.370730393112765, 24.764949764909296 ], [ 55.37073134490327, 24.764949356149668 ], [ 55.370732247986908, 24.764948864647057 ], [ 55.370733093666502, 24.764948295134896 ], [ 55.37073387379769, 24.764947653097902 ], [ 55.370734580867385, 24.764946944719242 ], [ 55.370735208066115, 24.764946176820988 ], [ 55.370735749353621, 24.764945356798421 ], [ 55.370736199517005, 24.764944492548803 ], [ 55.37073655422094, 24.764943592395337 ], [ 55.370736810049443, 24.764942665006988 ], [ 55.370736964538743, 24.764941719315015 ], [ 55.370737016201019, 24.764940764426949 ], [ 55.370737016201019, 24.764931261529007 ], [ 55.370737028534073, 24.764931033573781 ], [ 55.37073754264005, 24.764931010640328 ], [ 55.370738590448227, 24.764930916932055 ], [ 55.370739623095538, 24.764930730417973 ], [ 55.370740630637023, 24.764930452894308 ], [ 55.370741603369524, 24.764930087033768 ], [ 55.370742531925082, 24.764929636359795 ], [ 55.370743407361196, 24.764929105212619 ], [ 55.370744221246952, 24.76492849870748 ], [ 55.370744965744173, 24.764927822685355 ], [ 55.370745633682944, 24.764927083656705 ], [ 55.370746218630657, 24.764926288738778 ], [ 55.370746714953945, 24.764925445587075 ], [ 55.370747117872938, 24.7649245623216 ], [ 55.370747423507311, 24.76492364744869 ], [ 55.370747628913627, 24.764922709779064 ], [ 55.370747732113728, 24.764921758342997 ], [ 55.370747757370133, 24.76492129152189 ], [ 55.370748008415219, 24.764921280323168 ], [ 55.370758473873138, 24.764921280323168 ], [ 55.370759560418243, 24.764921230235753 ], [ 55.37076063579071, 24.764921080488545 ], [ 55.370761688932767, 24.76492083262135 ], [ 55.37076270901526, 24.764920489182924 ], [ 55.370763685548951, 24.764920053704742 ], [ 55.370764608492422, 24.764919530664709 ], [ 55.370765468355302, 24.764918925441105 ], [ 55.370766256295845, 24.764918244257274 ], [ 55.370766964211889, 24.76491749411764 ], [ 55.370767584824122, 24.764916682735681 ], [ 55.370768111750969, 24.764915818454615 ], [ 55.370768539574172, 24.764914910161608 ], [ 55.370768863894554, 24.764913967196382 ], [ 55.370769081377219, 24.764912999255191 ], [ 55.370769189785847, 24.764912016291106 ], [ 55.370769215042252, 24.76491154947 ], [ 55.370769729148229, 24.764911526536547 ], [ 55.370770776956405, 24.764911432828274 ], [ 55.370771809603717, 24.764911246314192 ], [ 55.370772817145202, 24.764910968790527 ], [ 55.370773789877703, 24.764910602929987 ], [ 55.37077471843326, 24.764910152256014 ], [ 55.370775593869375, 24.764909621108838 ], [ 55.37077640775513, 24.764909014603699 ], [ 55.370777152252352, 24.764908338581574 ], [ 55.370777820191122, 24.764907599552924 ], [ 55.370778405138836, 24.764906804634997 ], [ 55.370778901462124, 24.764905961483294 ], [ 55.370779304381117, 24.764905078217819 ], [ 55.370779610015489, 24.764904163344909 ], [ 55.370779815421805, 24.764903225675283 ], [ 55.370779918621906, 24.764902274239216 ], [ 55.370779918621906, 24.764901318199556 ], [ 55.370779815421805, 24.764900366763491 ], [ 55.370779610015489, 24.764899429093866 ], [ 55.370779304381117, 24.764898514220953 ], [ 55.370778901462124, 24.764897630955481 ], [ 55.370778405138836, 24.764896787803774 ], [ 55.370777820191122, 24.764895992885851 ], [ 55.370777152252352, 24.764895253857201 ], [ 55.37077640775513, 24.764894577835076 ], [ 55.370775593869375, 24.764893971329936 ], [ 55.37077471843326, 24.76489344018276 ], [ 55.370773789877703, 24.764892989508784 ], [ 55.370772817145202, 24.764892623648247 ], [ 55.370771809603717, 24.764892346124583 ], [ 55.370770776956405, 24.764892159610497 ], [ 55.370769729148229, 24.764892065902224 ], [ 55.370769215042252, 24.764892042968775 ], [ 55.370769189785847, 24.764891576147665 ], [ 55.370769081377219, 24.764890593183583 ], [ 55.370768863894554, 24.76488962524239 ], [ 55.370768539574172, 24.764888682277167 ], [ 55.370768111750969, 24.764887773984157 ], [ 55.370767584824122, 24.764886909703094 ], [ 55.370766964211889, 24.764886098321135 ], [ 55.370766256295845, 24.764885348181501 ], [ 55.370765468355302, 24.764884666997666 ], [ 55.370764608492422, 24.764884061774062 ], [ 55.370763685548951, 24.764883538734033 ], [ 55.37076270901526, 24.764883103255851 ], [ 55.370761688932767, 24.764882759817421 ], [ 55.37076063579071, 24.76488251195023 ], [ 55.370759560418243, 24.764882362203021 ], [ 55.370758473873138, 24.764882312115606 ], [ 55.3707265507431, 24.764882312115606 ], [ 55.370726299698013, 24.764882300916884 ], [ 55.37072628736496, 24.764882072961655 ], [ 55.37072628736496, 24.764872570063716 ], [ 55.370726235702683, 24.764871615175647 ], [ 55.370726081213384, 24.764870669483674 ], [ 55.370725825384881, 24.764869742095325 ], [ 55.370725470680945, 24.764868841941858 ], [ 55.370725020517561, 24.764867977692244 ], [ 55.370724479230056, 24.764867157669677 ], [ 55.370723852031325, 24.764866389771424 ], [ 55.37072314496163, 24.764865681392759 ], [ 55.370722364830442, 24.764865039355765 ], [ 55.370721519150848, 24.764864469843605 ], [ 55.37072061606721, 24.764863978340994 ], [ 55.370719664276706, 24.764863569581369 ], [ 55.370718672945614, 24.76486324750131 ], [ 55.370717651620978, 24.764863015202621 ], [ 55.370716610138729, 24.764862874922468 ], [ 55.3707155585289, 24.764862828011825 ], [ 55.37047978751373, 24.764862828011825 ], [ 55.370479536468643, 24.764862816813103 ], [ 55.370479511212238, 24.764862349991997 ], [ 55.370479408012137, 24.764861398555929 ], [ 55.370479202605821, 24.764860460886304 ], [ 55.370478896971449, 24.76485954601339 ], [ 55.370478494052456, 24.764858662747919 ], [ 55.370477997729168, 24.764857819596212 ], [ 55.370477412781455, 24.764857024678289 ], [ 55.370476744842684, 24.764856285649639 ], [ 55.370476000345462, 24.764855609627514 ], [ 55.370475186459707, 24.764855003122374 ], [ 55.370474311023592, 24.764854471975198 ], [ 55.370473382468035, 24.764854021301222 ], [ 55.370472409735534, 24.764853655440685 ], [ 55.370471402194049, 24.764853377917021 ], [ 55.370470369546737, 24.764853191402935 ], [ 55.370469321738561, 24.764853097694662 ], [ 55.370468807632584, 24.764853074761213 ], [ 55.37046879529953, 24.764852846805983 ], [ 55.37046879529953, 24.764385706623141 ], [ 55.370468807632584, 24.764385478667911 ], [ 55.370469321738561, 24.764385455734462 ], [ 55.370470404268268, 24.764385357296714 ], [ 55.370471470253385, 24.76438515981701 ], [ 55.370472508732696, 24.764384865325976 ], [ 55.370473509027796, 24.764384476851788 ], [ 55.370474460852925, 24.764383998389018 ], [ 55.370475354420741, 24.764383434857564 ], [ 55.370476180542923, 24.764382792052061 ], [ 55.370476930724685, 24.764382076582308 ], [ 55.370477597252119, 24.764381295805279 ], [ 55.370478173271508, 24.764380457749489 ], [ 55.370478652859795, 24.764379571032432 ], [ 55.370479031085516, 24.764378644771977 ], [ 55.370479304059479, 24.764377688492605 ], [ 55.370479468974757, 24.764376712027474 ], [ 55.37047952413559, 24.764375725417299 ], [ 55.37047952413559, 24.76435648046747 ], [ 55.370479536468643, 24.76435625251224 ], [ 55.37047978751373, 24.764356241313518 ], [ 55.370930135250092, 24.764356241313518 ], [ 55.370931221795196, 24.764356191226103 ], [ 55.370932297167663, 24.764356041478894 ], [ 55.37093335030972, 24.764355793611703 ], [ 55.370934370392213, 24.764355450173273 ], [ 55.370935346925904, 24.764355014695095 ], [ 55.370936269869375, 24.764354491655062 ], [ 55.370937129732255, 24.764353886431458 ], [ 55.370937917672798, 24.764353205247623 ], [ 55.370938625588842, 24.764352455107989 ], [ 55.370939246201075, 24.76435164372603 ], [ 55.370939773127922, 24.764350779444968 ], [ 55.370940200951125, 24.764349871151957 ], [ 55.370940525271507, 24.764348928186735 ], [ 55.370940742754172, 24.764347960245544 ], [ 55.3709408511628, 24.764346977281459 ], [ 55.370940876419205, 24.764346510460349 ], [ 55.370941127464292, 24.764346499261627 ], [ 55.370983516052249, 24.764346499261627 ], [ 55.370983767097336, 24.764346510460349 ], [ 55.370983792353741, 24.764346977281459 ], [ 55.370983900762369, 24.764347960245544 ], [ 55.370984118245033, 24.764348928186735 ], [ 55.370984442565415, 24.764349871151957 ], [ 55.370984870388618, 24.764350779444968 ], [ 55.370985397315465, 24.76435164372603 ], [ 55.370986017927699, 24.764352455107989 ], [ 55.370986725843743, 24.764353205247623 ], [ 55.370987513784286, 24.764353886431458 ], [ 55.370988373647165, 24.764354491655062 ], [ 55.370989296590636, 24.764355014695095 ], [ 55.370990273124328, 24.764355450173273 ], [ 55.370991293206821, 24.764355793611703 ], [ 55.370992346348878, 24.764356041478894 ], [ 55.370993421721344, 24.764356191226103 ], [ 55.370994508266449, 24.764356241313518 ], [ 55.371820365264895, 24.764356241313518 ], [ 55.371820616309982, 24.76435625251224 ], [ 55.371820641566387, 24.76435671933335 ], [ 55.371820744766488, 24.764357670769414 ], [ 55.371820950172804, 24.764358608439039 ], [ 55.371821255807177, 24.764359523311953 ], [ 55.371821658726169, 24.764360406577424 ], [ 55.371822155049458, 24.764361249729131 ], [ 55.371822739997171, 24.764362044647054 ], [ 55.371823407935942, 24.764362783675704 ], [ 55.371824152433163, 24.764363459697829 ], [ 55.371824966318918, 24.764364066202969 ], [ 55.371825841755033, 24.764364597350145 ], [ 55.371826770310591, 24.764365048024121 ], [ 55.371827743043092, 24.764365413884658 ], [ 55.371828750584577, 24.764365691408322 ], [ 55.371829783231888, 24.764365877922408 ], [ 55.371830831040064, 24.764365971630681 ], [ 55.371831354277461, 24.76436599497147 ], [ 55.371831504417948, 24.764366059451383 ], [ 55.371832134728621, 24.764366365372354 ], [ 55.371833107461121, 24.764366731232894 ], [ 55.371834115002606, 24.764367008756558 ], [ 55.371835147649918, 24.764367195270641 ], [ 55.371836195458094, 24.764367288978914 ], [ 55.371837248336156, 24.764367288978914 ], [ 55.371838296144333, 24.764367195270641 ], [ 55.371839328791644, 24.764367008756558 ], [ 55.371840336333129, 24.764366731232894 ], [ 55.37184130906563, 24.764366365372354 ], [ 55.371841939376303, 24.764366059451383 ], [ 55.37184208951679, 24.76436599497147 ], [ 55.371842349693296, 24.764365983365408 ], [ 55.371852551773074, 24.764365983365408 ], [ 55.371852802818161, 24.76436599456413 ], [ 55.371852828074566, 24.76436646138524 ], [ 55.371852931274667, 24.764367412821304 ], [ 55.371853136680983, 24.76436835049093 ], [ 55.371853442315356, 24.764369265363843 ], [ 55.371853845234348, 24.764370148629315 ], [ 55.371854341557636, 24.764370991781021 ], [ 55.37185492650535, 24.764371786698945 ], [ 55.371855594444121, 24.764372525727595 ], [ 55.371856338941342, 24.76437320174972 ], [ 55.371857152827097, 24.764373808254859 ], [ 55.371858028263212, 24.764374339402035 ], [ 55.37185895681877, 24.764374790076012 ], [ 55.37185992955127, 24.764375155936548 ], [ 55.371860937092755, 24.764375433460213 ], [ 55.371861969740067, 24.764375619974299 ], [ 55.371863017548243, 24.764375713682572 ], [ 55.37186354078564, 24.764375737023361 ], [ 55.371863690926126, 24.764375801503274 ], [ 55.371864321236799, 24.764376107424244 ], [ 55.3718652939693, 24.764376473284784 ], [ 55.371866301510785, 24.764376750808449 ], [ 55.371867334158097, 24.764376937322531 ], [ 55.371868381966273, 24.764377031030804 ], [ 55.371869434844335, 24.764377031030804 ], [ 55.371870482652511, 24.764376937322531 ], [ 55.371871515299823, 24.764376750808449 ], [ 55.371872522841308, 24.764376473284784 ], [ 55.371873495573809, 24.764376107424244 ], [ 55.371874125884482, 24.764375801503274 ], [ 55.371874276024968, 24.764375737023361 ], [ 55.371874536201474, 24.764375725417299 ], [ 55.371885001659393, 24.764375725417299 ], [ 55.371886020507169, 24.764375681390586 ], [ 55.371887030146098, 24.764375549708376 ], [ 55.371888021450566, 24.764375331560881 ], [ 55.371888985460693, 24.764375028919826 ], [ 55.371889913463271, 24.764374644520625 ], [ 55.37189079707057, 24.764374181837667 ], [ 55.371891628296105, 24.76437364505291 ], [ 55.371892399626851, 24.764373039018071 ], [ 55.371893104091157, 24.764372369210797 ], [ 55.37189373532172, 24.764371641685127 ], [ 55.371894287613173, 24.764370863016797 ], [ 55.371894755973635, 24.764370040243794 ], [ 55.371895136169833, 24.764369180802735 ], [ 55.37189542476537, 24.764368292461679 ], [ 55.371895619151779, 24.76436738324988 ], [ 55.371895717572102, 24.76436646138524 ], [ 55.371895742828507, 24.76436599456413 ], [ 55.371895993873594, 24.764365983365408 ], [ 55.371906459331512, 24.764365983365408 ], [ 55.371907478179288, 24.764365939338695 ], [ 55.371908487818217, 24.764365807656485 ], [ 55.371909479122685, 24.764365589508991 ], [ 55.371910443132812, 24.764365286867935 ], [ 55.37191137113539, 24.764364902468735 ], [ 55.371912254742689, 24.764364439785776 ], [ 55.371913085968224, 24.764363903001019 ], [ 55.371913857298971, 24.764363296966181 ], [ 55.371914561763276, 24.764362627158906 ], [ 55.371915192993839, 24.764361899633236 ], [ 55.371915745285293, 24.764361120964907 ], [ 55.371916213645754, 24.764360298191903 ], [ 55.371916593841952, 24.764359438750844 ], [ 55.371916882437489, 24.764358550409789 ], [ 55.371917076823898, 24.764357641197989 ], [ 55.371917175244221, 24.76435671933335 ], [ 55.371917200500626, 24.76435625251224 ], [ 55.371917451545713, 24.764356241313518 ], [ 55.372034941986087, 24.764356241313518 ], [ 55.372035202162593, 24.76435625291958 ], [ 55.372035352303079, 24.764356317399493 ], [ 55.372035982613752, 24.764356623320463 ], [ 55.372036955346253, 24.764356989181003 ], [ 55.372037962887738, 24.764357266704668 ], [ 55.37203899553505, 24.76435745321875 ], [ 55.372040043343226, 24.764357546927023 ], [ 55.372041096221288, 24.764357546927023 ], [ 55.372042144029464, 24.76435745321875 ], [ 55.372043176676776, 24.764357266704668 ], [ 55.372044184218261, 24.764356989181003 ], [ 55.372045156950762, 24.764356623320463 ], [ 55.372045787261435, 24.764356317399493 ], [ 55.372045937401921, 24.76435625291958 ], [ 55.372046197578427, 24.764356241313518 ], [ 55.372067128494265, 24.764356241313518 ], [ 55.372067388670771, 24.76435625291958 ], [ 55.372067538811258, 24.764356317399493 ], [ 55.372068169121931, 24.764356623320463 ], [ 55.372069141854432, 24.764356989181003 ], [ 55.372070149395917, 24.764357266704668 ], [ 55.372071182043229, 24.76435745321875 ], [ 55.372072229851405, 24.764357546927023 ], [ 55.372073282729467, 24.764357546927023 ], [ 55.372074330537643, 24.76435745321875 ], [ 55.372075363184955, 24.764357266704668 ], [ 55.37207637072644, 24.764356989181003 ], [ 55.37207734345894, 24.764356623320463 ], [ 55.372077973769613, 24.764356317399493 ], [ 55.3720781239101, 24.76435625291958 ], [ 55.372078384086606, 24.764356241313518 ], [ 55.372131501510623, 24.764356241313518 ], [ 55.37213175255571, 24.76435625251224 ], [ 55.372131777812115, 24.76435671933335 ], [ 55.372131876232437, 24.764357641197989 ], [ 55.372132070618846, 24.764358550409789 ], [ 55.372132359214383, 24.764359438750844 ], [ 55.372132739410581, 24.764360298191903 ], [ 55.372133207771043, 24.764361120964907 ], [ 55.372133760062496, 24.764361899633236 ], [ 55.372134391293059, 24.764362627158906 ], [ 55.372135095757365, 24.764363296966181 ], [ 55.372135867088112, 24.764363903001019 ], [ 55.372136698313646, 24.764364439785776 ], [ 55.372137581920946, 24.764364902468735 ], [ 55.372138509923523, 24.764365286867935 ], [ 55.37213947393365, 24.764365589508991 ], [ 55.372140465238118, 24.764365807656485 ], [ 55.372141474877047, 24.764365939338695 ], [ 55.372142493724823, 24.764365983365408 ], [ 55.372303426265717, 24.764365983365408 ], [ 55.372304445113492, 24.764365939338695 ], [ 55.372305454752421, 24.764365807656485 ], [ 55.372306446056889, 24.764365589508991 ], [ 55.372307410067016, 24.764365286867935 ], [ 55.372308338069594, 24.764364902468735 ], [ 55.372309221676893, 24.764364439785776 ], [ 55.372310052902428, 24.764363903001019 ], [ 55.372310824233175, 24.764363296966181 ], [ 55.37231152869748, 24.764362627158906 ], [ 55.372312159928043, 24.764361899633236 ], [ 55.372312712219497, 24.764361120964907 ], [ 55.372313180579958, 24.764360298191903 ], [ 55.372313560776156, 24.764359438750844 ], [ 55.372313849371693, 24.764358550409789 ], [ 55.372314043758102, 24.764357641197989 ], [ 55.372314142178425, 24.76435671933335 ], [ 55.37231416743483, 24.76435625251224 ], [ 55.372314418479917, 24.764356241313518 ], [ 55.372346078231814, 24.764356241313518 ], [ 55.372346329276901, 24.76435625251224 ], [ 55.372346354533306, 24.76435671933335 ], [ 55.372346452953629, 24.764357641197989 ], [ 55.372346647340038, 24.764358550409789 ], [ 55.372346935935575, 24.764359438750844 ], [ 55.372347316131773, 24.764360298191903 ], [ 55.372347784492234, 24.764361120964907 ], [ 55.372348336783688, 24.764361899633236 ], [ 55.372348968014251, 24.764362627158906 ], [ 55.372349672478556, 24.764363296966181 ], [ 55.372350443809303, 24.764363903001019 ], [ 55.372351275034838, 24.764364439785776 ], [ 55.372352158642137, 24.764364902468735 ], [ 55.372353086644715, 24.764365286867935 ], [ 55.372354050654842, 24.764365589508991 ], [ 55.37235504195931, 24.764365807656485 ], [ 55.372356051598238, 24.764365939338695 ], [ 55.372357070446014, 24.764365983365408 ], [ 55.373258292675018, 24.764365983365408 ], [ 55.373259311522794, 24.764365939338695 ], [ 55.373260321161723, 24.764365807656485 ], [ 55.373261312466191, 24.764365589508991 ], [ 55.373262276476318, 24.764365286867935 ], [ 55.373263204478896, 24.764364902468735 ], [ 55.373264088086195, 24.764364439785776 ], [ 55.37326491931173, 24.764363903001019 ], [ 55.373265690642476, 24.764363296966181 ], [ 55.373266395106782, 24.764362627158906 ], [ 55.373267026337345, 24.764361899633236 ], [ 55.373267578628798, 24.764361120964907 ], [ 55.37326804698926, 24.764360298191903 ], [ 55.373268427185458, 24.764359438750844 ], [ 55.373268715780995, 24.764358550409789 ], [ 55.373268910167404, 24.764357641197989 ], [ 55.373269008587727, 24.76435671933335 ], [ 55.373269033844132, 24.76435625251224 ], [ 55.373269284889219, 24.764356241313518 ], [ 55.373290215805056, 24.764356241313518 ], [ 55.373290466850143, 24.76435625251224 ], [ 55.373290492106548, 24.76435671933335 ], [ 55.373290590526871, 24.764357641197989 ], [ 55.37329078491328, 24.764358550409789 ], [ 55.373291073508817, 24.764359438750844 ], [ 55.373291453705015, 24.764360298191903 ], [ 55.373291922065476, 24.764361120964907 ], [ 55.37329247435693, 24.764361899633236 ], [ 55.373293105587493, 24.764362627158906 ], [ 55.373293810051798, 24.764363296966181 ], [ 55.373294581382545, 24.764363903001019 ], [ 55.37329541260808, 24.764364439785776 ], [ 55.373296296215379, 24.764364902468735 ], [ 55.373297224217957, 24.764365286867935 ], [ 55.373298188228084, 24.764365589508991 ], [ 55.373299179532552, 24.764365807656485 ], [ 55.373300189171481, 24.764365939338695 ], [ 55.373301208019257, 24.764365983365408 ], [ 55.373451411724091, 24.764365983365408 ], [ 55.373452430571867, 24.764365939338695 ], [ 55.373453440210795, 24.764365807656485 ], [ 55.373454431515263, 24.764365589508991 ], [ 55.37345539552539, 24.764365286867935 ], [ 55.373456323527968, 24.764364902468735 ], [ 55.373457207135267, 24.764364439785776 ], [ 55.373458038360802, 24.764363903001019 ], [ 55.373458809691549, 24.764363296966181 ], [ 55.373459514155854, 24.764362627158906 ], [ 55.373460145386417, 24.764361899633236 ], [ 55.373460697677871, 24.764361120964907 ], [ 55.373461166038332, 24.764360298191903 ], [ 55.37346154623453, 24.764359438750844 ], [ 55.373461834830067, 24.764358550409789 ], [ 55.373462029216476, 24.764357641197989 ], [ 55.373462127636799, 24.76435671933335 ], [ 55.373462152893204, 24.76435625251224 ], [ 55.373462403938291, 24.764356241313518 ], [ 55.373483334854129, 24.764356241313518 ], [ 55.373483585899216, 24.76435625251224 ], [ 55.373483611155621, 24.76435671933335 ], [ 55.373483709575943, 24.764357641197989 ], [ 55.373483903962352, 24.764358550409789 ], [ 55.373484192557889, 24.764359438750844 ], [ 55.373484572754087, 24.764360298191903 ], [ 55.373485041114549, 24.764361120964907 ], [ 55.373485593406002, 24.764361899633236 ], [ 55.373486224636565, 24.764362627158906 ], [ 55.373486929100871, 24.764363296966181 ], [ 55.373487700431617, 24.764363903001019 ], [ 55.373488531657152, 24.764364439785776 ], [ 55.373489415264451, 24.764364902468735 ], [ 55.373490343267029, 24.764365286867935 ], [ 55.373491307277156, 24.764365589508991 ], [ 55.373492298581624, 24.764365807656485 ], [ 55.373493308220553, 24.764365939338695 ], [ 55.373494327068329, 24.764365983365408 ], [ 55.374610126018524, 24.764365983365408 ], [ 55.374611212563629, 24.764365933277993 ], [ 55.374612287936095, 24.764365783530785 ], [ 55.374613341078152, 24.764365535663593 ], [ 55.374614361160646, 24.764365192225164 ], [ 55.374615337694337, 24.764364756746986 ], [ 55.374616260637808, 24.764364233706953 ], [ 55.374617120500687, 24.764363628483348 ], [ 55.37461790844123, 24.764362947299514 ], [ 55.374618616357274, 24.76436219715988 ], [ 55.374619236969508, 24.764361385777921 ], [ 55.374619763896355, 24.764360521496858 ], [ 55.374620191719558, 24.764359613203847 ], [ 55.37462051603994, 24.764358670238625 ], [ 55.374620733522605, 24.764357702297435 ], [ 55.374620841931232, 24.76435671933335 ], [ 55.374620867187637, 24.76435625251224 ], [ 55.374621118232724, 24.764356241313518 ], [ 55.374674499034882, 24.764356241313518 ], [ 55.374675585579986, 24.764356191226103 ], [ 55.374676660952453, 24.764356041478894 ], [ 55.37467771409451, 24.764355793611703 ], [ 55.374678734177003, 24.764355450173273 ], [ 55.374679710710694, 24.764355014695095 ], [ 55.374680633654165, 24.764354491655062 ], [ 55.374681493517045, 24.764353886431458 ], [ 55.374682281457588, 24.764353205247623 ], [ 55.374682989373632, 24.764352455107989 ], [ 55.374683609985865, 24.76435164372603 ], [ 55.374684136912713, 24.764350779444968 ], [ 55.374684564735915, 24.764349871151957 ], [ 55.374684889056297, 24.764348928186735 ], [ 55.374685106538962, 24.764347960245544 ], [ 55.37468521494759, 24.764346977281459 ], [ 55.374685240203995, 24.764346510460349 ], [ 55.374685491249082, 24.764346499261627 ], [ 55.37470642216492, 24.764346499261627 ], [ 55.374706673210007, 24.764346510460349 ], [ 55.374706698466412, 24.764346977281459 ], [ 55.374706806875039, 24.764347960245544 ], [ 55.374707024357704, 24.764348928186735 ], [ 55.374707348678086, 24.764349871151957 ], [ 55.374707776501289, 24.764350779444968 ], [ 55.374708303428136, 24.76435164372603 ], [ 55.37470892404037, 24.764352455107989 ], [ 55.374709631956414, 24.764353205247623 ], [ 55.374710419896957, 24.764353886431458 ], [ 55.374711279759836, 24.764354491655062 ], [ 55.374712202703307, 24.764355014695095 ], [ 55.374713179236998, 24.764355450173273 ], [ 55.374714199319492, 24.764355793611703 ], [ 55.374715252461549, 24.764356041478894 ], [ 55.374716327834015, 24.764356191226103 ], [ 55.37471741437912, 24.764356241313518 ], [ 55.374727879837039, 24.764356241313518 ], [ 55.374728140013545, 24.76435625291958 ], [ 55.374728290154032, 24.764356317399493 ], [ 55.374728920464705, 24.764356623320463 ], [ 55.374729893197205, 24.764356989181003 ], [ 55.37473090073869, 24.764357266704668 ], [ 55.374731933386002, 24.76435745321875 ], [ 55.374732981194178, 24.764357546927023 ], [ 55.37473403407224, 24.764357546927023 ], [ 55.374735081880416, 24.76435745321875 ], [ 55.374736114527728, 24.764357266704668 ], [ 55.374737122069213, 24.764356989181003 ], [ 55.374738094801714, 24.764356623320463 ], [ 55.374738725112387, 24.764356317399493 ], [ 55.374738875252874, 24.76435625291958 ], [ 55.37473913542938, 24.764356241313518 ], [ 55.374856625869754, 24.764356241313518 ], [ 55.374856876914841, 24.76435625251224 ], [ 55.374856902171246, 24.76435671933335 ], [ 55.374857005371346, 24.764357670769414 ], [ 55.374857210777662, 24.764358608439039 ], [ 55.374857516412035, 24.764359523311953 ], [ 55.374857919331028, 24.764360406577424 ], [ 55.374858415654316, 24.764361249729131 ], [ 55.374859000602029, 24.764362044647054 ], [ 55.3748596685408, 24.764362783675704 ], [ 55.374860413038022, 24.764363459697829 ], [ 55.374861226923777, 24.764364066202969 ], [ 55.374862102359891, 24.764364597350145 ], [ 55.374863030915449, 24.764365048024121 ], [ 55.37486400364795, 24.764365413884658 ], [ 55.374865011189435, 24.764365691408322 ], [ 55.374866043836747, 24.764365877922408 ], [ 55.374867091644923, 24.764365971630681 ], [ 55.374868144522985, 24.764365971630681 ], [ 55.374869192331161, 24.764365877922408 ], [ 55.374870224978473, 24.764365691408322 ], [ 55.374871232519958, 24.764365413884658 ], [ 55.374872205252458, 24.764365048024121 ], [ 55.374873133808016, 24.764364597350145 ], [ 55.374874009244131, 24.764364066202969 ], [ 55.374874823129886, 24.764363459697829 ], [ 55.374875567627107, 24.764362783675704 ], [ 55.374876235565878, 24.764362044647054 ], [ 55.374876820513592, 24.764361249729131 ], [ 55.37487731683688, 24.764360406577424 ], [ 55.374877719755872, 24.764359523311953 ], [ 55.374878025390245, 24.764358608439039 ], [ 55.374878230796561, 24.764357670769414 ], [ 55.374878333996662, 24.76435671933335 ], [ 55.374878359253067, 24.76435625251224 ], [ 55.374878610298154, 24.764356241313518 ], [ 55.374931727722171, 24.764356241313518 ], [ 55.374931978767258, 24.76435625251224 ], [ 55.374932004023663, 24.76435671933335 ], [ 55.37493211243229, 24.764357702297435 ], [ 55.374932329914955, 24.764358670238625 ], [ 55.374932654235337, 24.764359613203847 ], [ 55.37493308205854, 24.764360521496858 ], [ 55.374933608985387, 24.764361385777921 ], [ 55.374934229597621, 24.76436219715988 ], [ 55.374934937513665, 24.764362947299514 ], [ 55.374935725454208, 24.764363628483348 ], [ 55.374936585317087, 24.764364233706953 ], [ 55.374937508260558, 24.764364756746986 ], [ 55.374938484794249, 24.764365192225164 ], [ 55.374939504876743, 24.764365535663593 ], [ 55.3749405580188, 24.764365783530785 ], [ 55.374941633391266, 24.764365933277993 ], [ 55.374942719936371, 24.764365983365408 ], [ 55.375060737133026, 24.764365983365408 ], [ 55.375061823678131, 24.764365933277993 ], [ 55.375062899050597, 24.764365783530785 ], [ 55.375063952192654, 24.764365535663593 ], [ 55.375064972275148, 24.764365192225164 ], [ 55.375065948808839, 24.764364756746986 ], [ 55.37506687175231, 24.764364233706953 ], [ 55.375067731615189, 24.764363628483348 ], [ 55.375068519555732, 24.764362947299514 ], [ 55.375069227471776, 24.76436219715988 ], [ 55.37506984808401, 24.764361385777921 ], [ 55.375070375010857, 24.764360521496858 ], [ 55.37507080283406, 24.764359613203847 ], [ 55.375071127154442, 24.764358670238625 ], [ 55.375071344637107, 24.764357702297435 ], [ 55.375071453045734, 24.76435671933335 ], [ 55.375071478302139, 24.76435625251224 ], [ 55.375071729347226, 24.764356241313518 ], [ 55.375092660263064, 24.764356241313518 ], [ 55.375092911308151, 24.76435625251224 ], [ 55.375092936564556, 24.76435671933335 ], [ 55.375093044973184, 24.764357702297435 ], [ 55.375093262455849, 24.764358670238625 ], [ 55.375093586776231, 24.764359613203847 ], [ 55.375094014599433, 24.764360521496858 ], [ 55.375094541526281, 24.764361385777921 ], [ 55.375095162138514, 24.76436219715988 ], [ 55.375095870054558, 24.764362947299514 ], [ 55.375096657995101, 24.764363628483348 ], [ 55.375097517857981, 24.764364233706953 ], [ 55.375098440801452, 24.764364756746986 ], [ 55.375099417335143, 24.764365192225164 ], [ 55.375100437417636, 24.764365535663593 ], [ 55.375101490559693, 24.764365783530785 ], [ 55.37510256593216, 24.764365933277993 ], [ 55.375103652477264, 24.764365983365408 ], [ 55.375146567821503, 24.764365983365408 ], [ 55.375147654366607, 24.764365933277993 ], [ 55.375148729739074, 24.764365783530785 ], [ 55.375149782881131, 24.764365535663593 ], [ 55.375150802963624, 24.764365192225164 ], [ 55.375151779497315, 24.764364756746986 ], [ 55.375152702440786, 24.764364233706953 ], [ 55.375153562303666, 24.764363628483348 ], [ 55.375154350244209, 24.764362947299514 ], [ 55.375155058160253, 24.76436219715988 ], [ 55.375155678772487, 24.764361385777921 ], [ 55.375156205699334, 24.764360521496858 ], [ 55.375156633522536, 24.764359613203847 ], [ 55.375156957842918, 24.764358670238625 ], [ 55.375157175325583, 24.764357702297435 ], [ 55.375157283734211, 24.76435671933335 ], [ 55.375157308990616, 24.76435625251224 ], [ 55.375157560035703, 24.764356241313518 ], [ 55.3751892197876, 24.764356241313518 ], [ 55.375189470832687, 24.76435625251224 ], [ 55.375189496089092, 24.76435671933335 ], [ 55.37518960449772, 24.764357702297435 ], [ 55.375189821980385, 24.764358670238625 ], [ 55.375190146300767, 24.764359613203847 ], [ 55.37519057412397, 24.764360521496858 ], [ 55.375191101050817, 24.764361385777921 ], [ 55.37519172166305, 24.76436219715988 ], [ 55.375192429579094, 24.764362947299514 ], [ 55.375193217519637, 24.764363628483348 ], [ 55.375194077382517, 24.764364233706953 ], [ 55.375195000325988, 24.764364756746986 ], [ 55.375195976859679, 24.764365192225164 ], [ 55.375196996942172, 24.764365535663593 ], [ 55.375198050084229, 24.764365783530785 ], [ 55.375199125456696, 24.764365933277993 ], [ 55.375200212001801, 24.764365983365408 ], [ 55.376079713180545, 24.764365983365408 ], [ 55.376079964225632, 24.76436599456413 ], [ 55.376079976558685, 24.76436622251936 ], [ 55.376079976558685, 24.764375725417299 ], [ 55.376080029899533, 24.764376695656072 ], [ 55.376080189391693, 24.764377656247316 ], [ 55.376080453449248, 24.764378597639443 ], [ 55.376080819446571, 24.764379510471752 ], [ 55.376081283744369, 24.764380385667547 ], [ 55.376081841725927, 24.764381214524352 ], [ 55.376082487842979, 24.764381988800466 ], [ 55.376083215670882, 24.764382700796915 ], [ 55.376084017972524, 24.764383343433988 ], [ 55.376084886770244, 24.764383910321655 ], [ 55.376085813425192, 24.764384395823093 ], [ 55.376086788723228, 24.76438479511074 ], [ 55.376087802966502, 24.764385104214298 ], [ 55.376088846069948, 24.76438532006021 ], [ 55.376089907661502, 24.764385440502224 ], [ 55.376090977185285, 24.764385464342727 ], [ 55.376092044006526, 24.764385391344661 ], [ 55.376093097517341, 24.76438522223388 ], [ 55.376094127242197, 24.764384958691931 ], [ 55.376095122942068, 24.764384603339334 ], [ 55.376096074716251, 24.764384159709515 ], [ 55.376096973100829, 24.764383632213693 ], [ 55.376097809162751, 24.764383026096993 ], [ 55.376098574588674, 24.764382347386316 ], [ 55.376099261767628, 24.764381602830387 ], [ 55.376099863866663, 24.764380799832665 ], [ 55.376100374898854, 24.764379946377723 ], [ 55.376100789782761, 24.764379050951849 ], [ 55.376101104393008, 24.76437812245867 ], [ 55.376101315601289, 24.764377170130622 ], [ 55.376101421307453, 24.764376203437131 ], [ 55.376101446563858, 24.764375736616021 ], [ 55.376101697608945, 24.764375725417299 ], [ 55.376111899688723, 24.764375725417299 ], [ 55.37611215073381, 24.764375736616021 ], [ 55.376112175990215, 24.764376203437131 ], [ 55.376112279190316, 24.764377154873195 ], [ 55.376112484596632, 24.76437809254282 ], [ 55.376112790231005, 24.764379007415734 ], [ 55.376113193149997, 24.764379890681205 ], [ 55.376113689473286, 24.764380733832912 ], [ 55.376114274420999, 24.764381528750835 ], [ 55.37611494235977, 24.764382267779485 ], [ 55.376115686856991, 24.764382943801611 ], [ 55.376116500742746, 24.76438355030675 ], [ 55.376117376178861, 24.764384081453926 ], [ 55.376118304734419, 24.764384532127902 ], [ 55.37611927746692, 24.764384897988439 ], [ 55.376120285008405, 24.764385175512103 ], [ 55.376121317655716, 24.764385362026189 ], [ 55.376122365463893, 24.764385455734462 ], [ 55.376122888701289, 24.764385479075251 ], [ 55.376123038841776, 24.764385543555164 ], [ 55.376123669152449, 24.764385849476135 ], [ 55.37612464188495, 24.764386215336675 ], [ 55.376125649426434, 24.764386492860339 ], [ 55.376126682073746, 24.764386679374422 ], [ 55.376127729881922, 24.764386773082695 ], [ 55.376128782759984, 24.764386773082695 ], [ 55.376129830568161, 24.764386679374422 ], [ 55.376130863215472, 24.764386492860339 ], [ 55.376131870756957, 24.764386215336675 ], [ 55.376132843489458, 24.764385849476135 ], [ 55.376133473800131, 24.764385543555164 ], [ 55.376133623940618, 24.764385479075251 ], [ 55.376134147178014, 24.764385455734462 ], [ 55.376135229707721, 24.764385357296714 ], [ 55.376136295692838, 24.76438515981701 ], [ 55.376137334172149, 24.764384865325976 ], [ 55.37613833446725, 24.764384476851788 ], [ 55.376139286292378, 24.764383998389018 ], [ 55.376140179860194, 24.764383434857564 ], [ 55.376141005982376, 24.764382792052061 ], [ 55.376141756164138, 24.764382076582308 ], [ 55.376142422691572, 24.764381295805279 ], [ 55.376142998710961, 24.764380457749489 ], [ 55.376143478299248, 24.764379571032432 ], [ 55.376143856524969, 24.764378644771977 ], [ 55.376144129498933, 24.764377688492605 ], [ 55.37614429441421, 24.764376712027474 ], [ 55.376144349575043, 24.764375725417299 ], [ 55.376144349575043, 24.76436622251936 ], [ 55.376144361908096, 24.76436599456413 ], [ 55.376144612953183, 24.764365983365408 ], [ 55.37621945142746, 24.764365983365408 ], [ 55.376220537972564, 24.764365933277993 ], [ 55.376221613345031, 24.764365783530785 ], [ 55.376222666487088, 24.764365535663593 ], [ 55.376223686569581, 24.764365192225164 ], [ 55.376224663103272, 24.764364756746986 ], [ 55.376225586046743, 24.764364233706953 ], [ 55.376226445909623, 24.764363628483348 ], [ 55.376227233850166, 24.764362947299514 ], [ 55.37622794176621, 24.76436219715988 ], [ 55.376228562378444, 24.764361385777921 ], [ 55.376229089305291, 24.764360521496858 ], [ 55.376229517128493, 24.764359613203847 ], [ 55.376229841448875, 24.764358670238625 ], [ 55.37623005893154, 24.764357702297435 ], [ 55.376230167340168, 24.76435671933335 ], [ 55.376230192596573, 24.76435625251224 ], [ 55.37623044364166, 24.764356241313518 ], [ 55.376272832229617, 24.764356241313518 ], [ 55.376273083274704, 24.76435625251224 ], [ 55.376273108531109, 24.76435671933335 ], [ 55.376273216939737, 24.764357702297435 ], [ 55.376273434422401, 24.764358670238625 ], [ 55.376273758742784, 24.764359613203847 ], [ 55.376274186565986, 24.764360521496858 ], [ 55.376274713492833, 24.764361385777921 ], [ 55.376275334105067, 24.76436219715988 ], [ 55.376276042021111, 24.764362947299514 ], [ 55.376276829961654, 24.764363628483348 ], [ 55.376277689824533, 24.764364233706953 ], [ 55.376278612768004, 24.764364756746986 ], [ 55.376279589301696, 24.764365192225164 ], [ 55.376280609384189, 24.764365535663593 ], [ 55.376281662526246, 24.764365783530785 ], [ 55.376282737898713, 24.764365933277993 ], [ 55.376283824443817, 24.764365983365408 ], [ 55.376369655132294, 24.764365983365408 ], [ 55.376370741677398, 24.764365933277993 ], [ 55.376371817049865, 24.764365783530785 ], [ 55.376372870191922, 24.764365535663593 ], [ 55.376373890274415, 24.764365192225164 ], [ 55.376374866808106, 24.764364756746986 ], [ 55.376375789751577, 24.764364233706953 ], [ 55.376376649614457, 24.764363628483348 ], [ 55.376377437555, 24.764362947299514 ], [ 55.376378145471044, 24.76436219715988 ], [ 55.376378766083278, 24.764361385777921 ], [ 55.376379293010125, 24.764360521496858 ], [ 55.376379720833327, 24.764359613203847 ], [ 55.376380045153709, 24.764358670238625 ], [ 55.376380262636374, 24.764357702297435 ], [ 55.376380371045002, 24.76435671933335 ], [ 55.376380396301407, 24.76435625251224 ], [ 55.376380647346494, 24.764356241313518 ], [ 55.376401578262332, 24.764356241313518 ], [ 55.376401829307419, 24.76435625251224 ], [ 55.376401854563824, 24.76435671933335 ], [ 55.376401962972452, 24.764357702297435 ], [ 55.376402180455116, 24.764358670238625 ], [ 55.376402504775498, 24.764359613203847 ], [ 55.376402932598701, 24.764360521496858 ], [ 55.376403459525548, 24.764361385777921 ], [ 55.376404080137782, 24.76436219715988 ], [ 55.376404788053826, 24.764362947299514 ], [ 55.376405575994369, 24.764363628483348 ], [ 55.376406435857248, 24.764364233706953 ], [ 55.376407358800719, 24.764364756746986 ], [ 55.376408335334411, 24.764365192225164 ], [ 55.376409355416904, 24.764365535663593 ], [ 55.376410408558961, 24.764365783530785 ], [ 55.376411483931427, 24.764365933277993 ], [ 55.376412570476532, 24.764365983365408 ], [ 55.377388894557953, 24.764365983365408 ], [ 55.377389981103057, 24.764365933277993 ], [ 55.377391056475524, 24.764365783530785 ], [ 55.377392109617581, 24.764365535663593 ], [ 55.377393129700074, 24.764365192225164 ], [ 55.377394106233766, 24.764364756746986 ], [ 55.377395029177237, 24.764364233706953 ], [ 55.377395889040116, 24.764363628483348 ], [ 55.377396676980659, 24.764362947299514 ], [ 55.377397384896703, 24.76436219715988 ], [ 55.377398005508937, 24.764361385777921 ], [ 55.377398532435784, 24.764360521496858 ], [ 55.377398960258986, 24.764359613203847 ], [ 55.377399284579369, 24.764358670238625 ], [ 55.377399502062033, 24.764357702297435 ], [ 55.377399610470661, 24.76435671933335 ], [ 55.377399635727066, 24.76435625251224 ], [ 55.377399886772153, 24.764356241313518 ], [ 55.377442538738251, 24.764356241313518 ], [ 55.377443625283355, 24.764356191226103 ], [ 55.377444700655822, 24.764356041478894 ], [ 55.377445753797879, 24.764355793611703 ], [ 55.377446773880372, 24.764355450173273 ], [ 55.377447750414063, 24.764355014695095 ], [ 55.377448673357534, 24.764354491655062 ], [ 55.377449533220414, 24.764353886431458 ], [ 55.377450321160957, 24.764353205247623 ], [ 55.377451029077001, 24.764352455107989 ], [ 55.377451649689235, 24.76435164372603 ], [ 55.377452176616082, 24.764350779444968 ], [ 55.377452604439284, 24.764349871151957 ], [ 55.377452928759666, 24.764348928186735 ], [ 55.377453146242331, 24.764347960245544 ], [ 55.377453254650959, 24.764346977281459 ], [ 55.377453279907364, 24.764346510460349 ], [ 55.377453794013341, 24.7643464875269 ], [ 55.377454841821518, 24.764346393818627 ], [ 55.377455874468829, 24.764346207304541 ], [ 55.377456882010314, 24.764345929780877 ], [ 55.377457854742815, 24.76434556392034 ], [ 55.377458783298373, 24.764345113246364 ], [ 55.377459658734487, 24.764344582099188 ], [ 55.377460472620243, 24.764343975594048 ], [ 55.377461217117464, 24.764343299571923 ], [ 55.377461885056235, 24.764342560543273 ], [ 55.377462470003948, 24.76434176562535 ], [ 55.377462966327236, 24.764340922473643 ], [ 55.377463369246229, 24.764340039208172 ], [ 55.377463674880602, 24.764339124335258 ], [ 55.377463880286918, 24.764338186665633 ], [ 55.377463983487019, 24.764337235229569 ], [ 55.377464008743424, 24.764336768408459 ], [ 55.377464259788511, 24.764336757209737 ], [ 55.377474725246429, 24.764336757209737 ], [ 55.377475811791534, 24.764336707122322 ], [ 55.377476887164001, 24.764336557375113 ], [ 55.377477940306058, 24.764336309507922 ], [ 55.377478960388551, 24.764335966069492 ], [ 55.377479936922242, 24.764335530591314 ], [ 55.377480859865713, 24.764335007551281 ], [ 55.377481719728593, 24.764334402327677 ], [ 55.377482507669136, 24.764333721143842 ], [ 55.37748321558518, 24.764332971004208 ], [ 55.377483836197413, 24.764332159622249 ], [ 55.37748436312426, 24.764331295341186 ], [ 55.377484790947463, 24.764330387048176 ], [ 55.377485115267845, 24.764329444082954 ], [ 55.37748533275051, 24.764328476141763 ], [ 55.377485441159138, 24.764327493177678 ], [ 55.377485466415543, 24.764327026356568 ], [ 55.37748598052152, 24.764327003423119 ], [ 55.377487028329696, 24.764326909714846 ], [ 55.377488060977008, 24.76432672320076 ], [ 55.377489068518493, 24.764326445677096 ], [ 55.377490041250994, 24.764326079816559 ], [ 55.377490969806551, 24.764325629142583 ], [ 55.377491845242666, 24.764325097995407 ], [ 55.377492659128421, 24.764324491490267 ], [ 55.377493403625643, 24.764323815468142 ], [ 55.377494071564414, 24.764323076439492 ], [ 55.377494656512127, 24.764322281521569 ], [ 55.377495152835415, 24.764321438369862 ], [ 55.377495555754408, 24.764320555104391 ], [ 55.37749586138878, 24.764319640231477 ], [ 55.377496066795096, 24.764318702561852 ], [ 55.377496169995197, 24.764317751125787 ], [ 55.377496195251602, 24.764317284304678 ], [ 55.37749670935758, 24.764317261371229 ], [ 55.377497791887286, 24.76431716293348 ], [ 55.377498857872403, 24.764316965453776 ], [ 55.377499896351715, 24.764316670962746 ], [ 55.377500896646815, 24.764316282488558 ], [ 55.377501848471944, 24.764315804025784 ], [ 55.377502742039759, 24.76431524049433 ], [ 55.377503568161941, 24.764314597688827 ], [ 55.377504318343703, 24.764313882219074 ], [ 55.377504984871138, 24.764313101442045 ], [ 55.377505560890526, 24.764312263386255 ], [ 55.377506040478814, 24.764311376669198 ], [ 55.377506418704534, 24.764310450408743 ], [ 55.377506691678498, 24.764309494129371 ], [ 55.377506856593776, 24.76430851766424 ], [ 55.377506911754608, 24.764307531054065 ], [ 55.377506911754608, 24.764298028156126 ], [ 55.377506924087662, 24.764297800200897 ], [ 55.377507175132749, 24.764297789002175 ], [ 55.377539098262787, 24.764297789002175 ], [ 55.377540166778211, 24.764297740567347 ], [ 55.377541224668903, 24.764297595744477 ], [ 55.377542261415769, 24.764297355973596 ], [ 55.377543266709964, 24.764297023638864 ], [ 55.377544230555394, 24.76429660204483 ], [ 55.377545143368103, 24.7642960953836 ], [ 55.377545996071582, 24.764295508693134 ], [ 55.377546780187004, 24.764294847807165 ], [ 55.37754748791756, 24.76429411929718 ], [ 55.377548112225959, 24.764293330407085 ], [ 55.377548646904422, 24.764292488981177 ], [ 55.3775490866364, 24.764291603386134 ], [ 55.377549427049431, 24.764290682427831 ], [ 55.377549664758632, 24.764289735263777 ], [ 55.377549797400363, 24.764288771312053 ], [ 55.377549823655698, 24.764287800157668 ], [ 55.377549743263572, 24.764286831457255 ], [ 55.377549557023357, 24.764285874843043 ], [ 55.377549266786929, 24.764284939827082 ], [ 55.377548875440233, 24.764284035706662 ], [ 55.377548386874622, 24.764283171471863 ], [ 55.377547805948112, 24.764282355716162 ], [ 55.377547138437123, 24.764281596550994 ], [ 55.37754639097902, 24.76428090152508 ], [ 55.377545571006124, 24.764280277549378 ], [ 55.377544686671797, 24.764279730828367 ], [ 55.377543746769376, 24.76427926679834 ], [ 55.377542760644737, 24.76427889007336 ], [ 55.377541738103368, 24.764278604399376 ], [ 55.377540689312859, 24.764278412616967 ], [ 55.377539624701818, 24.764278316633124 ], [ 55.377539110595841, 24.764278293699672 ], [ 55.377539098262787, 24.764278065744445 ], [ 55.377539098262787, 24.764239575844783 ], [ 55.377539110595841, 24.764239347889553 ], [ 55.377539361640927, 24.764239336690832 ], [ 55.377571284770966, 24.764239336690832 ], [ 55.377572336380794, 24.764239289780189 ], [ 55.377573377863044, 24.764239149500039 ], [ 55.377574399187679, 24.76423891720135 ], [ 55.377575390518771, 24.764238595121288 ], [ 55.377576342309276, 24.764238186361663 ], [ 55.377577245392914, 24.764237694859052 ], [ 55.377578091072508, 24.764237125346892 ], [ 55.377578871203696, 24.764236483309897 ], [ 55.377579578273391, 24.764235774931237 ], [ 55.377580205472121, 24.76423500703298 ], [ 55.377580746759627, 24.764234187010413 ], [ 55.377581196923011, 24.764233322760798 ], [ 55.377581551626946, 24.764232422607332 ], [ 55.377581807455449, 24.764231495218983 ], [ 55.377581961944749, 24.76423054952701 ], [ 55.377582013607025, 24.764229594638941 ], [ 55.377582013607025, 24.76421985258705 ], [ 55.377581958446193, 24.764218865976879 ], [ 55.377581793530915, 24.764217889511745 ], [ 55.377581520556951, 24.764216933232372 ], [ 55.377581142331231, 24.764216006971921 ], [ 55.377580662742943, 24.764215120254864 ], [ 55.377580086723555, 24.764214282199074 ], [ 55.37757942019612, 24.764213501422045 ], [ 55.377578670014358, 24.764212785952289 ], [ 55.377577843892176, 24.764212143146789 ], [ 55.377576950324361, 24.764211579615335 ], [ 55.377575998499232, 24.764211101152561 ], [ 55.377574998204132, 24.764210712678373 ], [ 55.37757395972482, 24.764210418187343 ], [ 55.377572893739703, 24.764210220707639 ], [ 55.377571811209997, 24.76421012226989 ], [ 55.377571297104019, 24.764210099336438 ], [ 55.377571271847614, 24.764209632515332 ], [ 55.377571163438986, 24.764208649551247 ], [ 55.377570945956322, 24.764207681610056 ], [ 55.37757062163594, 24.76420673864483 ], [ 55.377570193812737, 24.764205830351823 ], [ 55.37756966688589, 24.764204966070757 ], [ 55.377569046273656, 24.764204154688802 ], [ 55.377568338357612, 24.764203404549164 ], [ 55.377567550417069, 24.764202723365333 ], [ 55.37756669055419, 24.764202118141728 ], [ 55.377565767610719, 24.764201595101696 ], [ 55.377564791077027, 24.764201159623514 ], [ 55.377563770994534, 24.764200816185088 ], [ 55.377562717852477, 24.764200568317893 ], [ 55.377561642480011, 24.764200418570685 ], [ 55.377560555934906, 24.764200368483269 ], [ 55.377550090476987, 24.764200368483269 ], [ 55.3775498394319, 24.764200357284547 ], [ 55.377549814175495, 24.764199890463441 ], [ 55.377549710975394, 24.764198939027374 ], [ 55.377549505569078, 24.764198001357752 ], [ 55.377549199934705, 24.764197086484838 ], [ 55.377548797015713, 24.764196203219363 ], [ 55.377548300692425, 24.76419536006766 ], [ 55.377547715744711, 24.764194565149737 ], [ 55.37754704780594, 24.764193826121087 ], [ 55.377546303308719, 24.764193150098958 ], [ 55.377545489422964, 24.764192543593822 ], [ 55.377544613986849, 24.764192012446646 ], [ 55.377543685431291, 24.76419156177267 ], [ 55.377542712698791, 24.764191195912129 ], [ 55.377541705157306, 24.764190918388469 ], [ 55.377540672509994, 24.764190731874383 ], [ 55.377539624701818, 24.764190638166109 ], [ 55.377539110595841, 24.764190615232657 ], [ 55.377539098262787, 24.764190387277431 ], [ 55.377539098262787, 24.764171142327598 ], [ 55.377539043101955, 24.764170155717427 ], [ 55.377538878186677, 24.764169179252292 ], [ 55.377538605212713, 24.76416822297292 ], [ 55.377538226986992, 24.764167296712468 ], [ 55.377537747398705, 24.764166409995411 ], [ 55.377537171379316, 24.764165571939621 ], [ 55.377536504851882, 24.764164791162592 ], [ 55.37753575467012, 24.764164075692836 ], [ 55.377534928547938, 24.764163432887337 ], [ 55.377534034980123, 24.764162869355882 ], [ 55.377533083154994, 24.764162390893109 ], [ 55.377532082859894, 24.764162002418921 ], [ 55.377531044380582, 24.76416170792789 ], [ 55.377529978395465, 24.764161510448186 ], [ 55.377528895865758, 24.764161412010438 ], [ 55.377528381759781, 24.764161389076985 ], [ 55.377528356503376, 24.764160922255879 ], [ 55.377528253303275, 24.764159970819811 ], [ 55.377528047896959, 24.76415903315019 ], [ 55.377527742262586, 24.764158118277276 ], [ 55.377527339343594, 24.764157235011801 ], [ 55.377526843020306, 24.764156391860098 ], [ 55.377526258072592, 24.764155596942174 ], [ 55.377525590133821, 24.764154857913525 ], [ 55.3775248456366, 24.764154181891396 ], [ 55.377524031750845, 24.76415357538626 ], [ 55.37752315631473, 24.764153044239084 ], [ 55.377522227759172, 24.764152593565107 ], [ 55.377521255026672, 24.764152227704567 ], [ 55.377520247485187, 24.764151950180906 ], [ 55.377519214837875, 24.76415176366682 ], [ 55.377518167029699, 24.764151669958547 ], [ 55.377517652923721, 24.764151647025095 ], [ 55.377517640590668, 24.764151419069869 ], [ 55.377517640590668, 24.764142155325878 ], [ 55.377517652923721, 24.764141927370652 ], [ 55.377517903968808, 24.764141916171926 ], [ 55.377528369426727, 24.764141916171926 ], [ 55.377529421036556, 24.764141869261284 ], [ 55.377530462518806, 24.764141728981134 ], [ 55.377531483843441, 24.764141496682445 ], [ 55.377532475174533, 24.764141174602383 ], [ 55.377533426965037, 24.764140765842757 ], [ 55.377534330048675, 24.764140274340146 ], [ 55.377535175728269, 24.764139704827986 ], [ 55.377535955859457, 24.764139062790992 ], [ 55.377536662929153, 24.764138354412331 ], [ 55.377537290127883, 24.764137586514078 ], [ 55.377537831415388, 24.764136766491507 ], [ 55.377538281578772, 24.764135902241893 ], [ 55.377538636282708, 24.764135002088427 ], [ 55.377538892111211, 24.764134074700078 ], [ 55.377539046600511, 24.764133129008105 ], [ 55.377539098262787, 24.764132174120036 ], [ 55.377539098262787, 24.764122432068145 ], [ 55.377539043101955, 24.764121445457974 ], [ 55.377538878186677, 24.764120468992839 ], [ 55.377538605212713, 24.764119512713467 ], [ 55.377538226986992, 24.764118586453016 ], [ 55.377537747398705, 24.764117699735959 ], [ 55.377537171379316, 24.764116861680169 ], [ 55.377536504851882, 24.76411608090314 ], [ 55.37753575467012, 24.764115365433383 ], [ 55.377534928547938, 24.764114722627884 ], [ 55.377534034980123, 24.76411415909643 ], [ 55.377533083154994, 24.764113680633656 ], [ 55.377532082859894, 24.764113292159468 ], [ 55.377531044380582, 24.764112997668438 ], [ 55.377529978395465, 24.764112800188734 ], [ 55.377528895865758, 24.764112701750985 ], [ 55.377528381759781, 24.764112678817533 ], [ 55.377528356503376, 24.764112211996427 ], [ 55.377528253303275, 24.764111260560359 ], [ 55.377528047896959, 24.764110322890737 ], [ 55.377527742262586, 24.764109408017823 ], [ 55.377527339343594, 24.764108524752348 ], [ 55.377526843020306, 24.764107681600645 ], [ 55.377526258072592, 24.764106886682722 ], [ 55.377525590133821, 24.764106147654072 ], [ 55.3775248456366, 24.764105471631943 ], [ 55.377524031750845, 24.764104865126807 ], [ 55.37752315631473, 24.764104333979631 ], [ 55.377522227759172, 24.764103883305655 ], [ 55.377521255026672, 24.764103517445115 ], [ 55.377520247485187, 24.764103239921454 ], [ 55.377519214837875, 24.764103053407368 ], [ 55.377518167029699, 24.764102959699095 ], [ 55.377517652923721, 24.764102936765642 ], [ 55.377517640590668, 24.764102708810416 ], [ 55.377517640590668, 24.764093445066425 ], [ 55.377517652923721, 24.764093217111199 ], [ 55.377517903968808, 24.764093205912474 ], [ 55.377539098262787, 24.764093205912474 ], [ 55.377540149872615, 24.764093159001831 ], [ 55.377541191354865, 24.764093018721681 ], [ 55.377542212679501, 24.764092786422992 ], [ 55.377543204010593, 24.76409246434293 ], [ 55.377544155801097, 24.764092055583305 ], [ 55.377545058884735, 24.764091564080694 ], [ 55.377545904564329, 24.764090994568534 ], [ 55.377546684695517, 24.764090352531539 ], [ 55.377547391765212, 24.764089644152879 ], [ 55.377548018963942, 24.764088876254625 ], [ 55.377548560251448, 24.764088056232055 ], [ 55.377549010414832, 24.764087191982441 ], [ 55.377549365118767, 24.764086291828974 ], [ 55.377549620947271, 24.764085364440625 ], [ 55.37754977543657, 24.764084418748652 ], [ 55.377549827098846, 24.764083463860583 ], [ 55.377549827098846, 24.764054237704915 ], [ 55.377549771938014, 24.76405325109474 ], [ 55.377549607022736, 24.764052274629606 ], [ 55.377549334048773, 24.764051318350234 ], [ 55.377548955823052, 24.764050392089782 ], [ 55.377548476234765, 24.764049505372725 ], [ 55.377547900215376, 24.764048667316935 ], [ 55.377547233687942, 24.764047886539906 ], [ 55.37754648350618, 24.76404717107015 ], [ 55.377545657383997, 24.76404652826465 ], [ 55.377544763816182, 24.764045964733196 ], [ 55.377543811991053, 24.764045486270422 ], [ 55.377542811695953, 24.764045097796235 ], [ 55.377541773216642, 24.764044803305204 ], [ 55.377540707231525, 24.7640446058255 ], [ 55.377539624701818, 24.764044507387752 ], [ 55.377539110595841, 24.764044484454299 ], [ 55.377539085339436, 24.764044017633193 ], [ 55.377538982139335, 24.764043066197125 ], [ 55.377538776733019, 24.764042128527503 ], [ 55.377538471098646, 24.76404121365459 ], [ 55.377538068179653, 24.764040330389118 ], [ 55.377537571856365, 24.764039487237412 ], [ 55.377536986908652, 24.764038692319488 ], [ 55.377536318969881, 24.764037953290838 ], [ 55.37753557447266, 24.764037277268713 ], [ 55.377534760586904, 24.764036670763574 ], [ 55.37753388515079, 24.764036139616397 ], [ 55.377532956595232, 24.764035688942421 ], [ 55.377531983862731, 24.764035323081881 ], [ 55.377530976321246, 24.76403504555822 ], [ 55.377529943673935, 24.764034859044134 ], [ 55.377528895865758, 24.764034765335861 ], [ 55.377528381759781, 24.764034742402409 ], [ 55.377528356503376, 24.764034275581302 ], [ 55.377528253303275, 24.764033324145235 ], [ 55.377528047896959, 24.764032386475613 ], [ 55.377527742262586, 24.764031471602699 ], [ 55.377527339343594, 24.764030588337228 ], [ 55.377526843020306, 24.764029745185521 ], [ 55.377526258072592, 24.764028950267598 ], [ 55.377525590133821, 24.764028211238948 ], [ 55.3775248456366, 24.764027535216822 ], [ 55.377524031750845, 24.764026928711683 ], [ 55.37752315631473, 24.764026397564507 ], [ 55.377522227759172, 24.764025946890531 ], [ 55.377521255026672, 24.764025581029991 ], [ 55.377520247485187, 24.76402530350633 ], [ 55.377519214837875, 24.764025116992244 ], [ 55.377518167029699, 24.76402502328397 ], [ 55.377517652923721, 24.764025000350518 ], [ 55.377517640590668, 24.764024772395292 ], [ 55.377517640590668, 24.76399602454752 ], [ 55.377517652923721, 24.763995796592294 ], [ 55.377518167029699, 24.763995773658841 ], [ 55.377519214837875, 24.763995679950568 ], [ 55.377520247485187, 24.763995493436482 ], [ 55.377521255026672, 24.763995215912821 ], [ 55.377522227759172, 24.763994850052281 ], [ 55.37752315631473, 24.763994399378305 ], [ 55.377524031750845, 24.763993868231129 ], [ 55.3775248456366, 24.763993261725993 ], [ 55.377525590133821, 24.763992585703864 ], [ 55.377526258072592, 24.763991846675214 ], [ 55.377526843020306, 24.763991051757291 ], [ 55.377527339343594, 24.763990208605588 ], [ 55.377527742262586, 24.763989325340113 ], [ 55.377528047896959, 24.763988410467199 ], [ 55.377528253303275, 24.763987472797577 ], [ 55.377528356503376, 24.76398652136151 ], [ 55.377528381759781, 24.763986054540403 ], [ 55.377528632804868, 24.763986043341681 ], [ 55.377539098262787, 24.763986043341681 ], [ 55.377540149872615, 24.763985996431039 ], [ 55.377541191354865, 24.763985856150885 ], [ 55.377542212679501, 24.763985623852196 ], [ 55.377543204010593, 24.763985301772134 ], [ 55.377544155801097, 24.763984893012509 ], [ 55.377545058884735, 24.763984401509898 ], [ 55.377545904564329, 24.763983831997738 ], [ 55.377546684695517, 24.763983189960744 ], [ 55.377547391765212, 24.763982481582083 ], [ 55.377548018963942, 24.76398171368383 ], [ 55.377548560251448, 24.763980893661259 ], [ 55.377549010414832, 24.763980029411645 ], [ 55.377549365118767, 24.763979129258178 ], [ 55.377549620947271, 24.763978201869829 ], [ 55.37754977543657, 24.763977256177856 ], [ 55.377549827098846, 24.763976301289791 ], [ 55.377549827098846, 24.763966798391849 ], [ 55.3775498394319, 24.763966570436622 ], [ 55.377550353537877, 24.76396654750317 ], [ 55.377551418148919, 24.763966451519327 ], [ 55.377552466939427, 24.763966259736918 ], [ 55.377553489480796, 24.763965974062934 ], [ 55.377554475605436, 24.763965597337954 ], [ 55.377555415507857, 24.763965133307927 ], [ 55.377556299842183, 24.763964586586916 ], [ 55.37755711981508, 24.763963962611214 ], [ 55.377557867273183, 24.7639632675853 ], [ 55.377558534784171, 24.763962508420132 ], [ 55.377559115710682, 24.763961692664431 ], [ 55.377559604276293, 24.763960828429632 ], [ 55.377559995622988, 24.763959924309212 ], [ 55.377560285859417, 24.763958989293251 ], [ 55.377560472099631, 24.763958032679039 ], [ 55.377560552491758, 24.763957063978626 ], [ 55.377560526236422, 24.763956092824241 ], [ 55.377560393594692, 24.763955128872517 ], [ 55.37756015588549, 24.763954181708463 ], [ 55.377559815472459, 24.76395326075016 ], [ 55.377559375740482, 24.763952375155117 ], [ 55.377558841062019, 24.763951533729209 ], [ 55.37755821675362, 24.763950744839114 ], [ 55.377557509023063, 24.76395001632913 ], [ 55.377556724907642, 24.76394935544316 ], [ 55.377555872204162, 24.763948768752694 ], [ 55.377554959391453, 24.763948262091464 ], [ 55.377553995546023, 24.76394784049743 ], [ 55.377552990251829, 24.763947508162698 ], [ 55.377551953504963, 24.763947268391817 ], [ 55.37755089561427, 24.763947123568947 ], [ 55.377549827098846, 24.763947075134119 ], [ 55.377539361640927, 24.763947075134119 ], [ 55.377539110595841, 24.763947063935397 ], [ 55.377539085339436, 24.763946597114288 ], [ 55.377538976930808, 24.763945614150202 ], [ 55.377538759448143, 24.763944646209012 ], [ 55.377538435127761, 24.763943703243786 ], [ 55.377538007304558, 24.763942794950779 ], [ 55.377537480377711, 24.763941930669716 ], [ 55.377536859765478, 24.763941119287757 ], [ 55.377536151849434, 24.763940369148123 ], [ 55.377535363908891, 24.763939687964289 ], [ 55.377534504046011, 24.763939082740684 ], [ 55.37753358110254, 24.763938559700652 ], [ 55.377532604568849, 24.763938124222474 ], [ 55.377531584486356, 24.763937780784044 ], [ 55.377530531344298, 24.763937532916849 ], [ 55.377529455971832, 24.76393738316964 ], [ 55.377528369426727, 24.763937333082229 ], [ 55.377507175132749, 24.763937333082229 ], [ 55.377506924087662, 24.763937321883507 ], [ 55.377506898831257, 24.763936855062397 ], [ 55.377506790422629, 24.763935872098312 ], [ 55.377506572939964, 24.763934904157122 ], [ 55.377506248619582, 24.763933961191896 ], [ 55.37750582079638, 24.763933052898889 ], [ 55.377505293869532, 24.763932188617826 ], [ 55.377504673257299, 24.763931377235867 ], [ 55.377503965341255, 24.763930627096233 ], [ 55.377503177400712, 24.763929945912398 ], [ 55.377502317537832, 24.763929340688794 ], [ 55.377501394594361, 24.763928817648761 ], [ 55.37750041806067, 24.763928382170583 ], [ 55.377499397978177, 24.763928038732153 ], [ 55.37749834483612, 24.763927790864958 ], [ 55.377497269463653, 24.76392764111775 ], [ 55.377496182918549, 24.763927591030338 ], [ 55.377442802116391, 24.763927591030338 ], [ 55.377442551071304, 24.763927579831616 ], [ 55.377442525814899, 24.763927113010507 ], [ 55.377442417406272, 24.763926130046421 ], [ 55.377442199923607, 24.763925162105231 ], [ 55.377441875603225, 24.763924219140005 ], [ 55.377441447780022, 24.763923310846998 ], [ 55.377440920853175, 24.763922446565935 ], [ 55.377440300240941, 24.763921635183976 ], [ 55.377439592324897, 24.763920885044342 ], [ 55.377438804384354, 24.763920203860508 ], [ 55.377437944521475, 24.763919598636903 ], [ 55.377437021578004, 24.763919075596871 ], [ 55.377436045044313, 24.763918640118693 ], [ 55.377435024961819, 24.763918296680263 ], [ 55.377433971819762, 24.763918048813068 ], [ 55.377432896447296, 24.763917899065859 ], [ 55.377431809902191, 24.763917848978448 ], [ 55.377356708049774, 24.763917848978448 ], [ 55.37735562150467, 24.763917899065859 ], [ 55.377354546132203, 24.763918048813068 ], [ 55.377353492990146, 24.763918296680263 ], [ 55.377352472907653, 24.763918640118693 ], [ 55.377351496373961, 24.763919075596871 ], [ 55.37735057343049, 24.763919598636903 ], [ 55.377349713567611, 24.763920203860508 ], [ 55.377348925627068, 24.763920885044342 ], [ 55.377348217711024, 24.763921635183976 ], [ 55.37734759709879, 24.763922446565935 ], [ 55.377347070171943, 24.763923310846998 ], [ 55.377346642348741, 24.763924219140005 ], [ 55.377346318028358, 24.763925162105231 ], [ 55.377346100545694, 24.763926130046421 ], [ 55.377345992137066, 24.763927113010507 ], [ 55.377345966880661, 24.763927579831616 ], [ 55.377345715835574, 24.763927591030338 ], [ 55.377324784919736, 24.763927591030338 ], [ 55.377324533874649, 24.763927579831616 ], [ 55.377324508618244, 24.763927113010507 ], [ 55.377324400209616, 24.763926130046421 ], [ 55.377324182726952, 24.763925162105231 ], [ 55.377323858406569, 24.763924219140005 ], [ 55.377323430583367, 24.763923310846998 ], [ 55.37732290365652, 24.763922446565935 ], [ 55.377322283044286, 24.763921635183976 ], [ 55.377321575128242, 24.763920885044342 ], [ 55.377320787187699, 24.763920203860508 ], [ 55.37731992732482, 24.763919598636903 ], [ 55.377319004381349, 24.763919075596871 ], [ 55.377318027847657, 24.763918640118693 ], [ 55.377317007765164, 24.763918296680263 ], [ 55.377315954623107, 24.763918048813068 ], [ 55.37731487925064, 24.763917899065859 ], [ 55.377313792705536, 24.763917848978448 ], [ 55.377270877361298, 24.763917848978448 ], [ 55.377269790816193, 24.763917899065859 ], [ 55.377268715443726, 24.763918048813068 ], [ 55.377267662301669, 24.763918296680263 ], [ 55.377266642219176, 24.763918640118693 ], [ 55.377265665685485, 24.763919075596871 ], [ 55.377264742742014, 24.763919598636903 ], [ 55.377263882879134, 24.763920203860508 ], [ 55.377263094938591, 24.763920885044342 ], [ 55.377262387022547, 24.763921635183976 ], [ 55.377261766410314, 24.763922446565935 ], [ 55.377261239483467, 24.763923310846998 ], [ 55.377260811660264, 24.763924219140005 ], [ 55.377260487339882, 24.763925162105231 ], [ 55.377260269857217, 24.763926130046421 ], [ 55.377260161448589, 24.763927113010507 ], [ 55.377260136192184, 24.763927579831616 ], [ 55.377259885147097, 24.763927591030338 ], [ 55.37721749655914, 24.763927591030338 ], [ 55.377217245514053, 24.763927579831616 ], [ 55.377217220257648, 24.763927113010507 ], [ 55.377217111849021, 24.763926130046421 ], [ 55.377216894366356, 24.763925162105231 ], [ 55.377216570045974, 24.763924219140005 ], [ 55.377216142222771, 24.763923310846998 ], [ 55.377215615295924, 24.763922446565935 ], [ 55.37721499468369, 24.763921635183976 ], [ 55.377214286767646, 24.763920885044342 ], [ 55.377213498827103, 24.763920203860508 ], [ 55.377212638964224, 24.763919598636903 ], [ 55.377211716020753, 24.763919075596871 ], [ 55.377210739487062, 24.763918640118693 ], [ 55.377209719404568, 24.763918296680263 ], [ 55.377208666262511, 24.763918048813068 ], [ 55.377207590890045, 24.763917899065859 ], [ 55.37720650434494, 24.763917848978448 ], [ 55.377152860164642, 24.763917848978448 ], [ 55.377151773619538, 24.763917899065859 ], [ 55.377150698247071, 24.763918048813068 ], [ 55.377149645105014, 24.763918296680263 ], [ 55.377148625022521, 24.763918640118693 ], [ 55.37714764848883, 24.763919075596871 ], [ 55.377146725545359, 24.763919598636903 ], [ 55.377145865682479, 24.763920203860508 ], [ 55.377145077741936, 24.763920885044342 ], [ 55.377144369825892, 24.763921635183976 ], [ 55.377143749213658, 24.763922446565935 ], [ 55.377143222286811, 24.763923310846998 ], [ 55.377142794463609, 24.763924219140005 ], [ 55.377142470143227, 24.763925162105231 ], [ 55.377142252660562, 24.763926130046421 ], [ 55.377142144251934, 24.763927113010507 ], [ 55.377142118995529, 24.763927579831616 ], [ 55.377141867950442, 24.763927591030338 ], [ 55.377120937034604, 24.763927591030338 ], [ 55.377120685989517, 24.763927579831616 ], [ 55.377120660733112, 24.763927113010507 ], [ 55.377120552324484, 24.763926130046421 ], [ 55.37712033484182, 24.763925162105231 ], [ 55.377120010521438, 24.763924219140005 ], [ 55.377119582698235, 24.763923310846998 ], [ 55.377119055771388, 24.763922446565935 ], [ 55.377118435159154, 24.763921635183976 ], [ 55.37711772724311, 24.763920885044342 ], [ 55.377116939302567, 24.763920203860508 ], [ 55.377116079439688, 24.763919598636903 ], [ 55.377115156496217, 24.763919075596871 ], [ 55.377114179962525, 24.763918640118693 ], [ 55.377113159880032, 24.763918296680263 ], [ 55.377112106737975, 24.763918048813068 ], [ 55.377111031365509, 24.763917899065859 ], [ 55.377109944820404, 24.763917848978448 ], [ 55.377067292854306, 24.763917848978448 ], [ 55.377067041809219, 24.763917837779726 ], [ 55.377067016552814, 24.763917370958616 ], [ 55.377066908144187, 24.763916387994531 ], [ 55.377066690661522, 24.76391542005334 ], [ 55.37706636634114, 24.763914477088115 ], [ 55.377065938517937, 24.763913568795108 ], [ 55.37706541159109, 24.763912704514045 ], [ 55.377064790978856, 24.763911893132086 ], [ 55.377064083062812, 24.763911142992452 ], [ 55.377063295122269, 24.763910461808617 ], [ 55.37706243525939, 24.763909856585013 ], [ 55.377061512315919, 24.76390933354498 ], [ 55.377060535782228, 24.763908898066802 ], [ 55.377059515699735, 24.763908554628372 ], [ 55.377058462557677, 24.763908306761181 ], [ 55.377057387185211, 24.763908157013969 ], [ 55.377056300640106, 24.763908106926557 ], [ 55.377045571804047, 24.763908106926557 ], [ 55.377044485258942, 24.763908157013969 ], [ 55.377043409886475, 24.763908306761181 ], [ 55.377042356744418, 24.763908554628372 ], [ 55.377041336661925, 24.763908898066802 ], [ 55.377040360128234, 24.76390933354498 ], [ 55.377039437184763, 24.763909856585013 ], [ 55.377038577321883, 24.763910461808617 ], [ 55.37703778938134, 24.763911142992452 ], [ 55.377037081465296, 24.763911893132086 ], [ 55.377036460853063, 24.763912704514045 ], [ 55.377035933926216, 24.763913568795108 ], [ 55.377035506103013, 24.763914477088115 ], [ 55.377035181782631, 24.76391542005334 ], [ 55.377034964299966, 24.763916387994531 ], [ 55.377034855891338, 24.763917370958616 ], [ 55.377034830634933, 24.763917837779726 ], [ 55.377034579589846, 24.763917848978448 ], [ 55.377013385295868, 24.763917848978448 ], [ 55.377012298750763, 24.763917899065859 ], [ 55.377011223378297, 24.763918048813068 ], [ 55.37701017023624, 24.763918296680263 ], [ 55.377009150153746, 24.763918640118693 ], [ 55.377008173620055, 24.763919075596871 ], [ 55.377007250676584, 24.763919598636903 ], [ 55.377006390813705, 24.763920203860508 ], [ 55.377005602873162, 24.763920885044342 ], [ 55.377004894957118, 24.763921635183976 ], [ 55.377004274344884, 24.763922446565935 ], [ 55.377003747418037, 24.763923310846998 ], [ 55.377003319594834, 24.763924219140005 ], [ 55.377002995274452, 24.763925162105231 ], [ 55.377002777791787, 24.763926130046421 ], [ 55.37700266938316, 24.763927113010507 ], [ 55.377002644126755, 24.763927579831616 ], [ 55.377002393081668, 24.763927591030338 ], [ 55.376874173805234, 24.763927591030338 ], [ 55.376873922760147, 24.763927579831616 ], [ 55.376873897503742, 24.763927113010507 ], [ 55.376873789095114, 24.763926130046421 ], [ 55.37687357161245, 24.763925162105231 ], [ 55.376873247292068, 24.763924219140005 ], [ 55.376872819468865, 24.763923310846998 ], [ 55.376872292542018, 24.763922446565935 ], [ 55.376871671929784, 24.763921635183976 ], [ 55.37687096401374, 24.763920885044342 ], [ 55.376870176073197, 24.763920203860508 ], [ 55.376869316210318, 24.763919598636903 ], [ 55.376868393266847, 24.763919075596871 ], [ 55.376867416733155, 24.763918640118693 ], [ 55.376866396650662, 24.763918296680263 ], [ 55.376865343508605, 24.763918048813068 ], [ 55.376864268136138, 24.763917899065859 ], [ 55.376863181591034, 24.763917848978448 ], [ 55.376734435558319, 24.763917848978448 ], [ 55.376733349013215, 24.763917899065859 ], [ 55.376732273640748, 24.763918048813068 ], [ 55.376731220498691, 24.763918296680263 ], [ 55.376730200416198, 24.763918640118693 ], [ 55.376729223882506, 24.763919075596871 ], [ 55.376728300939035, 24.763919598636903 ], [ 55.376727441076156, 24.763920203860508 ], [ 55.376726653135613, 24.763920885044342 ], [ 55.376725945219569, 24.763921635183976 ], [ 55.376725324607335, 24.763922446565935 ], [ 55.376724797680488, 24.763923310846998 ], [ 55.376724369857286, 24.763924219140005 ], [ 55.376724045536903, 24.763925162105231 ], [ 55.376723828054239, 24.763926130046421 ], [ 55.376723719645611, 24.763927113010507 ], [ 55.376723694389206, 24.763927579831616 ], [ 55.376723443344119, 24.763927591030338 ], [ 55.376702512428281, 24.763927591030338 ], [ 55.376702261383194, 24.763927579831616 ], [ 55.376702236126789, 24.763927113010507 ], [ 55.376702127718161, 24.763926130046421 ], [ 55.376701910235496, 24.763925162105231 ], [ 55.376701585915114, 24.763924219140005 ], [ 55.376701158091912, 24.763923310846998 ], [ 55.376700631165065, 24.763922446565935 ], [ 55.376700010552831, 24.763921635183976 ], [ 55.376699302636787, 24.763920885044342 ], [ 55.376698514696244, 24.763920203860508 ], [ 55.376697654833364, 24.763919598636903 ], [ 55.376696731889893, 24.763919075596871 ], [ 55.376695755356202, 24.763918640118693 ], [ 55.376694735273709, 24.763918296680263 ], [ 55.376693682131652, 24.763918048813068 ], [ 55.376692606759185, 24.763917899065859 ], [ 55.376691520214081, 24.763917848978448 ], [ 55.376401841640472, 24.763917848978448 ], [ 55.376400755095368, 24.763917899065859 ], [ 55.376399679722901, 24.763918048813068 ], [ 55.376398626580844, 24.763918296680263 ], [ 55.376397606498351, 24.763918640118693 ], [ 55.37639662996466, 24.763919075596871 ], [ 55.376395707021189, 24.763919598636903 ], [ 55.376394847158309, 24.763920203860508 ], [ 55.376394059217766, 24.763920885044342 ], [ 55.376393351301722, 24.763921635183976 ], [ 55.376392730689489, 24.763922446565935 ], [ 55.376392203762641, 24.763923310846998 ], [ 55.376391775939439, 24.763924219140005 ], [ 55.376391451619057, 24.763925162105231 ], [ 55.376391234136392, 24.763926130046421 ], [ 55.376391125727764, 24.763927113010507 ], [ 55.376391100471359, 24.763927579831616 ], [ 55.376390849426272, 24.763927591030338 ], [ 55.376337732002256, 24.763927591030338 ], [ 55.376337480957169, 24.763927579831616 ], [ 55.376337455700764, 24.763927113010507 ], [ 55.376337347292136, 24.763926130046421 ], [ 55.376337129809471, 24.763925162105231 ], [ 55.376336805489089, 24.763924219140005 ], [ 55.376336377665886, 24.763923310846998 ], [ 55.376335850739039, 24.763922446565935 ], [ 55.376335230126806, 24.763921635183976 ], [ 55.376334522210762, 24.763920885044342 ], [ 55.376333734270219, 24.763920203860508 ], [ 55.376332874407339, 24.763919598636903 ], [ 55.376331951463868, 24.763919075596871 ], [ 55.376330974930177, 24.763918640118693 ], [ 55.376329954847684, 24.763918296680263 ], [ 55.376328901705627, 24.763918048813068 ], [ 55.37632782633316, 24.763917899065859 ], [ 55.376326739788055, 24.763917848978448 ], [ 55.375940501689911, 24.763917848978448 ], [ 55.375939415144806, 24.763917899065859 ], [ 55.37593833977234, 24.763918048813068 ], [ 55.375937286630283, 24.763918296680263 ], [ 55.375936266547789, 24.763918640118693 ], [ 55.375935290014098, 24.763919075596871 ], [ 55.375934367070627, 24.763919598636903 ], [ 55.375933507207748, 24.763920203860508 ], [ 55.375932719267205, 24.763920885044342 ], [ 55.375932011351161, 24.763921635183976 ], [ 55.375931390738927, 24.763922446565935 ], [ 55.37593086381208, 24.763923310846998 ], [ 55.375930435988877, 24.763924219140005 ], [ 55.375930111668495, 24.763925162105231 ], [ 55.37592989418583, 24.763926130046421 ], [ 55.375929785777203, 24.763927113010507 ], [ 55.375929760520798, 24.763927579831616 ], [ 55.375929509475711, 24.763927591030338 ], [ 55.375919307395932, 24.763927591030338 ], [ 55.375919056350845, 24.763927579831616 ], [ 55.37591903109444, 24.763927113010507 ], [ 55.375918922685813, 24.763926130046421 ], [ 55.375918705203148, 24.763925162105231 ], [ 55.375918380882766, 24.763924219140005 ], [ 55.375917953059563, 24.763923310846998 ], [ 55.375917426132716, 24.763922446565935 ], [ 55.375916805520482, 24.763921635183976 ], [ 55.375916097604438, 24.763920885044342 ], [ 55.375915309663895, 24.763920203860508 ], [ 55.375914449801016, 24.763919598636903 ], [ 55.375913526857545, 24.763919075596871 ], [ 55.375912550323854, 24.763918640118693 ], [ 55.37591153024136, 24.763918296680263 ], [ 55.375910477099303, 24.763918048813068 ], [ 55.375909401726837, 24.763917899065859 ], [ 55.375908315181732, 24.763917848978448 ], [ 55.375758111476898, 24.763917848978448 ], [ 55.375757024931794, 24.763917899065859 ], [ 55.375755949559327, 24.763918048813068 ], [ 55.37575489641727, 24.763918296680263 ], [ 55.375753876334777, 24.763918640118693 ], [ 55.375752899801086, 24.763919075596871 ], [ 55.375751976857615, 24.763919598636903 ], [ 55.375751116994735, 24.763920203860508 ], [ 55.375750329054192, 24.763920885044342 ], [ 55.375749621138148, 24.763921635183976 ], [ 55.375749000525914, 24.763922446565935 ], [ 55.375748473599067, 24.763923310846998 ], [ 55.375748045775865, 24.763924219140005 ], [ 55.375747721455483, 24.763925162105231 ], [ 55.375747503972818, 24.763926130046421 ], [ 55.37574739556419, 24.763927113010507 ], [ 55.375747370307785, 24.763927579831616 ], [ 55.375747119262698, 24.763927591030338 ], [ 55.37573691718292, 24.763927591030338 ], [ 55.375736666137833, 24.763927579831616 ], [ 55.375736640881428, 24.763927113010507 ], [ 55.3757365324728, 24.763926130046421 ], [ 55.375736314990135, 24.763925162105231 ], [ 55.375735990669753, 24.763924219140005 ], [ 55.37573556284655, 24.763923310846998 ], [ 55.375735035919703, 24.763922446565935 ], [ 55.37573441530747, 24.763921635183976 ], [ 55.375733707391426, 24.763920885044342 ], [ 55.375732919450883, 24.763920203860508 ], [ 55.375732059588003, 24.763919598636903 ], [ 55.375731136644532, 24.763919075596871 ], [ 55.375730160110841, 24.763918640118693 ], [ 55.375729140028348, 24.763918296680263 ], [ 55.375728086886291, 24.763918048813068 ], [ 55.375727011513824, 24.763917899065859 ], [ 55.375725924968719, 24.763917848978448 ], [ 55.375683009624481, 24.763917848978448 ], [ 55.375681923079377, 24.763917899065859 ], [ 55.37568084770691, 24.763918048813068 ], [ 55.375679794564853, 24.763918296680263 ], [ 55.37567877448236, 24.763918640118693 ], [ 55.375677797948669, 24.763919075596871 ], [ 55.375676875005198, 24.763919598636903 ], [ 55.375676015142318, 24.763920203860508 ], [ 55.375675227201775, 24.763920885044342 ], [ 55.375674519285731, 24.763921635183976 ], [ 55.375673898673497, 24.763922446565935 ], [ 55.37567337174665, 24.763923310846998 ], [ 55.375672943923448, 24.763924219140005 ], [ 55.375672619603066, 24.763925162105231 ], [ 55.375672402120401, 24.763926130046421 ], [ 55.375672293711773, 24.763927113010507 ], [ 55.375672268455368, 24.763927579831616 ], [ 55.375672017410281, 24.763927591030338 ], [ 55.375640357658384, 24.763927591030338 ], [ 55.375640106613297, 24.763927579831616 ], [ 55.375640081356892, 24.763927113010507 ], [ 55.375639972948264, 24.763926130046421 ], [ 55.375639755465599, 24.763925162105231 ], [ 55.375639431145217, 24.763924219140005 ], [ 55.375639003322014, 24.763923310846998 ], [ 55.375638476395167, 24.763922446565935 ], [ 55.375637855782934, 24.763921635183976 ], [ 55.37563714786689, 24.763920885044342 ], [ 55.375636359926347, 24.763920203860508 ], [ 55.375635500063467, 24.763919598636903 ], [ 55.375634577119996, 24.763919075596871 ], [ 55.375633600586305, 24.763918640118693 ], [ 55.375632580503812, 24.763918296680263 ], [ 55.375631527361755, 24.763918048813068 ], [ 55.375630451989288, 24.763917899065859 ], [ 55.375629365444183, 24.763917848978448 ], [ 55.375500619411469, 24.763917848978448 ], [ 55.375499532866364, 24.763917899065859 ], [ 55.375498457493897, 24.763918048813068 ], [ 55.37549740435184, 24.763918296680263 ], [ 55.375496384269347, 24.763918640118693 ], [ 55.375495407735656, 24.763919075596871 ], [ 55.375494484792185, 24.763919598636903 ], [ 55.375493624929305, 24.763920203860508 ], [ 55.375492836988762, 24.763920885044342 ], [ 55.375492129072718, 24.763921635183976 ], [ 55.375491508460485, 24.763922446565935 ], [ 55.375490981533638, 24.763923310846998 ], [ 55.375490553710435, 24.763924219140005 ], [ 55.375490229390053, 24.763925162105231 ], [ 55.375490011907388, 24.763926130046421 ], [ 55.37548990349876, 24.763927113010507 ], [ 55.375489878242355, 24.763927579831616 ], [ 55.375489627197268, 24.763927591030338 ], [ 55.375447238609311, 24.763927591030338 ], [ 55.375446987564224, 24.763927579831616 ], [ 55.375446962307819, 24.763927113010507 ], [ 55.375446853899192, 24.763926130046421 ], [ 55.375446636416527, 24.763925162105231 ], [ 55.375446312096145, 24.763924219140005 ], [ 55.375445884272942, 24.763923310846998 ], [ 55.375445357346095, 24.763922446565935 ], [ 55.375444736733861, 24.763921635183976 ], [ 55.375444028817817, 24.763920885044342 ], [ 55.375443240877274, 24.763920203860508 ], [ 55.375442381014395, 24.763919598636903 ], [ 55.375441458070924, 24.763919075596871 ], [ 55.375440481537233, 24.763918640118693 ], [ 55.375439461454739, 24.763918296680263 ], [ 55.375438408312682, 24.763918048813068 ], [ 55.375437332940216, 24.763917899065859 ], [ 55.375436246395111, 24.763917848978448 ], [ 55.375393331050873, 24.763917848978448 ], [ 55.375392244505768, 24.763917899065859 ], [ 55.375391169133302, 24.763918048813068 ], [ 55.375390115991244, 24.763918296680263 ], [ 55.375389095908751, 24.763918640118693 ], [ 55.37538811937506, 24.763919075596871 ], [ 55.375387196431589, 24.763919598636903 ], [ 55.37538633656871, 24.763920203860508 ], [ 55.375385548628167, 24.763920885044342 ], [ 55.375384840712123, 24.763921635183976 ], [ 55.375384220099889, 24.763922446565935 ], [ 55.375383693173042, 24.763923310846998 ], [ 55.375383265349839, 24.763924219140005 ], [ 55.375382941029457, 24.763925162105231 ], [ 55.375382723546792, 24.763926130046421 ], [ 55.375382615138165, 24.763927113010507 ], [ 55.37538258988176, 24.763927579831616 ], [ 55.375382338836673, 24.763927591030338 ], [ 55.375372136756894, 24.763927591030338 ], [ 55.375371885711807, 24.763927579831616 ], [ 55.375371860455402, 24.763927113010507 ], [ 55.375371752046775, 24.763926130046421 ], [ 55.37537153456411, 24.763925162105231 ], [ 55.375371210243728, 24.763924219140005 ], [ 55.375370782420525, 24.763923310846998 ], [ 55.375370255493678, 24.763922446565935 ], [ 55.375369634881444, 24.763921635183976 ], [ 55.3753689269654, 24.763920885044342 ], [ 55.375368139024857, 24.763920203860508 ], [ 55.375367279161978, 24.763919598636903 ], [ 55.375366356218507, 24.763919075596871 ], [ 55.375365379684816, 24.763918640118693 ], [ 55.375364359602322, 24.763918296680263 ], [ 55.375363306460265, 24.763918048813068 ], [ 55.375362231087799, 24.763917899065859 ], [ 55.375361144542694, 24.763917848978448 ], [ 55.375189483165741, 24.763917848978448 ], [ 55.375188396620636, 24.763917899065859 ], [ 55.37518732124817, 24.763918048813068 ], [ 55.375186268106113, 24.763918296680263 ], [ 55.37518524802362, 24.763918640118693 ], [ 55.375184271489928, 24.763919075596871 ], [ 55.375183348546457, 24.763919598636903 ], [ 55.375182488683578, 24.763920203860508 ], [ 55.375181700743035, 24.763920885044342 ], [ 55.375180992826991, 24.763921635183976 ], [ 55.375180372214757, 24.763922446565935 ], [ 55.37517984528791, 24.763923310846998 ], [ 55.375179417464707, 24.763924219140005 ], [ 55.375179093144325, 24.763925162105231 ], [ 55.375178875661661, 24.763926130046421 ], [ 55.375178767253033, 24.763927113010507 ], [ 55.375178741996628, 24.763927579831616 ], [ 55.375178490951541, 24.763927591030338 ], [ 55.375168288871762, 24.763927591030338 ], [ 55.375168037826676, 24.763927579831616 ], [ 55.375168012570271, 24.763927113010507 ], [ 55.37516790937017, 24.763926161574442 ], [ 55.375167703963854, 24.763925223904817 ], [ 55.375167398329481, 24.763924309031903 ], [ 55.375166995410488, 24.763923425766432 ], [ 55.3751664990872, 24.763922582614725 ], [ 55.375165914139487, 24.763921787696802 ], [ 55.375165246200716, 24.763921048668152 ], [ 55.375164501703495, 24.763920372646027 ], [ 55.375163687817739, 24.763919766140887 ], [ 55.375162812381625, 24.763919234993711 ], [ 55.375161883826067, 24.763918784319735 ], [ 55.375160911093566, 24.763918418459198 ], [ 55.375159903552081, 24.763918140935534 ], [ 55.37515887090477, 24.763917954421448 ], [ 55.375157823096593, 24.763917860713175 ], [ 55.375156770218531, 24.763917860713175 ], [ 55.375155722410355, 24.763917954421448 ], [ 55.375154689763043, 24.763918140935534 ], [ 55.375153682221558, 24.763918418459198 ], [ 55.375152709489058, 24.763918784319735 ], [ 55.3751517809335, 24.763919234993711 ], [ 55.375150905497385, 24.763919766140887 ], [ 55.37515009161163, 24.763920372646027 ], [ 55.375149347114409, 24.763921048668152 ], [ 55.375148679175638, 24.763921787696802 ], [ 55.375148094227924, 24.763922582614725 ], [ 55.375147597904636, 24.763923425766432 ], [ 55.375147194985644, 24.763924309031903 ], [ 55.375146889351271, 24.763925223904817 ], [ 55.375146683944955, 24.763926161574442 ], [ 55.375146580744854, 24.763927113010507 ], [ 55.375146555488449, 24.763927579831616 ], [ 55.375146304443362, 24.763927591030338 ], [ 55.375136102363584, 24.763927591030338 ], [ 55.375135851318497, 24.763927579831616 ], [ 55.375135826062092, 24.763927113010507 ], [ 55.375135722861991, 24.763926161574442 ], [ 55.375135517455675, 24.763925223904817 ], [ 55.375135211821302, 24.763924309031903 ], [ 55.37513480890231, 24.763923425766432 ], [ 55.375134312579021, 24.763922582614725 ], [ 55.375133727631308, 24.763921787696802 ], [ 55.375133059692537, 24.763921048668152 ], [ 55.375132315195316, 24.763920372646027 ], [ 55.375131501309561, 24.763919766140887 ], [ 55.375130625873446, 24.763919234993711 ], [ 55.375129697317888, 24.763918784319735 ], [ 55.375128724585387, 24.763918418459198 ], [ 55.375127717043902, 24.763918140935534 ], [ 55.375126684396591, 24.763917954421448 ], [ 55.375125636588415, 24.763917860713175 ], [ 55.375124583710353, 24.763917860713175 ], [ 55.375123535902176, 24.763917954421448 ], [ 55.375122503254865, 24.763918140935534 ], [ 55.37512149571338, 24.763918418459198 ], [ 55.375120522980879, 24.763918784319735 ], [ 55.375119594425321, 24.763919234993711 ], [ 55.375118718989206, 24.763919766140887 ], [ 55.375117905103451, 24.763920372646027 ], [ 55.37511716060623, 24.763921048668152 ], [ 55.375116492667459, 24.763921787696802 ], [ 55.375115907719746, 24.763922582614725 ], [ 55.375115411396457, 24.763923425766432 ], [ 55.375115008477465, 24.763924309031903 ], [ 55.375114702843092, 24.763925223904817 ], [ 55.375114497436776, 24.763926161574442 ], [ 55.375114394236675, 24.763927113010507 ], [ 55.37511436898027, 24.763927579831616 ], [ 55.375114117935183, 24.763927591030338 ], [ 55.375103915855405, 24.763927591030338 ], [ 55.375103664810318, 24.763927579831616 ], [ 55.375103639553913, 24.763927113010507 ], [ 55.375103531145285, 24.763926130046421 ], [ 55.375103313662621, 24.763925162105231 ], [ 55.375102989342238, 24.763924219140005 ], [ 55.375102561519036, 24.763923310846998 ], [ 55.375102034592189, 24.763922446565935 ], [ 55.375101413979955, 24.763921635183976 ], [ 55.375100706063911, 24.763920885044342 ], [ 55.375099918123368, 24.763920203860508 ], [ 55.375099058260489, 24.763919598636903 ], [ 55.375098135317018, 24.763919075596871 ], [ 55.375097158783326, 24.763918640118693 ], [ 55.375096138700833, 24.763918296680263 ], [ 55.375095085558776, 24.763918048813068 ], [ 55.375094010186309, 24.763917899065859 ], [ 55.375092923641205, 24.763917848978448 ], [ 55.375039279460907, 24.763917848978448 ], [ 55.375038192915802, 24.763917899065859 ], [ 55.375037117543336, 24.763918048813068 ], [ 55.375036064401279, 24.763918296680263 ], [ 55.375035044318786, 24.763918640118693 ], [ 55.375034067785094, 24.763919075596871 ], [ 55.375033144841623, 24.763919598636903 ], [ 55.375032284978744, 24.763920203860508 ], [ 55.375031497038201, 24.763920885044342 ], [ 55.375030789122157, 24.763921635183976 ], [ 55.375030168509923, 24.763922446565935 ], [ 55.375029641583076, 24.763923310846998 ], [ 55.375029213759873, 24.763924219140005 ], [ 55.375028889439491, 24.763925162105231 ], [ 55.375028671956827, 24.763926130046421 ], [ 55.375028563548199, 24.763927113010507 ], [ 55.375028538291794, 24.763927579831616 ], [ 55.375028287246707, 24.763927591030338 ], [ 55.375018085166928, 24.763927591030338 ], [ 55.375017834121842, 24.763927579831616 ], [ 55.375017808865437, 24.763927113010507 ], [ 55.375017700456809, 24.763926130046421 ], [ 55.375017482974144, 24.763925162105231 ], [ 55.375017158653762, 24.763924219140005 ], [ 55.375016730830559, 24.763923310846998 ], [ 55.375016203903712, 24.763922446565935 ], [ 55.375015583291479, 24.763921635183976 ], [ 55.375014875375435, 24.763920885044342 ], [ 55.375014087434892, 24.763920203860508 ], [ 55.375013227572012, 24.763919598636903 ], [ 55.375012304628541, 24.763919075596871 ], [ 55.37501132809485, 24.763918640118693 ], [ 55.375010308012357, 24.763918296680263 ], [ 55.375009254870299, 24.763918048813068 ], [ 55.375008179497833, 24.763917899065859 ], [ 55.375007092952728, 24.763917848978448 ], [ 55.37497490644455, 24.763917848978448 ], [ 55.374973854834721, 24.76391789588909 ], [ 55.374972813352471, 24.76391803616924 ], [ 55.374971792027836, 24.763918268467929 ], [ 55.374970800696744, 24.763918590547991 ], [ 55.37496984890624, 24.763918999307617 ], [ 55.374968945822602, 24.763919490810228 ], [ 55.374968100143008, 24.763920060322388 ], [ 55.37496732001182, 24.763920702359382 ], [ 55.374966612942124, 24.763921410738043 ], [ 55.374965985743394, 24.7639221786363 ], [ 55.374965444455889, 24.763922998658867 ], [ 55.374964994292505, 24.763923862908481 ], [ 55.374964639588569, 24.763924763061947 ], [ 55.374964383760066, 24.763925690450296 ], [ 55.374964229270766, 24.763926636142269 ], [ 55.37496417760849, 24.763927591030338 ], [ 55.37496417760849, 24.763946835980168 ], [ 55.374964165275436, 24.763947063935397 ], [ 55.374963914230349, 24.763947075134119 ], [ 55.374942983314511, 24.763947075134119 ], [ 55.374942732269425, 24.763947063935397 ], [ 55.374942719936371, 24.763946835980168 ], [ 55.374942719936371, 24.763927591030338 ], [ 55.374942668274095, 24.763926636142269 ], [ 55.374942513784795, 24.763925690450296 ], [ 55.374942257956292, 24.763924763061947 ], [ 55.374941903252356, 24.763923862908481 ], [ 55.374941453088972, 24.763922998658867 ], [ 55.374940911801467, 24.7639221786363 ], [ 55.374940284602737, 24.763921410738043 ], [ 55.374939577533041, 24.763920702359382 ], [ 55.374938797401853, 24.763920060322388 ], [ 55.374937951722259, 24.763919490810228 ], [ 55.374937048638621, 24.763918999307617 ], [ 55.374936096848117, 24.763918590547991 ], [ 55.374935105517025, 24.763918268467929 ], [ 55.37493408419239, 24.76391803616924 ], [ 55.37493304271014, 24.76391789588909 ], [ 55.374931991100311, 24.763917848978448 ], [ 55.374857152626035, 24.763917848978448 ], [ 55.374856892449529, 24.763917837372386 ], [ 55.374856742309042, 24.763917772892473 ], [ 55.374856111998369, 24.763917466971499 ], [ 55.374855139265868, 24.763917101110962 ], [ 55.374854131724383, 24.763916823587298 ], [ 55.374853099077072, 24.763916637073216 ], [ 55.374852051268896, 24.763916543364939 ], [ 55.374850998390833, 24.763916543364939 ], [ 55.374849950582657, 24.763916637073216 ], [ 55.374848917935346, 24.763916823587298 ], [ 55.374847910393861, 24.763917101110962 ], [ 55.37484693766136, 24.763917466971499 ], [ 55.374846307350687, 24.763917772892473 ], [ 55.3748461572102, 24.763917837372386 ], [ 55.374845897033694, 24.763917848978448 ], [ 55.374674499034882, 24.763917848978448 ], [ 55.374673412489777, 24.763917899065859 ], [ 55.37467233711731, 24.763918048813068 ], [ 55.374671283975253, 24.763918296680263 ], [ 55.37467026389276, 24.763918640118693 ], [ 55.374669287359069, 24.763919075596871 ], [ 55.374668364415598, 24.763919598636903 ], [ 55.374667504552718, 24.763920203860508 ], [ 55.374666716612175, 24.763920885044342 ], [ 55.374666008696131, 24.763921635183976 ], [ 55.374665388083898, 24.763922446565935 ], [ 55.374664861157051, 24.763923310846998 ], [ 55.374664433333848, 24.763924219140005 ], [ 55.374664109013466, 24.763925162105231 ], [ 55.374663891530801, 24.763926130046421 ], [ 55.374663783122173, 24.763927113010507 ], [ 55.374663757865768, 24.763927579831616 ], [ 55.374663506820681, 24.763927591030338 ], [ 55.374653304740903, 24.763927591030338 ], [ 55.374653053695816, 24.763927579831616 ], [ 55.374653028439411, 24.763927113010507 ], [ 55.374652922733247, 24.763926146317015 ], [ 55.374652711524966, 24.763925193988968 ], [ 55.374652396914719, 24.763924265495788 ], [ 55.374651982030812, 24.763923370069914 ], [ 55.374651470998622, 24.763922516614972 ], [ 55.374650868899586, 24.76392171361725 ], [ 55.374650181720632, 24.763920969061321 ], [ 55.374649416294709, 24.763920290350644 ], [ 55.374648580232787, 24.763919684233944 ], [ 55.374647681848209, 24.763919156738122 ], [ 55.374646730074026, 24.763918713108303 ], [ 55.374645734374155, 24.763918357755703 ], [ 55.374644704649299, 24.763918094213757 ], [ 55.374643651138484, 24.763917925102977 ], [ 55.374642584317243, 24.76391785210491 ], [ 55.37464151479346, 24.763917875945413 ], [ 55.374640453201906, 24.763917996387427 ], [ 55.37463941009846, 24.763918212233339 ], [ 55.374638395855186, 24.763918521336898 ], [ 55.37463742055715, 24.763918920624544 ], [ 55.374636493902202, 24.763919406125982 ], [ 55.374635625104482, 24.76391997301365 ], [ 55.37463482280284, 24.763920615650722 ], [ 55.374634094974937, 24.763921327647168 ], [ 55.374633448857885, 24.763922101923285 ], [ 55.374632890876327, 24.76392293078009 ], [ 55.374632426578529, 24.763923805975882 ], [ 55.374632060581206, 24.763924718808195 ], [ 55.374631796523651, 24.763925660200321 ], [ 55.374631637031491, 24.763926620791565 ], [ 55.374631583690643, 24.763927591030338 ], [ 55.374631583690643, 24.763937093928277 ], [ 55.37463157135759, 24.763937321883507 ], [ 55.374631320312503, 24.763937333082229 ], [ 55.374621118232724, 24.763937333082229 ], [ 55.374620867187637, 24.763937321883507 ], [ 55.374620854854584, 24.763937093928277 ], [ 55.374620854854584, 24.763927591030338 ], [ 55.374620803192308, 24.763926636142269 ], [ 55.374620648703008, 24.763925690450296 ], [ 55.374620392874505, 24.763924763061947 ], [ 55.374620038170569, 24.763923862908481 ], [ 55.374619588007185, 24.763922998658867 ], [ 55.37461904671968, 24.7639221786363 ], [ 55.374618419520949, 24.763921410738043 ], [ 55.374617712451254, 24.763920702359382 ], [ 55.374616932320066, 24.763920060322388 ], [ 55.374616086640472, 24.763919490810228 ], [ 55.374615183556834, 24.763918999307617 ], [ 55.37461423176633, 24.763918590547991 ], [ 55.374613240435238, 24.763918268467929 ], [ 55.374612219110602, 24.76391803616924 ], [ 55.374611177628353, 24.76391789588909 ], [ 55.374610126018524, 24.763917848978448 ], [ 55.374577939510345, 24.763917848978448 ], [ 55.374576852965241, 24.763917899065859 ], [ 55.374575777592774, 24.763918048813068 ], [ 55.374574724450717, 24.763918296680263 ], [ 55.374573704368224, 24.763918640118693 ], [ 55.374572727834533, 24.763919075596871 ], [ 55.374571804891062, 24.763919598636903 ], [ 55.374570945028182, 24.763920203860508 ], [ 55.374570157087639, 24.763920885044342 ], [ 55.374569449171595, 24.763921635183976 ], [ 55.374568828559362, 24.763922446565935 ], [ 55.374568301632515, 24.763923310846998 ], [ 55.374567873809312, 24.763924219140005 ], [ 55.37456754948893, 24.763925162105231 ], [ 55.374567332006265, 24.763926130046421 ], [ 55.374567223597637, 24.763927113010507 ], [ 55.374567198341232, 24.763927579831616 ], [ 55.374566947296145, 24.763927591030338 ], [ 55.374513829872129, 24.763927591030338 ], [ 55.374513569695623, 24.763927579424276 ], [ 55.374513419555136, 24.763927514944363 ], [ 55.374512789244463, 24.76392720902339 ], [ 55.374511816511962, 24.763926843162853 ], [ 55.374510808970477, 24.763926565639188 ], [ 55.374509776323166, 24.763926379125106 ], [ 55.374508728514989, 24.763926285416829 ], [ 55.374507675636927, 24.763926285416829 ], [ 55.374506627828751, 24.763926379125106 ], [ 55.374505595181439, 24.763926565639188 ], [ 55.374504587639954, 24.763926843162853 ], [ 55.374503614907454, 24.76392720902339 ], [ 55.374502984596781, 24.763927514944363 ], [ 55.374502834456294, 24.763927579424276 ], [ 55.374502574279788, 24.763927591030338 ], [ 55.37449237220001, 24.763927591030338 ], [ 55.374492121154923, 24.763927579831616 ], [ 55.374492095898518, 24.763927113010507 ], [ 55.37449198748989, 24.763926130046421 ], [ 55.374491770007225, 24.763925162105231 ], [ 55.374491445686843, 24.763924219140005 ], [ 55.37449101786364, 24.763923310846998 ], [ 55.374490490936793, 24.763922446565935 ], [ 55.37448987032456, 24.763921635183976 ], [ 55.374489162408516, 24.763920885044342 ], [ 55.374488374467973, 24.763920203860508 ], [ 55.374487514605093, 24.763919598636903 ], [ 55.374486591661622, 24.763919075596871 ], [ 55.374485615127931, 24.763918640118693 ], [ 55.374484595045438, 24.763918296680263 ], [ 55.374483541903381, 24.763918048813068 ], [ 55.374482466530914, 24.763917899065859 ], [ 55.374481379985809, 24.763917848978448 ], [ 55.374138057231903, 24.763917848978448 ], [ 55.374136970686799, 24.763917899065859 ], [ 55.374135895314332, 24.763918048813068 ], [ 55.374134842172275, 24.763918296680263 ], [ 55.374133822089782, 24.763918640118693 ], [ 55.37413284555609, 24.763919075596871 ], [ 55.374131922612619, 24.763919598636903 ], [ 55.37413106274974, 24.763920203860508 ], [ 55.374130274809197, 24.763920885044342 ], [ 55.374129566893153, 24.763921635183976 ], [ 55.374128946280919, 24.763922446565935 ], [ 55.374128419354072, 24.763923310846998 ], [ 55.37412799153087, 24.763924219140005 ], [ 55.374127667210487, 24.763925162105231 ], [ 55.374127449727823, 24.763926130046421 ], [ 55.374127341319195, 24.763927113010507 ], [ 55.37412731606279, 24.763927579831616 ], [ 55.374127065017703, 24.763927591030338 ], [ 55.374041497707367, 24.763927591030338 ], [ 55.374040411162262, 24.76392764111775 ], [ 55.374039335789796, 24.763927790864958 ], [ 55.374038282647739, 24.763928038732153 ], [ 55.374037262565245, 24.763928382170583 ], [ 55.374036286031554, 24.763928817648761 ], [ 55.374035363088083, 24.763929340688794 ], [ 55.374034503225204, 24.763929945912398 ], [ 55.374033715284661, 24.763930627096233 ], [ 55.374033007368617, 24.763931377235867 ], [ 55.374032386756383, 24.763932188617826 ], [ 55.374031859829536, 24.763933052898889 ], [ 55.374031432006333, 24.763933961191896 ], [ 55.374031107685951, 24.763934904157122 ], [ 55.374030890203287, 24.763935872098312 ], [ 55.374030781794659, 24.763936855062397 ], [ 55.374030756538254, 24.763937321883507 ], [ 55.374030505493167, 24.763937333082229 ], [ 55.374020303413388, 24.763937333082229 ], [ 55.374020052368301, 24.763937321883507 ], [ 55.374020027111897, 24.763936855062397 ], [ 55.374019918703269, 24.763935872098312 ], [ 55.374019701220604, 24.763934904157122 ], [ 55.374019376900222, 24.763933961191896 ], [ 55.374018949077019, 24.763933052898889 ], [ 55.374018422150172, 24.763932188617826 ], [ 55.374017801537939, 24.763931377235867 ], [ 55.374017093621895, 24.763930627096233 ], [ 55.374016305681351, 24.763929945912398 ], [ 55.374015445818472, 24.763929340688794 ], [ 55.374014522875001, 24.763928817648761 ], [ 55.37401354634131, 24.763928382170583 ], [ 55.374012526258817, 24.763928038732153 ], [ 55.374011473116759, 24.763927790864958 ], [ 55.374010397744293, 24.76392764111775 ], [ 55.374009311199188, 24.763927591030338 ], [ 55.37397738806915, 24.763927591030338 ], [ 55.373977137024063, 24.763927579831616 ], [ 55.373977111767658, 24.763927113010507 ], [ 55.373977008567557, 24.763926161574442 ], [ 55.373976803161241, 24.763925223904817 ], [ 55.373976497526868, 24.763924309031903 ], [ 55.373976094607876, 24.763923425766432 ], [ 55.373975598284588, 24.763922582614725 ], [ 55.373975013336874, 24.763921787696802 ], [ 55.373974345398103, 24.763921048668152 ], [ 55.373973600900882, 24.763920372646027 ], [ 55.373972787015127, 24.763919766140887 ], [ 55.373971911579012, 24.763919234993711 ], [ 55.373970983023455, 24.763918784319735 ], [ 55.373970010290954, 24.763918418459198 ], [ 55.373969002749469, 24.763918140935534 ], [ 55.373967970102157, 24.763917954421448 ], [ 55.373966922293981, 24.763917860713175 ], [ 55.373965869415919, 24.763917860713175 ], [ 55.373964821607743, 24.763917954421448 ], [ 55.373963788960431, 24.763918140935534 ], [ 55.373962781418946, 24.763918418459198 ], [ 55.373961808686445, 24.763918784319735 ], [ 55.373960880130888, 24.763919234993711 ], [ 55.373960004694773, 24.763919766140887 ], [ 55.373959190809018, 24.763920372646027 ], [ 55.373958446311796, 24.763921048668152 ], [ 55.373957778373025, 24.763921787696802 ], [ 55.373957193425312, 24.763922582614725 ], [ 55.373956697102024, 24.763923425766432 ], [ 55.373956294183031, 24.763924309031903 ], [ 55.373955988548659, 24.763925223904817 ], [ 55.373955783142343, 24.763926161574442 ], [ 55.373955679942242, 24.763927113010507 ], [ 55.373955654685837, 24.763927579831616 ], [ 55.37395540364075, 24.763927591030338 ], [ 55.373945201560971, 24.763927591030338 ], [ 55.373944941384465, 24.763927579424276 ], [ 55.373944791243979, 24.763927514944363 ], [ 55.373944160933306, 24.76392720902339 ], [ 55.373943188200805, 24.763926843162853 ], [ 55.37394218065932, 24.763926565639188 ], [ 55.373941148012008, 24.763926379125106 ], [ 55.373940100203832, 24.763926285416829 ], [ 55.37393904732577, 24.763926285416829 ], [ 55.373937999517594, 24.763926379125106 ], [ 55.373936966870282, 24.763926565639188 ], [ 55.373935959328797, 24.763926843162853 ], [ 55.373934986596296, 24.76392720902339 ], [ 55.373934356285623, 24.763927514944363 ], [ 55.373934206145137, 24.763927579424276 ], [ 55.373933945968631, 24.763927591030338 ], [ 55.373923743888852, 24.763927591030338 ], [ 55.373923492843765, 24.763927579831616 ], [ 55.37392346758736, 24.763927113010507 ], [ 55.373923364387259, 24.763926161574442 ], [ 55.373923158980944, 24.763925223904817 ], [ 55.373922853346571, 24.763924309031903 ], [ 55.373922450427578, 24.763923425766432 ], [ 55.37392195410429, 24.763922582614725 ], [ 55.373921369156577, 24.763921787696802 ], [ 55.373920701217806, 24.763921048668152 ], [ 55.373919956720584, 24.763920372646027 ], [ 55.373919142834829, 24.763919766140887 ], [ 55.373918267398714, 24.763919234993711 ], [ 55.373917338843157, 24.763918784319735 ], [ 55.373916366110656, 24.763918418459198 ], [ 55.373915358569171, 24.763918140935534 ], [ 55.373914325921859, 24.763917954421448 ], [ 55.373913278113683, 24.763917860713175 ], [ 55.373912225235621, 24.763917860713175 ], [ 55.373911177427445, 24.763917954421448 ], [ 55.373910144780133, 24.763918140935534 ], [ 55.373909137238648, 24.763918418459198 ], [ 55.373908164506148, 24.763918784319735 ], [ 55.37390723595059, 24.763919234993711 ], [ 55.373906360514475, 24.763919766140887 ], [ 55.37390554662872, 24.763920372646027 ], [ 55.373904802131499, 24.763921048668152 ], [ 55.373904134192728, 24.763921787696802 ], [ 55.373903549245014, 24.763922582614725 ], [ 55.373903052921726, 24.763923425766432 ], [ 55.373902650002734, 24.763924309031903 ], [ 55.373902344368361, 24.763925223904817 ], [ 55.373902138962045, 24.763926161574442 ], [ 55.373902035761944, 24.763927113010507 ], [ 55.373902010505539, 24.763927579831616 ], [ 55.373901759460452, 24.763927591030338 ], [ 55.373891294002533, 24.763927591030338 ], [ 55.373890242392704, 24.763927637940981 ], [ 55.373889200910455, 24.763927778221131 ], [ 55.373888179585819, 24.76392801051982 ], [ 55.373887188254727, 24.763928332599882 ], [ 55.373886236464223, 24.763928741359507 ], [ 55.373885333380585, 24.763929232862118 ], [ 55.373884487700991, 24.763929802374278 ], [ 55.373883707569803, 24.763930444411272 ], [ 55.373883000500108, 24.763931152789933 ], [ 55.373882373301377, 24.76393192068819 ], [ 55.373881832013872, 24.763932740710757 ], [ 55.373881381850488, 24.763933604960371 ], [ 55.373881027146552, 24.763934505113838 ], [ 55.373880771318049, 24.763935432502187 ], [ 55.37388061682875, 24.76393637819416 ], [ 55.373880565166473, 24.763937333082229 ], [ 55.373880565166473, 24.763946835980168 ], [ 55.37388055283342, 24.763947063935397 ], [ 55.373880301788333, 24.763947075134119 ], [ 55.373837913200376, 24.763947075134119 ], [ 55.373837662155289, 24.763947063935397 ], [ 55.373837649822235, 24.763946835980168 ], [ 55.373837649822235, 24.763937333082229 ], [ 55.373837594661403, 24.763936346472054 ], [ 55.373837429746125, 24.763935370006919 ], [ 55.373837156772161, 24.763934413727551 ], [ 55.37383677854644, 24.763933487467096 ], [ 55.373836298958153, 24.763932600750039 ], [ 55.373835722938765, 24.763931762694249 ], [ 55.37383505641133, 24.76393098191722 ], [ 55.373834306229568, 24.763930266447463 ], [ 55.373833480107386, 24.763929623641964 ], [ 55.373832586539571, 24.76392906011051 ], [ 55.373831634714442, 24.763928581647736 ], [ 55.373830634419342, 24.763928193173548 ], [ 55.37382959594003, 24.763927898682518 ], [ 55.373828529954913, 24.763927701202814 ], [ 55.373827447425207, 24.763927602765065 ], [ 55.373826933319229, 24.763927579831616 ], [ 55.373826908062824, 24.763927113010507 ], [ 55.373826809642502, 24.763926191145867 ], [ 55.373826615256093, 24.763925281934068 ], [ 55.373826326660556, 24.763924393593008 ], [ 55.373825946464358, 24.763923534151953 ], [ 55.373825478103896, 24.76392271137895 ], [ 55.373824925812443, 24.76392193271062 ], [ 55.37382429458188, 24.76392120518495 ], [ 55.373823590117574, 24.763920535377672 ], [ 55.373822818786827, 24.763919929342837 ], [ 55.373821987561293, 24.763919392558076 ], [ 55.373821103953993, 24.763918929875121 ], [ 55.373820175951415, 24.763918545475921 ], [ 55.373819211941289, 24.763918242834865 ], [ 55.373818220636821, 24.763918024687371 ], [ 55.373817210997892, 24.763917893005161 ], [ 55.373816192150116, 24.763917848978448 ], [ 55.373784005641937, 24.763917848978448 ], [ 55.373782986794161, 24.763917893005161 ], [ 55.373781977155232, 24.763918024687371 ], [ 55.373780985850765, 24.763918242834865 ], [ 55.373780021840638, 24.763918545475921 ], [ 55.37377909383806, 24.763918929875121 ], [ 55.373778210230761, 24.763919392558076 ], [ 55.373777379005226, 24.763919929342837 ], [ 55.373776607674479, 24.763920535377672 ], [ 55.373775903210174, 24.76392120518495 ], [ 55.373775271979611, 24.76392193271062 ], [ 55.373774719688157, 24.76392271137895 ], [ 55.373774251327696, 24.763923534151953 ], [ 55.373773871131498, 24.763924393593008 ], [ 55.373773582535961, 24.763925281934068 ], [ 55.373773388149552, 24.763926191145867 ], [ 55.373773289729229, 24.763927113010507 ], [ 55.373773264472824, 24.763927579831616 ], [ 55.373773013427737, 24.763927591030338 ], [ 55.373655522987363, 24.763927591030338 ], [ 55.373655262810857, 24.763927579424276 ], [ 55.37365511267037, 24.763927514944363 ], [ 55.373654482359697, 24.76392720902339 ], [ 55.373653509627196, 24.763926843162853 ], [ 55.373652502085712, 24.763926565639188 ], [ 55.3736514694384, 24.763926379125106 ], [ 55.373650421630224, 24.763926285416829 ], [ 55.373649368752162, 24.763926285416829 ], [ 55.373648320943985, 24.763926379125106 ], [ 55.373647288296674, 24.763926565639188 ], [ 55.373646280755189, 24.763926843162853 ], [ 55.373645308022688, 24.76392720902339 ], [ 55.373644677712015, 24.763927514944363 ], [ 55.373644527571528, 24.763927579424276 ], [ 55.373644267395022, 24.763927591030338 ], [ 55.373623336479184, 24.763927591030338 ], [ 55.373623085434097, 24.763927579831616 ], [ 55.373623060177692, 24.763927113010507 ], [ 55.373622956977592, 24.763926161574442 ], [ 55.373622751571276, 24.763925223904817 ], [ 55.373622445936903, 24.763924309031903 ], [ 55.37362204301791, 24.763923425766432 ], [ 55.373621546694622, 24.763922582614725 ], [ 55.373620961746909, 24.763921787696802 ], [ 55.373620293808138, 24.763921048668152 ], [ 55.373619549310916, 24.763920372646027 ], [ 55.373618735425161, 24.763919766140887 ], [ 55.373617859989047, 24.763919234993711 ], [ 55.373616931433489, 24.763918784319735 ], [ 55.373615958700988, 24.763918418459198 ], [ 55.373614951159503, 24.763918140935534 ], [ 55.373613918512191, 24.763917954421448 ], [ 55.373612870704015, 24.763917860713175 ], [ 55.373611817825953, 24.763917860713175 ], [ 55.373610770017777, 24.763917954421448 ], [ 55.373609737370465, 24.763918140935534 ], [ 55.37360872982898, 24.763918418459198 ], [ 55.37360775709648, 24.763918784319735 ], [ 55.373606828540922, 24.763919234993711 ], [ 55.373605953104807, 24.763919766140887 ], [ 55.373605139219052, 24.763920372646027 ], [ 55.373604394721831, 24.763921048668152 ], [ 55.37360372678306, 24.763921787696802 ], [ 55.373603141835346, 24.763922582614725 ], [ 55.373602645512058, 24.763923425766432 ], [ 55.373602242593066, 24.763924309031903 ], [ 55.373601936958693, 24.763925223904817 ], [ 55.373601731552377, 24.763926161574442 ], [ 55.373601628352276, 24.763927113010507 ], [ 55.373601603095871, 24.763927579831616 ], [ 55.373601352050784, 24.763927591030338 ], [ 55.373591149971006, 24.763927591030338 ], [ 55.373590898925919, 24.763927579831616 ], [ 55.373590873669514, 24.763927113010507 ], [ 55.373590770469413, 24.763926161574442 ], [ 55.373590565063097, 24.763925223904817 ], [ 55.373590259428724, 24.763924309031903 ], [ 55.373589856509732, 24.763923425766432 ], [ 55.373589360186443, 24.763922582614725 ], [ 55.37358877523873, 24.763921787696802 ], [ 55.373588107299959, 24.763921048668152 ], [ 55.373587362802738, 24.763920372646027 ], [ 55.373586548916983, 24.763919766140887 ], [ 55.373585673480868, 24.763919234993711 ], [ 55.37358474492531, 24.763918784319735 ], [ 55.373583772192809, 24.763918418459198 ], [ 55.373582764651324, 24.763918140935534 ], [ 55.373581732004013, 24.763917954421448 ], [ 55.373580684195836, 24.763917860713175 ], [ 55.373579631317774, 24.763917860713175 ], [ 55.373578583509598, 24.763917954421448 ], [ 55.373577550862287, 24.763918140935534 ], [ 55.373576543320802, 24.763918418459198 ], [ 55.373575570588301, 24.763918784319735 ], [ 55.373574642032743, 24.763919234993711 ], [ 55.373573766596628, 24.763919766140887 ], [ 55.373572952710873, 24.763920372646027 ], [ 55.373572208213652, 24.763921048668152 ], [ 55.373571540274881, 24.763921787696802 ], [ 55.373570955327168, 24.763922582614725 ], [ 55.373570459003879, 24.763923425766432 ], [ 55.373570056084887, 24.763924309031903 ], [ 55.373569750450514, 24.763925223904817 ], [ 55.373569545044198, 24.763926161574442 ], [ 55.373569441844097, 24.763927113010507 ], [ 55.373569416587692, 24.763927579831616 ], [ 55.373569165542605, 24.763927591030338 ], [ 55.373537505790708, 24.763927591030338 ], [ 55.373537254745621, 24.763927579831616 ], [ 55.373537229489216, 24.763927113010507 ], [ 55.373537131068893, 24.763926191145867 ], [ 55.373536936682484, 24.763925281934068 ], [ 55.373536648086947, 24.763924393593008 ], [ 55.373536267890749, 24.763923534151953 ], [ 55.373535799530288, 24.76392271137895 ], [ 55.373535247238834, 24.76392193271062 ], [ 55.373534616008271, 24.76392120518495 ], [ 55.373533911543966, 24.763920535377672 ], [ 55.373533140213219, 24.763919929342837 ], [ 55.373532308987684, 24.763919392558076 ], [ 55.373531425380385, 24.763918929875121 ], [ 55.373530497377807, 24.763918545475921 ], [ 55.37352953336768, 24.763918242834865 ], [ 55.373528542063212, 24.763918024687371 ], [ 55.373527532424283, 24.763917893005161 ], [ 55.373526513576508, 24.763917848978448 ], [ 55.373333394527435, 24.763917848978448 ], [ 55.373332375679659, 24.763917893005161 ], [ 55.37333136604073, 24.763918024687371 ], [ 55.373330374736263, 24.763918242834865 ], [ 55.373329410726136, 24.763918545475921 ], [ 55.373328482723558, 24.763918929875121 ], [ 55.373327599116259, 24.763919392558076 ], [ 55.373326767890724, 24.763919929342837 ], [ 55.373325996559977, 24.763920535377672 ], [ 55.373325292095672, 24.76392120518495 ], [ 55.373324660865109, 24.76392193271062 ], [ 55.373324108573655, 24.76392271137895 ], [ 55.373323640213194, 24.763923534151953 ], [ 55.373323260016996, 24.763924393593008 ], [ 55.373322971421459, 24.763925281934068 ], [ 55.37332277703505, 24.763926191145867 ], [ 55.373322678614727, 24.763927113010507 ], [ 55.373322653358322, 24.763927579831616 ], [ 55.373322139252345, 24.763927602765065 ], [ 55.373321056722638, 24.763927701202814 ], [ 55.373319990737521, 24.763927898682518 ], [ 55.373318952258209, 24.763928193173548 ], [ 55.373317951963109, 24.763928581647736 ], [ 55.37331700013798, 24.76392906011051 ], [ 55.373316106570165, 24.763929623641964 ], [ 55.373315280447983, 24.763930266447463 ], [ 55.373314530266221, 24.76393098191722 ], [ 55.373313863738787, 24.763931762694249 ], [ 55.373313287719398, 24.763932600750039 ], [ 55.373312808131111, 24.763933487467096 ], [ 55.37331242990539, 24.763934413727551 ], [ 55.373312156931426, 24.763935370006919 ], [ 55.373311992016149, 24.763936346472054 ], [ 55.373311936855316, 24.763937333082229 ], [ 55.373311936855316, 24.763946835980168 ], [ 55.373311924522262, 24.763947063935397 ], [ 55.373311673477176, 24.763947075134119 ], [ 55.373280013725278, 24.763947075134119 ], [ 55.373279762680191, 24.763947063935397 ], [ 55.373279750347137, 24.763946835980168 ], [ 55.373279750347137, 24.763937572236177 ], [ 55.373279763128792, 24.763937335989393 ], [ 55.37327983413995, 24.76393719965807 ], [ 55.37328017104803, 24.763936627320188 ], [ 55.373280573967023, 24.763935744054717 ], [ 55.373280879601388, 24.763934829181803 ], [ 55.373281085007712, 24.763933891512178 ], [ 55.373281188207805, 24.76393294007611 ], [ 55.373281188207805, 24.763931984036454 ], [ 55.373281085007712, 24.763931032600386 ], [ 55.373280879601388, 24.76393009493076 ], [ 55.373280573967023, 24.76392918005785 ], [ 55.37328017104803, 24.763928296792376 ], [ 55.37327983413995, 24.763927724454494 ], [ 55.373279763128792, 24.76392758812317 ], [ 55.373279737423786, 24.763927113010507 ], [ 55.373279639003464, 24.763926191145867 ], [ 55.373279444617054, 24.763925281934068 ], [ 55.373279156021518, 24.763924393593008 ], [ 55.37327877582532, 24.763923534151953 ], [ 55.373278307464858, 24.76392271137895 ], [ 55.373277755173405, 24.76392193271062 ], [ 55.373277123942842, 24.76392120518495 ], [ 55.373276419478536, 24.763920535377672 ], [ 55.373275648147789, 24.763919929342837 ], [ 55.373274816922255, 24.763919392558076 ], [ 55.373273933314955, 24.763918929875121 ], [ 55.373273005312377, 24.763918545475921 ], [ 55.373272041302251, 24.763918242834865 ], [ 55.373271049997783, 24.763918024687371 ], [ 55.373270040358854, 24.763917893005161 ], [ 55.373269021511078, 24.763917848978448 ], [ 55.373247563838959, 24.763917848978448 ], [ 55.373246544991183, 24.763917893005161 ], [ 55.373245535352254, 24.763918024687371 ], [ 55.373244544047786, 24.763918242834865 ], [ 55.373243580037659, 24.763918545475921 ], [ 55.373242652035081, 24.763918929875121 ], [ 55.373241768427782, 24.763919392558076 ], [ 55.373240937202247, 24.763919929342837 ], [ 55.373240165871501, 24.763920535377672 ], [ 55.373239461407195, 24.76392120518495 ], [ 55.373238830176632, 24.76392193271062 ], [ 55.373238277885179, 24.76392271137895 ], [ 55.373237809524717, 24.763923534151953 ], [ 55.373237429328519, 24.763924393593008 ], [ 55.373237140732982, 24.763925281934068 ], [ 55.373236946346573, 24.763926191145867 ], [ 55.37323684792625, 24.763927113010507 ], [ 55.373236822669845, 24.763927579831616 ], [ 55.373236571624759, 24.763927591030338 ], [ 55.37322636954498, 24.763927591030338 ], [ 55.373226109368474, 24.763927579424276 ], [ 55.373225959227987, 24.763927514944363 ], [ 55.373225328917314, 24.76392720902339 ], [ 55.373224356184814, 24.763926843162853 ], [ 55.373223348643329, 24.763926565639188 ], [ 55.373222315996017, 24.763926379125106 ], [ 55.373221268187841, 24.763926285416829 ], [ 55.373220215309779, 24.763926285416829 ], [ 55.373219167501603, 24.763926379125106 ], [ 55.373218134854291, 24.763926565639188 ], [ 55.373217127312806, 24.763926843162853 ], [ 55.373216154580305, 24.76392720902339 ], [ 55.373215524269632, 24.763927514944363 ], [ 55.373215374129146, 24.763927579424276 ], [ 55.373215113952639, 24.763927591030338 ], [ 55.373204911872861, 24.763927591030338 ], [ 55.373204660827774, 24.763927579831616 ], [ 55.373204635571369, 24.763927113010507 ], [ 55.373204537151047, 24.763926191145867 ], [ 55.373204342764637, 24.763925281934068 ], [ 55.373204054169101, 24.763924393593008 ], [ 55.373203673972903, 24.763923534151953 ], [ 55.373203205612441, 24.76392271137895 ], [ 55.373202653320988, 24.76392193271062 ], [ 55.373202022090425, 24.76392120518495 ], [ 55.373201317626119, 24.763920535377672 ], [ 55.373200546295372, 24.763919929342837 ], [ 55.373199715069838, 24.763919392558076 ], [ 55.373198831462538, 24.763918929875121 ], [ 55.37319790345996, 24.763918545475921 ], [ 55.373196939449834, 24.763918242834865 ], [ 55.373195948145366, 24.763918024687371 ], [ 55.373194938506437, 24.763917893005161 ], [ 55.373193919658661, 24.763917848978448 ], [ 55.373118817806244, 24.763917848978448 ], [ 55.373117798958468, 24.763917893005161 ], [ 55.373116789319539, 24.763918024687371 ], [ 55.373115798015071, 24.763918242834865 ], [ 55.373114834004944, 24.763918545475921 ], [ 55.373113906002366, 24.763918929875121 ], [ 55.373113022395067, 24.763919392558076 ], [ 55.373112191169533, 24.763919929342837 ], [ 55.373111419838786, 24.763920535377672 ], [ 55.37311071537448, 24.76392120518495 ], [ 55.373110084143917, 24.76392193271062 ], [ 55.373109531852464, 24.76392271137895 ], [ 55.373109063492002, 24.763923534151953 ], [ 55.373108683295804, 24.763924393593008 ], [ 55.373108394700267, 24.763925281934068 ], [ 55.373108200313858, 24.763926191145867 ], [ 55.373108101893536, 24.763927113010507 ], [ 55.373108076637131, 24.763927579831616 ], [ 55.373107825592044, 24.763927591030338 ], [ 55.373097623512265, 24.763927591030338 ], [ 55.373097372467178, 24.763927579831616 ], [ 55.373097347210773, 24.763927113010507 ], [ 55.373097248790451, 24.763926191145867 ], [ 55.373097054404042, 24.763925281934068 ], [ 55.373096765808505, 24.763924393593008 ], [ 55.373096385612307, 24.763923534151953 ], [ 55.373095917251845, 24.76392271137895 ], [ 55.373095364960392, 24.76392193271062 ], [ 55.373094733729829, 24.76392120518495 ], [ 55.373094029265523, 24.763920535377672 ], [ 55.373093257934777, 24.763919929342837 ], [ 55.373092426709242, 24.763919392558076 ], [ 55.373091543101943, 24.763918929875121 ], [ 55.373090615099365, 24.763918545475921 ], [ 55.373089651089238, 24.763918242834865 ], [ 55.37308865978477, 24.763918024687371 ], [ 55.373087650145841, 24.763917893005161 ], [ 55.373086631298065, 24.763917848978448 ], [ 55.373065173625946, 24.763917848978448 ], [ 55.37306415477817, 24.763917893005161 ], [ 55.373063145139241, 24.763918024687371 ], [ 55.373062153834773, 24.763918242834865 ], [ 55.373061189824647, 24.763918545475921 ], [ 55.373060261822069, 24.763918929875121 ], [ 55.373059378214769, 24.763919392558076 ], [ 55.373058546989235, 24.763919929342837 ], [ 55.373057775658488, 24.763920535377672 ], [ 55.373057071194182, 24.76392120518495 ], [ 55.373056439963619, 24.76392193271062 ], [ 55.373055887672166, 24.76392271137895 ], [ 55.373055419311704, 24.763923534151953 ], [ 55.373055039115506, 24.763924393593008 ], [ 55.37305475051997, 24.763925281934068 ], [ 55.37305455613356, 24.763926191145867 ], [ 55.373054457713238, 24.763927113010507 ], [ 55.373054432456833, 24.763927579831616 ], [ 55.373054181411746, 24.763927591030338 ], [ 55.373033250495908, 24.763927591030338 ], [ 55.373032999450821, 24.763927579831616 ], [ 55.373032974194416, 24.763927113010507 ], [ 55.373032875774093, 24.763926191145867 ], [ 55.373032681387684, 24.763925281934068 ], [ 55.373032392792148, 24.763924393593008 ], [ 55.373032012595949, 24.763923534151953 ], [ 55.373031544235488, 24.76392271137895 ], [ 55.373030991944034, 24.76392193271062 ], [ 55.373030360713472, 24.76392120518495 ], [ 55.373029656249166, 24.763920535377672 ], [ 55.373028884918419, 24.763919929342837 ], [ 55.373028053692884, 24.763919392558076 ], [ 55.373027170085585, 24.763918929875121 ], [ 55.373026242083007, 24.763918545475921 ], [ 55.37302527807288, 24.763918242834865 ], [ 55.373024286768413, 24.763918024687371 ], [ 55.373023277129484, 24.763917893005161 ], [ 55.373022258281708, 24.763917848978448 ], [ 55.373011529445648, 24.763917848978448 ], [ 55.373010510597872, 24.763917893005161 ], [ 55.373009500958943, 24.763918024687371 ], [ 55.373008509654476, 24.763918242834865 ], [ 55.373007545644349, 24.763918545475921 ], [ 55.373006617641771, 24.763918929875121 ], [ 55.373005734034471, 24.763919392558076 ], [ 55.373004902808937, 24.763919929342837 ], [ 55.37300413147819, 24.763920535377672 ], [ 55.373003427013884, 24.76392120518495 ], [ 55.373002795783322, 24.76392193271062 ], [ 55.373002243491868, 24.76392271137895 ], [ 55.373001775131407, 24.763923534151953 ], [ 55.373001394935208, 24.763924393593008 ], [ 55.373001106339672, 24.763925281934068 ], [ 55.373000911953262, 24.763926191145867 ], [ 55.37300081353294, 24.763927113010507 ], [ 55.373000788276535, 24.763927579831616 ], [ 55.373000537231448, 24.763927591030338 ], [ 55.37297960631561, 24.763927591030338 ], [ 55.372979355270523, 24.763927579831616 ], [ 55.372979330014118, 24.763927113010507 ], [ 55.372979231593796, 24.763926191145867 ], [ 55.372979037207386, 24.763925281934068 ], [ 55.37297874861185, 24.763924393593008 ], [ 55.372978368415652, 24.763923534151953 ], [ 55.37297790005519, 24.76392271137895 ], [ 55.372977347763737, 24.76392193271062 ], [ 55.372976716533174, 24.76392120518495 ], [ 55.372976012068868, 24.763920535377672 ], [ 55.372975240738121, 24.763919929342837 ], [ 55.372974409512587, 24.763919392558076 ], [ 55.372973525905287, 24.763918929875121 ], [ 55.372972597902709, 24.763918545475921 ], [ 55.372971633892583, 24.763918242834865 ], [ 55.372970642588115, 24.763918024687371 ], [ 55.372969632949186, 24.763917893005161 ], [ 55.37296861410141, 24.763917848978448 ], [ 55.372914969921112, 24.763917848978448 ], [ 55.372913951073336, 24.763917893005161 ], [ 55.372912941434407, 24.763918024687371 ], [ 55.372911950129939, 24.763918242834865 ], [ 55.372910986119813, 24.763918545475921 ], [ 55.372910058117235, 24.763918929875121 ], [ 55.372909174509935, 24.763919392558076 ], [ 55.372908343284401, 24.763919929342837 ], [ 55.372907571953654, 24.763920535377672 ], [ 55.372906867489348, 24.76392120518495 ], [ 55.372906236258785, 24.76392193271062 ], [ 55.372905683967332, 24.76392271137895 ], [ 55.37290521560687, 24.763923534151953 ], [ 55.372904835410672, 24.763924393593008 ], [ 55.372904546815136, 24.763925281934068 ], [ 55.372904352428726, 24.763926191145867 ], [ 55.372904254008404, 24.763927113010507 ], [ 55.372904228751999, 24.763927579831616 ], [ 55.372903977706912, 24.763927591030338 ], [ 55.37273284308624, 24.763927591030338 ], [ 55.372732592041153, 24.763927579831616 ], [ 55.372732566784748, 24.763927113010507 ], [ 55.372732468364426, 24.763926191145867 ], [ 55.372732273978016, 24.763925281934068 ], [ 55.37273198538248, 24.763924393593008 ], [ 55.372731605186281, 24.763923534151953 ], [ 55.37273113682582, 24.76392271137895 ], [ 55.372730584534366, 24.76392193271062 ], [ 55.372729953303804, 24.76392120518495 ], [ 55.372729248839498, 24.763920535377672 ], [ 55.372728477508751, 24.763919929342837 ], [ 55.372727646283217, 24.763919392558076 ], [ 55.372726762675917, 24.763918929875121 ], [ 55.372725834673339, 24.763918545475921 ], [ 55.372724870663212, 24.763918242834865 ], [ 55.372723879358745, 24.763918024687371 ], [ 55.372722869719816, 24.763917893005161 ], [ 55.37272185087204, 24.763917848978448 ], [ 55.372668206691742, 24.763917848978448 ], [ 55.372667187843966, 24.763917893005161 ], [ 55.372666178205037, 24.763918024687371 ], [ 55.372665186900569, 24.763918242834865 ], [ 55.372664222890442, 24.763918545475921 ], [ 55.372663294887865, 24.763918929875121 ], [ 55.372662411280565, 24.763919392558076 ], [ 55.372661580055031, 24.763919929342837 ], [ 55.372660808724284, 24.763920535377672 ], [ 55.372660104259978, 24.76392120518495 ], [ 55.372659473029415, 24.76392193271062 ], [ 55.372658920737962, 24.76392271137895 ], [ 55.3726584523775, 24.763923534151953 ], [ 55.372658072181302, 24.763924393593008 ], [ 55.372657783585765, 24.763925281934068 ], [ 55.372657589199356, 24.763926191145867 ], [ 55.372657490779034, 24.763927113010507 ], [ 55.372657465522629, 24.763927579831616 ], [ 55.372657214477542, 24.763927591030338 ], [ 55.372593368217466, 24.763927591030338 ], [ 55.372593117172379, 24.763927579831616 ], [ 55.372593091915974, 24.763927113010507 ], [ 55.372592993495651, 24.763926191145867 ], [ 55.372592799109242, 24.763925281934068 ], [ 55.372592510513705, 24.763924393593008 ], [ 55.372592130317507, 24.763923534151953 ], [ 55.372591661957046, 24.76392271137895 ], [ 55.372591109665592, 24.76392193271062 ], [ 55.372590478435029, 24.76392120518495 ], [ 55.372589773970724, 24.763920535377672 ], [ 55.372589002639977, 24.763919929342837 ], [ 55.372588171414442, 24.763919392558076 ], [ 55.372587287807143, 24.763918929875121 ], [ 55.372586359804565, 24.763918545475921 ], [ 55.372585395794438, 24.763918242834865 ], [ 55.37258440448997, 24.763918024687371 ], [ 55.372583394851041, 24.763917893005161 ], [ 55.372582376003265, 24.763917848978448 ], [ 55.372571647167206, 24.763917848978448 ], [ 55.37257062831943, 24.763917893005161 ], [ 55.372569618680501, 24.763918024687371 ], [ 55.372568627376033, 24.763918242834865 ], [ 55.372567663365906, 24.763918545475921 ], [ 55.372566735363328, 24.763918929875121 ], [ 55.372565851756029, 24.763919392558076 ], [ 55.372565020530494, 24.763919929342837 ], [ 55.372564249199748, 24.763920535377672 ], [ 55.372563544735442, 24.76392120518495 ], [ 55.372562913504879, 24.76392193271062 ], [ 55.372562361213426, 24.76392271137895 ], [ 55.372561892852964, 24.763923534151953 ], [ 55.372561512656766, 24.763924393593008 ], [ 55.372561224061229, 24.763925281934068 ], [ 55.37256102967482, 24.763926191145867 ], [ 55.372560931254498, 24.763927113010507 ], [ 55.372560905998093, 24.763927579831616 ], [ 55.372560654953006, 24.763927591030338 ], [ 55.372550452873227, 24.763927591030338 ], [ 55.372550192696721, 24.763927579424276 ], [ 55.372550042556234, 24.763927514944363 ], [ 55.372549412245561, 24.76392720902339 ], [ 55.372548439513061, 24.763926843162853 ], [ 55.372547431971576, 24.763926565639188 ], [ 55.372546399324264, 24.763926379125106 ], [ 55.372545351516088, 24.763926285416829 ], [ 55.372544298638026, 24.763926285416829 ], [ 55.37254325082985, 24.763926379125106 ], [ 55.372542218182538, 24.763926565639188 ], [ 55.372541210641053, 24.763926843162853 ], [ 55.372540237908552, 24.76392720902339 ], [ 55.372539607597879, 24.763927514944363 ], [ 55.372539457457393, 24.763927579424276 ], [ 55.372539197280886, 24.763927591030338 ], [ 55.372496808692929, 24.763927591030338 ], [ 55.372496557647843, 24.763927579831616 ], [ 55.372496532391438, 24.763927113010507 ], [ 55.372496433971115, 24.763926191145867 ], [ 55.372496239584706, 24.763925281934068 ], [ 55.372495950989169, 24.763924393593008 ], [ 55.372495570792971, 24.763923534151953 ], [ 55.372495102432509, 24.76392271137895 ], [ 55.372494550141056, 24.76392193271062 ], [ 55.372493918910493, 24.76392120518495 ], [ 55.372493214446187, 24.763920535377672 ], [ 55.372492443115441, 24.763919929342837 ], [ 55.372491611889906, 24.763919392558076 ], [ 55.372490728282607, 24.763918929875121 ], [ 55.372489800280029, 24.763918545475921 ], [ 55.372488836269902, 24.763918242834865 ], [ 55.372487844965434, 24.763918024687371 ], [ 55.372486835326505, 24.763917893005161 ], [ 55.372485816478729, 24.763917848978448 ], [ 55.37247508764267, 24.763917848978448 ], [ 55.372474068794894, 24.763917893005161 ], [ 55.372473059155965, 24.763918024687371 ], [ 55.372472067851497, 24.763918242834865 ], [ 55.37247110384137, 24.763918545475921 ], [ 55.372470175838792, 24.763918929875121 ], [ 55.372469292231493, 24.763919392558076 ], [ 55.372468461005958, 24.763919929342837 ], [ 55.372467689675211, 24.763920535377672 ], [ 55.372466985210906, 24.76392120518495 ], [ 55.372466353980343, 24.76392193271062 ], [ 55.37246580168889, 24.76392271137895 ], [ 55.372465333328428, 24.763923534151953 ], [ 55.37246495313223, 24.763924393593008 ], [ 55.372464664536693, 24.763925281934068 ], [ 55.372464470150284, 24.763926191145867 ], [ 55.372464371729961, 24.763927113010507 ], [ 55.372464346473556, 24.763927579831616 ], [ 55.372464095428469, 24.763927591030338 ], [ 55.372421706840512, 24.763927591030338 ], [ 55.372421455795426, 24.763927579831616 ], [ 55.372421430539021, 24.763927113010507 ], [ 55.372421332118698, 24.763926191145867 ], [ 55.372421137732289, 24.763925281934068 ], [ 55.372420849136752, 24.763924393593008 ], [ 55.372420468940554, 24.763923534151953 ], [ 55.372420000580092, 24.76392271137895 ], [ 55.372419448288639, 24.76392193271062 ], [ 55.372418817058076, 24.76392120518495 ], [ 55.37241811259377, 24.763920535377672 ], [ 55.372417341263024, 24.763919929342837 ], [ 55.372416510037489, 24.763919392558076 ], [ 55.37241562643019, 24.763918929875121 ], [ 55.372414698427612, 24.763918545475921 ], [ 55.372413734417485, 24.763918242834865 ], [ 55.372412743113017, 24.763918024687371 ], [ 55.372411733474088, 24.763917893005161 ], [ 55.372410714626312, 24.763917848978448 ], [ 55.372399985790253, 24.763917848978448 ], [ 55.372398966942477, 24.763917893005161 ], [ 55.372397957303548, 24.763918024687371 ], [ 55.37239696599908, 24.763918242834865 ], [ 55.372396001988953, 24.763918545475921 ], [ 55.372395073986375, 24.763918929875121 ], [ 55.372394190379076, 24.763919392558076 ], [ 55.372393359153541, 24.763919929342837 ], [ 55.372392587822794, 24.763920535377672 ], [ 55.372391883358489, 24.76392120518495 ], [ 55.372391252127926, 24.76392193271062 ], [ 55.372390699836473, 24.76392271137895 ], [ 55.372390231476011, 24.763923534151953 ], [ 55.372389851279813, 24.763924393593008 ], [ 55.372389562684276, 24.763925281934068 ], [ 55.372389368297867, 24.763926191145867 ], [ 55.372389269877544, 24.763927113010507 ], [ 55.372389244621139, 24.763927579831616 ], [ 55.372388993576052, 24.763927591030338 ], [ 55.372368062660215, 24.763927591030338 ], [ 55.372367811615128, 24.763927579831616 ], [ 55.372367786358723, 24.763927113010507 ], [ 55.3723676879384, 24.763926191145867 ], [ 55.372367493551991, 24.763925281934068 ], [ 55.372367204956454, 24.763924393593008 ], [ 55.372366824760256, 24.763923534151953 ], [ 55.372366356399795, 24.76392271137895 ], [ 55.372365804108341, 24.76392193271062 ], [ 55.372365172877778, 24.76392120518495 ], [ 55.372364468413473, 24.763920535377672 ], [ 55.372363697082726, 24.763919929342837 ], [ 55.372362865857191, 24.763919392558076 ], [ 55.372361982249892, 24.763918929875121 ], [ 55.372361054247314, 24.763918545475921 ], [ 55.372360090237187, 24.763918242834865 ], [ 55.372359098932719, 24.763918024687371 ], [ 55.37235808929379, 24.763917893005161 ], [ 55.372357070446014, 24.763917848978448 ], [ 55.372292697429657, 24.763917848978448 ], [ 55.372291678581881, 24.763917893005161 ], [ 55.372290668942952, 24.763918024687371 ], [ 55.372289677638484, 24.763918242834865 ], [ 55.372288713628357, 24.763918545475921 ], [ 55.37228778562578, 24.763918929875121 ], [ 55.37228690201848, 24.763919392558076 ], [ 55.372286070792946, 24.763919929342837 ], [ 55.372285299462199, 24.763920535377672 ], [ 55.372284594997893, 24.76392120518495 ], [ 55.37228396376733, 24.76392193271062 ], [ 55.372283411475877, 24.76392271137895 ], [ 55.372282943115415, 24.763923534151953 ], [ 55.372282562919217, 24.763924393593008 ], [ 55.37228227432368, 24.763925281934068 ], [ 55.372282079937271, 24.763926191145867 ], [ 55.372281981516949, 24.763927113010507 ], [ 55.372281956260544, 24.763927579831616 ], [ 55.372281705215457, 24.763927591030338 ], [ 55.372250045463559, 24.763927591030338 ], [ 55.372249794418472, 24.763927579831616 ], [ 55.372249769162067, 24.763927113010507 ], [ 55.372249670741745, 24.763926191145867 ], [ 55.372249476355336, 24.763925281934068 ], [ 55.372249187759799, 24.763924393593008 ], [ 55.372248807563601, 24.763923534151953 ], [ 55.372248339203139, 24.76392271137895 ], [ 55.372247786911686, 24.76392193271062 ], [ 55.372247155681123, 24.76392120518495 ], [ 55.372246451216817, 24.763920535377672 ], [ 55.37224567988607, 24.763919929342837 ], [ 55.372244848660536, 24.763919392558076 ], [ 55.372243965053237, 24.763918929875121 ], [ 55.372243037050659, 24.763918545475921 ], [ 55.372242073040532, 24.763918242834865 ], [ 55.372241081736064, 24.763918024687371 ], [ 55.372240072097135, 24.763917893005161 ], [ 55.372239053249359, 24.763917848978448 ], [ 55.371713603660581, 24.763917848978448 ], [ 55.371713352615494, 24.763917837779726 ], [ 55.371713327359089, 24.763917370958616 ], [ 55.371713228938766, 24.763916449093976 ], [ 55.371713034552357, 24.763915539882177 ], [ 55.37171274595682, 24.763914651541118 ], [ 55.371712365760622, 24.763913792100062 ], [ 55.371711897400161, 24.763912969327059 ], [ 55.371711345108707, 24.763912190658729 ], [ 55.371710713878144, 24.763911463133059 ], [ 55.371710009413839, 24.763910793325781 ], [ 55.371709238083092, 24.763910187290946 ], [ 55.371708406857557, 24.763909650506186 ], [ 55.371707523250258, 24.763909187823231 ], [ 55.37170659524768, 24.76390880342403 ], [ 55.371705631237553, 24.763908500782975 ], [ 55.371704639933085, 24.76390828263548 ], [ 55.371703630294157, 24.76390815095327 ], [ 55.371702611446381, 24.763908106926557 ], [ 55.371648967266083, 24.763908106926557 ], [ 55.371647948418307, 24.76390815095327 ], [ 55.371646938779378, 24.76390828263548 ], [ 55.37164594747491, 24.763908500782975 ], [ 55.371644983464783, 24.76390880342403 ], [ 55.371644055462205, 24.763909187823231 ], [ 55.371643171854906, 24.763909650506186 ], [ 55.371642340629371, 24.763910187290946 ], [ 55.371641569298625, 24.763910793325781 ], [ 55.371640864834319, 24.763911463133059 ], [ 55.371640233603756, 24.763912190658729 ], [ 55.371639681312303, 24.763912969327059 ], [ 55.371639212951841, 24.763913792100062 ], [ 55.371638832755643, 24.763914651541118 ], [ 55.371638544160106, 24.763915539882177 ], [ 55.371638349773697, 24.763916449093976 ], [ 55.371638251353374, 24.763917370958616 ], [ 55.37163822609697, 24.763917837779726 ], [ 55.371637975051883, 24.763917848978448 ], [ 55.371617044136045, 24.763917848978448 ], [ 55.371616783959539, 24.763917837372386 ], [ 55.371616633819052, 24.763917772892473 ], [ 55.371616003508379, 24.763917466971499 ], [ 55.371615030775878, 24.763917101110962 ], [ 55.371614023234393, 24.763916823587298 ], [ 55.371612990587082, 24.763916637073216 ], [ 55.371611942778905, 24.763916543364939 ], [ 55.371610889900843, 24.763916543364939 ], [ 55.371609842092667, 24.763916637073216 ], [ 55.371608809445355, 24.763916823587298 ], [ 55.37160780190387, 24.763917101110962 ], [ 55.37160682917137, 24.763917466971499 ], [ 55.371606198860697, 24.763917772892473 ], [ 55.37160604872021, 24.763917837372386 ], [ 55.371605788543704, 24.763917848978448 ], [ 55.371509755775449, 24.763917848978448 ], [ 55.371509504730362, 24.763917837779726 ], [ 55.371509479473957, 24.763917370958616 ], [ 55.371509381053635, 24.763916449093976 ], [ 55.371509186667225, 24.763915539882177 ], [ 55.371508898071689, 24.763914651541118 ], [ 55.37150851787549, 24.763913792100062 ], [ 55.371508049515029, 24.763912969327059 ], [ 55.371507497223575, 24.763912190658729 ], [ 55.371506865993013, 24.763911463133059 ], [ 55.371506161528707, 24.763910793325781 ], [ 55.37150539019796, 24.763910187290946 ], [ 55.371504558972426, 24.763909650506186 ], [ 55.371503675365126, 24.763909187823231 ], [ 55.371502747362548, 24.76390880342403 ], [ 55.371501783352421, 24.763908500782975 ], [ 55.371500792047954, 24.76390828263548 ], [ 55.371499782409025, 24.76390815095327 ], [ 55.371498763561249, 24.763908106926557 ], [ 55.37147730588913, 24.763908106926557 ], [ 55.371476287041354, 24.76390815095327 ], [ 55.371475277402425, 24.76390828263548 ], [ 55.371474286097957, 24.763908500782975 ], [ 55.37147332208783, 24.76390880342403 ], [ 55.371472394085252, 24.763909187823231 ], [ 55.371471510477953, 24.763909650506186 ], [ 55.371470679252418, 24.763910187290946 ], [ 55.371469907921671, 24.763910793325781 ], [ 55.371469203457366, 24.763911463133059 ], [ 55.371468572226803, 24.763912190658729 ], [ 55.37146801993535, 24.763912969327059 ], [ 55.371467551574888, 24.763913792100062 ], [ 55.37146717137869, 24.763914651541118 ], [ 55.371466882783153, 24.763915539882177 ], [ 55.371466688396744, 24.763916449093976 ], [ 55.371466589976421, 24.763917370958616 ], [ 55.371466564720016, 24.763917837779726 ], [ 55.371466313674929, 24.763917848978448 ], [ 55.371434653923032, 24.763917848978448 ], [ 55.371434393746526, 24.763917837372386 ], [ 55.371434243606039, 24.763917772892473 ], [ 55.371433613295366, 24.763917466971499 ], [ 55.371432640562865, 24.763917101110962 ], [ 55.37143163302138, 24.763916823587298 ], [ 55.371430600374069, 24.763916637073216 ], [ 55.371429552565893, 24.763916543364939 ], [ 55.371428499687831, 24.763916543364939 ], [ 55.371427451879654, 24.763916637073216 ], [ 55.371426419232343, 24.763916823587298 ], [ 55.371425411690858, 24.763917101110962 ], [ 55.371424438958357, 24.763917466971499 ], [ 55.371423808647684, 24.763917772892473 ], [ 55.371423658507197, 24.763917837372386 ], [ 55.371423398330691, 24.763917848978448 ], [ 55.371327365562436, 24.763917848978448 ], [ 55.37132710538593, 24.763917837372386 ], [ 55.371326955245443, 24.763917772892473 ], [ 55.37132632493477, 24.763917466971499 ], [ 55.37132535220227, 24.763917101110962 ], [ 55.371324344660785, 24.763916823587298 ], [ 55.371323312013473, 24.763916637073216 ], [ 55.371322264205297, 24.763916543364939 ], [ 55.371321211327235, 24.763916543364939 ], [ 55.371320163519059, 24.763916637073216 ], [ 55.371319130871747, 24.763916823587298 ], [ 55.371318123330262, 24.763917101110962 ], [ 55.371317150597761, 24.763917466971499 ], [ 55.371316520287088, 24.763917772892473 ], [ 55.371316370146602, 24.763917837372386 ], [ 55.371316109970095, 24.763917848978448 ], [ 55.371252263710019, 24.763917848978448 ], [ 55.371252003533513, 24.763917837372386 ], [ 55.371251853393026, 24.763917772892473 ], [ 55.371251223082353, 24.763917466971499 ], [ 55.371250250349853, 24.763917101110962 ], [ 55.371249242808368, 24.763916823587298 ], [ 55.371248210161056, 24.763916637073216 ], [ 55.37124716235288, 24.763916543364939 ], [ 55.371246109474818, 24.763916543364939 ], [ 55.371245061666642, 24.763916637073216 ], [ 55.37124402901933, 24.763916823587298 ], [ 55.371243021477845, 24.763917101110962 ], [ 55.371242048745344, 24.763917466971499 ], [ 55.371241418434671, 24.763917772892473 ], [ 55.371241268294185, 24.763917837372386 ], [ 55.371241008117678, 24.763917848978448 ], [ 55.371220077201841, 24.763917848978448 ], [ 55.371219826156754, 24.763917837779726 ], [ 55.371219800900349, 24.763917370958616 ], [ 55.371219702480026, 24.763916449093976 ], [ 55.371219508093617, 24.763915539882177 ], [ 55.37121921949808, 24.763914651541118 ], [ 55.371218839301882, 24.763913792100062 ], [ 55.371218370941421, 24.763912969327059 ], [ 55.371217818649967, 24.763912190658729 ], [ 55.371217187419404, 24.763911463133059 ], [ 55.371216482955099, 24.763910793325781 ], [ 55.371215711624352, 24.763910187290946 ], [ 55.371214880398817, 24.763909650506186 ], [ 55.371213996791518, 24.763909187823231 ], [ 55.37121306878894, 24.76390880342403 ], [ 55.371212104778813, 24.763908500782975 ], [ 55.371211113474345, 24.76390828263548 ], [ 55.371210103835416, 24.76390815095327 ], [ 55.37120908498764, 24.763908106926557 ], [ 55.371187627315521, 24.763908106926557 ], [ 55.371186608467745, 24.76390815095327 ], [ 55.371185598828816, 24.76390828263548 ], [ 55.371184607524349, 24.763908500782975 ], [ 55.371183643514222, 24.76390880342403 ], [ 55.371182715511644, 24.763909187823231 ], [ 55.371181831904345, 24.763909650506186 ], [ 55.37118100067881, 24.763910187290946 ], [ 55.371180229348063, 24.763910793325781 ], [ 55.371179524883757, 24.763911463133059 ], [ 55.371178893653195, 24.763912190658729 ], [ 55.371178341361741, 24.763912969327059 ], [ 55.37117787300128, 24.763913792100062 ], [ 55.371177492805081, 24.763914651541118 ], [ 55.371177204209545, 24.763915539882177 ], [ 55.371177009823136, 24.763916449093976 ], [ 55.371176911402813, 24.763917370958616 ], [ 55.371176886146408, 24.763917837779726 ], [ 55.371176635101321, 24.763917848978448 ], [ 55.371155704185483, 24.763917848978448 ], [ 55.371155444008977, 24.763917837372386 ], [ 55.37115529386849, 24.763917772892473 ], [ 55.371154663557817, 24.763917466971499 ], [ 55.371153690825317, 24.763917101110962 ], [ 55.371152683283832, 24.763916823587298 ], [ 55.37115165063652, 24.763916637073216 ], [ 55.371150602828344, 24.763916543364939 ], [ 55.371149549950282, 24.763916543364939 ], [ 55.371148502142105, 24.763916637073216 ], [ 55.371147469494794, 24.763916823587298 ], [ 55.371146461953309, 24.763917101110962 ], [ 55.371145489220808, 24.763917466971499 ], [ 55.371144858910135, 24.763917772892473 ], [ 55.371144708769648, 24.763917837372386 ], [ 55.371144448593142, 24.763917848978448 ], [ 55.371112788841245, 24.763917848978448 ], [ 55.371112537796158, 24.763917837779726 ], [ 55.371112512539753, 24.763917370958616 ], [ 55.371112409339652, 24.763916419522552 ], [ 55.371112203933336, 24.763915481852926 ], [ 55.371111898298963, 24.763914566980013 ], [ 55.371111495379971, 24.763913683714541 ], [ 55.371110999056683, 24.763912840562835 ], [ 55.371110414108969, 24.763912045644911 ], [ 55.371109746170198, 24.763911306616261 ], [ 55.371109001672977, 24.763910630594136 ], [ 55.371108187787222, 24.763910024088997 ], [ 55.371107312351107, 24.763909492941821 ], [ 55.371106383795549, 24.763909042267844 ], [ 55.371105411063049, 24.763908676407308 ], [ 55.371104403521564, 24.763908398883643 ], [ 55.371103370874252, 24.763908212369557 ], [ 55.371102323066076, 24.763908118661284 ], [ 55.371101270188014, 24.763908118661284 ], [ 55.371100222379837, 24.763908212369557 ], [ 55.371099189732526, 24.763908398883643 ], [ 55.371098182191041, 24.763908676407308 ], [ 55.37109720945854, 24.763909042267844 ], [ 55.371096280902982, 24.763909492941821 ], [ 55.371095405466868, 24.763910024088997 ], [ 55.371094591581112, 24.763910630594136 ], [ 55.371093847083891, 24.763911306616261 ], [ 55.37109317914512, 24.763912045644911 ], [ 55.371092594197407, 24.763912840562835 ], [ 55.371092097874119, 24.763913683714541 ], [ 55.371091694955126, 24.763914566980013 ], [ 55.371091389320753, 24.763915481852926 ], [ 55.371091183914437, 24.763916419522552 ], [ 55.371091080714336, 24.763917370958616 ], [ 55.371091055457931, 24.763917837779726 ], [ 55.371090804412844, 24.763917848978448 ], [ 55.371080602333066, 24.763917848978448 ], [ 55.371080351287979, 24.763917837779726 ], [ 55.371080326031574, 24.763917370958616 ], [ 55.371080217622946, 24.763916387994531 ], [ 55.371080000140282, 24.76391542005334 ], [ 55.3710796758199, 24.763914477088115 ], [ 55.371079247996697, 24.763913568795108 ], [ 55.37107872106985, 24.763912704514045 ], [ 55.371078100457616, 24.763911893132086 ], [ 55.371077392541572, 24.763911142992452 ], [ 55.371076604601029, 24.763910461808617 ], [ 55.37107574473815, 24.763909856585013 ], [ 55.371074821794679, 24.76390933354498 ], [ 55.371073845260987, 24.763908898066802 ], [ 55.371072825178494, 24.763908554628372 ], [ 55.371071772036437, 24.763908306761181 ], [ 55.371070696663971, 24.763908157013969 ], [ 55.371069610118866, 24.763908106926557 ], [ 55.371026694774628, 24.763908106926557 ], [ 55.371025608229523, 24.763908157013969 ], [ 55.371024532857056, 24.763908306761181 ], [ 55.371023479714999, 24.763908554628372 ], [ 55.371022459632506, 24.763908898066802 ], [ 55.371021483098815, 24.76390933354498 ], [ 55.371020560155344, 24.763909856585013 ], [ 55.371019700292464, 24.763910461808617 ], [ 55.371018912351921, 24.763911142992452 ], [ 55.371018204435877, 24.763911893132086 ], [ 55.371017583823644, 24.763912704514045 ], [ 55.371017056896797, 24.763913568795108 ], [ 55.371016629073594, 24.763914477088115 ], [ 55.371016304753212, 24.76391542005334 ], [ 55.371016087270547, 24.763916387994531 ], [ 55.371015978861919, 24.763917370958616 ], [ 55.371015953605514, 24.763917837779726 ], [ 55.371015702560427, 24.763917848978448 ], [ 55.371005237102509, 24.763917848978448 ], [ 55.371004150557404, 24.763917899065859 ], [ 55.371003075184937, 24.763918048813068 ], [ 55.37100202204288, 24.763918296680263 ], [ 55.371001001960387, 24.763918640118693 ], [ 55.371000025426696, 24.763919075596871 ], [ 55.370999102483225, 24.763919598636903 ], [ 55.370998242620345, 24.763920203860508 ], [ 55.370997454679802, 24.763920885044342 ], [ 55.370996746763758, 24.763921635183976 ], [ 55.370996126151525, 24.763922446565935 ], [ 55.370995599224678, 24.763923310846998 ], [ 55.370995171401475, 24.763924219140005 ], [ 55.370994847081093, 24.763925162105231 ], [ 55.370994629598428, 24.763926130046421 ], [ 55.3709945211898, 24.763927113010507 ], [ 55.370994495933395, 24.763927579831616 ], [ 55.370994244888308, 24.763927591030338 ], [ 55.37098404280853, 24.763927591030338 ], [ 55.370983791763443, 24.763927579831616 ], [ 55.370983766507038, 24.763927113010507 ], [ 55.37098365809841, 24.763926130046421 ], [ 55.370983440615746, 24.763925162105231 ], [ 55.370983116295363, 24.763924219140005 ], [ 55.370982688472161, 24.763923310846998 ], [ 55.370982161545314, 24.763922446565935 ], [ 55.37098154093308, 24.763921635183976 ], [ 55.370980833017036, 24.763920885044342 ], [ 55.370980045076493, 24.763920203860508 ], [ 55.370979185213614, 24.763919598636903 ], [ 55.370978262270143, 24.763919075596871 ], [ 55.370977285736451, 24.763918640118693 ], [ 55.370976265653958, 24.763918296680263 ], [ 55.370975212511901, 24.763918048813068 ], [ 55.370974137139434, 24.763917899065859 ], [ 55.37097305059433, 24.763917848978448 ], [ 55.370951856300351, 24.763917848978448 ], [ 55.370951605255264, 24.763917837779726 ], [ 55.370951579998859, 24.763917370958616 ], [ 55.370951471590232, 24.763916387994531 ], [ 55.370951254107567, 24.76391542005334 ], [ 55.370950929787185, 24.763914477088115 ], [ 55.370950501963982, 24.763913568795108 ], [ 55.370949975037135, 24.763912704514045 ], [ 55.370949354424901, 24.763911893132086 ], [ 55.370948646508857, 24.763911142992452 ], [ 55.370947858568314, 24.763910461808617 ], [ 55.370946998705435, 24.763909856585013 ], [ 55.370946075761964, 24.76390933354498 ], [ 55.370945099228273, 24.763908898066802 ], [ 55.370944079145779, 24.763908554628372 ], [ 55.370943026003722, 24.763908306761181 ], [ 55.370941950631256, 24.763908157013969 ], [ 55.370940864086151, 24.763908106926557 ], [ 55.370887219905853, 24.763908106926557 ], [ 55.370886133360749, 24.763908157013969 ], [ 55.370885057988282, 24.763908306761181 ], [ 55.370884004846225, 24.763908554628372 ], [ 55.370882984763732, 24.763908898066802 ], [ 55.370882008230041, 24.76390933354498 ], [ 55.37088108528657, 24.763909856585013 ], [ 55.37088022542369, 24.763910461808617 ], [ 55.370879437483147, 24.763911142992452 ], [ 55.370878729567103, 24.763911893132086 ], [ 55.370878108954869, 24.763912704514045 ], [ 55.370877582028022, 24.763913568795108 ], [ 55.37087715420482, 24.763914477088115 ], [ 55.370876829884438, 24.76391542005334 ], [ 55.370876612401773, 24.763916387994531 ], [ 55.370876503993145, 24.763917370958616 ], [ 55.37087647873674, 24.763917837779726 ], [ 55.370876227691653, 24.763917848978448 ], [ 55.370866025611875, 24.763917848978448 ], [ 55.370865774566788, 24.763917837779726 ], [ 55.370865749310383, 24.763917370958616 ], [ 55.370865640901755, 24.763916387994531 ], [ 55.37086542341909, 24.76391542005334 ], [ 55.370865099098708, 24.763914477088115 ], [ 55.370864671275505, 24.763913568795108 ], [ 55.370864144348658, 24.763912704514045 ], [ 55.370863523736425, 24.763911893132086 ], [ 55.370862815820381, 24.763911142992452 ], [ 55.370862027879838, 24.763910461808617 ], [ 55.370861168016958, 24.763909856585013 ], [ 55.370860245073487, 24.76390933354498 ], [ 55.370859268539796, 24.763908898066802 ], [ 55.370858248457303, 24.763908554628372 ], [ 55.370857195315246, 24.763908306761181 ], [ 55.370856119942779, 24.763908157013969 ], [ 55.370855033397675, 24.763908106926557 ], [ 55.370812118053436, 24.763908106926557 ], [ 55.370811031508332, 24.763908157013969 ], [ 55.370809956135865, 24.763908306761181 ], [ 55.370808902993808, 24.763908554628372 ], [ 55.370807882911315, 24.763908898066802 ], [ 55.370806906377624, 24.76390933354498 ], [ 55.370805983434153, 24.763909856585013 ], [ 55.370805123571273, 24.763910461808617 ], [ 55.37080433563073, 24.763911142992452 ], [ 55.370803627714686, 24.763911893132086 ], [ 55.370803007102452, 24.763912704514045 ], [ 55.370802480175605, 24.763913568795108 ], [ 55.370802052352403, 24.763914477088115 ], [ 55.370801728032021, 24.76391542005334 ], [ 55.370801510549356, 24.763916387994531 ], [ 55.370801402140728, 24.763917370958616 ], [ 55.370801376884323, 24.763917837779726 ], [ 55.370801125839236, 24.763917848978448 ], [ 55.370790923759458, 24.763917848978448 ], [ 55.370790672714371, 24.763917837779726 ], [ 55.370790647457966, 24.763917370958616 ], [ 55.370790539049338, 24.763916387994531 ], [ 55.370790321566673, 24.76391542005334 ], [ 55.370789997246291, 24.763914477088115 ], [ 55.370789569423088, 24.763913568795108 ], [ 55.370789042496241, 24.763912704514045 ], [ 55.370788421884008, 24.763911893132086 ], [ 55.370787713967964, 24.763911142992452 ], [ 55.370786926027421, 24.763910461808617 ], [ 55.370786066164541, 24.763909856585013 ], [ 55.37078514322107, 24.76390933354498 ], [ 55.370784166687379, 24.763908898066802 ], [ 55.370783146604886, 24.763908554628372 ], [ 55.370782093462829, 24.763908306761181 ], [ 55.370781018090362, 24.763908157013969 ], [ 55.370779931545258, 24.763908106926557 ], [ 55.3707155585289, 24.763908106926557 ], [ 55.370714471983796, 24.763908157013969 ], [ 55.370713396611329, 24.763908306761181 ], [ 55.370712343469272, 24.763908554628372 ], [ 55.370711323386779, 24.763908898066802 ], [ 55.370710346853087, 24.76390933354498 ], [ 55.370709423909616, 24.763909856585013 ], [ 55.370708564046737, 24.763910461808617 ], [ 55.370707776106194, 24.763911142992452 ], [ 55.37070706819015, 24.763911893132086 ], [ 55.370706447577916, 24.763912704514045 ], [ 55.370705920651069, 24.763913568795108 ], [ 55.370705492827867, 24.763914477088115 ], [ 55.370705168507484, 24.76391542005334 ], [ 55.37070495102482, 24.763916387994531 ], [ 55.370704842616192, 24.763917370958616 ], [ 55.370704817359787, 24.763917837779726 ], [ 55.3707045663147, 24.763917848978448 ], [ 55.370683635398862, 24.763917848978448 ], [ 55.370683384353775, 24.763917837779726 ], [ 55.37068335909737, 24.763917370958616 ], [ 55.370683250688742, 24.763916387994531 ], [ 55.370683033206078, 24.76391542005334 ], [ 55.370682708885695, 24.763914477088115 ], [ 55.370682281062493, 24.763913568795108 ], [ 55.370681754135646, 24.763912704514045 ], [ 55.370681133523412, 24.763911893132086 ], [ 55.370680425607368, 24.763911142992452 ], [ 55.370679637666825, 24.763910461808617 ], [ 55.370678777803946, 24.763909856585013 ], [ 55.370677854860475, 24.76390933354498 ], [ 55.370676878326783, 24.763908898066802 ], [ 55.37067585824429, 24.763908554628372 ], [ 55.370674805102233, 24.763908306761181 ], [ 55.370673729729766, 24.763908157013969 ], [ 55.370672643184662, 24.763908106926557 ], [ 55.370576083660126, 24.763908106926557 ], [ 55.370575032050297, 24.7639081538372 ], [ 55.370573990568047, 24.76390829411735 ], [ 55.370572969243412, 24.763908526416039 ], [ 55.37057197791232, 24.763908848496101 ], [ 55.370571026121816, 24.763909257255726 ], [ 55.370570123038178, 24.763909748758337 ], [ 55.370569277358584, 24.763910318270497 ], [ 55.370568497227396, 24.763910960307491 ], [ 55.3705677901577, 24.763911668686152 ], [ 55.37056716295897, 24.763912436584409 ], [ 55.370566621671465, 24.763913256606976 ], [ 55.370566171508081, 24.76391412085659 ], [ 55.370565816804145, 24.763915021010057 ], [ 55.370565560975642, 24.763915948398406 ], [ 55.370565406486342, 24.763916894090379 ], [ 55.370565354824066, 24.763917848978448 ], [ 55.370565354824066, 24.763927351876386 ], [ 55.370565342491012, 24.763927579831616 ], [ 55.370565091445926, 24.763927591030338 ], [ 55.370554889366147, 24.763927591030338 ], [ 55.37055463832106, 24.763927579831616 ], [ 55.370554613064655, 24.763927113010507 ], [ 55.370554509864554, 24.763926161574442 ], [ 55.370554304458238, 24.763925223904817 ], [ 55.370553998823866, 24.763924309031903 ], [ 55.370553595904873, 24.763923425766432 ], [ 55.370553099581585, 24.763922582614725 ], [ 55.370552514633872, 24.763921787696802 ], [ 55.370551846695101, 24.763921048668152 ], [ 55.370551102197879, 24.763920372646027 ], [ 55.370550288312124, 24.763919766140887 ], [ 55.370549412876009, 24.763919234993711 ], [ 55.370548484320452, 24.763918784319735 ], [ 55.370547511587951, 24.763918418459198 ], [ 55.370546504046466, 24.763918140935534 ], [ 55.370545471399154, 24.763917954421448 ], [ 55.370544423590978, 24.763917860713175 ], [ 55.370543909485001, 24.763917837779726 ], [ 55.370543884228596, 24.763917370958616 ], [ 55.370543775819968, 24.763916387994531 ], [ 55.370543558337303, 24.76391542005334 ], [ 55.370543234016921, 24.763914477088115 ], [ 55.370542806193718, 24.763913568795108 ], [ 55.370542279266871, 24.763912704514045 ], [ 55.370541658654638, 24.763911893132086 ], [ 55.370540950738594, 24.763911142992452 ], [ 55.370540162798051, 24.763910461808617 ], [ 55.370539302935171, 24.763909856585013 ], [ 55.3705383799917, 24.76390933354498 ], [ 55.370537403458009, 24.763908898066802 ], [ 55.370536383375516, 24.763908554628372 ], [ 55.370535330233459, 24.763908306761181 ], [ 55.370534254860992, 24.763908157013969 ], [ 55.370533168315887, 24.763908106926557 ], [ 55.370522702857969, 24.763908106926557 ], [ 55.370522451812882, 24.763908095727835 ], [ 55.370522426556477, 24.763907628906725 ], [ 55.370522318147849, 24.76390664594264 ], [ 55.370522100665184, 24.76390567800145 ], [ 55.370521776344802, 24.763904735036224 ], [ 55.370521348521599, 24.763903826743217 ], [ 55.370520821594752, 24.763902962462154 ], [ 55.370520200982519, 24.763902151080195 ], [ 55.370519493066475, 24.763901400940561 ], [ 55.370518705125932, 24.763900719756727 ], [ 55.370517845263052, 24.763900114533122 ], [ 55.370516922319581, 24.76389959149309 ], [ 55.37051594578589, 24.763899156014912 ], [ 55.370514925703397, 24.763898812576482 ], [ 55.370513872561339, 24.76389856470929 ], [ 55.370512797188873, 24.763898414962078 ], [ 55.370511710643768, 24.763898364874667 ], [ 55.370490252971649, 24.763898364874667 ], [ 55.370489166426545, 24.763898414962078 ], [ 55.370488091054078, 24.76389856470929 ], [ 55.370487037912021, 24.763898812576482 ], [ 55.370486017829528, 24.763899156014912 ], [ 55.370485041295836, 24.76389959149309 ], [ 55.370484118352365, 24.763900114533122 ], [ 55.370483258489486, 24.763900719756727 ], [ 55.370482470548943, 24.763901400940561 ], [ 55.370481762632899, 24.763902151080195 ], [ 55.370481142020665, 24.763902962462154 ], [ 55.370480615093818, 24.763903826743217 ], [ 55.370480187270616, 24.763904735036224 ], [ 55.370479862950233, 24.76390567800145 ], [ 55.370479645467569, 24.76390664594264 ], [ 55.370479537058941, 24.763907628906725 ], [ 55.370479511802536, 24.763908095727835 ], [ 55.370479260757449, 24.763908106926557 ], [ 55.370425879955292, 24.763908106926557 ], [ 55.370424793410187, 24.763908157013969 ], [ 55.370423718037721, 24.763908306761181 ], [ 55.370422664895663, 24.763908554628372 ], [ 55.37042164481317, 24.763908898066802 ], [ 55.370420668279479, 24.76390933354498 ], [ 55.370419745336008, 24.763909856585013 ], [ 55.370418885473129, 24.763910461808617 ], [ 55.370418097532585, 24.763911142992452 ], [ 55.370417389616541, 24.763911893132086 ], [ 55.370416769004308, 24.763912704514045 ], [ 55.370416242077461, 24.763913568795108 ], [ 55.370415814254258, 24.763914477088115 ], [ 55.370415489933876, 24.76391542005334 ], [ 55.370415272451211, 24.763916387994531 ], [ 55.370415164042583, 24.763917370958616 ], [ 55.370415138786178, 24.763917837779726 ], [ 55.370414887741092, 24.763917848978448 ], [ 55.370404685661313, 24.763917848978448 ], [ 55.370404434616226, 24.763917837779726 ], [ 55.370404409359821, 24.763917370958616 ], [ 55.370404300951193, 24.763916387994531 ], [ 55.370404083468529, 24.76391542005334 ], [ 55.370403759148147, 24.763914477088115 ], [ 55.370403331324944, 24.763913568795108 ], [ 55.370402804398097, 24.763912704514045 ], [ 55.370402183785863, 24.763911893132086 ], [ 55.370401475869819, 24.763911142992452 ], [ 55.370400687929276, 24.763910461808617 ], [ 55.370399828066397, 24.763909856585013 ], [ 55.370398905122926, 24.76390933354498 ], [ 55.370397928589234, 24.763908898066802 ], [ 55.370396908506741, 24.763908554628372 ], [ 55.370395855364684, 24.763908306761181 ], [ 55.370394779992218, 24.763908157013969 ], [ 55.370393693447113, 24.763908106926557 ], [ 55.370361506938934, 24.763908106926557 ], [ 55.37036042039383, 24.763908157013969 ], [ 55.370359345021363, 24.763908306761181 ], [ 55.370358291879306, 24.763908554628372 ], [ 55.370357271796813, 24.763908898066802 ], [ 55.370356295263122, 24.76390933354498 ], [ 55.370355372319651, 24.763909856585013 ], [ 55.370354512456771, 24.763910461808617 ], [ 55.370353724516228, 24.763911142992452 ], [ 55.370353016600184, 24.763911893132086 ], [ 55.37035239598795, 24.763912704514045 ], [ 55.370351869061103, 24.763913568795108 ], [ 55.370351441237901, 24.763914477088115 ], [ 55.370351116917519, 24.76391542005334 ], [ 55.370350899434854, 24.763916387994531 ], [ 55.370350791026226, 24.763917370958616 ], [ 55.370350765769821, 24.763917837779726 ], [ 55.370350514724734, 24.763917848978448 ], [ 55.370297133922577, 24.763917848978448 ], [ 55.370296047377472, 24.763917899065859 ], [ 55.370294972005006, 24.763918048813068 ], [ 55.370293918862949, 24.763918296680263 ], [ 55.370292898780455, 24.763918640118693 ], [ 55.370291922246764, 24.763919075596871 ], [ 55.370290999303293, 24.763919598636903 ], [ 55.370290139440414, 24.763920203860508 ], [ 55.370289351499871, 24.763920885044342 ], [ 55.370288643583827, 24.763921635183976 ], [ 55.370288022971593, 24.763922446565935 ], [ 55.370287496044746, 24.763923310846998 ], [ 55.370287068221543, 24.763924219140005 ], [ 55.370286743901161, 24.763925162105231 ], [ 55.370286526418496, 24.763926130046421 ], [ 55.370286418009869, 24.763927113010507 ], [ 55.370286392753464, 24.763927579831616 ], [ 55.370286141708377, 24.763927591030338 ], [ 55.370275939628598, 24.763927591030338 ], [ 55.370275688583511, 24.763927579831616 ], [ 55.370275663327106, 24.763927113010507 ], [ 55.370275554918479, 24.763926130046421 ], [ 55.370275337435814, 24.763925162105231 ], [ 55.370275013115432, 24.763924219140005 ], [ 55.370274585292229, 24.763923310846998 ], [ 55.370274058365382, 24.763922446565935 ], [ 55.370273437753148, 24.763921635183976 ], [ 55.370272729837104, 24.763920885044342 ], [ 55.370271941896561, 24.763920203860508 ], [ 55.370271082033682, 24.763919598636903 ], [ 55.370270159090211, 24.763919075596871 ], [ 55.37026918255652, 24.763918640118693 ], [ 55.370268162474026, 24.763918296680263 ], [ 55.370267109331969, 24.763918048813068 ], [ 55.370266033959503, 24.763917899065859 ], [ 55.370264947414398, 24.763917848978448 ], [ 55.3702113032341, 24.763917848978448 ], [ 55.370210216688996, 24.763917899065859 ], [ 55.370209141316529, 24.763918048813068 ], [ 55.370208088174472, 24.763918296680263 ], [ 55.370207068091979, 24.763918640118693 ], [ 55.370206091558288, 24.763919075596871 ], [ 55.370205168614817, 24.763919598636903 ], [ 55.370204308751937, 24.763920203860508 ], [ 55.370203520811394, 24.763920885044342 ], [ 55.37020281289535, 24.763921635183976 ], [ 55.370202192283116, 24.763922446565935 ], [ 55.370201665356269, 24.763923310846998 ], [ 55.370201237533067, 24.763924219140005 ], [ 55.370200913212685, 24.763925162105231 ], [ 55.37020069573002, 24.763926130046421 ], [ 55.370200587321392, 24.763927113010507 ], [ 55.370200562064987, 24.763927579831616 ], [ 55.3702003110199, 24.763927591030338 ], [ 55.370190108940122, 24.763927591030338 ], [ 55.370189857895035, 24.763927579831616 ], [ 55.37018983263863, 24.763927113010507 ], [ 55.370189724230002, 24.763926130046421 ], [ 55.370189506747337, 24.763925162105231 ], [ 55.370189182426955, 24.763924219140005 ], [ 55.370188754603753, 24.763923310846998 ], [ 55.370188227676906, 24.763922446565935 ], [ 55.370187607064672, 24.763921635183976 ], [ 55.370186899148628, 24.763920885044342 ], [ 55.370186111208085, 24.763920203860508 ], [ 55.370185251345205, 24.763919598636903 ], [ 55.370184328401734, 24.763919075596871 ], [ 55.370183351868043, 24.763918640118693 ], [ 55.37018233178555, 24.763918296680263 ], [ 55.370181278643493, 24.763918048813068 ], [ 55.370180203271026, 24.763917899065859 ], [ 55.370179116725922, 24.763917848978448 ], [ 55.370039641857147, 24.763917848978448 ], [ 55.370038555312043, 24.763917899065859 ], [ 55.370037479939576, 24.763918048813068 ], [ 55.370036426797519, 24.763918296680263 ], [ 55.370035406715026, 24.763918640118693 ], [ 55.370034430181335, 24.763919075596871 ], [ 55.370033507237864, 24.763919598636903 ], [ 55.370032647374984, 24.763920203860508 ], [ 55.370031859434441, 24.763920885044342 ], [ 55.370031151518397, 24.763921635183976 ], [ 55.370030530906163, 24.763922446565935 ], [ 55.370030003979316, 24.763923310846998 ], [ 55.370029576156114, 24.763924219140005 ], [ 55.370029251835732, 24.763925162105231 ], [ 55.370029034353067, 24.763926130046421 ], [ 55.370028925944439, 24.763927113010507 ], [ 55.370028900688034, 24.763927579831616 ], [ 55.370028649642947, 24.763927591030338 ], [ 55.36998626105499, 24.763927591030338 ], [ 55.369986010009903, 24.763927579831616 ], [ 55.369985984753498, 24.763927113010507 ], [ 55.36998587634487, 24.763926130046421 ], [ 55.369985658862205, 24.763925162105231 ], [ 55.369985334541823, 24.763924219140005 ], [ 55.369984906718621, 24.763923310846998 ], [ 55.369984379791774, 24.763922446565935 ], [ 55.36998375917954, 24.763921635183976 ], [ 55.369983051263496, 24.763920885044342 ], [ 55.369982263322953, 24.763920203860508 ], [ 55.369981403460073, 24.763919598636903 ], [ 55.369980480516602, 24.763919075596871 ], [ 55.369979503982911, 24.763918640118693 ], [ 55.369978483900418, 24.763918296680263 ], [ 55.369977430758361, 24.763918048813068 ], [ 55.369976355385894, 24.763917899065859 ], [ 55.36997526884079, 24.763917848978448 ], [ 55.369921624660492, 24.763917848978448 ], [ 55.369920538115387, 24.763917899065859 ], [ 55.369919462742921, 24.763918048813068 ], [ 55.369918409600864, 24.763918296680263 ], [ 55.36991738951837, 24.763918640118693 ], [ 55.369916412984679, 24.763919075596871 ], [ 55.369915490041208, 24.763919598636903 ], [ 55.369914630178329, 24.763920203860508 ], [ 55.369913842237786, 24.763920885044342 ], [ 55.369913134321742, 24.763921635183976 ], [ 55.369912513709508, 24.763922446565935 ], [ 55.369911986782661, 24.763923310846998 ], [ 55.369911558959458, 24.763924219140005 ], [ 55.369911234639076, 24.763925162105231 ], [ 55.369911017156412, 24.763926130046421 ], [ 55.369910908747784, 24.763927113010507 ], [ 55.369910883491379, 24.763927579831616 ], [ 55.369910632446292, 24.763927591030338 ], [ 55.369900430366513, 24.763927591030338 ], [ 55.369900170190007, 24.763927579424276 ], [ 55.369900020049521, 24.763927514944363 ], [ 55.369899389738848, 24.76392720902339 ], [ 55.369898417006347, 24.763926843162853 ], [ 55.369897409464862, 24.763926565639188 ], [ 55.36989637681755, 24.763926379125106 ], [ 55.369895329009374, 24.763926285416829 ], [ 55.369894276131312, 24.763926285416829 ], [ 55.369893228323136, 24.763926379125106 ], [ 55.369892195675824, 24.763926565639188 ], [ 55.369891188134339, 24.763926843162853 ], [ 55.369890215401838, 24.76392720902339 ], [ 55.369889585091165, 24.763927514944363 ], [ 55.369889434950679, 24.763927579424276 ], [ 55.369889174774173, 24.763927591030338 ], [ 55.369868243858335, 24.763927591030338 ], [ 55.369867983681829, 24.763927579424276 ], [ 55.369867833541342, 24.763927514944363 ], [ 55.369867203230669, 24.76392720902339 ], [ 55.369866230498168, 24.763926843162853 ], [ 55.369865222956683, 24.763926565639188 ], [ 55.369864190309372, 24.763926379125106 ], [ 55.369863142501195, 24.763926285416829 ], [ 55.369862089623133, 24.763926285416829 ], [ 55.369861041814957, 24.763926379125106 ], [ 55.369860009167645, 24.763926565639188 ], [ 55.36985900162616, 24.763926843162853 ], [ 55.36985802889366, 24.76392720902339 ], [ 55.369857398582987, 24.763927514944363 ], [ 55.3698572484425, 24.763927579424276 ], [ 55.369856988265994, 24.763927591030338 ], [ 55.369846786186216, 24.763927591030338 ], [ 55.369846535141129, 24.763927579831616 ], [ 55.369846509884724, 24.763927113010507 ], [ 55.369846401476096, 24.763926130046421 ], [ 55.369846183993431, 24.763925162105231 ], [ 55.369845859673049, 24.763924219140005 ], [ 55.369845431849846, 24.763923310846998 ], [ 55.369844904922999, 24.763922446565935 ], [ 55.369844284310766, 24.763921635183976 ], [ 55.369843576394722, 24.763920885044342 ], [ 55.369842788454179, 24.763920203860508 ], [ 55.369841928591299, 24.763919598636903 ], [ 55.369841005647828, 24.763919075596871 ], [ 55.369840029114137, 24.763918640118693 ], [ 55.369839009031644, 24.763918296680263 ], [ 55.369837955889587, 24.763918048813068 ], [ 55.36983688051712, 24.763917899065859 ], [ 55.369835793972015, 24.763917848978448 ], [ 55.369792878627777, 24.763917848978448 ], [ 55.369791792082673, 24.763917899065859 ], [ 55.369790716710206, 24.763918048813068 ], [ 55.369789663568149, 24.763918296680263 ], [ 55.369788643485656, 24.763918640118693 ], [ 55.369787666951964, 24.763919075596871 ], [ 55.369786744008493, 24.763919598636903 ], [ 55.369785884145614, 24.763920203860508 ], [ 55.369785096205071, 24.763920885044342 ], [ 55.369784388289027, 24.763921635183976 ], [ 55.369783767676793, 24.763922446565935 ], [ 55.369783240749946, 24.763923310846998 ], [ 55.369782812926744, 24.763924219140005 ], [ 55.369782488606361, 24.763925162105231 ], [ 55.369782271123697, 24.763926130046421 ], [ 55.369782162715069, 24.763927113010507 ], [ 55.369782137458664, 24.763927579831616 ], [ 55.369781886413577, 24.763927591030338 ], [ 55.369685853645322, 24.763927591030338 ], [ 55.369685593468816, 24.763927579424276 ], [ 55.369685443328329, 24.763927514944363 ], [ 55.369684813017656, 24.76392720902339 ], [ 55.369683840285155, 24.763926843162853 ], [ 55.369682832743671, 24.763926565639188 ], [ 55.369681800096359, 24.763926379125106 ], [ 55.369680752288183, 24.763926285416829 ], [ 55.369679699410121, 24.763926285416829 ], [ 55.369678651601944, 24.763926379125106 ], [ 55.369677618954633, 24.763926565639188 ], [ 55.369676611413148, 24.763926843162853 ], [ 55.369675638680647, 24.76392720902339 ], [ 55.369675008369974, 24.763927514944363 ], [ 55.369674858229487, 24.763927579424276 ], [ 55.369674598052981, 24.763927591030338 ], [ 55.369653403759003, 24.763927591030338 ], [ 55.369652317213898, 24.76392764111775 ], [ 55.369651241841431, 24.763927790864958 ], [ 55.369650188699374, 24.763928038732153 ], [ 55.369649168616881, 24.763928382170583 ], [ 55.36964819208319, 24.763928817648761 ], [ 55.369647269139719, 24.763929340688794 ], [ 55.369646409276839, 24.763929945912398 ], [ 55.369645621336296, 24.763930627096233 ], [ 55.369644913420252, 24.763931377235867 ], [ 55.369644292808019, 24.763932188617826 ], [ 55.369643765881172, 24.763933052898889 ], [ 55.369643338057969, 24.763933961191896 ], [ 55.369643013737587, 24.763934904157122 ], [ 55.369642796254922, 24.763935872098312 ], [ 55.369642687846294, 24.763936855062397 ], [ 55.369642662589889, 24.763937321883507 ], [ 55.369642411544802, 24.763937333082229 ], [ 55.369632209465024, 24.763937333082229 ], [ 55.369631958419937, 24.763937321883507 ], [ 55.369631933163532, 24.763936855062397 ], [ 55.369631824754904, 24.763935872098312 ], [ 55.36963160727224, 24.763934904157122 ], [ 55.369631282951858, 24.763933961191896 ], [ 55.369630855128655, 24.763933052898889 ], [ 55.369630328201808, 24.763932188617826 ], [ 55.369629707589574, 24.763931377235867 ], [ 55.36962899967353, 24.763930627096233 ], [ 55.369628211732987, 24.763929945912398 ], [ 55.369627351870108, 24.763929340688794 ], [ 55.369626428926637, 24.763928817648761 ], [ 55.369625452392945, 24.763928382170583 ], [ 55.369624432310452, 24.763928038732153 ], [ 55.369623379168395, 24.763927790864958 ], [ 55.369622303795929, 24.76392764111775 ], [ 55.369621217250824, 24.763927591030338 ], [ 55.369578565284726, 24.763927591030338 ], [ 55.36957830510822, 24.763927579424276 ], [ 55.369578154967733, 24.763927514944363 ], [ 55.369577524657061, 24.76392720902339 ], [ 55.36957655192456, 24.763926843162853 ], [ 55.369575544383075, 24.763926565639188 ], [ 55.369574511735763, 24.763926379125106 ], [ 55.369573463927587, 24.763926285416829 ], [ 55.369572411049525, 24.763926285416829 ], [ 55.369571363241349, 24.763926379125106 ], [ 55.369570330594037, 24.763926565639188 ], [ 55.369569323052552, 24.763926843162853 ], [ 55.369568350320051, 24.76392720902339 ], [ 55.369567720009378, 24.763927514944363 ], [ 55.369567569868892, 24.763927579424276 ], [ 55.369567309692385, 24.763927591030338 ], [ 55.369546378776548, 24.763927591030338 ], [ 55.369546118600041, 24.763927579424276 ], [ 55.369545968459555, 24.763927514944363 ], [ 55.369545338148882, 24.76392720902339 ], [ 55.369544365416381, 24.763926843162853 ], [ 55.369543357874896, 24.763926565639188 ], [ 55.369542325227584, 24.763926379125106 ], [ 55.369541277419408, 24.763926285416829 ], [ 55.369540224541346, 24.763926285416829 ], [ 55.36953917673317, 24.763926379125106 ], [ 55.369538144085858, 24.763926565639188 ], [ 55.369537136544373, 24.763926843162853 ], [ 55.369536163811873, 24.76392720902339 ], [ 55.3695355335012, 24.763927514944363 ], [ 55.369535383360713, 24.763927579424276 ], [ 55.369535123184207, 24.763927591030338 ], [ 55.369439090415952, 24.763927591030338 ], [ 55.369438830239446, 24.763927579424276 ], [ 55.369438680098959, 24.763927514944363 ], [ 55.369438049788286, 24.76392720902339 ], [ 55.369437077055785, 24.763926843162853 ], [ 55.3694360695143, 24.763926565639188 ], [ 55.369435036866989, 24.763926379125106 ], [ 55.369433989058813, 24.763926285416829 ], [ 55.36943293618075, 24.763926285416829 ], [ 55.369431888372574, 24.763926379125106 ], [ 55.369430855725263, 24.763926565639188 ], [ 55.369429848183778, 24.763926843162853 ], [ 55.369428875451277, 24.76392720902339 ], [ 55.369428245140604, 24.763927514944363 ], [ 55.369428095000117, 24.763927579424276 ], [ 55.369427834823611, 24.763927591030338 ], [ 55.369396175071714, 24.763927591030338 ], [ 55.369395924026627, 24.763927579831616 ], [ 55.369395898770222, 24.763927113010507 ], [ 55.369395790361594, 24.763926130046421 ], [ 55.369395572878929, 24.763925162105231 ], [ 55.369395248558547, 24.763924219140005 ], [ 55.369394820735344, 24.763923310846998 ], [ 55.369394293808497, 24.763922446565935 ], [ 55.369393673196264, 24.763921635183976 ], [ 55.36939296528022, 24.763920885044342 ], [ 55.369392177339677, 24.763920203860508 ], [ 55.369391317476797, 24.763919598636903 ], [ 55.369390394533326, 24.763919075596871 ], [ 55.369389417999635, 24.763918640118693 ], [ 55.369388397917142, 24.763918296680263 ], [ 55.369387344775085, 24.763918048813068 ], [ 55.369386269402618, 24.763917899065859 ], [ 55.369385182857513, 24.763917848978448 ], [ 55.369363725185394, 24.763917848978448 ], [ 55.36936263864029, 24.763917899065859 ], [ 55.369361563267823, 24.763918048813068 ], [ 55.369360510125766, 24.763918296680263 ], [ 55.369359490043273, 24.763918640118693 ], [ 55.369358513509582, 24.763919075596871 ], [ 55.369357590566111, 24.763919598636903 ], [ 55.369356730703231, 24.763920203860508 ], [ 55.369355942762688, 24.763920885044342 ], [ 55.369355234846644, 24.763921635183976 ], [ 55.36935461423441, 24.763922446565935 ], [ 55.369354087307563, 24.763923310846998 ], [ 55.369353659484361, 24.763924219140005 ], [ 55.369353335163979, 24.763925162105231 ], [ 55.369353117681314, 24.763926130046421 ], [ 55.369353009272686, 24.763927113010507 ], [ 55.369352984016281, 24.763927579831616 ], [ 55.369352732971194, 24.763927591030338 ], [ 55.369331802055356, 24.763927591030338 ], [ 55.369331551010269, 24.763927579831616 ], [ 55.369331525753864, 24.763927113010507 ], [ 55.369331417345236, 24.763926130046421 ], [ 55.369331199862572, 24.763925162105231 ], [ 55.36933087554219, 24.763924219140005 ], [ 55.369330447718987, 24.763923310846998 ], [ 55.36932992079214, 24.763922446565935 ], [ 55.369329300179906, 24.763921635183976 ], [ 55.369328592263862, 24.763920885044342 ], [ 55.369327804323319, 24.763920203860508 ], [ 55.36932694446044, 24.763919598636903 ], [ 55.369326021516969, 24.763919075596871 ], [ 55.369325044983277, 24.763918640118693 ], [ 55.369324024900784, 24.763918296680263 ], [ 55.369322971758727, 24.763918048813068 ], [ 55.369321896386261, 24.763917899065859 ], [ 55.369320809841156, 24.763917848978448 ], [ 55.369299352169037, 24.763917848978448 ], [ 55.369298265623932, 24.763917899065859 ], [ 55.369297190251466, 24.763918048813068 ], [ 55.369296137109409, 24.763918296680263 ], [ 55.369295117026915, 24.763918640118693 ], [ 55.369294140493224, 24.763919075596871 ], [ 55.369293217549753, 24.763919598636903 ], [ 55.369292357686874, 24.763920203860508 ], [ 55.369291569746331, 24.763920885044342 ], [ 55.369290861830287, 24.763921635183976 ], [ 55.369290241218053, 24.763922446565935 ], [ 55.369289714291206, 24.763923310846998 ], [ 55.369289286468003, 24.763924219140005 ], [ 55.369288962147621, 24.763925162105231 ], [ 55.369288744664956, 24.763926130046421 ], [ 55.369288636256329, 24.763927113010507 ], [ 55.369288610999924, 24.763927579831616 ], [ 55.369288359954837, 24.763927591030338 ], [ 55.369256700202939, 24.763927591030338 ], [ 55.369256440026433, 24.763927579424276 ], [ 55.369256289885946, 24.763927514944363 ], [ 55.369255659575273, 24.76392720902339 ], [ 55.369254686842773, 24.763926843162853 ], [ 55.369253679301288, 24.763926565639188 ], [ 55.369252646653976, 24.763926379125106 ], [ 55.3692515988458, 24.763926285416829 ], [ 55.369250545967738, 24.763926285416829 ], [ 55.369249498159562, 24.763926379125106 ], [ 55.36924846551225, 24.763926565639188 ], [ 55.369247457970765, 24.763926843162853 ], [ 55.369246485238264, 24.76392720902339 ], [ 55.369245854927591, 24.763927514944363 ], [ 55.369245704787105, 24.763927579424276 ], [ 55.369245444610598, 24.763927591030338 ], [ 55.369149411842344, 24.763927591030338 ], [ 55.369149160797257, 24.763927579831616 ], [ 55.369149135540852, 24.763927113010507 ], [ 55.369149027132224, 24.763926130046421 ], [ 55.369148809649559, 24.763925162105231 ], [ 55.369148485329177, 24.763924219140005 ], [ 55.369148057505974, 24.763923310846998 ], [ 55.369147530579127, 24.763922446565935 ], [ 55.369146909966894, 24.763921635183976 ], [ 55.36914620205085, 24.763920885044342 ], [ 55.369145414110307, 24.763920203860508 ], [ 55.369144554247427, 24.763919598636903 ], [ 55.369143631303956, 24.763919075596871 ], [ 55.369142654770265, 24.763918640118693 ], [ 55.369141634687772, 24.763918296680263 ], [ 55.369140581545714, 24.763918048813068 ], [ 55.369139506173248, 24.763917899065859 ], [ 55.369138419628143, 24.763917848978448 ], [ 55.369116961956024, 24.763917848978448 ], [ 55.36911587541092, 24.763917899065859 ], [ 55.369114800038453, 24.763918048813068 ], [ 55.369113746896396, 24.763918296680263 ], [ 55.369112726813903, 24.763918640118693 ], [ 55.369111750280211, 24.763919075596871 ], [ 55.36911082733674, 24.763919598636903 ], [ 55.369109967473861, 24.763920203860508 ], [ 55.369109179533318, 24.763920885044342 ], [ 55.369108471617274, 24.763921635183976 ], [ 55.36910785100504, 24.763922446565935 ], [ 55.369107324078193, 24.763923310846998 ], [ 55.369106896254991, 24.763924219140005 ], [ 55.369106571934608, 24.763925162105231 ], [ 55.369106354451944, 24.763926130046421 ], [ 55.369106246043316, 24.763927113010507 ], [ 55.369106220786911, 24.763927579831616 ], [ 55.369105969741824, 24.763927591030338 ], [ 55.369085038825986, 24.763927591030338 ], [ 55.369084787780899, 24.763927579831616 ], [ 55.369084762524494, 24.763927113010507 ], [ 55.369084654115866, 24.763926130046421 ], [ 55.369084436633202, 24.763925162105231 ], [ 55.369084112312819, 24.763924219140005 ], [ 55.369083684489617, 24.763923310846998 ], [ 55.36908315756277, 24.763922446565935 ], [ 55.369082536950536, 24.763921635183976 ], [ 55.369081829034492, 24.763920885044342 ], [ 55.369081041093949, 24.763920203860508 ], [ 55.36908018123107, 24.763919598636903 ], [ 55.369079258287599, 24.763919075596871 ], [ 55.369078281753907, 24.763918640118693 ], [ 55.369077261671414, 24.763918296680263 ], [ 55.369076208529357, 24.763918048813068 ], [ 55.36907513315689, 24.763917899065859 ], [ 55.369074046611786, 24.763917848978448 ], [ 55.369009673595428, 24.763917848978448 ], [ 55.369008654747653, 24.763917893005161 ], [ 55.369007645108724, 24.763918024687371 ], [ 55.369006653804256, 24.763918242834865 ], [ 55.369005689794129, 24.763918545475921 ], [ 55.369004761791551, 24.763918929875121 ], [ 55.369003878184252, 24.763919392558076 ], [ 55.369003046958717, 24.763919929342837 ], [ 55.36900227562797, 24.763920535377672 ], [ 55.369001571163665, 24.76392120518495 ], [ 55.369000939933102, 24.76392193271062 ], [ 55.369000387641648, 24.76392271137895 ], [ 55.368999919281187, 24.763923534151953 ], [ 55.368999539084989, 24.763924393593008 ], [ 55.368999250489452, 24.763925281934068 ], [ 55.368999056103043, 24.763926191145867 ], [ 55.36899895768272, 24.763927113010507 ], [ 55.368998932426315, 24.763927579831616 ], [ 55.368998681381228, 24.763927591030338 ], [ 55.36898847930145, 24.763927591030338 ], [ 55.368988228256363, 24.763927579831616 ], [ 55.368988202999958, 24.763927113010507 ], [ 55.368988104579635, 24.763926191145867 ], [ 55.368987910193226, 24.763925281934068 ], [ 55.368987621597689, 24.763924393593008 ], [ 55.368987241401491, 24.763923534151953 ], [ 55.36898677304103, 24.76392271137895 ], [ 55.368986220749576, 24.76392193271062 ], [ 55.368985589519014, 24.76392120518495 ], [ 55.368984885054708, 24.763920535377672 ], [ 55.368984113723961, 24.763919929342837 ], [ 55.368983282498426, 24.763919392558076 ], [ 55.368982398891127, 24.763918929875121 ], [ 55.368981470888549, 24.763918545475921 ], [ 55.368980506878422, 24.763918242834865 ], [ 55.368979515573955, 24.763918024687371 ], [ 55.368978505935026, 24.763917893005161 ], [ 55.36897748708725, 24.763917848978448 ], [ 55.36896675825119, 24.763917848978448 ], [ 55.368965739403414, 24.763917893005161 ], [ 55.368964729764485, 24.763918024687371 ], [ 55.368963738460018, 24.763918242834865 ], [ 55.368962774449891, 24.763918545475921 ], [ 55.368961846447313, 24.763918929875121 ], [ 55.368960962840013, 24.763919392558076 ], [ 55.368960131614479, 24.763919929342837 ], [ 55.368959360283732, 24.763920535377672 ], [ 55.368958655819426, 24.76392120518495 ], [ 55.368958024588864, 24.76392193271062 ], [ 55.36895747229741, 24.76392271137895 ], [ 55.368957003936949, 24.763923534151953 ], [ 55.36895662374075, 24.763924393593008 ], [ 55.368956335145214, 24.763925281934068 ], [ 55.368956140758804, 24.763926191145867 ], [ 55.368956042338482, 24.763927113010507 ], [ 55.368956017082077, 24.763927579831616 ], [ 55.36895576603699, 24.763927591030338 ], [ 55.368934835121152, 24.763927591030338 ], [ 55.368934574944646, 24.763927579424276 ], [ 55.368934424804159, 24.763927514944363 ], [ 55.368933794493486, 24.76392720902339 ], [ 55.368932821760986, 24.763926843162853 ], [ 55.368931814219501, 24.763926565639188 ], [ 55.368930781572189, 24.763926379125106 ], [ 55.368929733764013, 24.763926285416829 ], [ 55.368928680885951, 24.763926285416829 ], [ 55.368927633077774, 24.763926379125106 ], [ 55.368926600430463, 24.763926565639188 ], [ 55.368925592888978, 24.763926843162853 ], [ 55.368924620156477, 24.76392720902339 ], [ 55.368923989845804, 24.763927514944363 ], [ 55.368923839705317, 24.763927579424276 ], [ 55.368923579528811, 24.763927591030338 ], [ 55.368913377449033, 24.763927591030338 ], [ 55.368913126403946, 24.763927579831616 ], [ 55.368913101147541, 24.763927113010507 ], [ 55.36891299794744, 24.763926161574442 ], [ 55.368912792541124, 24.763925223904817 ], [ 55.368912486906751, 24.763924309031903 ], [ 55.368912083987759, 24.763923425766432 ], [ 55.368911587664471, 24.763922582614725 ], [ 55.368911002716757, 24.763921787696802 ], [ 55.368910334777986, 24.763921048668152 ], [ 55.368909590280765, 24.763920372646027 ], [ 55.36890877639501, 24.763919766140887 ], [ 55.368907900958895, 24.763919234993711 ], [ 55.368906972403337, 24.763918784319735 ], [ 55.368905999670837, 24.763918418459198 ], [ 55.368904992129352, 24.763918140935534 ], [ 55.36890395948204, 24.763917954421448 ], [ 55.368902911673864, 24.763917860713175 ], [ 55.368901858795802, 24.763917860713175 ], [ 55.368900810987626, 24.763917954421448 ], [ 55.368899778340314, 24.763918140935534 ], [ 55.368898770798829, 24.763918418459198 ], [ 55.368897798066328, 24.763918784319735 ], [ 55.36889686951077, 24.763919234993711 ], [ 55.368895994074656, 24.763919766140887 ], [ 55.3688951801889, 24.763920372646027 ], [ 55.368894435691679, 24.763921048668152 ], [ 55.368893767752908, 24.763921787696802 ], [ 55.368893182805195, 24.763922582614725 ], [ 55.368892686481907, 24.763923425766432 ], [ 55.368892283562914, 24.763924309031903 ], [ 55.368891977928541, 24.763925223904817 ], [ 55.368891772522225, 24.763926161574442 ], [ 55.368891669322124, 24.763927113010507 ], [ 55.36889164406572, 24.763927579831616 ], [ 55.368891393020633, 24.763927591030338 ], [ 55.368849004432676, 24.763927591030338 ], [ 55.368848753387589, 24.763927579831616 ], [ 55.368848728131184, 24.763927113010507 ], [ 55.368848629710861, 24.763926191145867 ], [ 55.368848435324452, 24.763925281934068 ], [ 55.368848146728915, 24.763924393593008 ], [ 55.368847766532717, 24.763923534151953 ], [ 55.368847298172255, 24.76392271137895 ], [ 55.368846745880802, 24.76392193271062 ], [ 55.368846114650239, 24.76392120518495 ], [ 55.368845410185934, 24.763920535377672 ], [ 55.368844638855187, 24.763919929342837 ], [ 55.368843807629652, 24.763919392558076 ], [ 55.368842924022353, 24.763918929875121 ], [ 55.368841996019775, 24.763918545475921 ], [ 55.368841032009648, 24.763918242834865 ], [ 55.36884004070518, 24.763918024687371 ], [ 55.368839031066251, 24.763917893005161 ], [ 55.368838012218475, 24.763917848978448 ], [ 55.368816554546356, 24.763917848978448 ], [ 55.36881553569858, 24.763917893005161 ], [ 55.368814526059651, 24.763918024687371 ], [ 55.368813534755184, 24.763918242834865 ], [ 55.368812570745057, 24.763918545475921 ], [ 55.368811642742479, 24.763918929875121 ], [ 55.368810759135179, 24.763919392558076 ], [ 55.368809927909645, 24.763919929342837 ], [ 55.368809156578898, 24.763920535377672 ], [ 55.368808452114592, 24.76392120518495 ], [ 55.36880782088403, 24.76392193271062 ], [ 55.368807268592576, 24.76392271137895 ], [ 55.368806800232115, 24.763923534151953 ], [ 55.368806420035916, 24.763924393593008 ], [ 55.36880613144038, 24.763925281934068 ], [ 55.36880593705397, 24.763926191145867 ], [ 55.368805838633648, 24.763927113010507 ], [ 55.368805813377243, 24.763927579831616 ], [ 55.368805562332156, 24.763927591030338 ], [ 55.368698800727842, 24.763927591030338 ], [ 55.368698540551335, 24.763927579424276 ], [ 55.368698390410849, 24.763927514944363 ], [ 55.368697760100176, 24.76392720902339 ], [ 55.368696787367675, 24.763926843162853 ], [ 55.36869577982619, 24.763926565639188 ], [ 55.368694747178878, 24.763926379125106 ], [ 55.368693699370702, 24.763926285416829 ], [ 55.36869264649264, 24.763926285416829 ], [ 55.368691598684464, 24.763926379125106 ], [ 55.368690566037152, 24.763926565639188 ], [ 55.368689558495667, 24.763926843162853 ], [ 55.368688585763167, 24.76392720902339 ], [ 55.368687955452494, 24.763927514944363 ], [ 55.368687805312007, 24.763927579424276 ], [ 55.368687545135501, 24.763927591030338 ], [ 55.368612970039365, 24.763927591030338 ], [ 55.368612718994278, 24.763927579831616 ], [ 55.368612693737873, 24.763927113010507 ], [ 55.368612595317551, 24.763926191145867 ], [ 55.368612400931141, 24.763925281934068 ], [ 55.368612112335605, 24.763924393593008 ], [ 55.368611732139406, 24.763923534151953 ], [ 55.368611263778945, 24.76392271137895 ], [ 55.368610711487491, 24.76392193271062 ], [ 55.368610080256929, 24.76392120518495 ], [ 55.368609375792623, 24.763920535377672 ], [ 55.368608604461876, 24.763919929342837 ], [ 55.368607773236342, 24.763919392558076 ], [ 55.368606889629042, 24.763918929875121 ], [ 55.368605961626464, 24.763918545475921 ], [ 55.368604997616337, 24.763918242834865 ], [ 55.36860400631187, 24.763918024687371 ], [ 55.368602996672941, 24.763917893005161 ], [ 55.368601977825165, 24.763917848978448 ], [ 55.368580520153046, 24.763917848978448 ], [ 55.36857950130527, 24.763917893005161 ], [ 55.368578491666341, 24.763918024687371 ], [ 55.368577500361873, 24.763918242834865 ], [ 55.368576536351746, 24.763918545475921 ], [ 55.368575608349168, 24.763918929875121 ], [ 55.368574724741869, 24.763919392558076 ], [ 55.368573893516334, 24.763919929342837 ], [ 55.368573122185587, 24.763920535377672 ], [ 55.368572417721282, 24.76392120518495 ], [ 55.368571786490719, 24.76392193271062 ], [ 55.368571234199266, 24.76392271137895 ], [ 55.368570765838804, 24.763923534151953 ], [ 55.368570385642606, 24.763924393593008 ], [ 55.368570097047069, 24.763925281934068 ], [ 55.36856990266066, 24.763926191145867 ], [ 55.368569804240337, 24.763927113010507 ], [ 55.368569778983932, 24.763927579831616 ], [ 55.368569527938845, 24.763927591030338 ], [ 55.368548597023008, 24.763927591030338 ], [ 55.368548345977921, 24.763927579831616 ], [ 55.368548320721516, 24.763927113010507 ], [ 55.368548222301193, 24.763926191145867 ], [ 55.368548027914784, 24.763925281934068 ], [ 55.368547739319247, 24.763924393593008 ], [ 55.368547359123049, 24.763923534151953 ], [ 55.368546890762588, 24.76392271137895 ], [ 55.368546338471134, 24.76392193271062 ], [ 55.368545707240571, 24.76392120518495 ], [ 55.368545002776266, 24.763920535377672 ], [ 55.368544231445519, 24.763919929342837 ], [ 55.368543400219984, 24.763919392558076 ], [ 55.368542516612685, 24.763918929875121 ], [ 55.368541588610107, 24.763918545475921 ], [ 55.36854062459998, 24.763918242834865 ], [ 55.368539633295512, 24.763918024687371 ], [ 55.368538623656583, 24.763917893005161 ], [ 55.368537604808807, 24.763917848978448 ], [ 55.368516147136688, 24.763917848978448 ], [ 55.368515128288912, 24.763917893005161 ], [ 55.368514118649983, 24.763918024687371 ], [ 55.368513127345516, 24.763918242834865 ], [ 55.368512163335389, 24.763918545475921 ], [ 55.368511235332811, 24.763918929875121 ], [ 55.368510351725511, 24.763919392558076 ], [ 55.368509520499977, 24.763919929342837 ], [ 55.36850874916923, 24.763920535377672 ], [ 55.368508044704924, 24.76392120518495 ], [ 55.368507413474362, 24.76392193271062 ], [ 55.368506861182908, 24.76392271137895 ], [ 55.368506392822447, 24.763923534151953 ], [ 55.368506012626248, 24.763924393593008 ], [ 55.368505724030712, 24.763925281934068 ], [ 55.368505529644302, 24.763926191145867 ], [ 55.36850543122398, 24.763927113010507 ], [ 55.368505405967575, 24.763927579831616 ], [ 55.368505154922488, 24.763927591030338 ], [ 55.368451774120331, 24.763927591030338 ], [ 55.368450755272555, 24.763927635057051 ], [ 55.368449745633626, 24.763927766739261 ], [ 55.368448754329158, 24.763927984886756 ], [ 55.368447790319031, 24.763928287527811 ], [ 55.368446862316453, 24.763928671927012 ], [ 55.368445978709154, 24.763929134609967 ], [ 55.368445147483619, 24.763929671394727 ], [ 55.368444376152873, 24.763930277429562 ], [ 55.368443671688567, 24.76393094723684 ], [ 55.368443040458004, 24.76393167476251 ], [ 55.368442488166551, 24.76393245343084 ], [ 55.368442019806089, 24.763933276203844 ], [ 55.368441639609891, 24.763934135644899 ], [ 55.368441351014354, 24.763935023985958 ], [ 55.368441156627945, 24.763935933197757 ], [ 55.368441058207623, 24.763936855062397 ], [ 55.368441032951218, 24.763937321883507 ], [ 55.368440781906131, 24.763937333082229 ], [ 55.368430579826352, 24.763937333082229 ], [ 55.368430328781265, 24.763937321883507 ], [ 55.36843030352486, 24.763936855062397 ], [ 55.368430205104538, 24.763935933197757 ], [ 55.368430010718129, 24.763935023985958 ], [ 55.368429722122592, 24.763934135644899 ], [ 55.368429341926394, 24.763933276203844 ], [ 55.368428873565932, 24.76393245343084 ], [ 55.368428321274479, 24.76393167476251 ], [ 55.368427690043916, 24.76393094723684 ], [ 55.36842698557961, 24.763930277429562 ], [ 55.368426214248863, 24.763929671394727 ], [ 55.368425383023329, 24.763929134609967 ], [ 55.36842449941603, 24.763928671927012 ], [ 55.368423571413452, 24.763928287527811 ], [ 55.368422607403325, 24.763927984886756 ], [ 55.368421616098857, 24.763927766739261 ], [ 55.368420606459928, 24.763927635057051 ], [ 55.368419587612152, 24.763927591030338 ], [ 55.368376935646054, 24.763927591030338 ], [ 55.368376684600968, 24.763927579831616 ], [ 55.368376659344563, 24.763927113010507 ], [ 55.36837656092424, 24.763926191145867 ], [ 55.368376366537831, 24.763925281934068 ], [ 55.368376077942294, 24.763924393593008 ], [ 55.368375697746096, 24.763923534151953 ], [ 55.368375229385634, 24.76392271137895 ], [ 55.368374677094181, 24.76392193271062 ], [ 55.368374045863618, 24.76392120518495 ], [ 55.368373341399312, 24.763920535377672 ], [ 55.368372570068566, 24.763919929342837 ], [ 55.368371738843031, 24.763919392558076 ], [ 55.368370855235732, 24.763918929875121 ], [ 55.368369927233154, 24.763918545475921 ], [ 55.368368963223027, 24.763918242834865 ], [ 55.368367971918559, 24.763918024687371 ], [ 55.36836696227963, 24.763917893005161 ], [ 55.368365943431854, 24.763917848978448 ], [ 55.368344749137876, 24.763917848978448 ], [ 55.368344498092789, 24.763917837779726 ], [ 55.368344485759735, 24.763917609824496 ], [ 55.368344485759735, 24.763050806360191 ], [ 55.368344430598903, 24.76304981975002 ], [ 55.368344265683625, 24.763048843284885 ], [ 55.368343992709661, 24.763047887005513 ], [ 55.36834361448394, 24.763046960745061 ], [ 55.368343134895653, 24.763046074028004 ], [ 55.368342558876265, 24.763045235972214 ], [ 55.36834189234883, 24.763044455195182 ], [ 55.368341142167068, 24.763043739725429 ], [ 55.368340316044886, 24.76304309691993 ], [ 55.368339422477071, 24.763042533388475 ], [ 55.368338470651942, 24.763042054925702 ], [ 55.368337470356842, 24.763041666451514 ], [ 55.36833643187753, 24.763041371960483 ], [ 55.368335365892413, 24.763041174480779 ], [ 55.368334283362707, 24.763041076043031 ], [ 55.368333769256729, 24.763041053109578 ], [ 55.368333756923676, 24.763040825154352 ], [ 55.368333756923676, 24.763021819358471 ], [ 55.36833376970533, 24.763021583111687 ], [ 55.368333840716488, 24.763021446780364 ], [ 55.368334177624568, 24.763020874442482 ], [ 55.368334580543561, 24.763019991177007 ], [ 55.368334886177927, 24.763019076304097 ], [ 55.36833509158425, 24.763018138634472 ], [ 55.368335194784343, 24.763017187198404 ], [ 55.368335194784343, 24.763016231158744 ], [ 55.36833509158425, 24.76301527972268 ], [ 55.368334886177927, 24.763014342053054 ], [ 55.368334580543561, 24.763013427180141 ], [ 55.368334177624568, 24.76301254391467 ], [ 55.368333840716488, 24.763011971576788 ], [ 55.36833376970533, 24.763011835245464 ], [ 55.368333756923676, 24.763011598998681 ], [ 55.368333756923676, 24.76300233525469 ], [ 55.368333769256729, 24.76300210729946 ], [ 55.368334283362707, 24.763002084366011 ], [ 55.368335365892413, 24.763001985928263 ], [ 55.36833643187753, 24.763001788448559 ], [ 55.368337470356842, 24.763001493957528 ], [ 55.368338470651942, 24.76300110548334 ], [ 55.368339422477071, 24.763000627020567 ], [ 55.368340316044886, 24.763000063489113 ], [ 55.368341142167068, 24.762999420683613 ], [ 55.36834189234883, 24.762998705213857 ], [ 55.368342558876265, 24.762997924436828 ], [ 55.368343134895653, 24.762997086381038 ], [ 55.36834361448394, 24.762996199663981 ], [ 55.368343992709661, 24.762995273403526 ], [ 55.368344265683625, 24.762994317124154 ], [ 55.368344430598903, 24.762993340659023 ], [ 55.368344485759735, 24.762992354048848 ], [ 55.368344485759735, 24.762982611996957 ], [ 55.368344430598903, 24.762981625386786 ], [ 55.368344265683625, 24.762980648921651 ], [ 55.368343992709661, 24.762979692642279 ], [ 55.36834361448394, 24.762978766381828 ], [ 55.368343134895653, 24.762977879664771 ], [ 55.368342558876265, 24.76297704160898 ], [ 55.36834189234883, 24.762976260831952 ], [ 55.368341142167068, 24.762975545362195 ], [ 55.368340316044886, 24.762974902556696 ], [ 55.368339422477071, 24.762974339025241 ], [ 55.368338470651942, 24.762973860562468 ], [ 55.368337470356842, 24.76297347208828 ], [ 55.36833643187753, 24.762973177597249 ], [ 55.368335365892413, 24.762972980117546 ], [ 55.368334283362707, 24.762972881679797 ], [ 55.368333769256729, 24.762972858746345 ], [ 55.368333756923676, 24.762972630791118 ], [ 55.368333756923676, 24.762895172683894 ], [ 55.368333769256729, 24.762894944728668 ], [ 55.368334283362707, 24.762894921795215 ], [ 55.368335331170883, 24.762894828086942 ], [ 55.368336363818194, 24.762894641572856 ], [ 55.368337371359679, 24.762894364049195 ], [ 55.36833834409218, 24.762893998188655 ], [ 55.368339272647738, 24.762893547514679 ], [ 55.368340148083853, 24.762893016367503 ], [ 55.368340961969608, 24.762892409862364 ], [ 55.368341706466829, 24.762891733840238 ], [ 55.3683423744056, 24.762890994811588 ], [ 55.368342959353313, 24.762890199893665 ], [ 55.368343455676602, 24.762889356741958 ], [ 55.368343858595594, 24.762888473476487 ], [ 55.368344164229967, 24.762887558603573 ], [ 55.368344369636283, 24.762886620933951 ], [ 55.368344472836384, 24.762885669497884 ], [ 55.368344472836384, 24.762884713458224 ], [ 55.368344369636283, 24.762883762022156 ], [ 55.368344164229967, 24.762882824352534 ], [ 55.368343858595594, 24.762881909479621 ], [ 55.368343455676602, 24.762881026214146 ], [ 55.368342959353313, 24.762880183062443 ], [ 55.3683423744056, 24.762879388144519 ], [ 55.368341706466829, 24.762878649115869 ], [ 55.368340961969608, 24.76287797309374 ], [ 55.368340148083853, 24.762877366588604 ], [ 55.368339272647738, 24.762876835441428 ], [ 55.36833834409218, 24.762876384767452 ], [ 55.368337371359679, 24.762876018906912 ], [ 55.368336363818194, 24.762875741383251 ], [ 55.368335331170883, 24.762875554869165 ], [ 55.368334283362707, 24.762875461160892 ], [ 55.368333769256729, 24.762875438227439 ], [ 55.368333756923676, 24.762875210272213 ], [ 55.368333756923676, 24.762739299853646 ], [ 55.368333769256729, 24.762739071898419 ], [ 55.368334283362707, 24.762739048964967 ], [ 55.368335365892413, 24.762738950527218 ], [ 55.36833643187753, 24.762738753047515 ], [ 55.368337470356842, 24.762738458556484 ], [ 55.368338470651942, 24.762738070082296 ], [ 55.368339422477071, 24.762737591619523 ], [ 55.368340316044886, 24.762737028088068 ], [ 55.368341142167068, 24.762736385282569 ], [ 55.36834189234883, 24.762735669812812 ], [ 55.368342558876265, 24.762734889035784 ], [ 55.368343134895653, 24.762734050979994 ], [ 55.36834361448394, 24.762733164262936 ], [ 55.368343992709661, 24.762732238002485 ], [ 55.368344265683625, 24.762731281723113 ], [ 55.368344430598903, 24.762730305257978 ], [ 55.368344485759735, 24.762729318647807 ], [ 55.368344485759735, 24.762622156077011 ], [ 55.368344430598903, 24.762621169466836 ], [ 55.368344265683625, 24.762620193001705 ], [ 55.368343992709661, 24.762619236722333 ], [ 55.36834361448394, 24.762618310461878 ], [ 55.368343134895653, 24.762617423744821 ], [ 55.368342558876265, 24.762616585689031 ], [ 55.36834189234883, 24.762615804912002 ], [ 55.368341142167068, 24.762615089442246 ], [ 55.368340316044886, 24.762614446636746 ], [ 55.368339422477071, 24.762613883105292 ], [ 55.368338470651942, 24.762613404642519 ], [ 55.368337470356842, 24.762613016168331 ], [ 55.36833643187753, 24.7626127216773 ], [ 55.368335365892413, 24.762612524197596 ], [ 55.368334283362707, 24.762612425759848 ], [ 55.368333769256729, 24.762612402826399 ], [ 55.368333756923676, 24.762612174871169 ], [ 55.368333756923676, 24.762573684971507 ], [ 55.368333769256729, 24.762573457016281 ], [ 55.368334283362707, 24.762573434082828 ], [ 55.368335365892413, 24.762573335645079 ], [ 55.36833643187753, 24.762573138165376 ], [ 55.368337470356842, 24.762572843674345 ], [ 55.368338470651942, 24.762572455200157 ], [ 55.368339422477071, 24.762571976737384 ], [ 55.368340316044886, 24.762571413205929 ], [ 55.368341142167068, 24.76257077040043 ], [ 55.36834189234883, 24.762570054930677 ], [ 55.368342558876265, 24.762569274153645 ], [ 55.368343134895653, 24.762568436097855 ], [ 55.36834361448394, 24.762567549380801 ], [ 55.368343992709661, 24.762566623120346 ], [ 55.368344265683625, 24.762565666840974 ], [ 55.368344430598903, 24.762564690375839 ], [ 55.368344485759735, 24.762563703765668 ], [ 55.368344485759735, 24.762544219661887 ], [ 55.368344430598903, 24.762543233051712 ], [ 55.368344265683625, 24.762542256586581 ], [ 55.368343992709661, 24.762541300307209 ], [ 55.36834361448394, 24.762540374046754 ], [ 55.368343134895653, 24.762539487329697 ], [ 55.368342558876265, 24.762538649273907 ], [ 55.36834189234883, 24.762537868496878 ], [ 55.368341142167068, 24.762537153027125 ], [ 55.368340316044886, 24.762536510221622 ], [ 55.368339422477071, 24.762535946690168 ], [ 55.368338470651942, 24.762535468227398 ], [ 55.368337470356842, 24.76253507975321 ], [ 55.36833643187753, 24.762534785262176 ], [ 55.368335365892413, 24.762534587782472 ], [ 55.368334283362707, 24.762534489344723 ], [ 55.368333769256729, 24.762534466411275 ], [ 55.368333756923676, 24.762534238456045 ], [ 55.368333756923676, 24.762495748556383 ], [ 55.368333769256729, 24.762495520601156 ], [ 55.368334283362707, 24.762495497667704 ], [ 55.368335365892413, 24.762495399229955 ], [ 55.36833643187753, 24.762495201750252 ], [ 55.368337470356842, 24.762494907259221 ], [ 55.368338470651942, 24.762494518785033 ], [ 55.368339422477071, 24.76249404032226 ], [ 55.368340316044886, 24.762493476790805 ], [ 55.368341142167068, 24.762492833985306 ], [ 55.36834189234883, 24.762492118515553 ], [ 55.368342558876265, 24.762491337738521 ], [ 55.368343134895653, 24.76249049968273 ], [ 55.36834361448394, 24.762489612965677 ], [ 55.368343992709661, 24.762488686705222 ], [ 55.368344265683625, 24.76248773042585 ], [ 55.368344430598903, 24.762486753960715 ], [ 55.368344485759735, 24.762485767350544 ], [ 55.368344485759735, 24.762456541194872 ], [ 55.368344430598903, 24.762455554584697 ], [ 55.368344265683625, 24.762454578119566 ], [ 55.368343992709661, 24.762453621840194 ], [ 55.36834361448394, 24.762452695579739 ], [ 55.368343134895653, 24.762451808862682 ], [ 55.368342558876265, 24.762450970806892 ], [ 55.36834189234883, 24.762450190029863 ], [ 55.368341142167068, 24.76244947456011 ], [ 55.368340316044886, 24.762448831754607 ], [ 55.368339422477071, 24.762448268223153 ], [ 55.368338470651942, 24.762447789760383 ], [ 55.368337470356842, 24.762447401286195 ], [ 55.36833643187753, 24.762447106795161 ], [ 55.368335365892413, 24.762446909315457 ], [ 55.368334283362707, 24.762446810877709 ], [ 55.368333769256729, 24.76244678794426 ], [ 55.368333756923676, 24.76244655998903 ], [ 55.368333756923676, 24.762437296245039 ], [ 55.368333769256729, 24.762437068289813 ], [ 55.368334283362707, 24.762437045356361 ], [ 55.368335365892413, 24.762436946918612 ], [ 55.36833643187753, 24.762436749438908 ], [ 55.368337470356842, 24.762436454947878 ], [ 55.368338470651942, 24.76243606647369 ], [ 55.368339422477071, 24.762435588010916 ], [ 55.368340316044886, 24.762435024479462 ], [ 55.368341142167068, 24.762434381673962 ], [ 55.36834189234883, 24.76243366620421 ], [ 55.368342558876265, 24.762432885427177 ], [ 55.368343134895653, 24.762432047371387 ], [ 55.36834361448394, 24.762431160654334 ], [ 55.368343992709661, 24.762430234393879 ], [ 55.368344265683625, 24.762429278114507 ], [ 55.368344430598903, 24.762428301649372 ], [ 55.368344485759735, 24.762427315039201 ], [ 55.368344485759735, 24.762398088883529 ], [ 55.368344430598903, 24.762397102273354 ], [ 55.368344265683625, 24.762396125808223 ], [ 55.368343992709661, 24.762395169528851 ], [ 55.36834361448394, 24.762394243268396 ], [ 55.368343134895653, 24.762393356551339 ], [ 55.368342558876265, 24.762392518495549 ], [ 55.36834189234883, 24.76239173771852 ], [ 55.368341142167068, 24.762391022248767 ], [ 55.368340316044886, 24.762390379443264 ], [ 55.368339422477071, 24.76238981591181 ], [ 55.368338470651942, 24.76238933744904 ], [ 55.368337470356842, 24.762388948974852 ], [ 55.36833643187753, 24.762388654483818 ], [ 55.368335365892413, 24.762388457004114 ], [ 55.368334283362707, 24.762388358566366 ], [ 55.368333769256729, 24.762388335632917 ], [ 55.368333756923676, 24.762388107677687 ], [ 55.368333756923676, 24.762349617778028 ], [ 55.36833376970533, 24.762349381531244 ], [ 55.368333840716488, 24.762349245199918 ], [ 55.368334177624568, 24.762348672862036 ], [ 55.368334580543561, 24.762347789596564 ], [ 55.368334886177927, 24.762346874723651 ], [ 55.36833509158425, 24.762345937054025 ], [ 55.368335194784343, 24.762344985617961 ], [ 55.368335194784343, 24.762344029578301 ], [ 55.36833509158425, 24.762343078142234 ], [ 55.368334886177927, 24.762342140472608 ], [ 55.368334580543561, 24.762341225599698 ], [ 55.368334177624568, 24.762340342334223 ], [ 55.368333840716488, 24.762339769996341 ], [ 55.36833376970533, 24.762339633665018 ], [ 55.368333756923676, 24.762339397418234 ], [ 55.368333756923676, 24.762320391622357 ], [ 55.368333769256729, 24.762320163667127 ], [ 55.368334283362707, 24.762320140733678 ], [ 55.368335365892413, 24.762320042295929 ], [ 55.36833643187753, 24.762319844816222 ], [ 55.368337470356842, 24.762319550325191 ], [ 55.368338470651942, 24.762319161851003 ], [ 55.368339422477071, 24.762318683388234 ], [ 55.368340316044886, 24.762318119856776 ], [ 55.368341142167068, 24.762317477051276 ], [ 55.36834189234883, 24.762316761581523 ], [ 55.368342558876265, 24.762315980804495 ], [ 55.368343134895653, 24.762315142748701 ], [ 55.36834361448394, 24.762314256031647 ], [ 55.368343992709661, 24.762313329771192 ], [ 55.368344265683625, 24.76231237349182 ], [ 55.368344430598903, 24.762311397026686 ], [ 55.368344485759735, 24.762310410416514 ], [ 55.368344485759735, 24.762174021690047 ], [ 55.368344430598903, 24.762173035079876 ], [ 55.368344265683625, 24.762172058614741 ], [ 55.368343992709661, 24.762171102335369 ], [ 55.36834361448394, 24.762170176074914 ], [ 55.368343134895653, 24.76216928935786 ], [ 55.368342558876265, 24.762168451302067 ], [ 55.36834189234883, 24.762167670525038 ], [ 55.368341142167068, 24.762166955055285 ], [ 55.368340316044886, 24.762166312249786 ], [ 55.368339422477071, 24.762165748718328 ], [ 55.368338470651942, 24.762165270255558 ], [ 55.368337470356842, 24.76216488178137 ], [ 55.36833643187753, 24.762164587290339 ], [ 55.368335365892413, 24.762164389810632 ], [ 55.368334283362707, 24.762164291372883 ], [ 55.368333769256729, 24.762164268439435 ], [ 55.368333756923676, 24.762164040484205 ], [ 55.368333756923676, 24.762125550584546 ], [ 55.368333769256729, 24.762125322629316 ], [ 55.368334283362707, 24.762125299695867 ], [ 55.368335365892413, 24.762125201258119 ], [ 55.36833643187753, 24.762125003778412 ], [ 55.368337470356842, 24.762124709287381 ], [ 55.368338470651942, 24.762124320813193 ], [ 55.368339422477071, 24.762123842350423 ], [ 55.368340316044886, 24.762123278818965 ], [ 55.368341142167068, 24.762122636013466 ], [ 55.36834189234883, 24.762121920543713 ], [ 55.368342558876265, 24.762121139766684 ], [ 55.368343134895653, 24.762120301710894 ], [ 55.36834361448394, 24.762119414993837 ], [ 55.368343992709661, 24.762118488733382 ], [ 55.368344265683625, 24.76211753245401 ], [ 55.368344430598903, 24.762116555988879 ], [ 55.368344485759735, 24.762115569378704 ], [ 55.368344485759735, 24.761881760133331 ], [ 55.368344430598903, 24.76188077352316 ], [ 55.368344265683625, 24.761879797058025 ], [ 55.368343992709661, 24.761878840778653 ], [ 55.36834361448394, 24.761877914518198 ], [ 55.368343134895653, 24.761877027801145 ], [ 55.368342558876265, 24.761876189745355 ], [ 55.36834189234883, 24.761875408968322 ], [ 55.368341142167068, 24.761874693498569 ], [ 55.368340316044886, 24.76187405069307 ], [ 55.368339422477071, 24.761873487161616 ], [ 55.368338470651942, 24.761873008698842 ], [ 55.368337470356842, 24.761872620224654 ], [ 55.36833643187753, 24.761872325733624 ], [ 55.368335365892413, 24.76187212825392 ], [ 55.368334283362707, 24.761872029816171 ], [ 55.368333769256729, 24.761872006882719 ], [ 55.368333756923676, 24.761871778927492 ], [ 55.368333756923676, 24.761852773131611 ], [ 55.368333769256729, 24.761852545176382 ], [ 55.368334283362707, 24.761852522242933 ], [ 55.368335365892413, 24.761852423805184 ], [ 55.36833643187753, 24.76185222632548 ], [ 55.368337470356842, 24.76185193183445 ], [ 55.368338470651942, 24.761851543360258 ], [ 55.368339422477071, 24.761851064897488 ], [ 55.368340316044886, 24.761850501366034 ], [ 55.368341142167068, 24.761849858560531 ], [ 55.36834189234883, 24.761849143090778 ], [ 55.368342558876265, 24.761848362313749 ], [ 55.368343134895653, 24.761847524257959 ], [ 55.36834361448394, 24.761846637540902 ], [ 55.368343992709661, 24.761845711280447 ], [ 55.368344265683625, 24.761844755001075 ], [ 55.368344430598903, 24.761843778535944 ], [ 55.368344485759735, 24.761842791925769 ], [ 55.368344485759735, 24.761745371406864 ], [ 55.368344430598903, 24.761744384796692 ], [ 55.368344265683625, 24.761743408331558 ], [ 55.368343992709661, 24.761742452052186 ], [ 55.36834361448394, 24.761741525791734 ], [ 55.368343134895653, 24.761740639074677 ], [ 55.368342558876265, 24.761739801018887 ], [ 55.36834189234883, 24.761739020241858 ], [ 55.368341142167068, 24.761738304772102 ], [ 55.368340316044886, 24.761737661966603 ], [ 55.368339422477071, 24.761737098435148 ], [ 55.368338470651942, 24.761736619972375 ], [ 55.368337470356842, 24.761736231498187 ], [ 55.36833643187753, 24.761735937007156 ], [ 55.368335365892413, 24.761735739527452 ], [ 55.368334283362707, 24.761735641089704 ], [ 55.368333769256729, 24.761735618156251 ], [ 55.368333756923676, 24.761735390201025 ], [ 55.368333756923676, 24.760995472565249 ], [ 55.368333769256729, 24.760995244610019 ] ], [ [ 55.378139913082123, 24.764239336690832 ], [ 55.378140964691951, 24.764239289780189 ], [ 55.378142006174201, 24.764239149500039 ], [ 55.378143027498837, 24.76423891720135 ], [ 55.378144018829929, 24.764238595121288 ], [ 55.378144970620433, 24.764238186361663 ], [ 55.378145873704071, 24.764237694859052 ], [ 55.378146719383665, 24.764237125346892 ], [ 55.378147499514853, 24.764236483309897 ], [ 55.378148206584548, 24.764235774931237 ], [ 55.378148833783278, 24.76423500703298 ], [ 55.378149375070784, 24.764234187010413 ], [ 55.378149825234168, 24.764233322760798 ], [ 55.378150179938103, 24.764232422607332 ], [ 55.378150435766607, 24.764231495218983 ], [ 55.378150590255906, 24.76423054952701 ], [ 55.378150641918182, 24.764229594638941 ], [ 55.378150641918182, 24.76421985258705 ], [ 55.378150590255906, 24.764218897698985 ], [ 55.378150435766607, 24.764217952007012 ], [ 55.378150179938103, 24.764217024618663 ], [ 55.378149825234168, 24.764216124465197 ], [ 55.378149375070784, 24.764215260215579 ], [ 55.378148833783278, 24.764214440193012 ], [ 55.378148206584548, 24.764213672294758 ], [ 55.378147499514853, 24.764212963916098 ], [ 55.378146719383665, 24.764212321879103 ], [ 55.378145873704071, 24.764211752366943 ], [ 55.378144970620433, 24.764211260864332 ], [ 55.378144018829929, 24.764210852104707 ], [ 55.378143027498837, 24.764210530024645 ], [ 55.378142006174201, 24.764210297725956 ], [ 55.378140964691951, 24.764210157445802 ], [ 55.378139913082123, 24.76421011053516 ], [ 55.378118455410004, 24.76421011053516 ], [ 55.378117403800175, 24.764210157445802 ], [ 55.378116362317925, 24.764210297725956 ], [ 55.37811534099329, 24.764210530024645 ], [ 55.378114349662198, 24.764210852104707 ], [ 55.378113397871694, 24.764211260864332 ], [ 55.378112494788056, 24.764211752366943 ], [ 55.378111649108462, 24.764212321879103 ], [ 55.378110868977274, 24.764212963916098 ], [ 55.378110161907578, 24.764213672294758 ], [ 55.378109534708848, 24.764214440193012 ], [ 55.378108993421343, 24.764215260215579 ], [ 55.378108543257959, 24.764216124465197 ], [ 55.378108188554023, 24.764217024618663 ], [ 55.37810793272552, 24.764217952007012 ], [ 55.37810777823622, 24.764218897698985 ], [ 55.378107726573944, 24.76421985258705 ], [ 55.378107726573944, 24.764229594638941 ], [ 55.37810777823622, 24.76423054952701 ], [ 55.37810793272552, 24.764231495218983 ], [ 55.378108188554023, 24.764232422607332 ], [ 55.378108543257959, 24.764233322760798 ], [ 55.378108993421343, 24.764234187010413 ], [ 55.378109534708848, 24.76423500703298 ], [ 55.378110161907578, 24.764235774931237 ], [ 55.378110868977274, 24.764236483309897 ], [ 55.378111649108462, 24.764237125346892 ], [ 55.378112494788056, 24.764237694859052 ], [ 55.378113397871694, 24.764238186361663 ], [ 55.378114349662198, 24.764238595121288 ], [ 55.37811534099329, 24.76423891720135 ], [ 55.378116362317925, 24.764239149500039 ], [ 55.378117403800175, 24.764239289780189 ], [ 55.378118455410004, 24.764239336690832 ], [ 55.378139913082123, 24.764239336690832 ] ], [ [ 55.377785861492157, 24.764239336690832 ], [ 55.377786930007581, 24.764239288256004 ], [ 55.377787987898273, 24.764239143433134 ], [ 55.377789024645139, 24.764238903662253 ], [ 55.377790029939334, 24.764238571327521 ], [ 55.377790993784764, 24.764238149733487 ], [ 55.377791906597473, 24.764237643072256 ], [ 55.377792759300952, 24.764237056381791 ], [ 55.377793543416374, 24.764236395495821 ], [ 55.377794251146931, 24.764235666985837 ], [ 55.377794875455329, 24.764234878095742 ], [ 55.377795410133793, 24.764234036669833 ], [ 55.37779584986577, 24.764233151074791 ], [ 55.377796190278801, 24.764232230116487 ], [ 55.377796427988002, 24.764231282952434 ], [ 55.377796560629733, 24.76423031900071 ], [ 55.377796586885069, 24.764229347846324 ], [ 55.377796506492942, 24.764228379145912 ], [ 55.377796320252727, 24.7642274225317 ], [ 55.377796030016299, 24.764226487515739 ], [ 55.377795638669603, 24.764225583395319 ], [ 55.377795150103992, 24.76422471916052 ], [ 55.377794569177482, 24.764223903404819 ], [ 55.377793901666493, 24.764223144239651 ], [ 55.377793154208391, 24.764222449213737 ], [ 55.377792334235494, 24.764221825238035 ], [ 55.377791449901167, 24.764221278517024 ], [ 55.377790509998746, 24.764220814486997 ], [ 55.377789523874107, 24.764220437762017 ], [ 55.377788501332738, 24.764220152088033 ], [ 55.377787452542229, 24.764219960305624 ], [ 55.377786387931188, 24.764219864321781 ], [ 55.377785873825211, 24.764219841388329 ], [ 55.377785848568806, 24.764219374567222 ], [ 55.377785740160178, 24.764218391603137 ], [ 55.377785522677513, 24.764217423661947 ], [ 55.377785198357131, 24.764216480696721 ], [ 55.377784770533928, 24.764215572403714 ], [ 55.377784243607081, 24.764214708122648 ], [ 55.377783622994848, 24.764213896740692 ], [ 55.377782915078804, 24.764213146601055 ], [ 55.377782127138261, 24.764212465417224 ], [ 55.377781267275381, 24.764211860193619 ], [ 55.37778034433191, 24.764211337153586 ], [ 55.377779367798219, 24.764210901675405 ], [ 55.377778347715726, 24.764210558236979 ], [ 55.377777294573669, 24.764210310369783 ], [ 55.377776219201202, 24.764210160622575 ], [ 55.377775132656097, 24.76421011053516 ], [ 55.377764403820038, 24.76421011053516 ], [ 55.377763352210209, 24.764210157445802 ], [ 55.37776231072796, 24.764210297725956 ], [ 55.377761289403324, 24.764210530024645 ], [ 55.377760298072232, 24.764210852104707 ], [ 55.377759346281728, 24.764211260864332 ], [ 55.37775844319809, 24.764211752366943 ], [ 55.377757597518496, 24.764212321879103 ], [ 55.377756817387308, 24.764212963916098 ], [ 55.377756110317613, 24.764213672294758 ], [ 55.377755483118882, 24.764214440193012 ], [ 55.377754941831377, 24.764215260215579 ], [ 55.377754491667993, 24.764216124465197 ], [ 55.377754136964057, 24.764217024618663 ], [ 55.377753881135554, 24.764217952007012 ], [ 55.377753726646255, 24.764218897698985 ], [ 55.377753674983978, 24.76421985258705 ], [ 55.377753674983978, 24.764229594638941 ], [ 55.377753726646255, 24.76423054952701 ], [ 55.377753881135554, 24.764231495218983 ], [ 55.377754136964057, 24.764232422607332 ], [ 55.377754491667993, 24.764233322760798 ], [ 55.377754941831377, 24.764234187010413 ], [ 55.377755483118882, 24.76423500703298 ], [ 55.377756110317613, 24.764235774931237 ], [ 55.377756817387308, 24.764236483309897 ], [ 55.377757597518496, 24.764237125346892 ], [ 55.37775844319809, 24.764237694859052 ], [ 55.377759346281728, 24.764238186361663 ], [ 55.377760298072232, 24.764238595121288 ], [ 55.377761289403324, 24.76423891720135 ], [ 55.37776231072796, 24.764239149500039 ], [ 55.377763352210209, 24.764239289780189 ], [ 55.377764403820038, 24.764239336690832 ], [ 55.377785861492157, 24.764239336690832 ] ], [ [ 55.377549827098846, 24.764025011549244 ], [ 55.377549882259679, 24.764025998159415 ], [ 55.377550047174957, 24.764026974624549 ], [ 55.37755032014892, 24.764027930903922 ], [ 55.377550698374641, 24.764028857164373 ], [ 55.377551177962928, 24.76402974388143 ], [ 55.377551753982317, 24.76403058193722 ], [ 55.377552420509751, 24.764031362714249 ], [ 55.377553170691513, 24.764032078184005 ], [ 55.377553996813695, 24.764032720989505 ], [ 55.377554890381511, 24.764033284520959 ], [ 55.37755584220664, 24.764033762983733 ], [ 55.37755684250174, 24.764034151457921 ], [ 55.377557880981051, 24.764034445948951 ], [ 55.377558946966168, 24.764034643428655 ], [ 55.377560029495875, 24.764034741866404 ], [ 55.377560543601852, 24.764034764799856 ], [ 55.377560568858257, 24.764035231620962 ], [ 55.377560674564421, 24.764036198314454 ], [ 55.377560885772702, 24.764037150642505 ], [ 55.377561200382949, 24.76403807913568 ], [ 55.377561615266856, 24.764038974561554 ], [ 55.377562126299047, 24.764039828016497 ], [ 55.377562728398082, 24.764040631014218 ], [ 55.377563415577036, 24.764041375570148 ], [ 55.37756418100296, 24.764042054280825 ], [ 55.377565017064882, 24.764042660397525 ], [ 55.377565915449459, 24.764043187893346 ], [ 55.377566867223642, 24.764043631523165 ], [ 55.377567862923513, 24.764043986875766 ], [ 55.37756889264837, 24.764044250417712 ], [ 55.377569946159184, 24.764044419528492 ], [ 55.377571012980425, 24.764044492526558 ], [ 55.377572082504209, 24.764044468686055 ], [ 55.377573144095763, 24.764044348244045 ], [ 55.377574187199208, 24.76404413239813 ], [ 55.377575201442482, 24.764043823294571 ], [ 55.377576176740519, 24.764043424006925 ], [ 55.377577103395467, 24.764042938505487 ], [ 55.377577972193187, 24.764042371617819 ], [ 55.377578774494829, 24.764041728980747 ], [ 55.377579502322732, 24.764041016984301 ], [ 55.377580148439783, 24.764040242708184 ], [ 55.377580706421341, 24.764039413851378 ], [ 55.377581170719139, 24.764038538655587 ], [ 55.377581536716463, 24.764037625823274 ], [ 55.377581800774017, 24.764036684431151 ], [ 55.377581960266177, 24.764035723839903 ], [ 55.377582013607025, 24.764034753601134 ], [ 55.377582013607025, 24.764025011549244 ], [ 55.377581958446193, 24.764024024939069 ], [ 55.377581793530915, 24.764023048473934 ], [ 55.377581520556951, 24.764022092194562 ], [ 55.377581142331231, 24.764021165934111 ], [ 55.377580662742943, 24.764020279217053 ], [ 55.377580086723555, 24.764019441161263 ], [ 55.37757942019612, 24.764018660384234 ], [ 55.377578670014358, 24.764017944914478 ], [ 55.377577843892176, 24.764017302108979 ], [ 55.377576950324361, 24.764016738577524 ], [ 55.377575998499232, 24.764016260114751 ], [ 55.377574998204132, 24.764015871640563 ], [ 55.37757395972482, 24.764015577149532 ], [ 55.377572893739703, 24.764015379669829 ], [ 55.377571811209997, 24.76401528123208 ], [ 55.377571297104019, 24.764015258298627 ], [ 55.377571271847614, 24.764014791477521 ], [ 55.37757116614145, 24.76401382478403 ], [ 55.377570954933169, 24.764012872455979 ], [ 55.377570640322922, 24.764011943962803 ], [ 55.377570225439015, 24.764011048536929 ], [ 55.377569714406825, 24.764010195081987 ], [ 55.377569112307789, 24.764009392084265 ], [ 55.377568425128835, 24.764008647528335 ], [ 55.377567659702912, 24.764007968817658 ], [ 55.37756682364099, 24.764007362700958 ], [ 55.377565925256413, 24.764006835205137 ], [ 55.37756497348223, 24.764006391575318 ], [ 55.377563977782359, 24.764006036222717 ], [ 55.377562948057502, 24.764005772680772 ], [ 55.377561894546687, 24.764005603569991 ], [ 55.377560827725446, 24.764005530571925 ], [ 55.377559758201663, 24.764005554412428 ], [ 55.377558696610109, 24.764005674854442 ], [ 55.377557653506663, 24.764005890700354 ], [ 55.377556639263389, 24.764006199803912 ], [ 55.377555663965353, 24.764006599091559 ], [ 55.377554737310405, 24.764007084592997 ], [ 55.377553868512685, 24.764007651480664 ], [ 55.377553066211043, 24.764008294117737 ], [ 55.37755233838314, 24.764009006114183 ], [ 55.377551692266088, 24.7640097803903 ], [ 55.377551134284531, 24.764010609247105 ], [ 55.377550669986732, 24.764011484442896 ], [ 55.377550303989409, 24.764012397275209 ], [ 55.377550039931855, 24.764013338667336 ], [ 55.377549880439695, 24.76401429925858 ], [ 55.377549827098846, 24.764015269497353 ], [ 55.377549827098846, 24.764025011549244 ] ], [ [ 55.377002644126755, 24.764950517677562 ], [ 55.37700266938316, 24.764950984498668 ], [ 55.377002777791787, 24.764951967462753 ], [ 55.377002995274452, 24.764952935403944 ], [ 55.377003319594834, 24.76495387836917 ], [ 55.377003747418037, 24.764954786662177 ], [ 55.377004274344884, 24.764955650943243 ], [ 55.377004894957118, 24.764956462325198 ], [ 55.377005602873162, 24.764957212464836 ], [ 55.377006390813705, 24.764957893648667 ], [ 55.377007250676584, 24.764958498872272 ], [ 55.377008173620055, 24.764959021912304 ], [ 55.377009150153746, 24.764959457390486 ], [ 55.37701017023624, 24.764959800828912 ], [ 55.377011223378297, 24.764960048696107 ], [ 55.377012298750763, 24.764960198443315 ], [ 55.377013385295868, 24.764960248530731 ], [ 55.377056037261966, 24.764960248530731 ], [ 55.377056288307053, 24.764960259729452 ], [ 55.377056313563457, 24.764960726550559 ], [ 55.377056421972085, 24.764961709514644 ], [ 55.37705663945475, 24.764962677455834 ], [ 55.377056963775132, 24.76496362042106 ], [ 55.377057391598335, 24.764964528714067 ], [ 55.377057918525182, 24.764965392995133 ], [ 55.377058539137415, 24.764966204377089 ], [ 55.37705924705346, 24.764966954516726 ], [ 55.377060034994003, 24.764967635700557 ], [ 55.377060894856882, 24.764968240924162 ], [ 55.377061817800353, 24.764968763964195 ], [ 55.377062794334044, 24.764969199442376 ], [ 55.377063814416537, 24.764969542880802 ], [ 55.377064867558595, 24.764969790747998 ], [ 55.377065942931061, 24.764969940495206 ], [ 55.377067029476166, 24.764969990582621 ], [ 55.377163589000702, 24.764969990582621 ], [ 55.377164675545806, 24.764969940495206 ], [ 55.377165750918273, 24.764969790747998 ], [ 55.37716680406033, 24.764969542880802 ], [ 55.377167824142823, 24.764969199442376 ], [ 55.377168800676515, 24.764968763964195 ], [ 55.377169723619986, 24.764968240924162 ], [ 55.377170583482865, 24.764967635700557 ], [ 55.377171371423408, 24.764966954516726 ], [ 55.377172079339452, 24.764966204377089 ], [ 55.377172699951686, 24.764965392995133 ], [ 55.377173226878533, 24.764964528714067 ], [ 55.377173654701735, 24.76496362042106 ], [ 55.377173979022118, 24.764962677455834 ], [ 55.377174196504782, 24.764961709514644 ], [ 55.37717430491341, 24.764960726550559 ], [ 55.377174330169815, 24.764960259729452 ], [ 55.377174581214902, 24.764960248530731 ], [ 55.3772062409668, 24.764960248530731 ], [ 55.377206492011886, 24.764960259729452 ], [ 55.377206517268291, 24.764960726550559 ], [ 55.377206625676919, 24.764961709514644 ], [ 55.377206843159584, 24.764962677455834 ], [ 55.377207167479966, 24.76496362042106 ], [ 55.377207595303169, 24.764964528714067 ], [ 55.377208122230016, 24.764965392995133 ], [ 55.377208742842249, 24.764966204377089 ], [ 55.377209450758293, 24.764966954516726 ], [ 55.377210238698837, 24.764967635700557 ], [ 55.377211098561716, 24.764968240924162 ], [ 55.377212021505187, 24.764968763964195 ], [ 55.377212998038878, 24.764969199442376 ], [ 55.377214018121371, 24.764969542880802 ], [ 55.377215071263429, 24.764969790747998 ], [ 55.377216146635895, 24.764969940495206 ], [ 55.377217233181, 24.764969990582621 ], [ 55.377302800491336, 24.764969990582621 ], [ 55.377303051536423, 24.764970001781343 ], [ 55.377303076792828, 24.764970468602449 ], [ 55.377303179992929, 24.764971420038517 ], [ 55.377303385399244, 24.764972357708142 ], [ 55.377303691033617, 24.764973272581052 ], [ 55.37730409395261, 24.764974155846527 ], [ 55.377304590275898, 24.76497499899823 ], [ 55.377305175223611, 24.764975793916157 ], [ 55.377305843162382, 24.764976532944807 ], [ 55.377306587659604, 24.764977208966933 ], [ 55.377307401545359, 24.764977815472072 ], [ 55.377308276981474, 24.764978346619248 ], [ 55.377309205537031, 24.764978797293221 ], [ 55.377310178269532, 24.764979163153761 ], [ 55.377311185811017, 24.764979440677426 ], [ 55.377312218458329, 24.764979627191508 ], [ 55.377313266266505, 24.764979720899781 ], [ 55.377314319144567, 24.764979720899781 ], [ 55.377315366952743, 24.764979627191508 ], [ 55.377316399600055, 24.764979440677426 ], [ 55.37731740714154, 24.764979163153761 ], [ 55.37731837987404, 24.764978797293221 ], [ 55.377319308429598, 24.764978346619248 ], [ 55.377320183865713, 24.764977815472072 ], [ 55.377320997751468, 24.764977208966933 ], [ 55.377321742248689, 24.764976532944807 ], [ 55.37732241018746, 24.764975793916157 ], [ 55.377322995135174, 24.76497499899823 ], [ 55.377323491458462, 24.764974155846527 ], [ 55.377323894377454, 24.764973272581052 ], [ 55.377324200011827, 24.764972357708142 ], [ 55.377324405418143, 24.764971420038517 ], [ 55.377324508618244, 24.764970468602449 ], [ 55.377324533874649, 24.764970001781343 ], [ 55.377324784919736, 24.764969990582621 ], [ 55.377367436885834, 24.764969990582621 ], [ 55.377368523430938, 24.764969940495206 ], [ 55.377369598803405, 24.764969790747998 ], [ 55.377370651945462, 24.764969542880802 ], [ 55.377371672027955, 24.764969199442376 ], [ 55.377372648561646, 24.764968763964195 ], [ 55.377373571505117, 24.764968240924162 ], [ 55.377374431367997, 24.764967635700557 ], [ 55.37737521930854, 24.764966954516726 ], [ 55.377375927224584, 24.764966204377089 ], [ 55.377376547836818, 24.764965392995133 ], [ 55.377377074763665, 24.764964528714067 ], [ 55.377377502586867, 24.76496362042106 ], [ 55.377377826907249, 24.764962677455834 ], [ 55.377378044389914, 24.764961709514644 ], [ 55.377378152798542, 24.764960726550559 ], [ 55.377378178054947, 24.764960259729452 ], [ 55.377378429100034, 24.764960248530731 ], [ 55.377410352230072, 24.764960248530731 ], [ 55.377411403839901, 24.764960201620088 ], [ 55.37741244532215, 24.764960061339934 ], [ 55.377413466646786, 24.764959829041246 ], [ 55.377414457977878, 24.764959506961187 ], [ 55.377415409768382, 24.764959098201558 ], [ 55.37741631285202, 24.764958606698947 ], [ 55.377417158531614, 24.764958037186787 ], [ 55.377417938662802, 24.764957395149793 ], [ 55.377418645732497, 24.764956686771132 ], [ 55.377419272931228, 24.764955918872879 ], [ 55.377419814218733, 24.764955098850312 ], [ 55.377420264382117, 24.764954234600694 ], [ 55.377420619086053, 24.764953334447227 ], [ 55.377420874914556, 24.764952407058878 ], [ 55.377421029403855, 24.764951461366906 ], [ 55.377421081066132, 24.76495050647884 ], [ 55.377421081066132, 24.764931261529007 ], [ 55.377421093399185, 24.764931033573781 ], [ 55.377421607505163, 24.764931010640328 ], [ 55.377422655313339, 24.764930916932055 ], [ 55.377423687960651, 24.764930730417973 ], [ 55.377424695502135, 24.764930452894308 ], [ 55.377425668234636, 24.764930087033768 ], [ 55.377426596790194, 24.764929636359795 ], [ 55.377427472226309, 24.764929105212619 ], [ 55.377428286112064, 24.76492849870748 ], [ 55.377429030609285, 24.764927822685355 ], [ 55.377429698548056, 24.764927083656705 ], [ 55.377430283495769, 24.764926288738778 ], [ 55.377430779819058, 24.764925445587075 ], [ 55.37743118273805, 24.7649245623216 ], [ 55.377431488372423, 24.76492364744869 ], [ 55.377431693778739, 24.764922709779064 ], [ 55.37743179697884, 24.764921758342997 ], [ 55.377431822235245, 24.76492129152189 ], [ 55.377432336341222, 24.764921268588438 ], [ 55.377433418870929, 24.764921170150689 ], [ 55.377434484856046, 24.764920972670986 ], [ 55.377435523335357, 24.764920678179955 ], [ 55.377436523630458, 24.764920289705767 ], [ 55.377437475455586, 24.764919811242994 ], [ 55.377438369023402, 24.764919247711539 ], [ 55.377439195145584, 24.76491860490604 ], [ 55.377439945327346, 24.764917889436287 ], [ 55.37744061185478, 24.764917108659255 ], [ 55.377441187874169, 24.764916270603464 ], [ 55.377441667462456, 24.764915383886411 ], [ 55.377442045688177, 24.764914457625956 ], [ 55.377442318662141, 24.764913501346584 ], [ 55.377442483577418, 24.764912524881449 ], [ 55.377442538738251, 24.764911538271278 ], [ 55.377442538738251, 24.764902035373336 ], [ 55.377442551071304, 24.764901807418109 ], [ 55.377443065177282, 24.76490178448466 ], [ 55.377444112985458, 24.764901690776384 ], [ 55.37744514563277, 24.764901504262301 ], [ 55.377446153174255, 24.764901226738637 ], [ 55.377447125906755, 24.764900860878097 ], [ 55.377448054462313, 24.764900410204124 ], [ 55.377448929898428, 24.764899879056948 ], [ 55.377449743784183, 24.764899272551808 ], [ 55.377450488281404, 24.764898596529683 ], [ 55.377451156220175, 24.764897857501033 ], [ 55.377451741167889, 24.764897062583106 ], [ 55.377452237491177, 24.764896219431403 ], [ 55.377452640410169, 24.764895336165928 ], [ 55.377452946044542, 24.764894421293018 ], [ 55.377453151450858, 24.764893483623393 ], [ 55.377453254650959, 24.764892532187325 ], [ 55.377453279907364, 24.764892065366219 ], [ 55.377453794013341, 24.76489204243277 ], [ 55.377454841821518, 24.764891948724493 ], [ 55.377455874468829, 24.764891762210411 ], [ 55.377456882010314, 24.764891484686746 ], [ 55.377457854742815, 24.764891118826206 ], [ 55.377458783298373, 24.764890668152233 ], [ 55.377459658734487, 24.764890137005057 ], [ 55.377460472620243, 24.764889530499918 ], [ 55.377461217117464, 24.764888854477793 ], [ 55.377461885056235, 24.764888115449143 ], [ 55.377462470003948, 24.764887320531216 ], [ 55.377462966327236, 24.764886477379513 ], [ 55.377463369246229, 24.764885594114038 ], [ 55.377463674880602, 24.764884679241128 ], [ 55.377463880286918, 24.764883741571502 ], [ 55.377463983487019, 24.764882790135434 ], [ 55.377463983487019, 24.764881834095775 ], [ 55.377463880286918, 24.76488088265971 ], [ 55.377463674880602, 24.764879944990085 ], [ 55.377463369246229, 24.764879030117172 ], [ 55.377462966327236, 24.7648781468517 ], [ 55.377462470003948, 24.764877303699993 ], [ 55.377461885056235, 24.76487650878207 ], [ 55.377461217117464, 24.76487576975342 ], [ 55.377460472620243, 24.764875093731295 ], [ 55.377459658734487, 24.764874487226155 ], [ 55.377458783298373, 24.764873956078979 ], [ 55.377457854742815, 24.764873505405003 ], [ 55.377456882010314, 24.764873139544466 ], [ 55.377455874468829, 24.764872862020802 ], [ 55.377454841821518, 24.764872675506716 ], [ 55.377453794013341, 24.764872581798443 ], [ 55.377453279907364, 24.764872558864994 ], [ 55.377453254650959, 24.764872092043888 ], [ 55.377453151450858, 24.76487114060782 ], [ 55.377452946044542, 24.764870202938194 ], [ 55.377452640410169, 24.764869288065281 ], [ 55.377452237491177, 24.76486840479981 ], [ 55.377451741167889, 24.764867561648103 ], [ 55.377451156220175, 24.764866766730179 ], [ 55.377450488281404, 24.76486602770153 ], [ 55.377449743784183, 24.764865351679404 ], [ 55.377448929898428, 24.764864745174265 ], [ 55.377448054462313, 24.764864214027089 ], [ 55.377447125906755, 24.764863763353112 ], [ 55.377446153174255, 24.764863397492576 ], [ 55.37744514563277, 24.764863119968911 ], [ 55.377444112985458, 24.764862933454825 ], [ 55.377443065177282, 24.764862839746552 ], [ 55.377442551071304, 24.764862816813103 ], [ 55.377442525814899, 24.764862349991997 ], [ 55.377442422614799, 24.764861398555929 ], [ 55.377442217208483, 24.764860460886304 ], [ 55.37744191157411, 24.76485954601339 ], [ 55.377441508655117, 24.764858662747919 ], [ 55.377441012331829, 24.764857819596212 ], [ 55.377440427384116, 24.764857024678289 ], [ 55.377439759445345, 24.764856285649639 ], [ 55.377439014948123, 24.764855609627514 ], [ 55.377438201062368, 24.764855003122374 ], [ 55.377437325626254, 24.764854471975198 ], [ 55.377436397070696, 24.764854021301222 ], [ 55.377435424338195, 24.764853655440685 ], [ 55.37743441679671, 24.764853377917021 ], [ 55.377433384149398, 24.764853191402935 ], [ 55.377432336341222, 24.764853097694662 ], [ 55.377431822235245, 24.764853074761213 ], [ 55.37743179697884, 24.764852607940107 ], [ 55.377431688570212, 24.764851624976021 ], [ 55.377431471087547, 24.764850657034827 ], [ 55.377431146767165, 24.764849714069605 ], [ 55.377430718943963, 24.764848805776595 ], [ 55.377430192017115, 24.764847941495532 ], [ 55.377429571404882, 24.764847130113573 ], [ 55.377428863488838, 24.764846379973939 ], [ 55.377428075548295, 24.764845698790108 ], [ 55.377427215685415, 24.7648450935665 ], [ 55.377426292741944, 24.764844570526471 ], [ 55.377425316208253, 24.764844135048289 ], [ 55.37742429612576, 24.764843791609859 ], [ 55.377423242983703, 24.764843543742668 ], [ 55.377422167611236, 24.764843393995459 ], [ 55.377421081066132, 24.764843343908044 ], [ 55.377292335033417, 24.764843343908044 ], [ 55.377291248488312, 24.764843393995459 ], [ 55.377290173115846, 24.764843543742668 ], [ 55.377289119973788, 24.764843791609859 ], [ 55.377288099891295, 24.764844135048289 ], [ 55.377287123357604, 24.764844570526471 ], [ 55.377286200414133, 24.7648450935665 ], [ 55.377285340551254, 24.764845698790108 ], [ 55.37728455261071, 24.764846379973939 ], [ 55.377283844694666, 24.764847130113573 ], [ 55.377283224082433, 24.764847941495532 ], [ 55.377282697155586, 24.764848805776595 ], [ 55.377282269332383, 24.764849714069605 ], [ 55.377281945012001, 24.764850657034827 ], [ 55.377281727529336, 24.764851624976021 ], [ 55.377281619120708, 24.764852607940107 ], [ 55.377281593864303, 24.764853074761213 ], [ 55.377281342819217, 24.764853085959935 ], [ 55.377270877361298, 24.764853085959935 ], [ 55.377269790816193, 24.76485313604735 ], [ 55.377268715443726, 24.764853285794558 ], [ 55.377267662301669, 24.76485353366175 ], [ 55.377266642219176, 24.76485387710018 ], [ 55.377265665685485, 24.764854312578361 ], [ 55.377264742742014, 24.76485483561839 ], [ 55.377263882879134, 24.764855440841998 ], [ 55.377263094938591, 24.764856122025829 ], [ 55.377262387022547, 24.764856872165463 ], [ 55.377261766410314, 24.764857683547422 ], [ 55.377261239483467, 24.764858547828485 ], [ 55.377260811660264, 24.764859456121496 ], [ 55.377260487339882, 24.764860399086718 ], [ 55.377260269857217, 24.764861367027912 ], [ 55.377260161448589, 24.764862349991997 ], [ 55.377260136192184, 24.764862816813103 ], [ 55.377259885147097, 24.764862828011825 ], [ 55.37720650434494, 24.764862828011825 ], [ 55.377205417799836, 24.76486287809924 ], [ 55.377204342427369, 24.764863027846449 ], [ 55.377203289285312, 24.76486327571364 ], [ 55.377202269202819, 24.76486361915207 ], [ 55.377201292669127, 24.764864054630252 ], [ 55.377200369725657, 24.764864577670281 ], [ 55.377199509862777, 24.764865182893885 ], [ 55.377198721922234, 24.76486586407772 ], [ 55.37719801400619, 24.764866614217354 ], [ 55.377197393393956, 24.764867425599313 ], [ 55.377196866467109, 24.764868289880376 ], [ 55.377196438643907, 24.764869198173386 ], [ 55.377196114323525, 24.764870141138609 ], [ 55.37719589684086, 24.764871109079802 ], [ 55.377195788432232, 24.764872092043888 ], [ 55.377195763175827, 24.764872558864994 ], [ 55.37719551213074, 24.764872570063716 ], [ 55.377174317836761, 24.764872570063716 ], [ 55.377173266226933, 24.764872616974358 ], [ 55.377172224744683, 24.764872757254512 ], [ 55.377171203420048, 24.764872989553201 ], [ 55.377170212088956, 24.764873311633259 ], [ 55.377169260298452, 24.764873720392885 ], [ 55.377168357214813, 24.764874211895496 ], [ 55.37716751153522, 24.764874781407656 ], [ 55.377166731404031, 24.76487542344465 ], [ 55.377166024334336, 24.764876131823314 ], [ 55.377165397135606, 24.764876899721568 ], [ 55.3771648558481, 24.764877719744135 ], [ 55.377164405684717, 24.764878583993749 ], [ 55.377164050980781, 24.764879484147215 ], [ 55.377163795152278, 24.764880411535565 ], [ 55.377163640662978, 24.764881357227537 ], [ 55.377163589000702, 24.764882312115606 ], [ 55.377163589000702, 24.764901557065436 ], [ 55.377163576667648, 24.764901785020665 ], [ 55.377163062561671, 24.764901807954114 ], [ 55.377161980031964, 24.764901906391863 ], [ 55.377160914046847, 24.764902103871567 ], [ 55.377159875567536, 24.764902398362601 ], [ 55.377158875272436, 24.764902786836789 ], [ 55.377157923447307, 24.764903265299559 ], [ 55.377157029879491, 24.764903828831013 ], [ 55.377156203757309, 24.764904471636516 ], [ 55.377155453575547, 24.764905187106269 ], [ 55.377154787048113, 24.764905967883298 ], [ 55.377154211028724, 24.764906805939088 ], [ 55.377153731440437, 24.764907692656145 ], [ 55.377153353214716, 24.7649086189166 ], [ 55.377153080240753, 24.764909575195972 ], [ 55.377152915325475, 24.764910551661103 ], [ 55.377152860164642, 24.764911538271278 ], [ 55.377152860164642, 24.764921041169217 ], [ 55.377152847831589, 24.764921269124446 ], [ 55.377152596786502, 24.764921280323168 ], [ 55.377120673656464, 24.764921280323168 ], [ 55.377119587111359, 24.764921330410584 ], [ 55.377118511738892, 24.764921480157792 ], [ 55.377117458596835, 24.764921728024984 ], [ 55.377116438514342, 24.764922071463413 ], [ 55.377115461980651, 24.764922506941595 ], [ 55.37711453903718, 24.764923029981624 ], [ 55.3771136791743, 24.764923635205228 ], [ 55.377112891233757, 24.764924316389063 ], [ 55.377112183317713, 24.764925066528697 ], [ 55.37711156270548, 24.764925877910656 ], [ 55.377111035778633, 24.764926742191719 ], [ 55.37711060795543, 24.764927650484729 ], [ 55.377110283635048, 24.764928593449952 ], [ 55.377110066152383, 24.764929561391146 ], [ 55.377109957743755, 24.764930544355227 ], [ 55.37710993248735, 24.764931011176337 ], [ 55.377109681442263, 24.764931022375059 ], [ 55.377002656459808, 24.764931022375059 ], [ 55.377001587944385, 24.764931070809887 ], [ 55.377000530053692, 24.76493121563276 ], [ 55.376999493306826, 24.764931455403637 ], [ 55.376998488012632, 24.764931787738369 ], [ 55.376997524167201, 24.764932209332404 ], [ 55.376996611354492, 24.764932715993634 ], [ 55.376995758651013, 24.764933302684099 ], [ 55.376994974535592, 24.764933963570069 ], [ 55.376994266805035, 24.764934692080054 ], [ 55.376993642496636, 24.764935480970149 ], [ 55.376993107818173, 24.764936322396057 ], [ 55.376992668086196, 24.7649372079911 ], [ 55.376992327673165, 24.764938128949403 ], [ 55.376992089963963, 24.764939076113457 ], [ 55.376991957322232, 24.764940040065184 ], [ 55.376991931066897, 24.764941011219566 ], [ 55.376992011459024, 24.764941979919978 ], [ 55.376992197699238, 24.76494293653419 ], [ 55.376992487935667, 24.764943871550152 ], [ 55.376992879282362, 24.764944775670571 ], [ 55.376993367847973, 24.764945639905374 ], [ 55.376993948774484, 24.764946455661072 ], [ 55.376994616285472, 24.764947214826243 ], [ 55.376995363743575, 24.764947909852154 ], [ 55.376996183716471, 24.764948533827855 ], [ 55.376997068050798, 24.764949080548867 ], [ 55.376998007953219, 24.764949544578894 ], [ 55.376998994077859, 24.764949921303874 ], [ 55.377000016619228, 24.764950206977861 ], [ 55.377001065409736, 24.764950398760266 ], [ 55.377002130020777, 24.764950494744109 ], [ 55.377002644126755, 24.764950517677562 ] ], [ [ 55.37712066132341, 24.766119541506978 ], [ 55.377120410278323, 24.7661195527057 ], [ 55.377088487148285, 24.7661195527057 ], [ 55.377087435538456, 24.766119599616342 ], [ 55.377086394056207, 24.766119739896496 ], [ 55.377085372731571, 24.766119972195185 ], [ 55.377084381400479, 24.766120294275243 ], [ 55.377083429609975, 24.766120703034868 ], [ 55.377082526526337, 24.76612119453748 ], [ 55.377081680846743, 24.76612176404964 ], [ 55.377080900715555, 24.766122406086634 ], [ 55.37708019364586, 24.766123114465298 ], [ 55.377079566447129, 24.766123882363551 ], [ 55.377079025159624, 24.766124702386119 ], [ 55.37707857499624, 24.766125566635733 ], [ 55.377078220292304, 24.766126466789199 ], [ 55.377077964463801, 24.766127394177548 ], [ 55.377077809974502, 24.766128339869521 ], [ 55.377077758312225, 24.76612929475759 ], [ 55.377077758312225, 24.766139036809481 ], [ 55.377077809974502, 24.766139991697546 ], [ 55.377077964463801, 24.766140937389519 ], [ 55.377078220292304, 24.766141864777868 ], [ 55.37707857499624, 24.766142764931335 ], [ 55.377079025159624, 24.766143629180952 ], [ 55.377079566447129, 24.766144449203519 ], [ 55.37708019364586, 24.766145217101773 ], [ 55.377080900715555, 24.766145925480433 ], [ 55.377081680846743, 24.766146567517428 ], [ 55.377082526526337, 24.766147137029588 ], [ 55.377083429609975, 24.766147628532202 ], [ 55.377084381400479, 24.766148037291828 ], [ 55.377085372731571, 24.766148359371886 ], [ 55.377086394056207, 24.766148591670575 ], [ 55.377087435538456, 24.766148731950729 ], [ 55.377088487148285, 24.766148778861371 ], [ 55.377259885147097, 24.766148778861371 ], [ 55.377260136192184, 24.766148790060093 ], [ 55.377260161448589, 24.766149256881199 ], [ 55.377260269857217, 24.766150239845285 ], [ 55.377260487339882, 24.766151207786475 ], [ 55.377260811660264, 24.766152150751701 ], [ 55.377261239483467, 24.766153059044708 ], [ 55.377261766410314, 24.766153923325774 ], [ 55.377262387022547, 24.766154734707733 ], [ 55.377263094938591, 24.766155484847367 ], [ 55.377263882879134, 24.766156166031198 ], [ 55.377264742742014, 24.766156771254803 ], [ 55.377265665685485, 24.766157294294835 ], [ 55.377266642219176, 24.766157729773017 ], [ 55.377267662301669, 24.766158073211443 ], [ 55.377268715443726, 24.766158321078638 ], [ 55.377269790816193, 24.766158470825847 ], [ 55.377270877361298, 24.766158520913262 ], [ 55.377302800491336, 24.766158520913262 ], [ 55.377303051536423, 24.766158532111984 ], [ 55.377303076792828, 24.76615899893309 ], [ 55.377303185201455, 24.766159981897175 ], [ 55.37730340268412, 24.766160949838365 ], [ 55.377303727004502, 24.766161892803591 ], [ 55.377304154827705, 24.766162801096598 ], [ 55.377304681754552, 24.766163665377665 ], [ 55.377305302366786, 24.766164476759624 ], [ 55.37730601028283, 24.766165226899258 ], [ 55.377306798223373, 24.766165908083089 ], [ 55.377307658086252, 24.766166513306693 ], [ 55.377308581029723, 24.766167036346726 ], [ 55.377309557563414, 24.766167471824907 ], [ 55.377310577645908, 24.766167815263334 ], [ 55.377311630787965, 24.766168063130529 ], [ 55.377312706160431, 24.766168212877737 ], [ 55.377313792705536, 24.766168262965152 ], [ 55.377345979213715, 24.766168262965152 ], [ 55.377347065758819, 24.766168212877737 ], [ 55.377348141131286, 24.766168063130529 ], [ 55.377349194273343, 24.766167815263334 ], [ 55.377350214355836, 24.766167471824907 ], [ 55.377351190889527, 24.766167036346726 ], [ 55.377352113832998, 24.766166513306693 ], [ 55.377352973695878, 24.766165908083089 ], [ 55.377353761636421, 24.766165226899258 ], [ 55.377354469552465, 24.766164476759624 ], [ 55.377355090164698, 24.766163665377665 ], [ 55.377355617091546, 24.766162801096598 ], [ 55.377356044914748, 24.766161892803591 ], [ 55.37735636923513, 24.766160949838365 ], [ 55.377356586717795, 24.766159981897175 ], [ 55.377356695126423, 24.76615899893309 ], [ 55.377356720382828, 24.766158532111984 ], [ 55.377357234488805, 24.766158509178531 ], [ 55.377358282296981, 24.766158415470258 ], [ 55.377359314944293, 24.766158228956176 ], [ 55.377360322485778, 24.766157951432511 ], [ 55.377361295218279, 24.766157585571971 ], [ 55.377362223773837, 24.766157134897998 ], [ 55.377363099209951, 24.766156603750822 ], [ 55.377363913095706, 24.766155997245683 ], [ 55.377364657592928, 24.766155321223557 ], [ 55.377365325531699, 24.766154582194908 ], [ 55.377365910479412, 24.766153787276981 ], [ 55.3773664068027, 24.766152944125277 ], [ 55.377366809721693, 24.766152060859802 ], [ 55.377367115356066, 24.766151145986893 ], [ 55.377367320762382, 24.766150208317267 ], [ 55.377367423962482, 24.766149256881199 ], [ 55.377367449218887, 24.766148790060093 ], [ 55.377367700263974, 24.766148778861371 ], [ 55.377410352230072, 24.766148778861371 ], [ 55.377411403839901, 24.766148731950729 ], [ 55.37741244532215, 24.766148591670575 ], [ 55.377413466646786, 24.766148359371886 ], [ 55.377414457977878, 24.766148037291828 ], [ 55.377415409768382, 24.766147628532202 ], [ 55.37741631285202, 24.766147137029588 ], [ 55.377417158531614, 24.766146567517428 ], [ 55.377417938662802, 24.766145925480433 ], [ 55.377418645732497, 24.766145217101773 ], [ 55.377419272931228, 24.766144449203519 ], [ 55.377419814218733, 24.766143629180952 ], [ 55.377420264382117, 24.766142764931335 ], [ 55.377420619086053, 24.766141864777868 ], [ 55.377420874914556, 24.766140937389519 ], [ 55.377421029403855, 24.766139991697546 ], [ 55.377421081066132, 24.766139036809481 ], [ 55.377421081066132, 24.766129533911538 ], [ 55.377421093399185, 24.766129305956312 ], [ 55.377421607505163, 24.766129283022863 ], [ 55.377422622746586, 24.766129193654745 ], [ 55.377423624053542, 24.766129017147016 ], [ 55.37742460237574, 24.766128755095039 ], [ 55.377425548870612, 24.766128409867367 ], [ 55.377426454983286, 24.766127984584337 ], [ 55.377427312523871, 24.766127483089864 ], [ 55.377428113741487, 24.7661269099167 ], [ 55.377428851394349, 24.766126270245465 ], [ 55.377429518815184, 24.766125569857824 ], [ 55.37743010997152, 24.766124815084215 ], [ 55.37743061952019, 24.766124012746658 ], [ 55.377431042855648, 24.766123170097071 ], [ 55.377431376151584, 24.766122294751728 ], [ 55.377431616395498, 24.766121394622438 ], [ 55.377431761415956, 24.766120477845 ], [ 55.377431809902191, 24.7661195527057 ], [ 55.377431809902191, 24.766109810653809 ], [ 55.377431761415956, 24.766108885514509 ], [ 55.377431616395498, 24.766107968737071 ], [ 55.377431376151584, 24.766107068607777 ], [ 55.377431042855648, 24.766106193262438 ], [ 55.37743061952019, 24.76610535061285 ], [ 55.37743010997152, 24.76610454827529 ], [ 55.377429518815184, 24.766103793501685 ], [ 55.377428851394349, 24.76610309311404 ], [ 55.377428113741487, 24.766102453442809 ], [ 55.377427312523871, 24.766101880269645 ], [ 55.377426454983286, 24.766101378775172 ], [ 55.377425548870612, 24.766100953492142 ], [ 55.37742460237574, 24.76610060826447 ], [ 55.377423624053542, 24.76610034621249 ], [ 55.377422622746586, 24.766100169704764 ], [ 55.377421607505163, 24.766100080336646 ], [ 55.377421093399185, 24.766100057403197 ], [ 55.377421081066132, 24.766099829447967 ], [ 55.377421081066132, 24.76609056570398 ], [ 55.377421093399185, 24.76609033774875 ], [ 55.377421344444272, 24.766090326550028 ], [ 55.377431809902191, 24.766090326550028 ], [ 55.377432845132212, 24.766090281092758 ], [ 55.377433870701282, 24.766090145145164 ], [ 55.37743487703861, 24.766089919975929 ], [ 55.377435854752889, 24.766089607686379 ], [ 55.377436794719905, 24.766089211190849 ], [ 55.377437688167731, 24.766088734189506 ], [ 55.377438526758546, 24.76608818113381 ], [ 55.377439302666481, 24.766087557184978 ], [ 55.377440008650616, 24.766086868165804 ], [ 55.3774406381226, 24.766086120506341 ], [ 55.37744118520807, 24.766085321183876 ], [ 55.377441644801543, 24.766084477657827 ], [ 55.377442012614011, 24.766083597800129 ], [ 55.377442285212972, 24.766082689821769 ], [ 55.377442460054496, 24.766081762196155 ], [ 55.377442535506923, 24.766080823580058 ], [ 55.377442510866125, 24.766079882732807 ], [ 55.377442386362056, 24.766078948434554 ], [ 55.377442163156601, 24.766078029404333 ], [ 55.377441843332754, 24.766077134218694 ], [ 55.377441429875176, 24.766076271231672 ], [ 55.377440926642315, 24.76607544849681 ], [ 55.37744033833043, 24.766074673692014 ], [ 55.377439670429759, 24.766073954047901 ], [ 55.377438929173266, 24.766073296280311 ], [ 55.377438121478477, 24.766072706527655 ], [ 55.377437254882956, 24.766072190293603 ], [ 55.377436337473917, 24.766071752395739 ], [ 55.37743537781278, 24.766071396920609 ], [ 55.37743438485527, 24.766071127185569 ], [ 55.377433367867852, 24.766070945707828 ], [ 55.377432336341222, 24.766070854180974 ], [ 55.377431822235245, 24.766070831247525 ], [ 55.377431809902191, 24.766070603292295 ], [ 55.377431809902191, 24.766061339548308 ], [ 55.377431822235245, 24.766061111593078 ], [ 55.377432336341222, 24.76606108865963 ], [ 55.377433384149398, 24.766060994951353 ], [ 55.37743441679671, 24.76606080843727 ], [ 55.377435424338195, 24.766060530913606 ], [ 55.377436397070696, 24.766060165053069 ], [ 55.377437325626254, 24.766059714379093 ], [ 55.377438201062368, 24.766059183231917 ], [ 55.377439014948123, 24.766058576726778 ], [ 55.377439759445345, 24.766057900704652 ], [ 55.377440427384116, 24.766057161676002 ], [ 55.377441012331829, 24.766056366758075 ], [ 55.377441508655117, 24.766055523606372 ], [ 55.37744191157411, 24.766054640340897 ], [ 55.377442217208483, 24.766053725467987 ], [ 55.377442422614799, 24.766052787798362 ], [ 55.377442525814899, 24.766051836362294 ], [ 55.377442525814899, 24.766050880322638 ], [ 55.377442422614799, 24.76604992888657 ], [ 55.377442217208483, 24.766048991216945 ], [ 55.37744191157411, 24.766048076344031 ], [ 55.377441508655117, 24.76604719307856 ], [ 55.377441012331829, 24.766046349926853 ], [ 55.377440427384116, 24.76604555500893 ], [ 55.377439759445345, 24.76604481598028 ], [ 55.377439014948123, 24.766044139958154 ], [ 55.377438201062368, 24.766043533453015 ], [ 55.377437325626254, 24.766043002305839 ], [ 55.377436397070696, 24.766042551631863 ], [ 55.377435424338195, 24.766042185771326 ], [ 55.37743441679671, 24.766041908247661 ], [ 55.377433384149398, 24.766041721733576 ], [ 55.377432336341222, 24.766041628025302 ], [ 55.377431822235245, 24.766041605091853 ], [ 55.37743179697884, 24.766041138270747 ], [ 55.377431688570212, 24.766040155306662 ], [ 55.377431471087547, 24.766039187365468 ], [ 55.377431146767165, 24.766038244400246 ], [ 55.377430718943963, 24.766037336107239 ], [ 55.377430192017115, 24.766036471826173 ], [ 55.377429571404882, 24.766035660444214 ], [ 55.377428863488838, 24.76603491030458 ], [ 55.377428075548295, 24.766034229120748 ], [ 55.377427215685415, 24.76603362389714 ], [ 55.377426292741944, 24.766033100857111 ], [ 55.377425316208253, 24.76603266537893 ], [ 55.37742429612576, 24.7660323219405 ], [ 55.377423242983703, 24.766032074073308 ], [ 55.377422167611236, 24.7660319243261 ], [ 55.377421081066132, 24.766031874238685 ], [ 55.377410615608213, 24.766031874238685 ], [ 55.377410364563126, 24.766031863039963 ], [ 55.377410339306721, 24.766031396218857 ], [ 55.377410230898093, 24.766030413254772 ], [ 55.377410013415428, 24.766029445313578 ], [ 55.377409689095046, 24.766028502348355 ], [ 55.377409261271843, 24.766027594055348 ], [ 55.377408734344996, 24.766026729774282 ], [ 55.377408113732763, 24.766025918392323 ], [ 55.377407405816719, 24.766025168252689 ], [ 55.377406617876176, 24.766024487068858 ], [ 55.377405758013296, 24.76602388184525 ], [ 55.377404835069825, 24.766023358805221 ], [ 55.377403858536134, 24.766022923327039 ], [ 55.377402838453641, 24.76602257988861 ], [ 55.377401785311584, 24.766022332021418 ], [ 55.377400709939117, 24.766022182274209 ], [ 55.377399623394012, 24.766022132186794 ], [ 55.377303063869476, 24.766022132186794 ], [ 55.377301977324372, 24.766022182274209 ], [ 55.377300901951905, 24.766022332021418 ], [ 55.377299848809848, 24.76602257988861 ], [ 55.377298828727355, 24.766022923327039 ], [ 55.377297852193664, 24.766023358805221 ], [ 55.377296929250193, 24.76602388184525 ], [ 55.377296069387313, 24.766024487068858 ], [ 55.37729528144677, 24.766025168252689 ], [ 55.377294573530726, 24.766025918392323 ], [ 55.377293952918492, 24.766026729774282 ], [ 55.377293425991645, 24.766027594055348 ], [ 55.377292998168443, 24.766028502348355 ], [ 55.377292673848061, 24.766029445313578 ], [ 55.377292456365396, 24.766030413254772 ], [ 55.377292347956768, 24.766031396218857 ], [ 55.377292322700363, 24.766031863039963 ], [ 55.377292071655276, 24.766031874238685 ], [ 55.377281606197357, 24.766031874238685 ], [ 55.377280519652253, 24.7660319243261 ], [ 55.377279444279786, 24.766032074073308 ], [ 55.377278391137729, 24.7660323219405 ], [ 55.377277371055236, 24.76603266537893 ], [ 55.377276394521544, 24.766033100857111 ], [ 55.377275471578074, 24.76603362389714 ], [ 55.377274611715194, 24.766034229120748 ], [ 55.377273823774651, 24.76603491030458 ], [ 55.377273115858607, 24.766035660444214 ], [ 55.377272495246373, 24.766036471826173 ], [ 55.377271968319526, 24.766037336107239 ], [ 55.377271540496324, 24.766038244400246 ], [ 55.377271216175942, 24.766039187365468 ], [ 55.377270998693277, 24.766040155306662 ], [ 55.377270890284649, 24.766041138270747 ], [ 55.377270865028244, 24.766041605091853 ], [ 55.377270350922267, 24.766041628025302 ], [ 55.37726930311409, 24.766041721733576 ], [ 55.377268270466779, 24.766041908247661 ], [ 55.377267262925294, 24.766042185771326 ], [ 55.377266290192793, 24.766042551631863 ], [ 55.377265361637235, 24.766043002305839 ], [ 55.377264486201121, 24.766043533453015 ], [ 55.377263672315365, 24.766044139958154 ], [ 55.377262927818144, 24.76604481598028 ], [ 55.377262259879373, 24.76604555500893 ], [ 55.37726167493166, 24.766046349926853 ], [ 55.377261178608371, 24.76604719307856 ], [ 55.377260775689379, 24.766048076344031 ], [ 55.377260470055006, 24.766048991216945 ], [ 55.37726026464869, 24.76604992888657 ], [ 55.377260161448589, 24.766050880322638 ], [ 55.377260136192184, 24.766051347143744 ], [ 55.377259885147097, 24.766051358342466 ], [ 55.377185046672821, 24.766051358342466 ], [ 55.377183960127716, 24.766051408429881 ], [ 55.37718288475525, 24.766051558177089 ], [ 55.377181831613193, 24.766051806044281 ], [ 55.3771808115307, 24.766052149482711 ], [ 55.377179834997008, 24.766052584960892 ], [ 55.377178912053537, 24.766053108000921 ], [ 55.377178052190658, 24.76605371322453 ], [ 55.377177264250115, 24.766054394408361 ], [ 55.377176556334071, 24.766055144547995 ], [ 55.377175935721837, 24.766055955929954 ], [ 55.37717540879499, 24.76605682021102 ], [ 55.377174980971787, 24.766057728504027 ], [ 55.377174656651405, 24.766058671469249 ], [ 55.377174439168741, 24.766059639410443 ], [ 55.377174330760113, 24.766060622374528 ], [ 55.377174305503708, 24.766061089195635 ], [ 55.37717379139773, 24.766061112129083 ], [ 55.377172776156307, 24.766061201497202 ], [ 55.377171774849351, 24.766061378004927 ], [ 55.377170796527153, 24.766061640056908 ], [ 55.377169850032281, 24.76606198528458 ], [ 55.377168943919607, 24.76606241056761 ], [ 55.377168086379022, 24.766062912062083 ], [ 55.377167285161406, 24.766063485235247 ], [ 55.377166547508544, 24.766064124906478 ], [ 55.377165880087709, 24.766064825294123 ], [ 55.377165288931373, 24.766065580067728 ], [ 55.377164779382703, 24.766066382405288 ], [ 55.377164356047246, 24.766067225054876 ], [ 55.377164022751309, 24.766068100400215 ], [ 55.377163782507395, 24.766069000529509 ], [ 55.377163637486937, 24.766069917306947 ], [ 55.377163589000702, 24.766070842446247 ], [ 55.377163589000702, 24.766099829447967 ], [ 55.377163576667648, 24.766100057403197 ], [ 55.377163062561671, 24.766100080336646 ], [ 55.377162014753495, 24.766100174044919 ], [ 55.377160982106183, 24.766100360559005 ], [ 55.377159974564698, 24.766100638082669 ], [ 55.377159001832197, 24.766101003943206 ], [ 55.37715807327664, 24.766101454617182 ], [ 55.377157197840525, 24.766101985764358 ], [ 55.37715638395477, 24.766102592269498 ], [ 55.377155639457548, 24.766103268291623 ], [ 55.377154971518777, 24.766104007320273 ], [ 55.377154386571064, 24.766104802238196 ], [ 55.377153890247776, 24.766105645389903 ], [ 55.377153487328783, 24.766106528655374 ], [ 55.37715318169441, 24.766107443528288 ], [ 55.377152976288095, 24.766108381197913 ], [ 55.377152873087994, 24.766109332633981 ], [ 55.377152847831589, 24.766109799455087 ], [ 55.377152596786502, 24.766109810653809 ], [ 55.377131402492523, 24.766109810653809 ], [ 55.377130315947419, 24.766109860741224 ], [ 55.377129240574952, 24.766110010488433 ], [ 55.377128187432895, 24.766110258355624 ], [ 55.377127167350402, 24.766110601794054 ], [ 55.377126190816711, 24.766111037272236 ], [ 55.37712526787324, 24.766111560312265 ], [ 55.37712440801036, 24.766112165535869 ], [ 55.377123620069817, 24.766112846719704 ], [ 55.377122912153773, 24.766113596859338 ], [ 55.377122291541539, 24.766114408241297 ], [ 55.377121764614692, 24.766115272522359 ], [ 55.37712133679149, 24.76611618081537 ], [ 55.377121012471108, 24.766117123780592 ], [ 55.377120794988443, 24.766118091721786 ], [ 55.377120686579815, 24.766119074685871 ], [ 55.37712066132341, 24.766119541506978 ] ], [ [ 55.377002656459808, 24.766148778861371 ], [ 55.377003691689829, 24.766148733404101 ], [ 55.377004717258899, 24.766148597456507 ], [ 55.377005723596227, 24.766148372287272 ], [ 55.377006701310506, 24.766148059997722 ], [ 55.377007641277523, 24.766147663502192 ], [ 55.377008534725348, 24.766147186500849 ], [ 55.377009373316163, 24.766146633445153 ], [ 55.377010149224098, 24.766146009496321 ], [ 55.377010855208233, 24.766145320477147 ], [ 55.377011484680217, 24.766144572817684 ], [ 55.377012031765688, 24.766143773495219 ], [ 55.37701249135916, 24.76614292996917 ], [ 55.377012859171629, 24.766142050111473 ], [ 55.377013131770589, 24.766141142133112 ], [ 55.377013306612113, 24.766140214507498 ], [ 55.37701338206454, 24.766139275891401 ], [ 55.377013357423742, 24.76613833504415 ], [ 55.377013232919673, 24.766137400745897 ], [ 55.377013009714219, 24.766136481715673 ], [ 55.377012689890371, 24.766135586530037 ], [ 55.377012276432794, 24.766134723543015 ], [ 55.377011773199932, 24.766133900808153 ], [ 55.377011184888048, 24.766133126003357 ], [ 55.377010516987376, 24.766132406359244 ], [ 55.377009775730883, 24.766131748591654 ], [ 55.377008968036094, 24.766131158838999 ], [ 55.377008101440573, 24.766130642604946 ], [ 55.377007184031534, 24.766130204707082 ], [ 55.377006224370398, 24.766129849231952 ], [ 55.377005231412888, 24.766129579496912 ], [ 55.377004214425469, 24.766129398019171 ], [ 55.377003182898839, 24.766129306492317 ], [ 55.377002668792862, 24.766129283558868 ], [ 55.377002643536457, 24.766128816737758 ], [ 55.377002537830293, 24.766127850044267 ], [ 55.377002326622012, 24.766126897716219 ], [ 55.377002012011765, 24.76612596922304 ], [ 55.377001597127858, 24.76612507379717 ], [ 55.377001086095667, 24.766124220342224 ], [ 55.377000483996632, 24.766123417344502 ], [ 55.376999796817678, 24.766122672788573 ], [ 55.376999031391755, 24.766121994077896 ], [ 55.376998195329833, 24.766121387961199 ], [ 55.376997296945255, 24.766120860465374 ], [ 55.376996345171072, 24.766120416835555 ], [ 55.376995349471201, 24.766120061482958 ], [ 55.376994319746345, 24.766119797941009 ], [ 55.37699326623553, 24.766119628830229 ], [ 55.376992199414289, 24.766119555832166 ], [ 55.376991129890506, 24.766119579672665 ], [ 55.376990068298952, 24.766119700114679 ], [ 55.376989025195506, 24.766119915960591 ], [ 55.376988010952232, 24.766120225064149 ], [ 55.376987035654196, 24.7661206243518 ], [ 55.376986108999247, 24.766121109853238 ], [ 55.376985240201527, 24.766121676740902 ], [ 55.376984437899885, 24.766122319377974 ], [ 55.376983710071983, 24.766123031374423 ], [ 55.376983063954931, 24.766123805650537 ], [ 55.376982505973373, 24.766124634507342 ], [ 55.376982041675575, 24.766125509703137 ], [ 55.376981675678252, 24.76612642253545 ], [ 55.376981411620697, 24.766127363927573 ], [ 55.376981252128537, 24.766128324518817 ], [ 55.376981198787689, 24.76612929475759 ], [ 55.376981198787689, 24.766139036809481 ], [ 55.376981250449965, 24.766139991697546 ], [ 55.376981404939265, 24.766140937389519 ], [ 55.376981660767768, 24.766141864777868 ], [ 55.376982015471704, 24.766142764931335 ], [ 55.376982465635088, 24.766143629180952 ], [ 55.376983006922593, 24.766144449203519 ], [ 55.376983634121324, 24.766145217101773 ], [ 55.376984341191019, 24.766145925480433 ], [ 55.376985121322207, 24.766146567517428 ], [ 55.376985967001801, 24.766147137029588 ], [ 55.376986870085439, 24.766147628532202 ], [ 55.376987821875943, 24.766148037291828 ], [ 55.376988813207035, 24.766148359371886 ], [ 55.37698983453167, 24.766148591670575 ], [ 55.37699087601392, 24.766148731950729 ], [ 55.376991927623749, 24.766148778861371 ], [ 55.377002656459808, 24.766148778861371 ] ], [ [ 55.375597166602951, 24.764950495280118 ], [ 55.375596652496974, 24.764950518213567 ], [ 55.375595587885933, 24.764950614197414 ], [ 55.375594539095424, 24.764950805979819 ], [ 55.375593516554055, 24.764951091653806 ], [ 55.375592530429415, 24.764951468378786 ], [ 55.375591590526994, 24.764951932408813 ], [ 55.375590706192668, 24.764952479129825 ], [ 55.375589886219771, 24.764953103105523 ], [ 55.375589138761669, 24.764953798131437 ], [ 55.37558847125068, 24.764954557296605 ], [ 55.375587890324169, 24.764955373052306 ], [ 55.375587401758558, 24.764956237287105 ], [ 55.375587010411863, 24.764957141407528 ], [ 55.375586720175434, 24.76495807642349 ], [ 55.37558653393522, 24.764959033037702 ], [ 55.375586453543093, 24.764960001738114 ], [ 55.375586479798429, 24.764960972892496 ], [ 55.375586612440159, 24.76496193684422 ], [ 55.375586850149361, 24.764962884008277 ], [ 55.375587190562392, 24.764963804966577 ], [ 55.375587630294369, 24.764964690561623 ], [ 55.375588164972832, 24.764965531987531 ], [ 55.375588789281231, 24.764966320877623 ], [ 55.375589497011788, 24.764967049387607 ], [ 55.375590281127209, 24.764967710273577 ], [ 55.375591133830689, 24.764968296964042 ], [ 55.375592046643398, 24.764968803625276 ], [ 55.375593010488828, 24.764969225219307 ], [ 55.375594015783022, 24.764969557554043 ], [ 55.375595052529889, 24.76496979732492 ], [ 55.375596110420581, 24.764969942147793 ], [ 55.375597178936005, 24.764969990582621 ], [ 55.375918780639651, 24.764969990582621 ], [ 55.375919031684738, 24.764970001781343 ], [ 55.375919056941143, 24.764970468602449 ], [ 55.375919160141244, 24.764971420038517 ], [ 55.37591936554756, 24.764972357708142 ], [ 55.375919671181933, 24.764973272581052 ], [ 55.375920074100925, 24.764974155846527 ], [ 55.375920570424213, 24.76497499899823 ], [ 55.375921155371927, 24.764975793916157 ], [ 55.375921823310698, 24.764976532944807 ], [ 55.375922567807919, 24.764977208966933 ], [ 55.375923381693674, 24.764977815472072 ], [ 55.375924257129789, 24.764978346619248 ], [ 55.375925185685347, 24.764978797293221 ], [ 55.375926158417847, 24.764979163153761 ], [ 55.375927165959332, 24.764979440677426 ], [ 55.375928198606644, 24.764979627191508 ], [ 55.37592924641482, 24.764979720899781 ], [ 55.375930299292882, 24.764979720899781 ], [ 55.375931347101059, 24.764979627191508 ], [ 55.37593237974837, 24.764979440677426 ], [ 55.375933387289855, 24.764979163153761 ], [ 55.375934360022356, 24.764978797293221 ], [ 55.375935288577914, 24.764978346619248 ], [ 55.375936164014028, 24.764977815472072 ], [ 55.375936977899784, 24.764977208966933 ], [ 55.375937722397005, 24.764976532944807 ], [ 55.375938390335776, 24.764975793916157 ], [ 55.375938975283489, 24.76497499899823 ], [ 55.375939471606777, 24.764974155846527 ], [ 55.37593987452577, 24.764973272581052 ], [ 55.375940180160143, 24.764972357708142 ], [ 55.375940385566459, 24.764971420038517 ], [ 55.37594048876656, 24.764970468602449 ], [ 55.375940514022965, 24.764970001781343 ], [ 55.375940765068052, 24.764969990582621 ], [ 55.37595123052597, 24.764969990582621 ], [ 55.375952317071075, 24.764969940495206 ], [ 55.375953392443542, 24.764969790747998 ], [ 55.375954445585599, 24.764969542880802 ], [ 55.375955465668092, 24.764969199442376 ], [ 55.375956442201783, 24.764968763964195 ], [ 55.375957365145254, 24.764968240924162 ], [ 55.375958225008134, 24.764967635700557 ], [ 55.375959012948677, 24.764966954516726 ], [ 55.375959720864721, 24.764966204377089 ], [ 55.375960341476954, 24.764965392995133 ], [ 55.375960868403801, 24.764964528714067 ], [ 55.375961296227004, 24.76496362042106 ], [ 55.375961620547386, 24.764962677455834 ], [ 55.375961838030051, 24.764961709514644 ], [ 55.375961946438679, 24.764960726550559 ], [ 55.375961971695084, 24.764960259729452 ], [ 55.375962222740171, 24.764960248530731 ], [ 55.375983153656009, 24.764960248530731 ], [ 55.375983404701095, 24.764960259729452 ], [ 55.3759834299575, 24.764960726550559 ], [ 55.375983538366128, 24.764961709514644 ], [ 55.375983755848793, 24.764962677455834 ], [ 55.375984080169175, 24.76496362042106 ], [ 55.375984507992378, 24.764964528714067 ], [ 55.375985034919225, 24.764965392995133 ], [ 55.375985655531458, 24.764966204377089 ], [ 55.375986363447502, 24.764966954516726 ], [ 55.375987151388046, 24.764967635700557 ], [ 55.375988011250925, 24.764968240924162 ], [ 55.375988934194396, 24.764968763964195 ], [ 55.375989910728087, 24.764969199442376 ], [ 55.37599093081058, 24.764969542880802 ], [ 55.375991983952638, 24.764969790747998 ], [ 55.375993059325104, 24.764969940495206 ], [ 55.375994145870209, 24.764969990582621 ], [ 55.376068984344485, 24.764969990582621 ], [ 55.376069235389572, 24.764970001781343 ], [ 55.376069260645977, 24.764970468602449 ], [ 55.376069363846078, 24.764971420038517 ], [ 55.376069569252394, 24.764972357708142 ], [ 55.376069874886767, 24.764973272581052 ], [ 55.376070277805759, 24.764974155846527 ], [ 55.376070774129047, 24.76497499899823 ], [ 55.376071359076761, 24.764975793916157 ], [ 55.376072027015532, 24.764976532944807 ], [ 55.376072771512753, 24.764977208966933 ], [ 55.376073585398508, 24.764977815472072 ], [ 55.376074460834623, 24.764978346619248 ], [ 55.376075389390181, 24.764978797293221 ], [ 55.376076362122681, 24.764979163153761 ], [ 55.376077369664166, 24.764979440677426 ], [ 55.376078402311478, 24.764979627191508 ], [ 55.376079450119654, 24.764979720899781 ], [ 55.376079964225632, 24.764979743833234 ], [ 55.376079976558685, 24.76497997178846 ], [ 55.376079976558685, 24.764989474686402 ], [ 55.376080028220962, 24.764990429574468 ], [ 55.376080182710261, 24.76499137526644 ], [ 55.376080438538764, 24.76499230265479 ], [ 55.3760807932427, 24.764993202808256 ], [ 55.376081243406084, 24.764994067057874 ], [ 55.376081784693589, 24.764994887080441 ], [ 55.37608241189232, 24.764995654978694 ], [ 55.376083118962015, 24.764996363357355 ], [ 55.376083899093203, 24.764997005394349 ], [ 55.376084744772797, 24.764997574906509 ], [ 55.376085647856435, 24.76499806640912 ], [ 55.376086599646939, 24.764998475168749 ], [ 55.376087590978031, 24.764998797248808 ], [ 55.376088612302667, 24.764999029547496 ], [ 55.376089653784916, 24.76499916982765 ], [ 55.376090705394745, 24.764999216738293 ], [ 55.376111899688723, 24.764999216738293 ], [ 55.37611215073381, 24.764999227937015 ], [ 55.376112175990215, 24.764999694758121 ], [ 55.376112281696379, 24.765000661451612 ], [ 55.37611249290466, 24.765001613779663 ], [ 55.376112807514907, 24.765002542272839 ], [ 55.376113222398814, 24.765003437698713 ], [ 55.376113733431005, 24.765004291153655 ], [ 55.37611433553004, 24.765005094151377 ], [ 55.376115022708994, 24.765005838707307 ], [ 55.376115788134918, 24.765006517417987 ], [ 55.37611662419684, 24.765007123534684 ], [ 55.376117522581417, 24.765007651030508 ], [ 55.3761184743556, 24.765008094660324 ], [ 55.376119470055471, 24.765008450012925 ], [ 55.376120499780328, 24.765008713554874 ], [ 55.376121553291142, 24.765008882665651 ], [ 55.376122620112383, 24.765008955663717 ], [ 55.376123689636167, 24.765008931823214 ], [ 55.376124751227721, 24.765008811381204 ], [ 55.376125794331166, 24.765008595535292 ], [ 55.37612680857444, 24.76500828643173 ], [ 55.376127783872477, 24.765007887144083 ], [ 55.376128710527425, 24.765007401642645 ], [ 55.376129579325145, 24.765006834754978 ], [ 55.376130381626787, 24.765006192117905 ], [ 55.37613110945469, 24.765005480121459 ], [ 55.376131755571741, 24.765004705845342 ], [ 55.376132313553299, 24.765003876988541 ], [ 55.376132777851097, 24.765003001792746 ], [ 55.376133143848421, 24.765002088960433 ], [ 55.376133407905975, 24.765001147568309 ], [ 55.376133567398135, 24.765000186977062 ], [ 55.376133620738983, 24.764999216738293 ], [ 55.376133620738983, 24.76498971384035 ], [ 55.376133633072037, 24.764989485885124 ], [ 55.376134147178014, 24.764989462951672 ], [ 55.376135229707721, 24.764989364513923 ], [ 55.376136295692838, 24.764989167034219 ], [ 55.376137334172149, 24.764988872543189 ], [ 55.37613833446725, 24.764988484069001 ], [ 55.376139286292378, 24.764988005606227 ], [ 55.376140179860194, 24.764987442074773 ], [ 55.376141005982376, 24.764986799269273 ], [ 55.376141756164138, 24.764986083799521 ], [ 55.376142422691572, 24.764985303022488 ], [ 55.376142998710961, 24.764984464966698 ], [ 55.376143478299248, 24.764983578249645 ], [ 55.376143856524969, 24.76498265198919 ], [ 55.376144129498933, 24.764981695709817 ], [ 55.37614429441421, 24.764980719244683 ], [ 55.376144349575043, 24.764979732634512 ], [ 55.376144349575043, 24.764970229736569 ], [ 55.376144361908096, 24.764970001781343 ], [ 55.376144612953183, 24.764969990582621 ], [ 55.376155078411102, 24.764969990582621 ], [ 55.376156164956207, 24.764969940495206 ], [ 55.376157240328673, 24.764969790747998 ], [ 55.376158293470731, 24.764969542880802 ], [ 55.376159313553224, 24.764969199442376 ], [ 55.376160290086915, 24.764968763964195 ], [ 55.376161213030386, 24.764968240924162 ], [ 55.376162072893266, 24.764967635700557 ], [ 55.376162860833809, 24.764966954516726 ], [ 55.376163568749853, 24.764966204377089 ], [ 55.376164189362086, 24.764965392995133 ], [ 55.376164716288933, 24.764964528714067 ], [ 55.376165144112136, 24.76496362042106 ], [ 55.376165468432518, 24.764962677455834 ], [ 55.376165685915183, 24.764961709514644 ], [ 55.376165794323811, 24.764960726550559 ], [ 55.376165819580216, 24.764960259729452 ], [ 55.376166070625302, 24.764960248530731 ], [ 55.37618700154114, 24.764960248530731 ], [ 55.376187261717646, 24.764960260136789 ], [ 55.376187411858133, 24.764960324616705 ], [ 55.376188042168806, 24.764960630537676 ], [ 55.376189014901307, 24.764960996398212 ], [ 55.376190022442792, 24.764961273921877 ], [ 55.376191055090104, 24.764961460435963 ], [ 55.37619210289828, 24.764961554144236 ], [ 55.376193155776342, 24.764961554144236 ], [ 55.376194203584518, 24.764961460435963 ], [ 55.37619523623183, 24.764961273921877 ], [ 55.376196243773315, 24.764960996398212 ], [ 55.376197216505815, 24.764960630537676 ], [ 55.376197846816488, 24.764960324616705 ], [ 55.376197996956975, 24.764960260136789 ], [ 55.376198257133481, 24.764960248530731 ], [ 55.376229916885379, 24.764960248530731 ], [ 55.376230177061885, 24.764960260136789 ], [ 55.376230327202371, 24.764960324616705 ], [ 55.376230957513044, 24.764960630537676 ], [ 55.376231930245545, 24.764960996398212 ], [ 55.37623293778703, 24.764961273921877 ], [ 55.376233970434342, 24.764961460435963 ], [ 55.376235018242518, 24.764961554144236 ], [ 55.37623607112058, 24.764961554144236 ], [ 55.376237118928756, 24.764961460435963 ], [ 55.376238151576068, 24.764961273921877 ], [ 55.376239159117553, 24.764960996398212 ], [ 55.376240131850054, 24.764960630537676 ], [ 55.376240762160727, 24.764960324616705 ], [ 55.376240912301213, 24.764960260136789 ], [ 55.376241172477719, 24.764960248530731 ], [ 55.376251374557498, 24.764960248530731 ], [ 55.376251625602585, 24.764960259729452 ], [ 55.37625165085899, 24.764960726550559 ], [ 55.376251759267618, 24.764961709514644 ], [ 55.376251976750282, 24.764962677455834 ], [ 55.376252301070664, 24.76496362042106 ], [ 55.376252728893867, 24.764964528714067 ], [ 55.376253255820714, 24.764965392995133 ], [ 55.376253876432948, 24.764966204377089 ], [ 55.376254584348992, 24.764966954516726 ], [ 55.376255372289535, 24.764967635700557 ], [ 55.376256232152414, 24.764968240924162 ], [ 55.376257155095885, 24.764968763964195 ], [ 55.376258131629577, 24.764969199442376 ], [ 55.37625915171207, 24.764969542880802 ], [ 55.376260204854127, 24.764969790747998 ], [ 55.376261280226593, 24.764969940495206 ], [ 55.376262366771698, 24.764969990582621 ], [ 55.376326739788055, 24.764969990582621 ], [ 55.37632782633316, 24.764969940495206 ], [ 55.376328901705627, 24.764969790747998 ], [ 55.376329954847684, 24.764969542880802 ], [ 55.376330974930177, 24.764969199442376 ], [ 55.376331951463868, 24.764968763964195 ], [ 55.376332874407339, 24.764968240924162 ], [ 55.376333734270219, 24.764967635700557 ], [ 55.376334522210762, 24.764966954516726 ], [ 55.376335230126806, 24.764966204377089 ], [ 55.376335850739039, 24.764965392995133 ], [ 55.376336377665886, 24.764964528714067 ], [ 55.376336805489089, 24.76496362042106 ], [ 55.376337129809471, 24.764962677455834 ], [ 55.376337347292136, 24.764961709514644 ], [ 55.376337455700764, 24.764960726550559 ], [ 55.376337480957169, 24.764960259729452 ], [ 55.376337732002256, 24.764960248530731 ], [ 55.376659333705902, 24.764960248530731 ], [ 55.376660420251007, 24.764960198443315 ], [ 55.376661495623473, 24.764960048696107 ], [ 55.37666254876553, 24.764959800828912 ], [ 55.376663568848024, 24.764959457390486 ], [ 55.376664545381715, 24.764959021912304 ], [ 55.376665468325186, 24.764958498872272 ], [ 55.376666328188065, 24.764957893648667 ], [ 55.376667116128608, 24.764957212464836 ], [ 55.376667824044652, 24.764956462325198 ], [ 55.376668444656886, 24.764955650943243 ], [ 55.376668971583733, 24.764954786662177 ], [ 55.376669399406936, 24.76495387836917 ], [ 55.376669723727318, 24.764952935403944 ], [ 55.376669941209983, 24.764951967462753 ], [ 55.37667004961861, 24.764950984498668 ], [ 55.376670074875015, 24.764950517677562 ], [ 55.376670588980993, 24.764950494744109 ], [ 55.376671653592034, 24.764950398760266 ], [ 55.376672702382542, 24.764950206977861 ], [ 55.376673724923911, 24.764949921303874 ], [ 55.376674711048551, 24.764949544578894 ], [ 55.376675426959991, 24.764949191133262 ], [ 55.376676142871432, 24.764949544578894 ], [ 55.376677128996072, 24.764949921303874 ], [ 55.37667815153744, 24.764950206977861 ], [ 55.376679200327949, 24.764950398760266 ], [ 55.37668026493899, 24.764950494744109 ], [ 55.376680779044968, 24.764950517677562 ], [ 55.376680804301373, 24.764950984498668 ], [ 55.37668091271, 24.764951967462753 ], [ 55.376681130192665, 24.764952935403944 ], [ 55.376681454513047, 24.76495387836917 ], [ 55.37668188233625, 24.764954786662177 ], [ 55.376682409263097, 24.764955650943243 ], [ 55.376683029875331, 24.764956462325198 ], [ 55.376683737791375, 24.764957212464836 ], [ 55.376684525731918, 24.764957893648667 ], [ 55.376685385594797, 24.764958498872272 ], [ 55.376686308538268, 24.764959021912304 ], [ 55.376687285071959, 24.764959457390486 ], [ 55.376688305154453, 24.764959800828912 ], [ 55.37668935829651, 24.764960048696107 ], [ 55.376690433668976, 24.764960198443315 ], [ 55.376691520214081, 24.764960248530731 ], [ 55.376701985672, 24.764960248530731 ], [ 55.376702236717087, 24.764960259729452 ], [ 55.376702261973492, 24.764960726550559 ], [ 55.37670237038212, 24.764961709514644 ], [ 55.376702587864784, 24.764962677455834 ], [ 55.376702912185166, 24.76496362042106 ], [ 55.376703340008369, 24.764964528714067 ], [ 55.376703866935216, 24.764965392995133 ], [ 55.37670448754745, 24.764966204377089 ], [ 55.376705195463494, 24.764966954516726 ], [ 55.376705983404037, 24.764967635700557 ], [ 55.376706843266916, 24.764968240924162 ], [ 55.376707766210387, 24.764968763964195 ], [ 55.376708742744079, 24.764969199442376 ], [ 55.376709762826572, 24.764969542880802 ], [ 55.376710815968629, 24.764969790747998 ], [ 55.376711891341095, 24.764969940495206 ], [ 55.3767129778862, 24.764969990582621 ], [ 55.376745164394379, 24.764969990582621 ], [ 55.376746250939483, 24.764969940495206 ], [ 55.37674732631195, 24.764969790747998 ], [ 55.376748379454007, 24.764969542880802 ], [ 55.3767493995365, 24.764969199442376 ], [ 55.376750376070191, 24.764968763964195 ], [ 55.376751299013662, 24.764968240924162 ], [ 55.376752158876542, 24.764967635700557 ], [ 55.376752946817085, 24.764966954516726 ], [ 55.376753654733129, 24.764966204377089 ], [ 55.376754275345363, 24.764965392995133 ], [ 55.37675480227221, 24.764964528714067 ], [ 55.376755230095412, 24.76496362042106 ], [ 55.376755554415794, 24.764962677455834 ], [ 55.376755771898459, 24.764961709514644 ], [ 55.376755880307087, 24.764960726550559 ], [ 55.376755905563492, 24.764960259729452 ], [ 55.376756156608579, 24.764960248530731 ], [ 55.37697046995163, 24.764960248530731 ], [ 55.376971556496734, 24.764960198443315 ], [ 55.376972631869201, 24.764960048696107 ], [ 55.376973685011258, 24.764959800828912 ], [ 55.376974705093751, 24.764959457390486 ], [ 55.376975681627442, 24.764959021912304 ], [ 55.376976604570913, 24.764958498872272 ], [ 55.376977464433793, 24.764957893648667 ], [ 55.376978252374336, 24.764957212464836 ], [ 55.37697896029038, 24.764956462325198 ], [ 55.376979580902614, 24.764955650943243 ], [ 55.376980107829461, 24.764954786662177 ], [ 55.376980535652663, 24.76495387836917 ], [ 55.376980859973045, 24.764952935403944 ], [ 55.37698107745571, 24.764951967462753 ], [ 55.376981185864338, 24.764950984498668 ], [ 55.376981211120743, 24.764950517677562 ], [ 55.37698172522672, 24.764950494744109 ], [ 55.376982789837761, 24.764950398760266 ], [ 55.37698383862827, 24.764950206977861 ], [ 55.376984861169639, 24.764949921303874 ], [ 55.376985847294279, 24.764949544578894 ], [ 55.376986787196699, 24.764949080548867 ], [ 55.376987671531026, 24.764948533827855 ], [ 55.376988491503923, 24.764947909852154 ], [ 55.376989238962025, 24.764947214826243 ], [ 55.376989906473014, 24.764946455661072 ], [ 55.376990487399524, 24.764945639905374 ], [ 55.376990975965136, 24.764944775670571 ], [ 55.376991367311831, 24.764943871550152 ], [ 55.37699165754826, 24.76494293653419 ], [ 55.376991843788474, 24.764941979919978 ], [ 55.376991924180601, 24.764941011219566 ], [ 55.376991897925265, 24.764940040065184 ], [ 55.376991765283535, 24.764939076113457 ], [ 55.376991527574333, 24.764938128949403 ], [ 55.376991187161302, 24.7649372079911 ], [ 55.376990747429325, 24.764936322396057 ], [ 55.376990212750862, 24.764935480970149 ], [ 55.376989588442463, 24.764934692080054 ], [ 55.376988880711906, 24.764933963570069 ], [ 55.376988096596484, 24.764933302684099 ], [ 55.376987243893005, 24.764932715993634 ], [ 55.376986331080296, 24.764932209332404 ], [ 55.376985367234866, 24.764931787738369 ], [ 55.376984361940671, 24.764931455403637 ], [ 55.376983325193805, 24.76493121563276 ], [ 55.376982267303113, 24.764931070809887 ], [ 55.376981198787689, 24.764931022375059 ], [ 55.376680791378021, 24.764931022375059 ], [ 55.376679722862598, 24.764931070809887 ], [ 55.376678664971905, 24.76493121563276 ], [ 55.376677628225039, 24.764931455403637 ], [ 55.376676622930844, 24.764931787738369 ], [ 55.376675659085414, 24.764932209332404 ], [ 55.376675426959991, 24.764932338174773 ], [ 55.376675194834569, 24.764932209332404 ], [ 55.376674230989138, 24.764931787738369 ], [ 55.376673225694944, 24.764931455403637 ], [ 55.376672188948078, 24.76493121563276 ], [ 55.376671131057385, 24.764931070809887 ], [ 55.376670062541962, 24.764931022375059 ], [ 55.37648793570709, 24.764931022375059 ], [ 55.376487684662003, 24.764931011176337 ], [ 55.376487659405598, 24.764930544355227 ], [ 55.376487556205497, 24.764929592919163 ], [ 55.376487350799181, 24.764928655249538 ], [ 55.376487045164808, 24.764927740376624 ], [ 55.376486642245816, 24.764926857111153 ], [ 55.376486145922527, 24.764926013959446 ], [ 55.376485560974814, 24.764925219041523 ], [ 55.376484893036043, 24.764924480012873 ], [ 55.376484148538822, 24.764923803990747 ], [ 55.376483334653066, 24.764923197485608 ], [ 55.376482459216952, 24.764922666338432 ], [ 55.376481530661394, 24.764922215664456 ], [ 55.376480557928893, 24.764921849803919 ], [ 55.376479550387408, 24.764921572280254 ], [ 55.376478517740097, 24.764921385766169 ], [ 55.37647746993192, 24.764921292057895 ], [ 55.376476955825943, 24.764921269124446 ], [ 55.376476943492889, 24.764921041169217 ], [ 55.376476943492889, 24.764882312115606 ], [ 55.376476891830613, 24.764881357227537 ], [ 55.376476737341314, 24.764880411535565 ], [ 55.37647648151281, 24.764879484147215 ], [ 55.376476126808875, 24.764878583993749 ], [ 55.376475676645491, 24.764877719744135 ], [ 55.376475135357985, 24.764876899721568 ], [ 55.376474508159255, 24.764876131823314 ], [ 55.37647380108956, 24.76487542344465 ], [ 55.376473020958372, 24.764874781407656 ], [ 55.376472175278778, 24.764874211895496 ], [ 55.37647127219514, 24.764873720392885 ], [ 55.376470320404636, 24.764873311633259 ], [ 55.376469329073544, 24.764872989553201 ], [ 55.376468307748908, 24.764872757254512 ], [ 55.376467266266658, 24.764872616974358 ], [ 55.37646621465683, 24.764872570063716 ], [ 55.376305545494077, 24.764872570063716 ], [ 55.37630529444899, 24.764872558864994 ], [ 55.376305269192585, 24.764872092043888 ], [ 55.376305160783957, 24.764871109079802 ], [ 55.376304943301292, 24.764870141138609 ], [ 55.37630461898091, 24.764869198173386 ], [ 55.376304191157708, 24.764868289880376 ], [ 55.376303664230861, 24.764867425599313 ], [ 55.376303043618627, 24.764866614217354 ], [ 55.376302335702583, 24.76486586407772 ], [ 55.37630154776204, 24.764865182893885 ], [ 55.37630068789916, 24.764864577670281 ], [ 55.376299764955689, 24.764864054630252 ], [ 55.376298788421998, 24.76486361915207 ], [ 55.376297768339505, 24.76486327571364 ], [ 55.376296715197448, 24.764863027846449 ], [ 55.376295639824981, 24.76486287809924 ], [ 55.376294553279877, 24.764862828011825 ], [ 55.376230180263519, 24.764862828011825 ], [ 55.376229093718415, 24.76486287809924 ], [ 55.376228018345948, 24.764863027846449 ], [ 55.376226965203891, 24.76486327571364 ], [ 55.376225945121398, 24.76486361915207 ], [ 55.376224968587707, 24.764864054630252 ], [ 55.376224045644236, 24.764864577670281 ], [ 55.376223185781356, 24.764865182893885 ], [ 55.376222397840813, 24.76486586407772 ], [ 55.376221689924769, 24.764866614217354 ], [ 55.376221069312535, 24.764867425599313 ], [ 55.376220542385688, 24.764868289880376 ], [ 55.376220114562486, 24.764869198173386 ], [ 55.376219790242104, 24.764870141138609 ], [ 55.376219572759439, 24.764871109079802 ], [ 55.376219464350811, 24.764872092043888 ], [ 55.376219439094406, 24.764872558864994 ], [ 55.376219188049319, 24.764872570063716 ], [ 55.376144612953183, 24.764872570063716 ], [ 55.376144361908096, 24.764872558864994 ], [ 55.376144336651691, 24.764872092043888 ], [ 55.376144233451591, 24.76487114060782 ], [ 55.376144028045275, 24.764870202938194 ], [ 55.376143722410902, 24.764869288065281 ], [ 55.376143319491909, 24.76486840479981 ], [ 55.376142823168621, 24.764867561648103 ], [ 55.376142238220908, 24.764866766730179 ], [ 55.376141570282137, 24.76486602770153 ], [ 55.376140825784915, 24.764865351679404 ], [ 55.37614001189916, 24.764864745174265 ], [ 55.376139136463046, 24.764864214027089 ], [ 55.376138207907488, 24.764863763353112 ], [ 55.376137235174987, 24.764863397492576 ], [ 55.376136227633502, 24.764863119968911 ], [ 55.37613519498619, 24.764862933454825 ], [ 55.376134147178014, 24.764862839746552 ], [ 55.376133633072037, 24.764862816813103 ], [ 55.376133620738983, 24.764862588857874 ], [ 55.376133620738983, 24.764853325113886 ], [ 55.376133633072037, 24.764853097158657 ], [ 55.376134147178014, 24.764853074225208 ], [ 55.376135229707721, 24.764852975787459 ], [ 55.376136295692838, 24.764852778307752 ], [ 55.376137334172149, 24.764852483816721 ], [ 55.37613833446725, 24.764852095342533 ], [ 55.376139286292378, 24.764851616879763 ], [ 55.376140179860194, 24.764851053348305 ], [ 55.376141005982376, 24.764850410542806 ], [ 55.376141756164138, 24.764849695073053 ], [ 55.376142422691572, 24.764848914296024 ], [ 55.376142998710961, 24.764848076240231 ], [ 55.376143478299248, 24.764847189523177 ], [ 55.376143856524969, 24.764846263262722 ], [ 55.376144129498933, 24.76484530698335 ], [ 55.37614429441421, 24.764844330518216 ], [ 55.376144349575043, 24.764843343908044 ], [ 55.376144349575043, 24.764814117752373 ], [ 55.37614429441421, 24.764813131142198 ], [ 55.376144129498933, 24.764812154677067 ], [ 55.376143856524969, 24.764811198397695 ], [ 55.376143478299248, 24.76481027213724 ], [ 55.376142998710961, 24.764809385420183 ], [ 55.376142422691572, 24.764808547364392 ], [ 55.376141756164138, 24.764807766587364 ], [ 55.376141005982376, 24.764807051117611 ], [ 55.376140179860194, 24.764806408312111 ], [ 55.376139286292378, 24.764805844780653 ], [ 55.37613833446725, 24.764805366317884 ], [ 55.376137334172149, 24.764804977843696 ], [ 55.376136295692838, 24.764804683352665 ], [ 55.376135229707721, 24.764804485872958 ], [ 55.376134147178014, 24.764804387435209 ], [ 55.376133633072037, 24.76480436450176 ], [ 55.376133620738983, 24.76480413654653 ], [ 55.376133620738983, 24.764794633648592 ], [ 55.376133567398135, 24.764793663409819 ], [ 55.376133407905975, 24.764792702818575 ], [ 55.376133143848421, 24.764791761426451 ], [ 55.376132777851097, 24.764790848594139 ], [ 55.376132313553299, 24.764789973398344 ], [ 55.376131755571741, 24.764789144541538 ], [ 55.37613110945469, 24.764788370265425 ], [ 55.376130381626787, 24.764787658268975 ], [ 55.376129579325145, 24.764787015631903 ], [ 55.376128710527425, 24.764786448744239 ], [ 55.376127783872477, 24.764785963242801 ], [ 55.37612680857444, 24.764785563955151 ], [ 55.376125794331166, 24.764785254851592 ], [ 55.376124751227721, 24.76478503900568 ], [ 55.376123689636167, 24.764784918563667 ], [ 55.376122620112383, 24.764784894723167 ], [ 55.376121553291142, 24.76478496772123 ], [ 55.376120499780328, 24.76478513683201 ], [ 55.376119470055471, 24.76478540037396 ], [ 55.3761184743556, 24.764785755726557 ], [ 55.376117522581417, 24.764786199356376 ], [ 55.37611662419684, 24.764786726852201 ], [ 55.376115788134918, 24.764787332968897 ], [ 55.376115022708994, 24.764788011679574 ], [ 55.37611433553004, 24.764788756235504 ], [ 55.376113733431005, 24.764789559233225 ], [ 55.376113222398814, 24.764790412688171 ], [ 55.376112807514907, 24.764791308114045 ], [ 55.37611249290466, 24.764792236607221 ], [ 55.376112281696379, 24.764793188935268 ], [ 55.376112175990215, 24.764794155628763 ], [ 55.37611215073381, 24.76479462244987 ], [ 55.376111899688723, 24.764794633648592 ], [ 55.376101434230804, 24.764794633648592 ], [ 55.3761003476857, 24.764794683736007 ], [ 55.376099272313233, 24.764794833483215 ], [ 55.376098219171176, 24.764795081350407 ], [ 55.376097199088683, 24.764795424788836 ], [ 55.376096222554992, 24.764795860267018 ], [ 55.376095299611521, 24.764796383307047 ], [ 55.376094439748641, 24.764796988530655 ], [ 55.376093651808098, 24.764797669714486 ], [ 55.376092943892054, 24.76479841985412 ], [ 55.376092323279821, 24.764799231236079 ], [ 55.376091796352974, 24.764800095517145 ], [ 55.376091368529771, 24.764801003810152 ], [ 55.376091044209389, 24.764801946775375 ], [ 55.376090826726724, 24.764802914716569 ], [ 55.376090718318096, 24.764803897680654 ], [ 55.376090693061691, 24.76480436450176 ], [ 55.376090178955714, 24.764804387435209 ], [ 55.376089096426007, 24.764804485872958 ], [ 55.37608803044089, 24.764804683352665 ], [ 55.376086991961579, 24.764804977843696 ], [ 55.376085991666478, 24.764805366317884 ], [ 55.37608503984135, 24.764805844780653 ], [ 55.376084146273534, 24.764806408312111 ], [ 55.376083320151352, 24.764807051117611 ], [ 55.37608256996959, 24.764807766587364 ], [ 55.376081903442156, 24.764808547364392 ], [ 55.376081327422767, 24.764809385420183 ], [ 55.37608084783448, 24.76481027213724 ], [ 55.376080469608759, 24.764811198397695 ], [ 55.376080196634796, 24.764812154677067 ], [ 55.376080031719518, 24.764813131142198 ], [ 55.376079976558685, 24.764814117752373 ], [ 55.376079976558685, 24.764862588857874 ], [ 55.376079964225632, 24.764862816813103 ], [ 55.376079713180545, 24.764862828011825 ], [ 55.376069247722626, 24.764862828011825 ], [ 55.376068161177521, 24.76486287809924 ], [ 55.376067085805055, 24.764863027846449 ], [ 55.376066032662997, 24.76486327571364 ], [ 55.376065012580504, 24.76486361915207 ], [ 55.376064036046813, 24.764864054630252 ], [ 55.376063113103342, 24.764864577670281 ], [ 55.376062253240462, 24.764865182893885 ], [ 55.376061465299919, 24.76486586407772 ], [ 55.376060757383875, 24.764866614217354 ], [ 55.376060136771642, 24.764867425599313 ], [ 55.376059609844795, 24.764868289880376 ], [ 55.376059182021592, 24.764869198173386 ], [ 55.37605885770121, 24.764870141138609 ], [ 55.376058640218545, 24.764871109079802 ], [ 55.376058531809917, 24.764872092043888 ], [ 55.376058506553512, 24.764872558864994 ], [ 55.376058255508426, 24.764872570063716 ], [ 55.376048053428647, 24.764872570063716 ], [ 55.37604780238356, 24.764872558864994 ], [ 55.376047777127155, 24.764872092043888 ], [ 55.376047668718527, 24.764871109079802 ], [ 55.376047451235863, 24.764870141138609 ], [ 55.376047126915481, 24.764869198173386 ], [ 55.376046699092278, 24.764868289880376 ], [ 55.376046172165431, 24.764867425599313 ], [ 55.376045551553197, 24.764866614217354 ], [ 55.376044843637153, 24.76486586407772 ], [ 55.37604405569661, 24.764865182893885 ], [ 55.376043195833731, 24.764864577670281 ], [ 55.37604227289026, 24.764864054630252 ], [ 55.376041296356568, 24.76486361915207 ], [ 55.376040276274075, 24.76486327571364 ], [ 55.376039223132018, 24.764863027846449 ], [ 55.376038147759552, 24.76486287809924 ], [ 55.376037061214447, 24.764862828011825 ], [ 55.376026595756528, 24.764862828011825 ], [ 55.376026344711441, 24.764862816813103 ], [ 55.376026319455036, 24.764862349991997 ], [ 55.376026216254935, 24.764861398555929 ], [ 55.376026010848619, 24.764860460886304 ], [ 55.376025705214246, 24.76485954601339 ], [ 55.376025302295254, 24.764858662747919 ], [ 55.376024805971966, 24.764857819596212 ], [ 55.376024221024252, 24.764857024678289 ], [ 55.376023553085481, 24.764856285649639 ], [ 55.37602280858826, 24.764855609627514 ], [ 55.376021994702505, 24.764855003122374 ], [ 55.37602111926639, 24.764854471975198 ], [ 55.376020190710832, 24.764854021301222 ], [ 55.376019217978332, 24.764853655440685 ], [ 55.376018210436847, 24.764853377917021 ], [ 55.376017177789535, 24.764853191402935 ], [ 55.376016129981359, 24.764853097694662 ], [ 55.376015615875382, 24.764853074761213 ], [ 55.376015590618977, 24.764852607940107 ], [ 55.376015482210349, 24.764851624976021 ], [ 55.376015264727684, 24.764850657034827 ], [ 55.376014940407302, 24.764849714069605 ], [ 55.376014512584099, 24.764848805776595 ], [ 55.376013985657252, 24.764847941495532 ], [ 55.376013365045019, 24.764847130113573 ], [ 55.376012657128975, 24.764846379973939 ], [ 55.376011869188432, 24.764845698790108 ], [ 55.376011009325552, 24.7648450935665 ], [ 55.376010086382081, 24.764844570526471 ], [ 55.37600910984839, 24.764844135048289 ], [ 55.376008089765897, 24.764843791609859 ], [ 55.376007036623839, 24.764843543742668 ], [ 55.376005961251373, 24.764843393995459 ], [ 55.376004874706268, 24.764843343908044 ], [ 55.375865399837494, 24.764843343908044 ], [ 55.375864313292389, 24.764843393995459 ], [ 55.375863237919923, 24.764843543742668 ], [ 55.375862184777866, 24.764843791609859 ], [ 55.375861164695372, 24.764844135048289 ], [ 55.375860188161681, 24.764844570526471 ], [ 55.37585926521821, 24.7648450935665 ], [ 55.375858405355331, 24.764845698790108 ], [ 55.375857617414788, 24.764846379973939 ], [ 55.375856909498744, 24.764847130113573 ], [ 55.37585628888651, 24.764847941495532 ], [ 55.375855761959663, 24.764848805776595 ], [ 55.37585533413646, 24.764849714069605 ], [ 55.375855009816078, 24.764850657034827 ], [ 55.375854792333413, 24.764851624976021 ], [ 55.375854683924786, 24.764852607940107 ], [ 55.375854658668381, 24.764853074761213 ], [ 55.375854144562403, 24.764853097694662 ], [ 55.375853096754227, 24.764853191402935 ], [ 55.375852064106915, 24.764853377917021 ], [ 55.37585105656543, 24.764853655440685 ], [ 55.37585008383293, 24.764854021301222 ], [ 55.375849155277372, 24.764854471975198 ], [ 55.375848279841257, 24.764855003122374 ], [ 55.375847465955502, 24.764855609627514 ], [ 55.375846721458281, 24.764856285649639 ], [ 55.37584605351951, 24.764857024678289 ], [ 55.375845468571796, 24.764857819596212 ], [ 55.375844972248508, 24.764858662747919 ], [ 55.375844569329516, 24.76485954601339 ], [ 55.375844263695143, 24.764860460886304 ], [ 55.375844058288827, 24.764861398555929 ], [ 55.375843955088726, 24.764862349991997 ], [ 55.375843929832321, 24.764862816813103 ], [ 55.375843678787234, 24.764862828011825 ], [ 55.375801026821136, 24.764862828011825 ], [ 55.375799940276032, 24.76486287809924 ], [ 55.375798864903565, 24.764863027846449 ], [ 55.375797811761508, 24.76486327571364 ], [ 55.375796791679015, 24.76486361915207 ], [ 55.375795815145324, 24.764864054630252 ], [ 55.375794892201853, 24.764864577670281 ], [ 55.375794032338973, 24.764865182893885 ], [ 55.37579324439843, 24.76486586407772 ], [ 55.375792536482386, 24.764866614217354 ], [ 55.375791915870153, 24.764867425599313 ], [ 55.375791388943306, 24.764868289880376 ], [ 55.375790961120103, 24.764869198173386 ], [ 55.375790636799721, 24.764870141138609 ], [ 55.375790419317056, 24.764871109079802 ], [ 55.375790310908428, 24.764872092043888 ], [ 55.375790285652023, 24.764872558864994 ], [ 55.375790034606936, 24.764872570063716 ], [ 55.375758111476898, 24.764872570063716 ], [ 55.375757024931794, 24.764872620151131 ], [ 55.375755949559327, 24.764872769898339 ], [ 55.37575489641727, 24.764873017765531 ], [ 55.375753876334777, 24.764873361203961 ], [ 55.375752899801086, 24.764873796682142 ], [ 55.375751976857615, 24.764874319722171 ], [ 55.375751116994735, 24.764874924945776 ], [ 55.375750329054192, 24.76487560612961 ], [ 55.375749621138148, 24.764876356269244 ], [ 55.375749000525914, 24.764877167651203 ], [ 55.375748473599067, 24.764878031932266 ], [ 55.375748045775865, 24.764878940225277 ], [ 55.375747721455483, 24.764879883190499 ], [ 55.375747503972818, 24.764880851131693 ], [ 55.37574739556419, 24.764881834095775 ], [ 55.375747370307785, 24.764882300916884 ], [ 55.375746856201808, 24.764882323850333 ], [ 55.375745773672101, 24.764882422288082 ], [ 55.375744707686984, 24.764882619767786 ], [ 55.375743669207672, 24.76488291425882 ], [ 55.375742668912572, 24.764883302733008 ], [ 55.375741717087443, 24.764883781195778 ], [ 55.375740823519628, 24.764884344727232 ], [ 55.375739997397446, 24.764884987532735 ], [ 55.375739247215684, 24.764885703002488 ], [ 55.37573858068825, 24.764886483779517 ], [ 55.375738004668861, 24.764887321835307 ], [ 55.375737525080574, 24.764888208552364 ], [ 55.375737146854853, 24.764889134812819 ], [ 55.375736873880889, 24.764890091092191 ], [ 55.375736708965611, 24.764891067557322 ], [ 55.375736653804779, 24.764892054167497 ], [ 55.375736653804779, 24.764930783221107 ], [ 55.375736641471725, 24.764931011176337 ], [ 55.375736390426638, 24.764931022375059 ], [ 55.37571519613266, 24.764931022375059 ], [ 55.375714109587555, 24.764931072462474 ], [ 55.375713034215089, 24.764931222209682 ], [ 55.375711981073032, 24.764931470076874 ], [ 55.375710960990538, 24.764931813515304 ], [ 55.375709984456847, 24.764932248993485 ], [ 55.375709061513376, 24.764932772033514 ], [ 55.375708201650497, 24.764933377257119 ], [ 55.375707413709954, 24.764934058440954 ], [ 55.37570670579391, 24.764934808580588 ], [ 55.375706085181676, 24.764935619962547 ], [ 55.375705558254829, 24.764936484243609 ], [ 55.375705130431626, 24.76493739253662 ], [ 55.375704806111244, 24.764938335501842 ], [ 55.375704588628579, 24.764939303443036 ], [ 55.375704480219952, 24.764940286407118 ], [ 55.375704454963547, 24.764940753228228 ], [ 55.37570420391846, 24.764940764426949 ], [ 55.375607907772064, 24.764940764426949 ], [ 55.37560682122696, 24.764940814514365 ], [ 55.375605745854493, 24.764940964261573 ], [ 55.375604692712436, 24.764941212128765 ], [ 55.375603672629943, 24.764941555567194 ], [ 55.375602696096252, 24.764941991045376 ], [ 55.375601773152781, 24.764942514085405 ], [ 55.375600913289901, 24.764943119309009 ], [ 55.375600125349358, 24.764943800492844 ], [ 55.375599417433314, 24.764944550632478 ], [ 55.37559879682108, 24.764945362014437 ], [ 55.375598269894233, 24.7649462262955 ], [ 55.375597842071031, 24.76494713458851 ], [ 55.375597517750649, 24.764948077553733 ], [ 55.375597300267984, 24.764949045494927 ], [ 55.375597191859356, 24.764950028459008 ], [ 55.375597166602951, 24.764950495280118 ] ], [ [ 55.376927542274338, 24.766129283558868 ], [ 55.37692702816836, 24.766129306492317 ], [ 55.376925996641731, 24.766129398019171 ], [ 55.376924979654312, 24.766129579496912 ], [ 55.376923986696802, 24.766129849231952 ], [ 55.376923027035666, 24.766130204707082 ], [ 55.376922109626626, 24.766130642604946 ], [ 55.376921243031106, 24.766131158838999 ], [ 55.376920435336316, 24.766131748591654 ], [ 55.376919694079824, 24.766132406359244 ], [ 55.376919026179152, 24.766133126003357 ], [ 55.376918437867268, 24.766133900808153 ], [ 55.376917934634406, 24.766134723543015 ], [ 55.376917521176829, 24.766135586530037 ], [ 55.376917201352981, 24.766136481715673 ], [ 55.376916978147527, 24.766137400745897 ], [ 55.376916853643458, 24.76613833504415 ], [ 55.37691682900266, 24.766139275891401 ], [ 55.376916904455086, 24.766140214507498 ], [ 55.376917079296611, 24.766141142133112 ], [ 55.376917351895571, 24.766142050111473 ], [ 55.37691771970804, 24.76614292996917 ], [ 55.376918179301512, 24.766143773495219 ], [ 55.376918726386982, 24.766144572817684 ], [ 55.376919355858966, 24.766145320477147 ], [ 55.376920061843101, 24.766146009496321 ], [ 55.376920837751037, 24.766146633445153 ], [ 55.376921676341851, 24.766147186500849 ], [ 55.376922569789677, 24.766147663502192 ], [ 55.376923509756693, 24.766148059997722 ], [ 55.376924487470973, 24.766148372287272 ], [ 55.376925493808301, 24.766148597456507 ], [ 55.376926519377371, 24.766148733404101 ], [ 55.376927554607391, 24.766148778861371 ], [ 55.37695974111557, 24.766148778861371 ], [ 55.376960792725399, 24.766148731950729 ], [ 55.376961834207648, 24.766148591670575 ], [ 55.376962855532284, 24.766148359371886 ], [ 55.376963846863376, 24.766148037291828 ], [ 55.37696479865388, 24.766147628532202 ], [ 55.376965701737518, 24.766147137029588 ], [ 55.376966547417112, 24.766146567517428 ], [ 55.3769673275483, 24.766145925480433 ], [ 55.376968034617995, 24.766145217101773 ], [ 55.376968661816726, 24.766144449203519 ], [ 55.376969203104231, 24.766143629180952 ], [ 55.376969653267615, 24.766142764931335 ], [ 55.376970007971551, 24.766141864777868 ], [ 55.376970263800054, 24.766140937389519 ], [ 55.376970418289353, 24.766139991697546 ], [ 55.37697046995163, 24.766139036809481 ], [ 55.37697046995163, 24.76612929475759 ], [ 55.376970418289353, 24.766128339869521 ], [ 55.376970263800054, 24.766127394177548 ], [ 55.376970007971551, 24.766126466789199 ], [ 55.376969653267615, 24.766125566635733 ], [ 55.376969203104231, 24.766124702386119 ], [ 55.376968661816726, 24.766123882363551 ], [ 55.376968034617995, 24.766123114465298 ], [ 55.3769673275483, 24.766122406086634 ], [ 55.376966547417112, 24.76612176404964 ], [ 55.376965701737518, 24.76612119453748 ], [ 55.37696479865388, 24.766120703034868 ], [ 55.376963846863376, 24.766120294275243 ], [ 55.376962855532284, 24.766119972195185 ], [ 55.376961834207648, 24.766119739896496 ], [ 55.376960792725399, 24.766119599616342 ], [ 55.37695974111557, 24.7661195527057 ], [ 55.376938283443451, 24.7661195527057 ], [ 55.376937196898346, 24.766119602793115 ], [ 55.37693612152588, 24.766119752540323 ], [ 55.376935068383823, 24.766120000407515 ], [ 55.376934048301329, 24.766120343845945 ], [ 55.376933071767638, 24.766120779324126 ], [ 55.376932148824167, 24.766121302364155 ], [ 55.376931288961288, 24.76612190758776 ], [ 55.376930501020745, 24.766122588771594 ], [ 55.376929793104701, 24.766123338911228 ], [ 55.376929172492467, 24.766124150293187 ], [ 55.37692864556562, 24.76612501457425 ], [ 55.376928217742417, 24.766125922867261 ], [ 55.376927893422035, 24.766126865832483 ], [ 55.37692767593937, 24.766127833773677 ], [ 55.376927567530743, 24.766128816737758 ], [ 55.376927542274338, 24.766129283558868 ] ], [ [ 55.376745152061325, 24.766129283558868 ], [ 55.376744637955348, 24.766129306492317 ], [ 55.376743606428718, 24.766129398019171 ], [ 55.376742589441299, 24.766129579496912 ], [ 55.376741596483789, 24.766129849231952 ], [ 55.376740636822653, 24.766130204707082 ], [ 55.376739719413614, 24.766130642604946 ], [ 55.376738852818093, 24.766131158838999 ], [ 55.376738045123304, 24.766131748591654 ], [ 55.376737303866811, 24.766132406359244 ], [ 55.376736635966139, 24.766133126003357 ], [ 55.376736047654255, 24.766133900808153 ], [ 55.376735544421393, 24.766134723543015 ], [ 55.376735130963816, 24.766135586530037 ], [ 55.376734811139968, 24.766136481715673 ], [ 55.376734587934514, 24.766137400745897 ], [ 55.376734463430445, 24.76613833504415 ], [ 55.376734438789647, 24.766139275891401 ], [ 55.376734514242074, 24.766140214507498 ], [ 55.376734689083598, 24.766141142133112 ], [ 55.376734961682558, 24.766142050111473 ], [ 55.376735329495027, 24.76614292996917 ], [ 55.376735789088499, 24.766143773495219 ], [ 55.37673633617397, 24.766144572817684 ], [ 55.376736965645954, 24.766145320477147 ], [ 55.376737671630089, 24.766146009496321 ], [ 55.376738447538024, 24.766146633445153 ], [ 55.376739286128839, 24.766147186500849 ], [ 55.376740179576665, 24.766147663502192 ], [ 55.376741119543681, 24.766148059997722 ], [ 55.37674209725796, 24.766148372287272 ], [ 55.376743103595288, 24.766148597456507 ], [ 55.376744129164358, 24.766148733404101 ], [ 55.376745164394379, 24.766148778861371 ], [ 55.376884639263153, 24.766148778861371 ], [ 55.376885725808258, 24.766148728773956 ], [ 55.376886801180724, 24.766148579026748 ], [ 55.376887854322781, 24.766148331159552 ], [ 55.376888874405275, 24.766147987721126 ], [ 55.376889850938966, 24.766147552242945 ], [ 55.376890773882437, 24.766147029202916 ], [ 55.376891633745316, 24.766146423979308 ], [ 55.376892421685859, 24.766145742795477 ], [ 55.376893129601903, 24.766144992655843 ], [ 55.376893750214137, 24.766144181273884 ], [ 55.376894277140984, 24.766143316992817 ], [ 55.376894704964187, 24.76614240869981 ], [ 55.376895029284569, 24.766141465734584 ], [ 55.376895246767234, 24.766140497793394 ], [ 55.376895355175861, 24.766139514829309 ], [ 55.376895380432266, 24.766139048008203 ], [ 55.376895894538244, 24.766139025074754 ], [ 55.376896926064873, 24.766138933547897 ], [ 55.376897943052292, 24.766138752070159 ], [ 55.376898936009802, 24.766138482335116 ], [ 55.376899895670938, 24.766138126859985 ], [ 55.376900813079978, 24.766137688962125 ], [ 55.376901679675498, 24.766137172728072 ], [ 55.376902487370288, 24.766136582975413 ], [ 55.37690322862678, 24.766135925207827 ], [ 55.376903896527452, 24.766135205563714 ], [ 55.376904484839336, 24.766134430758918 ], [ 55.376904988072198, 24.766133608024056 ], [ 55.376905401529775, 24.766132745037034 ], [ 55.376905721353623, 24.766131849851394 ], [ 55.376905944559077, 24.766130930821173 ], [ 55.376906069063146, 24.76612999652292 ], [ 55.376906093703944, 24.76612905567567 ], [ 55.376906018251518, 24.766128117059569 ], [ 55.376905843409993, 24.766127189433959 ], [ 55.376905570811033, 24.766126281455598 ], [ 55.376905202998564, 24.766125401597897 ], [ 55.376904743405092, 24.766124558071851 ], [ 55.376904196319622, 24.766123758749387 ], [ 55.376903566847638, 24.766123011089924 ], [ 55.376902860863503, 24.76612232207075 ], [ 55.376902084955567, 24.766121698121918 ], [ 55.376901246364753, 24.766121145066222 ], [ 55.376900352916927, 24.766120668064879 ], [ 55.376899412949911, 24.766120271569349 ], [ 55.376898435235631, 24.766119959279798 ], [ 55.376897428898303, 24.766119734110564 ], [ 55.376896403329233, 24.76611959816297 ], [ 55.376895368099213, 24.7661195527057 ], [ 55.376820529624936, 24.7661195527057 ], [ 55.376820278579849, 24.766119541506978 ], [ 55.376820253323444, 24.766119074685871 ], [ 55.376820150123343, 24.766118123249804 ], [ 55.376819944717028, 24.766117185580178 ], [ 55.376819639082655, 24.766116270707265 ], [ 55.376819236163662, 24.766115387441793 ], [ 55.376818739840374, 24.766114544290087 ], [ 55.376818154892661, 24.766113749372163 ], [ 55.37681748695389, 24.766113010343513 ], [ 55.376816742456668, 24.766112334321388 ], [ 55.376815928570913, 24.766111727816249 ], [ 55.376815053134798, 24.766111196669073 ], [ 55.376814124579241, 24.766110745995096 ], [ 55.37681315184674, 24.76611038013456 ], [ 55.376812144305255, 24.766110102610895 ], [ 55.376811111657943, 24.766109916096809 ], [ 55.376810063849767, 24.766109822388536 ], [ 55.376809010971705, 24.766109822388536 ], [ 55.376807963163529, 24.766109916096809 ], [ 55.376806930516217, 24.766110102610895 ], [ 55.376805922974732, 24.76611038013456 ], [ 55.376804950242231, 24.766110745995096 ], [ 55.376804021686674, 24.766111196669073 ], [ 55.376803146250559, 24.766111727816249 ], [ 55.376802332364804, 24.766112334321388 ], [ 55.376801587867583, 24.766113010343513 ], [ 55.376800919928812, 24.766113749372163 ], [ 55.376800334981098, 24.766114544290087 ], [ 55.37679983865781, 24.766115387441793 ], [ 55.376799435738818, 24.766116270707265 ], [ 55.376799130104445, 24.766117185580178 ], [ 55.376798924698129, 24.766118123249804 ], [ 55.376798821498028, 24.766119074685871 ], [ 55.376798796241623, 24.766119541506978 ], [ 55.376798545196536, 24.7661195527057 ], [ 55.376755893230438, 24.7661195527057 ], [ 55.376754806685334, 24.766119602793115 ], [ 55.376753731312867, 24.766119752540323 ], [ 55.37675267817081, 24.766120000407515 ], [ 55.376751658088317, 24.766120343845945 ], [ 55.376750681554626, 24.766120779324126 ], [ 55.376749758611155, 24.766121302364155 ], [ 55.376748898748275, 24.76612190758776 ], [ 55.376748110807732, 24.766122588771594 ], [ 55.376747402891688, 24.766123338911228 ], [ 55.376746782279454, 24.766124150293187 ], [ 55.376746255352607, 24.76612501457425 ], [ 55.376745827529405, 24.766125922867261 ], [ 55.376745503209023, 24.766126865832483 ], [ 55.376745285726358, 24.766127833773677 ], [ 55.37674517731773, 24.766128816737758 ], [ 55.376745152061325, 24.766129283558868 ] ], [ [ 55.37659495748791, 24.766119541099638 ], [ 55.376594434250514, 24.766119564440427 ], [ 55.37659341900909, 24.766119653808545 ], [ 55.376592417702135, 24.766119830316271 ], [ 55.376591439379936, 24.766120092368251 ], [ 55.376590492885065, 24.766120437595923 ], [ 55.37658958677239, 24.766120862878953 ], [ 55.376588729231806, 24.766121364373426 ], [ 55.376587928014189, 24.76612193754659 ], [ 55.376587190361327, 24.766122577217821 ], [ 55.376586522940492, 24.766123277605466 ], [ 55.376585931784156, 24.766124032379071 ], [ 55.376585422235486, 24.766124834716631 ], [ 55.376584998900029, 24.766125677366219 ], [ 55.376584665604092, 24.766126552711558 ], [ 55.376584425360178, 24.766127452840852 ], [ 55.376584280339721, 24.76612836961829 ], [ 55.376584231853485, 24.76612929475759 ], [ 55.376584231853485, 24.766139036809481 ], [ 55.376584283515761, 24.766139991697546 ], [ 55.376584438005061, 24.766140937389519 ], [ 55.376584693833564, 24.766141864777868 ], [ 55.3765850485375, 24.766142764931335 ], [ 55.376585498700884, 24.766143629180952 ], [ 55.376586039988389, 24.766144449203519 ], [ 55.376586667187119, 24.766145217101773 ], [ 55.376587374256815, 24.766145925480433 ], [ 55.376588154388003, 24.766146567517428 ], [ 55.376589000067597, 24.766147137029588 ], [ 55.376589903151235, 24.766147628532202 ], [ 55.376590854941739, 24.766148037291828 ], [ 55.376591846272831, 24.766148359371886 ], [ 55.376592867597466, 24.766148591670575 ], [ 55.376593909079716, 24.766148731950729 ], [ 55.376594960689545, 24.766148778861371 ], [ 55.376659333705902, 24.766148778861371 ], [ 55.376660368935923, 24.766148733404101 ], [ 55.376661394504993, 24.766148597456507 ], [ 55.376662400842321, 24.766148372287272 ], [ 55.3766633785566, 24.766148059997722 ], [ 55.376664318523616, 24.766147663502192 ], [ 55.376664698123932, 24.766147460838024 ], [ 55.376665077724248, 24.766147663502192 ], [ 55.376666017691264, 24.766148059997722 ], [ 55.376666995405543, 24.766148372287272 ], [ 55.376668001742871, 24.766148597456507 ], [ 55.376669027311941, 24.766148733404101 ], [ 55.376670062541962, 24.766148778861371 ], [ 55.3767129778862, 24.766148778861371 ], [ 55.376714029496029, 24.766148731950729 ], [ 55.376715070978278, 24.766148591670575 ], [ 55.376716092302914, 24.766148359371886 ], [ 55.376717083634006, 24.766148037291828 ], [ 55.37671803542451, 24.766147628532202 ], [ 55.376718938508148, 24.766147137029588 ], [ 55.376719784187742, 24.766146567517428 ], [ 55.37672056431893, 24.766145925480433 ], [ 55.376721271388625, 24.766145217101773 ], [ 55.376721898587355, 24.766144449203519 ], [ 55.376722439874861, 24.766143629180952 ], [ 55.376722890038245, 24.766142764931335 ], [ 55.37672324474218, 24.766141864777868 ], [ 55.376723500570684, 24.766140937389519 ], [ 55.376723655059983, 24.766139991697546 ], [ 55.37672370672226, 24.766139036809481 ], [ 55.37672370672226, 24.76612929475759 ], [ 55.376723655059983, 24.766128339869521 ], [ 55.376723500570684, 24.766127394177548 ], [ 55.37672324474218, 24.766126466789199 ], [ 55.376722890038245, 24.766125566635733 ], [ 55.376722439874861, 24.766124702386119 ], [ 55.376721898587355, 24.766123882363551 ], [ 55.376721271388625, 24.766123114465298 ], [ 55.37672056431893, 24.766122406086634 ], [ 55.376719784187742, 24.76612176404964 ], [ 55.376718938508148, 24.76612119453748 ], [ 55.37671803542451, 24.766120703034868 ], [ 55.376717083634006, 24.766120294275243 ], [ 55.376716092302914, 24.766119972195185 ], [ 55.376715070978278, 24.766119739896496 ], [ 55.376714029496029, 24.766119599616342 ], [ 55.3767129778862, 24.7661195527057 ], [ 55.376680791378021, 24.7661195527057 ], [ 55.376679704832917, 24.766119602793115 ], [ 55.37667862946045, 24.766119752540323 ], [ 55.376677576318393, 24.766120000407515 ], [ 55.3766765562359, 24.766120343845945 ], [ 55.376675579702209, 24.766120779324126 ], [ 55.376674656758738, 24.766121302364155 ], [ 55.376673796895858, 24.76612190758776 ], [ 55.376673008955315, 24.766122588771594 ], [ 55.376672301039271, 24.766123338911228 ], [ 55.376671680427037, 24.766124150293187 ], [ 55.37667115350019, 24.76612501457425 ], [ 55.376670725676988, 24.766125922867261 ], [ 55.376670401356606, 24.766126865832483 ], [ 55.376670183873941, 24.766127833773677 ], [ 55.376670075465313, 24.766128816737758 ], [ 55.376670050208908, 24.766129283558868 ], [ 55.376669536102931, 24.766129306492317 ], [ 55.376668504576301, 24.766129398019171 ], [ 55.376667487588882, 24.766129579496912 ], [ 55.376666494631372, 24.766129849231952 ], [ 55.376665534970236, 24.766130204707082 ], [ 55.376664698123932, 24.766130604150725 ], [ 55.376663861277628, 24.766130204707082 ], [ 55.376662901616491, 24.766129849231952 ], [ 55.376661908658981, 24.766129579496912 ], [ 55.376660891671563, 24.766129398019171 ], [ 55.376659860144933, 24.766129306492317 ], [ 55.376659346038956, 24.766129283558868 ], [ 55.376659320782551, 24.766128816737758 ], [ 55.376659212373923, 24.766127833773677 ], [ 55.376658994891258, 24.766126865832483 ], [ 55.376658670570876, 24.766125922867261 ], [ 55.376658242747673, 24.76612501457425 ], [ 55.376657715820826, 24.766124150293187 ], [ 55.376657095208593, 24.766123338911228 ], [ 55.376656387292549, 24.766122588771594 ], [ 55.376655599352006, 24.76612190758776 ], [ 55.376654739489126, 24.766121302364155 ], [ 55.376653816545655, 24.766120779324126 ], [ 55.376652840011964, 24.766120343845945 ], [ 55.376651819929471, 24.766120000407515 ], [ 55.376650766787414, 24.766119752540323 ], [ 55.376649691414947, 24.766119602793115 ], [ 55.376648604869843, 24.7661195527057 ], [ 55.376605952903745, 24.7661195527057 ], [ 55.376605692727239, 24.766119541099638 ], [ 55.376605542586752, 24.766119476619725 ], [ 55.376604912276079, 24.766119170698754 ], [ 55.376603939543578, 24.766118804838214 ], [ 55.376602932002093, 24.76611852731455 ], [ 55.376601899354782, 24.766118340800467 ], [ 55.376600851546605, 24.766118247092194 ], [ 55.376599798668543, 24.766118247092194 ], [ 55.376598750860367, 24.766118340800467 ], [ 55.376597718213056, 24.76611852731455 ], [ 55.376596710671571, 24.766118804838214 ], [ 55.37659573793907, 24.766119170698754 ], [ 55.376595107628397, 24.766119476619725 ], [ 55.37659495748791, 24.766119541099638 ] ], [ [ 55.375725912635666, 24.766129283558868 ], [ 55.375725398529688, 24.766129306492317 ], [ 55.375724367003059, 24.766129398019171 ], [ 55.37572335001564, 24.766129579496912 ], [ 55.37572235705813, 24.766129849231952 ], [ 55.375721397396994, 24.766130204707082 ], [ 55.375720479987955, 24.766130642604946 ], [ 55.375719613392434, 24.766131158838999 ], [ 55.375718805697645, 24.766131748591654 ], [ 55.375718064441152, 24.766132406359244 ], [ 55.37571739654048, 24.766133126003357 ], [ 55.375716808228596, 24.766133900808153 ], [ 55.375716304995734, 24.766134723543015 ], [ 55.375715891538157, 24.766135586530037 ], [ 55.375715571714309, 24.766136481715673 ], [ 55.375715348508855, 24.766137400745897 ], [ 55.375715224004786, 24.76613833504415 ], [ 55.375715199363988, 24.766139275891401 ], [ 55.375715274816415, 24.766140214507498 ], [ 55.375715449657939, 24.766141142133112 ], [ 55.375715722256899, 24.766142050111473 ], [ 55.375716090069368, 24.76614292996917 ], [ 55.37571654966284, 24.766143773495219 ], [ 55.375717096748311, 24.766144572817684 ], [ 55.375717726220294, 24.766145320477147 ], [ 55.37571843220443, 24.766146009496321 ], [ 55.375719208112365, 24.766146633445153 ], [ 55.375720046703179, 24.766147186500849 ], [ 55.375720940151005, 24.766147663502192 ], [ 55.375721880118022, 24.766148059997722 ], [ 55.375722857832301, 24.766148372287272 ], [ 55.375723864169629, 24.766148597456507 ], [ 55.375724889738699, 24.766148733404101 ], [ 55.375725924968719, 24.766148778861371 ], [ 55.375779569149017, 24.766148778861371 ], [ 55.375780655694122, 24.766148728773956 ], [ 55.375781731066589, 24.766148579026748 ], [ 55.375782784208646, 24.766148331159552 ], [ 55.375783804291139, 24.766147987721126 ], [ 55.37578478082483, 24.766147552242945 ], [ 55.375785703768301, 24.766147029202916 ], [ 55.375786563631181, 24.766146423979308 ], [ 55.375787351571724, 24.766145742795477 ], [ 55.375788059487768, 24.766144992655843 ], [ 55.375788680100001, 24.766144181273884 ], [ 55.375789207026848, 24.766143316992817 ], [ 55.375789634850051, 24.76614240869981 ], [ 55.375789959170433, 24.766141465734584 ], [ 55.375790176653098, 24.766140497793394 ], [ 55.375790285061726, 24.766139514829309 ], [ 55.375790310318131, 24.766139048008203 ], [ 55.375790561363218, 24.766139036809481 ], [ 55.375800763442996, 24.766139036809481 ], [ 55.375801023619502, 24.766139048415539 ], [ 55.375801173759989, 24.766139112895456 ], [ 55.375801804070662, 24.766139418816426 ], [ 55.375802776803162, 24.766139784676962 ], [ 55.375803784344647, 24.766140062200627 ], [ 55.375804816991959, 24.766140248714713 ], [ 55.375805864800135, 24.766140342422986 ], [ 55.375806917678197, 24.766140342422986 ], [ 55.375807965486374, 24.766140248714713 ], [ 55.375808998133685, 24.766140062200627 ], [ 55.37581000567517, 24.766139784676962 ], [ 55.375810978407671, 24.766139418816426 ], [ 55.375811608718344, 24.766139112895456 ], [ 55.375811758858831, 24.766139048415539 ], [ 55.375812019035337, 24.766139036809481 ], [ 55.375822221115115, 24.766139036809481 ], [ 55.375822472160202, 24.766139048008203 ], [ 55.375822497416607, 24.766139514829309 ], [ 55.375822605825235, 24.766140497793394 ], [ 55.3758228233079, 24.766141465734584 ], [ 55.375823147628282, 24.76614240869981 ], [ 55.375823575451484, 24.766143316992817 ], [ 55.375824102378331, 24.766144181273884 ], [ 55.375824722990565, 24.766144992655843 ], [ 55.375825430906609, 24.766145742795477 ], [ 55.375826218847152, 24.766146423979308 ], [ 55.375827078710032, 24.766147029202916 ], [ 55.375828001653502, 24.766147552242945 ], [ 55.375828978187194, 24.766147987721126 ], [ 55.375829998269687, 24.766148331159552 ], [ 55.375831051411744, 24.766148579026748 ], [ 55.375832126784211, 24.766148728773956 ], [ 55.375833213329315, 24.766148778861371 ], [ 55.375843942165375, 24.766148778861371 ], [ 55.375845028710479, 24.766148728773956 ], [ 55.375846104082946, 24.766148579026748 ], [ 55.375847157225003, 24.766148331159552 ], [ 55.375848177307496, 24.766147987721126 ], [ 55.375849153841187, 24.766147552242945 ], [ 55.375850076784658, 24.766147029202916 ], [ 55.375850936647538, 24.766146423979308 ], [ 55.375851724588081, 24.766145742795477 ], [ 55.375852432504125, 24.766144992655843 ], [ 55.375853053116359, 24.766144181273884 ], [ 55.375853580043206, 24.766143316992817 ], [ 55.375854007866408, 24.76614240869981 ], [ 55.37585433218679, 24.766141465734584 ], [ 55.375854549669455, 24.766140497793394 ], [ 55.375854658078083, 24.766139514829309 ], [ 55.375854683334488, 24.766139048008203 ], [ 55.375854934379575, 24.766139036809481 ], [ 55.375865136459353, 24.766139036809481 ], [ 55.37586538750444, 24.766139048008203 ], [ 55.375865412760845, 24.766139514829309 ], [ 55.375865521169473, 24.766140497793394 ], [ 55.375865738652138, 24.766141465734584 ], [ 55.37586606297252, 24.76614240869981 ], [ 55.375866490795723, 24.766143316992817 ], [ 55.37586701772257, 24.766144181273884 ], [ 55.375867638334803, 24.766144992655843 ], [ 55.375868346250847, 24.766145742795477 ], [ 55.37586913419139, 24.766146423979308 ], [ 55.37586999405427, 24.766147029202916 ], [ 55.375870916997741, 24.766147552242945 ], [ 55.375871893531432, 24.766147987721126 ], [ 55.375872913613925, 24.766148331159552 ], [ 55.375873966755982, 24.766148579026748 ], [ 55.375875042128449, 24.766148728773956 ], [ 55.375876128673553, 24.766148778861371 ], [ 55.375886857509613, 24.766148778861371 ], [ 55.375887909119442, 24.766148731950729 ], [ 55.375888950601691, 24.766148591670575 ], [ 55.375889971926327, 24.766148359371886 ], [ 55.375890963257419, 24.766148037291828 ], [ 55.375891915047923, 24.766147628532202 ], [ 55.375892818131561, 24.766147137029588 ], [ 55.375893663811155, 24.766146567517428 ], [ 55.375894443942343, 24.766145925480433 ], [ 55.375895151012038, 24.766145217101773 ], [ 55.375895778210769, 24.766144449203519 ], [ 55.375896319498274, 24.766143629180952 ], [ 55.375896769661658, 24.766142764931335 ], [ 55.375897124365594, 24.766141864777868 ], [ 55.375897380194097, 24.766140937389519 ], [ 55.375897534683396, 24.766139991697546 ], [ 55.375897586345673, 24.766139036809481 ], [ 55.375897586345673, 24.766129533911538 ], [ 55.375897598678726, 24.766129305956312 ], [ 55.375898112784704, 24.766129283022863 ], [ 55.37589916059288, 24.766129189314587 ], [ 55.375900193240192, 24.766129002800504 ], [ 55.375901200781676, 24.76612872527684 ], [ 55.375902173514177, 24.7661283594163 ], [ 55.375903102069735, 24.766127908742327 ], [ 55.37590397750585, 24.766127377595151 ], [ 55.375904791391605, 24.766126771090011 ], [ 55.375905535888826, 24.766126095067886 ], [ 55.375906203827597, 24.766125356039236 ], [ 55.37590678877531, 24.766124561121309 ], [ 55.375907285098599, 24.766123717969606 ], [ 55.375907688017591, 24.766122834704131 ], [ 55.375907993651964, 24.766121919831221 ], [ 55.37590819905828, 24.766120982161596 ], [ 55.375908302258381, 24.766120030725528 ], [ 55.375908327514786, 24.766119563904422 ], [ 55.375908578559873, 24.7661195527057 ], [ 55.375918780639651, 24.7661195527057 ], [ 55.375919031684738, 24.766119563904422 ], [ 55.375919044017792, 24.766119791859648 ], [ 55.375919044017792, 24.76612929475759 ], [ 55.37591909735864, 24.76613026499636 ], [ 55.3759192568508, 24.766131225587607 ], [ 55.375919520908354, 24.76613216697973 ], [ 55.375919886905677, 24.766133079812043 ], [ 55.375920351203476, 24.766133955007838 ], [ 55.375920909185034, 24.76613478386464 ], [ 55.375921555302085, 24.766135558140757 ], [ 55.375922283129988, 24.766136270137203 ], [ 55.37592308543163, 24.766136912774275 ], [ 55.37592395422935, 24.766137479661943 ], [ 55.375924880884298, 24.766137965163381 ], [ 55.375925856182334, 24.766138364451031 ], [ 55.375926870425609, 24.76613867355459 ], [ 55.375927913529054, 24.766138889400501 ], [ 55.375928975120608, 24.766139009842512 ], [ 55.375930044644392, 24.766139033683015 ], [ 55.375931111465633, 24.766138960684948 ], [ 55.375932164976447, 24.766138791574171 ], [ 55.375933194701304, 24.766138528032222 ], [ 55.375934190401175, 24.766138172679621 ], [ 55.375935142175358, 24.766137729049806 ], [ 55.375936040559935, 24.766137201553981 ], [ 55.375936876621857, 24.766136595437285 ], [ 55.375937642047781, 24.766135916726604 ], [ 55.375938329226734, 24.766135172170678 ], [ 55.37593893132577, 24.766134369172953 ], [ 55.375939442357961, 24.76613351571801 ], [ 55.375939857241868, 24.766132620292137 ], [ 55.375940171852115, 24.766131691798961 ], [ 55.375940383060396, 24.76613073947091 ], [ 55.37594048876656, 24.766129772777418 ], [ 55.375940514022965, 24.766129305956312 ], [ 55.375940765068052, 24.76612929475759 ], [ 55.37595096714783, 24.76612929475759 ], [ 55.375951218192917, 24.766129305956312 ], [ 55.375951243449322, 24.766129772777418 ], [ 55.37595135185795, 24.766130755741504 ], [ 55.375951569340614, 24.766131723682694 ], [ 55.375951893660996, 24.76613266664792 ], [ 55.375952321484199, 24.766133574940927 ], [ 55.375952848411046, 24.766134439221993 ], [ 55.37595346902328, 24.766135250603952 ], [ 55.375954176939324, 24.766136000743586 ], [ 55.375954964879867, 24.766136681927417 ], [ 55.375955824742746, 24.766137287151025 ], [ 55.375956747686217, 24.766137810191054 ], [ 55.375957724219909, 24.766138245669236 ], [ 55.375958744302402, 24.766138589107662 ], [ 55.375959797444459, 24.766138836974857 ], [ 55.375960872816925, 24.766138986722066 ], [ 55.37596195936203, 24.766139036809481 ], [ 55.375983153656009, 24.766139036809481 ], [ 55.375983404701095, 24.766139048008203 ], [ 55.3759834299575, 24.766139514829309 ], [ 55.375983538366128, 24.766140497793394 ], [ 55.375983755848793, 24.766141465734584 ], [ 55.375984080169175, 24.76614240869981 ], [ 55.375984507992378, 24.766143316992817 ], [ 55.375985034919225, 24.766144181273884 ], [ 55.375985655531458, 24.766144992655843 ], [ 55.375986363447502, 24.766145742795477 ], [ 55.375987151388046, 24.766146423979308 ], [ 55.375988011250925, 24.766147029202916 ], [ 55.375988934194396, 24.766147552242945 ], [ 55.375989910728087, 24.766147987721126 ], [ 55.37599093081058, 24.766148331159552 ], [ 55.375991983952638, 24.766148579026748 ], [ 55.375993059325104, 24.766148728773956 ], [ 55.375994145870209, 24.766148778861371 ], [ 55.376079713180545, 24.766148778861371 ], [ 55.376079964225632, 24.766148790060093 ], [ 55.376079976558685, 24.766149018015319 ], [ 55.376079976558685, 24.766285167587839 ], [ 55.376080028220962, 24.766286122475904 ], [ 55.376080182710261, 24.766287068167877 ], [ 55.376080438538764, 24.766287995556226 ], [ 55.3760807932427, 24.766288895709692 ], [ 55.376081243406084, 24.76628975995931 ], [ 55.376081784693589, 24.766290579981877 ], [ 55.37608241189232, 24.766291347880131 ], [ 55.376083118962015, 24.766292056258791 ], [ 55.376083899093203, 24.766292698295786 ], [ 55.376084744772797, 24.766293267807946 ], [ 55.376085647856435, 24.766293759310557 ], [ 55.376086599646939, 24.766294168070186 ], [ 55.376087590978031, 24.766294490150244 ], [ 55.376088612302667, 24.766294722448933 ], [ 55.376089653784916, 24.766294862729087 ], [ 55.376090705394745, 24.766294909639729 ], [ 55.376122628524783, 24.766294909639729 ], [ 55.376122888701289, 24.766294921245787 ], [ 55.376123038841776, 24.766294985725704 ], [ 55.376123669152449, 24.766295291646674 ], [ 55.37612464188495, 24.766295657507211 ], [ 55.376125649426434, 24.766295935030875 ], [ 55.376126682073746, 24.766296121544961 ], [ 55.376127729881922, 24.766296215253234 ], [ 55.376128782759984, 24.766296215253234 ], [ 55.376129830568161, 24.766296121544961 ], [ 55.376130863215472, 24.766295935030875 ], [ 55.376131870756957, 24.766295657507211 ], [ 55.376132843489458, 24.766295291646674 ], [ 55.376133473800131, 24.766294985725704 ], [ 55.376133623940618, 24.766294921245787 ], [ 55.376134147178014, 24.766294897904999 ], [ 55.37613519498619, 24.766294804196725 ], [ 55.376136227633502, 24.766294617682643 ], [ 55.376137235174987, 24.766294340158979 ], [ 55.376138207907488, 24.766293974298438 ], [ 55.376139136463046, 24.766293523624466 ], [ 55.37614001189916, 24.76629299247729 ], [ 55.376140825784915, 24.76629238597215 ], [ 55.376141570282137, 24.766291709950025 ], [ 55.376142238220908, 24.766290970921371 ], [ 55.376142823168621, 24.766290176003448 ], [ 55.376143319491909, 24.766289332851745 ], [ 55.376143722410902, 24.76628844958627 ], [ 55.376144028045275, 24.76628753471336 ], [ 55.376144233451591, 24.766286597043734 ], [ 55.376144336651691, 24.766285645607667 ], [ 55.376144336651691, 24.766284689568007 ], [ 55.376144233451591, 24.766283738131943 ], [ 55.376144028045275, 24.766282800462317 ], [ 55.376143722410902, 24.766281885589404 ], [ 55.376143319491909, 24.766281002323932 ], [ 55.376142823168621, 24.766280159172226 ], [ 55.376142238220908, 24.766279364254302 ], [ 55.376141570282137, 24.766278625225652 ], [ 55.376140825784915, 24.766277949203527 ], [ 55.37614001189916, 24.766277342698388 ], [ 55.376139136463046, 24.766276811551212 ], [ 55.376138207907488, 24.766276360877235 ], [ 55.376137235174987, 24.766275995016699 ], [ 55.376136227633502, 24.766275717493034 ], [ 55.37613519498619, 24.766275530978948 ], [ 55.376134147178014, 24.766275437270675 ], [ 55.376133633072037, 24.766275414337226 ], [ 55.376133620738983, 24.766275186381996 ], [ 55.376133620738983, 24.766236696482334 ], [ 55.376133633072037, 24.766236468527108 ], [ 55.376134147178014, 24.766236445593655 ], [ 55.376135162419438, 24.766236356225541 ], [ 55.376136163726393, 24.766236179717811 ], [ 55.376137142048591, 24.766235917665835 ], [ 55.376138088543463, 24.766235572438163 ], [ 55.376138994656138, 24.766235147155133 ], [ 55.376139852196722, 24.76623464566066 ], [ 55.376140653414339, 24.766234072487496 ], [ 55.3761413910672, 24.766233432816261 ], [ 55.376142058488036, 24.76623273242862 ], [ 55.376142649644372, 24.766231977655011 ], [ 55.376143159193042, 24.766231175317454 ], [ 55.376143582528499, 24.766230332667867 ], [ 55.376143915824436, 24.766229457322524 ], [ 55.376144156068349, 24.76622855719323 ], [ 55.376144301088807, 24.766227640415792 ], [ 55.376144349575043, 24.766226715276495 ], [ 55.376144349575043, 24.766197489120824 ], [ 55.376144301088807, 24.766196563981524 ], [ 55.376144156068349, 24.766195647204086 ], [ 55.376143915824436, 24.766194747074792 ], [ 55.376143582528499, 24.766193871729453 ], [ 55.376143159193042, 24.766193029079865 ], [ 55.376142649644372, 24.766192226742305 ], [ 55.376142058488036, 24.7661914719687 ], [ 55.3761413910672, 24.766190771581055 ], [ 55.376140653414339, 24.76619013190982 ], [ 55.376139852196722, 24.766189558736659 ], [ 55.376138994656138, 24.766189057242187 ], [ 55.376138088543463, 24.766188631959153 ], [ 55.376137142048591, 24.766188286731481 ], [ 55.376136163726393, 24.766188024679504 ], [ 55.376135162419438, 24.766187848171779 ], [ 55.376134147178014, 24.76618775880366 ], [ 55.376133633072037, 24.766187735870211 ], [ 55.376133620738983, 24.766187507914982 ], [ 55.376133620738983, 24.766178244170991 ], [ 55.376133633072037, 24.766178016215765 ], [ 55.376134147178014, 24.766177993282312 ], [ 55.376135162419438, 24.766177903914198 ], [ 55.376136163726393, 24.766177727406468 ], [ 55.376137142048591, 24.766177465354492 ], [ 55.376138088543463, 24.766177120126819 ], [ 55.376138994656138, 24.766176694843789 ], [ 55.376139852196722, 24.766176193349317 ], [ 55.376140653414339, 24.766175620176153 ], [ 55.3761413910672, 24.766174980504918 ], [ 55.376142058488036, 24.766174280117276 ], [ 55.376142649644372, 24.766173525343667 ], [ 55.376143159193042, 24.766172723006111 ], [ 55.376143582528499, 24.766171880356524 ], [ 55.376143915824436, 24.766171005011181 ], [ 55.376144156068349, 24.766170104881887 ], [ 55.376144301088807, 24.766169188104453 ], [ 55.376144349575043, 24.766168262965152 ], [ 55.376144349575043, 24.766149018015319 ], [ 55.376144361908096, 24.766148790060093 ], [ 55.376144612953183, 24.766148778861371 ], [ 55.376294553279877, 24.766148778861371 ], [ 55.376295639824981, 24.766148728773956 ], [ 55.376296715197448, 24.766148579026748 ], [ 55.376297768339505, 24.766148331159552 ], [ 55.376298788421998, 24.766147987721126 ], [ 55.376299764955689, 24.766147552242945 ], [ 55.37630068789916, 24.766147029202916 ], [ 55.37630154776204, 24.766146423979308 ], [ 55.376302335702583, 24.766145742795477 ], [ 55.376303043618627, 24.766144992655843 ], [ 55.376303664230861, 24.766144181273884 ], [ 55.376304191157708, 24.766143316992817 ], [ 55.37630461898091, 24.76614240869981 ], [ 55.376304943301292, 24.766141465734584 ], [ 55.376305160783957, 24.766140497793394 ], [ 55.376305269192585, 24.766139514829309 ], [ 55.37630529444899, 24.766139048008203 ], [ 55.376305545494077, 24.766139036809481 ], [ 55.376337205245974, 24.766139036809481 ], [ 55.376337456291061, 24.766139048008203 ], [ 55.376337481547466, 24.766139514829309 ], [ 55.376337589956094, 24.766140497793394 ], [ 55.376337807438759, 24.766141465734584 ], [ 55.376338131759141, 24.76614240869981 ], [ 55.376338559582344, 24.766143316992817 ], [ 55.376339086509191, 24.766144181273884 ], [ 55.376339707121424, 24.766144992655843 ], [ 55.376340415037468, 24.766145742795477 ], [ 55.376341202978011, 24.766146423979308 ], [ 55.376342062840891, 24.766147029202916 ], [ 55.376342985784362, 24.766147552242945 ], [ 55.376343962318053, 24.766147987721126 ], [ 55.376344982400546, 24.766148331159552 ], [ 55.376346035542603, 24.766148579026748 ], [ 55.37634711091507, 24.766148728773956 ], [ 55.376348197460175, 24.766148778861371 ], [ 55.37646621465683, 24.766148778861371 ], [ 55.376467266266658, 24.766148731950729 ], [ 55.376468307748908, 24.766148591670575 ], [ 55.376469329073544, 24.766148359371886 ], [ 55.376470320404636, 24.766148037291828 ], [ 55.37647127219514, 24.766147628532202 ], [ 55.376472175278778, 24.766147137029588 ], [ 55.376473020958372, 24.766146567517428 ], [ 55.37647380108956, 24.766145925480433 ], [ 55.376474508159255, 24.766145217101773 ], [ 55.376475135357985, 24.766144449203519 ], [ 55.376475676645491, 24.766143629180952 ], [ 55.376476126808875, 24.766142764931335 ], [ 55.37647648151281, 24.766141864777868 ], [ 55.376476737341314, 24.766140937389519 ], [ 55.376476891830613, 24.766139991697546 ], [ 55.376476943492889, 24.766139036809481 ], [ 55.376476943492889, 24.766129533911538 ], [ 55.376476955825943, 24.766129305956312 ], [ 55.37647746993192, 24.766129283022863 ], [ 55.376478517740097, 24.766129189314587 ], [ 55.376479550387408, 24.766129002800504 ], [ 55.376480557928893, 24.76612872527684 ], [ 55.376481530661394, 24.7661283594163 ], [ 55.376482459216952, 24.766127908742327 ], [ 55.376483334653066, 24.766127377595151 ], [ 55.376484148538822, 24.766126771090011 ], [ 55.376484893036043, 24.766126095067886 ], [ 55.376485560974814, 24.766125356039236 ], [ 55.376486145922527, 24.766124561121309 ], [ 55.376486642245816, 24.766123717969606 ], [ 55.376487045164808, 24.766122834704131 ], [ 55.376487350799181, 24.766121919831221 ], [ 55.376487556205497, 24.766120982161596 ], [ 55.376487659405598, 24.766120030725528 ], [ 55.376487685110604, 24.766119555612867 ], [ 55.376487756121762, 24.766119419281541 ], [ 55.376488093029842, 24.766118846943659 ], [ 55.376488495948834, 24.766117963678187 ], [ 55.3764888015832, 24.766117048805274 ], [ 55.376489006989523, 24.766116111135648 ], [ 55.376489110189617, 24.766115159699584 ], [ 55.376489110189617, 24.766114203659924 ], [ 55.376489006989523, 24.766113252223857 ], [ 55.3764888015832, 24.766112314554231 ], [ 55.376488495948834, 24.766111399681321 ], [ 55.376488093029842, 24.766110516415846 ], [ 55.376487756121762, 24.766109944077964 ], [ 55.376487685110604, 24.766109807746641 ], [ 55.376487659405598, 24.766109332633981 ], [ 55.376487556205497, 24.766108381197913 ], [ 55.376487350799181, 24.766107443528288 ], [ 55.376487045164808, 24.766106528655374 ], [ 55.376486642245816, 24.766105645389903 ], [ 55.376486145922527, 24.766104802238196 ], [ 55.376485560974814, 24.766104007320273 ], [ 55.376484893036043, 24.766103268291623 ], [ 55.376484148538822, 24.766102592269498 ], [ 55.376483334653066, 24.766101985764358 ], [ 55.376482459216952, 24.766101454617182 ], [ 55.376481530661394, 24.766101003943206 ], [ 55.376480557928893, 24.766100638082669 ], [ 55.376479550387408, 24.766100360559005 ], [ 55.376478517740097, 24.766100174044919 ], [ 55.37647746993192, 24.766100080336646 ], [ 55.376476955825943, 24.766100057403197 ], [ 55.376476943492889, 24.766099829447967 ], [ 55.376476943492889, 24.766080823652089 ], [ 55.376476955825943, 24.766080595696859 ], [ 55.37647746993192, 24.766080572763411 ], [ 55.37647850145855, 24.766080481236553 ], [ 55.376479518445969, 24.766080299758816 ], [ 55.376480511403479, 24.766080030023772 ], [ 55.376481471064615, 24.766079674548642 ], [ 55.376482388473654, 24.766079236650782 ], [ 55.376483255069175, 24.766078720416729 ], [ 55.376484062763964, 24.76607813066407 ], [ 55.376484804020457, 24.766077472896484 ], [ 55.376485471921129, 24.766076753252371 ], [ 55.376486060233013, 24.766075978447574 ], [ 55.376486563465875, 24.766075155712713 ], [ 55.376486976923452, 24.76607429272569 ], [ 55.3764872967473, 24.766073397540051 ], [ 55.376487519952754, 24.76607247850983 ], [ 55.376487644456823, 24.766071544211577 ], [ 55.376487669097621, 24.766070603364327 ], [ 55.376487593645194, 24.766069664748226 ], [ 55.37648741880367, 24.766068737122616 ], [ 55.37648714620471, 24.766067829144255 ], [ 55.376486778392241, 24.766066949286554 ], [ 55.376486318798769, 24.766066105760508 ], [ 55.376485771713298, 24.766065306438044 ], [ 55.376485142241314, 24.766064558778581 ], [ 55.376484436257179, 24.766063869759407 ], [ 55.376483660349244, 24.766063245810575 ], [ 55.37648282175843, 24.766062692754879 ], [ 55.376481928310604, 24.766062215753536 ], [ 55.376480988343587, 24.766061819258006 ], [ 55.376480010629308, 24.766061506968455 ], [ 55.37647900429198, 24.766061281799221 ], [ 55.37647797872291, 24.766061145851626 ], [ 55.376476943492889, 24.766061100394356 ], [ 55.376402105018613, 24.766061100394356 ], [ 55.376401844842107, 24.766061088788295 ], [ 55.37640169470162, 24.766061024308382 ], [ 55.376401064390947, 24.766060718387411 ], [ 55.376400091658446, 24.766060352526871 ], [ 55.376399084116962, 24.76606007500321 ], [ 55.37639805146965, 24.766059888489124 ], [ 55.376397003661474, 24.766059794780851 ], [ 55.376395950783412, 24.766059794780851 ], [ 55.376394902975235, 24.766059888489124 ], [ 55.376393870327924, 24.76606007500321 ], [ 55.376392862786439, 24.766060352526871 ], [ 55.376391890053938, 24.766060718387411 ], [ 55.376391259743265, 24.766061024308382 ], [ 55.376391109602778, 24.766061088788295 ], [ 55.376390849426272, 24.766061100394356 ], [ 55.376359189674375, 24.766061100394356 ], [ 55.376358938629288, 24.766061089195635 ], [ 55.376358913372883, 24.766060622374528 ], [ 55.376358804964255, 24.766059639410443 ], [ 55.37635858748159, 24.766058671469249 ], [ 55.376358263161208, 24.766057728504027 ], [ 55.376357835338005, 24.76605682021102 ], [ 55.376357308411158, 24.766055955929954 ], [ 55.376356687798925, 24.766055144547995 ], [ 55.376355979882881, 24.766054394408361 ], [ 55.376355191942338, 24.76605371322453 ], [ 55.376354332079458, 24.766053108000921 ], [ 55.376353409135987, 24.766052584960892 ], [ 55.376352432602296, 24.766052149482711 ], [ 55.376351412519803, 24.766051806044281 ], [ 55.376350359377746, 24.766051558177089 ], [ 55.376349284005279, 24.766051408429881 ], [ 55.376348197460175, 24.766051358342466 ], [ 55.376305282115936, 24.766051358342466 ], [ 55.376304195570832, 24.766051408429881 ], [ 55.376303120198365, 24.766051558177089 ], [ 55.376302067056308, 24.766051806044281 ], [ 55.376301046973815, 24.766052149482711 ], [ 55.376300070440124, 24.766052584960892 ], [ 55.376299147496653, 24.766053108000921 ], [ 55.376298287633773, 24.76605371322453 ], [ 55.37629749969323, 24.766054394408361 ], [ 55.376296791777186, 24.766055144547995 ], [ 55.376296171164952, 24.766055955929954 ], [ 55.376295644238105, 24.76605682021102 ], [ 55.376295216414903, 24.766057728504027 ], [ 55.376294892094521, 24.766058671469249 ], [ 55.376294674611856, 24.766059639410443 ], [ 55.376294566203228, 24.766060622374528 ], [ 55.376294540946823, 24.766061089195635 ], [ 55.376294289901736, 24.766061100394356 ], [ 55.376283824443817, 24.766061100394356 ], [ 55.376282772833989, 24.766061147304999 ], [ 55.376281731351739, 24.766061287585153 ], [ 55.376280710027103, 24.766061519883841 ], [ 55.376279718696011, 24.7660618419639 ], [ 55.376278766905507, 24.766062250723525 ], [ 55.376277863821869, 24.76606274222614 ], [ 55.376277018142275, 24.766063311738296 ], [ 55.376276238011087, 24.766063953775291 ], [ 55.376275530941392, 24.766064662153955 ], [ 55.376274903742662, 24.766065430052208 ], [ 55.376274362455156, 24.766066250074775 ], [ 55.376273912291772, 24.76606711432439 ], [ 55.376273557587837, 24.76606801447786 ], [ 55.376273301759333, 24.766068941866205 ], [ 55.376273147270034, 24.766069887558178 ], [ 55.376273095607758, 24.766070842446247 ], [ 55.376273095607758, 24.766080345344186 ], [ 55.376273083274704, 24.766080573299416 ], [ 55.376272832229617, 24.766080584498138 ], [ 55.376262630149839, 24.766080584498138 ], [ 55.376262379104752, 24.766080573299416 ], [ 55.376262353848347, 24.766080106478309 ], [ 55.376262250648246, 24.766079155042242 ], [ 55.37626204524193, 24.766078217372616 ], [ 55.376261739607557, 24.766077302499703 ], [ 55.376261336688565, 24.766076419234231 ], [ 55.376260840365276, 24.766075576082525 ], [ 55.376260255417563, 24.766074781164601 ], [ 55.376259587478792, 24.766074042135951 ], [ 55.376258842981571, 24.766073366113826 ], [ 55.376258029095816, 24.766072759608686 ], [ 55.376257153659701, 24.76607222846151 ], [ 55.376256225104143, 24.766071777787534 ], [ 55.376255252371642, 24.766071411926998 ], [ 55.376254244830157, 24.766071134403333 ], [ 55.376253212182846, 24.766070947889247 ], [ 55.376252164374669, 24.766070854180974 ], [ 55.376251111496607, 24.766070854180974 ], [ 55.376250063688431, 24.766070947889247 ], [ 55.37624903104112, 24.766071134403333 ], [ 55.376248023499635, 24.766071411926998 ], [ 55.376247050767134, 24.766071777787534 ], [ 55.376246122211576, 24.76607222846151 ], [ 55.376245246775461, 24.766072759608686 ], [ 55.376244432889706, 24.766073366113826 ], [ 55.376243688392485, 24.766074042135951 ], [ 55.376243020453714, 24.766074781164601 ], [ 55.376242435506001, 24.766075576082525 ], [ 55.376241939182712, 24.766076419234231 ], [ 55.37624153626372, 24.766077302499703 ], [ 55.376241230629347, 24.766078217372616 ], [ 55.376241025223031, 24.766079155042242 ], [ 55.37624092202293, 24.766080106478309 ], [ 55.376240896766525, 24.766080573299416 ], [ 55.376240645721438, 24.766080584498138 ], [ 55.376187528297422, 24.766080584498138 ], [ 55.376187277252335, 24.766080573299416 ], [ 55.376187264919281, 24.766080345344186 ], [ 55.376187264919281, 24.766071081600199 ], [ 55.376187277252335, 24.766070853644969 ], [ 55.376187791358312, 24.76607083071152 ], [ 55.376188822884941, 24.766070739184663 ], [ 55.37618983987236, 24.766070557706925 ], [ 55.37619083282987, 24.766070287971882 ], [ 55.376191792491007, 24.766069932496752 ], [ 55.376192709900046, 24.766069494598892 ], [ 55.376193576495567, 24.766068978364839 ], [ 55.376194384190356, 24.76606838861218 ], [ 55.376195125446849, 24.766067730844593 ], [ 55.37619579334752, 24.76606701120048 ], [ 55.376196381659405, 24.766066236395684 ], [ 55.376196884892266, 24.766065413660822 ], [ 55.376197298349844, 24.7660645506738 ], [ 55.376197618173691, 24.766063655488161 ], [ 55.376197841379145, 24.76606273645794 ], [ 55.376197965883215, 24.766061802159687 ], [ 55.376197990524012, 24.766060861312436 ], [ 55.376197915071586, 24.766059922696336 ], [ 55.376197740230062, 24.766058995070726 ], [ 55.376197467631101, 24.766058087092365 ], [ 55.376197099818633, 24.766057207234663 ], [ 55.37619664022516, 24.766056363708618 ], [ 55.37619609313969, 24.766055564386154 ], [ 55.376195463667706, 24.76605481672669 ], [ 55.376194757683571, 24.766054127707516 ], [ 55.376193981775636, 24.766053503758684 ], [ 55.376193143184821, 24.766052950702989 ], [ 55.376192249736995, 24.766052473701645 ], [ 55.376191309769979, 24.766052077206115 ], [ 55.3761903320557, 24.766051764916565 ], [ 55.376189325718371, 24.76605153974733 ], [ 55.376188300149302, 24.766051403799736 ], [ 55.376187264919281, 24.766051358342466 ], [ 55.376133884117124, 24.766051358342466 ], [ 55.376133623940618, 24.766051346736404 ], [ 55.376133473800131, 24.766051282256491 ], [ 55.376132843489458, 24.766050976335521 ], [ 55.376131870756957, 24.766050610474981 ], [ 55.376130863215472, 24.76605033295132 ], [ 55.376129830568161, 24.766050146437234 ], [ 55.376128782759984, 24.766050052728961 ], [ 55.376127729881922, 24.766050052728961 ], [ 55.376126682073746, 24.766050146437234 ], [ 55.376125649426434, 24.76605033295132 ], [ 55.37612464188495, 24.766050610474981 ], [ 55.376123669152449, 24.766050976335521 ], [ 55.376123038841776, 24.766051282256491 ], [ 55.376122888701289, 24.766051346736404 ], [ 55.376122628524783, 24.766051358342466 ], [ 55.376090968772886, 24.766051358342466 ], [ 55.376090717727799, 24.766051347143744 ], [ 55.376090692471394, 24.766050880322638 ], [ 55.37609058676523, 24.766049913629143 ], [ 55.376090375556949, 24.766048961301095 ], [ 55.376090060946701, 24.76604803280792 ], [ 55.376089646062795, 24.766047137382046 ], [ 55.376089135030604, 24.7660462839271 ], [ 55.376088532931568, 24.766045480929378 ], [ 55.376087845752615, 24.766044736373448 ], [ 55.376087080326691, 24.766044057662771 ], [ 55.376086244264769, 24.766043451546075 ], [ 55.376085345880192, 24.76604292405025 ], [ 55.376084394106009, 24.766042480420431 ], [ 55.376083398406138, 24.766042125067834 ], [ 55.376082368681281, 24.766041861525885 ], [ 55.376081315170467, 24.766041692415104 ], [ 55.376080248349226, 24.766041619417042 ], [ 55.376079178825442, 24.766041643257541 ], [ 55.376078117233888, 24.766041763699555 ], [ 55.376077074130443, 24.766041979545466 ], [ 55.376076059887168, 24.766042288649025 ], [ 55.376075084589132, 24.766042687936675 ], [ 55.376074157934184, 24.766043173438113 ], [ 55.376073289136464, 24.766043740325777 ], [ 55.376072486834822, 24.76604438296285 ], [ 55.376071759006919, 24.766045094959299 ], [ 55.376071112889868, 24.766045869235413 ], [ 55.37607055490831, 24.766046698092218 ], [ 55.376070090610511, 24.766047573288013 ], [ 55.376069724613188, 24.766048486120326 ], [ 55.376069460555634, 24.766049427512449 ], [ 55.376069301063474, 24.766050388103693 ], [ 55.376069247722626, 24.766051358342466 ], [ 55.376069247722626, 24.766060861240405 ], [ 55.376069235389572, 24.766061089195635 ], [ 55.376068984344485, 24.766061100394356 ], [ 55.376048053428647, 24.766061100394356 ], [ 55.37604780238356, 24.766061089195635 ], [ 55.376047777127155, 24.766060622374528 ], [ 55.376047673927054, 24.766059670938461 ], [ 55.376047468520738, 24.766058733268835 ], [ 55.376047162886366, 24.766057818395922 ], [ 55.376046759967373, 24.76605693513045 ], [ 55.376046263644085, 24.766056091978744 ], [ 55.376045678696372, 24.76605529706082 ], [ 55.376045010757601, 24.76605455803217 ], [ 55.376044266260379, 24.766053882010045 ], [ 55.376043452374624, 24.766053275504905 ], [ 55.376042576938509, 24.766052744357729 ], [ 55.376041648382952, 24.766052293683753 ], [ 55.376040675650451, 24.766051927823217 ], [ 55.376039668108966, 24.766051650299552 ], [ 55.376038635461654, 24.766051463785466 ], [ 55.376037587653478, 24.766051370077193 ], [ 55.376037073547501, 24.766051347143744 ], [ 55.376037048291096, 24.766050880322638 ], [ 55.376036945090995, 24.76604992888657 ], [ 55.376036739684679, 24.766048991216945 ], [ 55.376036434050306, 24.766048076344031 ], [ 55.376036031131314, 24.76604719307856 ], [ 55.376035534808025, 24.766046349926853 ], [ 55.376034949860312, 24.76604555500893 ], [ 55.376034281921541, 24.76604481598028 ], [ 55.37603353742432, 24.766044139958154 ], [ 55.376032723538565, 24.766043533453015 ], [ 55.37603184810245, 24.766043002305839 ], [ 55.376030919546892, 24.766042551631863 ], [ 55.376029946814391, 24.766042185771326 ], [ 55.376028939272906, 24.766041908247661 ], [ 55.376027906625595, 24.766041721733576 ], [ 55.376026858817418, 24.766041628025302 ], [ 55.376026344711441, 24.766041605091853 ], [ 55.376026319455036, 24.766041138270747 ], [ 55.376026211046408, 24.766040155306662 ], [ 55.376025993563744, 24.766039187365468 ], [ 55.376025669243361, 24.766038244400246 ], [ 55.376025241420159, 24.766037336107239 ], [ 55.376024714493312, 24.766036471826173 ], [ 55.376024093881078, 24.766035660444214 ], [ 55.376023385965034, 24.76603491030458 ], [ 55.376022598024491, 24.766034229120748 ], [ 55.376021738161612, 24.76603362389714 ], [ 55.376020815218141, 24.766033100857111 ], [ 55.376019838684449, 24.76603266537893 ], [ 55.376018818601956, 24.7660323219405 ], [ 55.376017765459899, 24.766032074073308 ], [ 55.376016690087432, 24.7660319243261 ], [ 55.376015603542328, 24.766031874238685 ], [ 55.37598368041229, 24.766031874238685 ], [ 55.375983429367203, 24.766031863039963 ], [ 55.375983404110798, 24.766031396218857 ], [ 55.37598329570217, 24.766030413254772 ], [ 55.375983078219505, 24.766029445313578 ], [ 55.375982753899123, 24.766028502348355 ], [ 55.375982326075921, 24.766027594055348 ], [ 55.375981799149073, 24.766026729774282 ], [ 55.37598117853684, 24.766025918392323 ], [ 55.375980470620796, 24.766025168252689 ], [ 55.375979682680253, 24.766024487068858 ], [ 55.375978822817373, 24.76602388184525 ], [ 55.375977899873902, 24.766023358805221 ], [ 55.375976923340211, 24.766022923327039 ], [ 55.375975903257718, 24.76602257988861 ], [ 55.375974850115661, 24.766022332021418 ], [ 55.375973774743194, 24.766022182274209 ], [ 55.37597268819809, 24.766022132186794 ], [ 55.375886857509613, 24.766022132186794 ], [ 55.375885770964508, 24.766022182274209 ], [ 55.375884695592042, 24.766022332021418 ], [ 55.375883642449985, 24.76602257988861 ], [ 55.375882622367492, 24.766022923327039 ], [ 55.3758816458338, 24.766023358805221 ], [ 55.375880722890329, 24.76602388184525 ], [ 55.37587986302745, 24.766024487068858 ], [ 55.375879075086907, 24.766025168252689 ], [ 55.375878367170863, 24.766025918392323 ], [ 55.375877746558629, 24.766026729774282 ], [ 55.375877219631782, 24.766027594055348 ], [ 55.375876791808579, 24.766028502348355 ], [ 55.375876467488197, 24.766029445313578 ], [ 55.375876250005533, 24.766030413254772 ], [ 55.375876141596905, 24.766031396218857 ], [ 55.3758761163405, 24.766031863039963 ], [ 55.375875865295413, 24.766031874238685 ], [ 55.375865399837494, 24.766031874238685 ], [ 55.375864313292389, 24.7660319243261 ], [ 55.375863237919923, 24.766032074073308 ], [ 55.375862184777866, 24.7660323219405 ], [ 55.375861164695372, 24.76603266537893 ], [ 55.375860188161681, 24.766033100857111 ], [ 55.37585926521821, 24.76603362389714 ], [ 55.375858405355331, 24.766034229120748 ], [ 55.375857617414788, 24.76603491030458 ], [ 55.375856909498744, 24.766035660444214 ], [ 55.37585628888651, 24.766036471826173 ], [ 55.375855761959663, 24.766037336107239 ], [ 55.37585533413646, 24.766038244400246 ], [ 55.375855009816078, 24.766039187365468 ], [ 55.375854792333413, 24.766040155306662 ], [ 55.375854683924786, 24.766041138270747 ], [ 55.375854658668381, 24.766041605091853 ], [ 55.375854144562403, 24.766041628025302 ], [ 55.375853096754227, 24.766041721733576 ], [ 55.375852064106915, 24.766041908247661 ], [ 55.37585105656543, 24.766042185771326 ], [ 55.37585008383293, 24.766042551631863 ], [ 55.375849155277372, 24.766043002305839 ], [ 55.375848279841257, 24.766043533453015 ], [ 55.375847465955502, 24.766044139958154 ], [ 55.375846721458281, 24.76604481598028 ], [ 55.37584605351951, 24.76604555500893 ], [ 55.375845468571796, 24.766046349926853 ], [ 55.375844972248508, 24.76604719307856 ], [ 55.375844569329516, 24.766048076344031 ], [ 55.375844263695143, 24.766048991216945 ], [ 55.375844058288827, 24.76604992888657 ], [ 55.375843955088726, 24.766050880322638 ], [ 55.375843929832321, 24.766051347143744 ], [ 55.375843415726344, 24.766051370077193 ], [ 55.37584240048492, 24.766051459445311 ], [ 55.375841399177965, 24.766051635953037 ], [ 55.375840420855766, 24.766051898005017 ], [ 55.375839474360895, 24.766052243232689 ], [ 55.37583856824822, 24.766052668515719 ], [ 55.375837710707636, 24.766053170010192 ], [ 55.375836909490019, 24.766053743183356 ], [ 55.375836171837157, 24.766054382854588 ], [ 55.375835504416322, 24.766055083242232 ], [ 55.375834913259986, 24.766055838015838 ], [ 55.375834403711316, 24.766056640353398 ], [ 55.375833980375859, 24.766057483002985 ], [ 55.375833647079922, 24.766058358348324 ], [ 55.375833406836009, 24.766059258477618 ], [ 55.375833261815551, 24.766060175255056 ], [ 55.375833213329315, 24.766061100394356 ], [ 55.375833213329315, 24.766070603292295 ], [ 55.375833200996261, 24.766070831247525 ], [ 55.375832686890284, 24.766070854180974 ], [ 55.375831639082108, 24.766070947889247 ], [ 55.375830606434796, 24.766071134403333 ], [ 55.375829598893311, 24.766071411926998 ], [ 55.375828626160811, 24.766071777787534 ], [ 55.375827697605253, 24.76607222846151 ], [ 55.375826822169138, 24.766072759608686 ], [ 55.375826008283383, 24.766073366113826 ], [ 55.375825263786162, 24.766074042135951 ], [ 55.375824595847391, 24.766074781164601 ], [ 55.375824010899677, 24.766075576082525 ], [ 55.375823514576389, 24.766076419234231 ], [ 55.375823111657397, 24.766077302499703 ], [ 55.375822806023024, 24.766078217372616 ], [ 55.375822600616708, 24.766079155042242 ], [ 55.375822497416607, 24.766080106478309 ], [ 55.375822472160202, 24.766080573299416 ], [ 55.375822221115115, 24.766080584498138 ], [ 55.375790561363218, 24.766080584498138 ], [ 55.375790310318131, 24.766080573299416 ], [ 55.375790297985077, 24.766080345344186 ], [ 55.375790297985077, 24.766070842446247 ], [ 55.375790246322801, 24.766069887558178 ], [ 55.375790091833501, 24.766068941866205 ], [ 55.375789836004998, 24.76606801447786 ], [ 55.375789481301062, 24.76606711432439 ], [ 55.375789031137678, 24.766066250074775 ], [ 55.375788489850173, 24.766065430052208 ], [ 55.375787862651443, 24.766064662153955 ], [ 55.375787155581747, 24.766063953775291 ], [ 55.375786375450559, 24.766063311738296 ], [ 55.375785529770965, 24.76606274222614 ], [ 55.375784626687327, 24.766062250723525 ], [ 55.375783674896823, 24.7660618419639 ], [ 55.375782683565731, 24.766061519883841 ], [ 55.375781662241096, 24.766061287585153 ], [ 55.375780620758846, 24.766061147304999 ], [ 55.375779569149017, 24.766061100394356 ], [ 55.375758111476898, 24.766061100394356 ], [ 55.37575705986707, 24.766061147304999 ], [ 55.37575601838482, 24.766061287585153 ], [ 55.375754997060184, 24.766061519883841 ], [ 55.375754005729092, 24.7660618419639 ], [ 55.375753053938588, 24.766062250723525 ], [ 55.37575215085495, 24.76606274222614 ], [ 55.375751305175356, 24.766063311738296 ], [ 55.375750525044168, 24.766063953775291 ], [ 55.375749817974473, 24.766064662153955 ], [ 55.375749190775743, 24.766065430052208 ], [ 55.375748649488237, 24.766066250074775 ], [ 55.375748199324853, 24.76606711432439 ], [ 55.375747844620918, 24.76606801447786 ], [ 55.375747588792414, 24.766068941866205 ], [ 55.375747434303115, 24.766069887558178 ], [ 55.375747382640839, 24.766070842446247 ], [ 55.375747382640839, 24.766080345344186 ], [ 55.375747370307785, 24.766080573299416 ], [ 55.375746856201808, 24.766080596232865 ], [ 55.375745840960384, 24.766080685600983 ], [ 55.375744839653429, 24.766080862108709 ], [ 55.37574386133123, 24.766081124160689 ], [ 55.375742914836358, 24.766081469388361 ], [ 55.375742008723684, 24.766081894671391 ], [ 55.375741151183099, 24.766082396165864 ], [ 55.375740349965483, 24.766082969339028 ], [ 55.375739612312621, 24.766083609010259 ], [ 55.375738944891786, 24.766084309397904 ], [ 55.37573835373545, 24.766085064171509 ], [ 55.37573784418678, 24.766085866509069 ], [ 55.375737420851323, 24.766086709158657 ], [ 55.375737087555386, 24.766087584503996 ], [ 55.375736847311472, 24.76608848463329 ], [ 55.375736702291015, 24.766089401410728 ], [ 55.375736653804779, 24.766090326550028 ], [ 55.375736653804779, 24.766109571499857 ], [ 55.375736641471725, 24.766109799455087 ], [ 55.375736127365748, 24.766109822388536 ], [ 55.375735112124325, 24.766109911756654 ], [ 55.375734110817369, 24.76611008826438 ], [ 55.375733132495171, 24.76611035031636 ], [ 55.375732186000299, 24.766110695544032 ], [ 55.375731279887624, 24.766111120827063 ], [ 55.37573042234704, 24.766111622321535 ], [ 55.375729621129423, 24.766112195494699 ], [ 55.375728883476562, 24.766112835165931 ], [ 55.375728216055727, 24.766113535553576 ], [ 55.37572762489939, 24.766114290327181 ], [ 55.37572711535072, 24.766115092664741 ], [ 55.375726692015263, 24.766115935314328 ], [ 55.375726358719326, 24.766116810659668 ], [ 55.375726118475413, 24.766117710788961 ], [ 55.375725973454955, 24.766118627566399 ], [ 55.375725924968719, 24.7661195527057 ], [ 55.375725924968719, 24.766129055603638 ], [ 55.375725912635666, 24.766129283558868 ] ], [ [ 55.376122808110111, 24.764609401238516 ], [ 55.376122879121269, 24.764609537569839 ], [ 55.376122904826275, 24.7646100126825 ], [ 55.376123010532439, 24.764610979375995 ], [ 55.37612322174072, 24.764611931704042 ], [ 55.376123234776422, 24.764611970175643 ], [ 55.37612322174072, 24.764612008647244 ], [ 55.376123010532439, 24.764612960975295 ], [ 55.376122904826275, 24.764613927668787 ], [ 55.37612287956987, 24.764614394489893 ], [ 55.376122365463893, 24.764614417423346 ], [ 55.376121282934186, 24.764614515861094 ], [ 55.376120216949069, 24.764614713340798 ], [ 55.376119178469757, 24.764615007831829 ], [ 55.376118178174657, 24.764615396306016 ], [ 55.376117226349528, 24.76461587476879 ], [ 55.376116332781713, 24.764616438300244 ], [ 55.376115506659531, 24.764617081105744 ], [ 55.376114756477769, 24.7646177965755 ], [ 55.376114089950335, 24.764618577352529 ], [ 55.376113513930946, 24.764619415408319 ], [ 55.376113034342659, 24.764620302125376 ], [ 55.376112656116938, 24.764621228385828 ], [ 55.376112383142974, 24.7646221846652 ], [ 55.376112218227696, 24.764623161130334 ], [ 55.376112163066864, 24.764624147740509 ], [ 55.376112163066864, 24.7646338897924 ], [ 55.376112218227696, 24.764634876402571 ], [ 55.376112383142974, 24.764635852867706 ], [ 55.376112656116938, 24.764636809147078 ], [ 55.376113034342659, 24.764637735407529 ], [ 55.376113513930946, 24.764638622124586 ], [ 55.376114089950335, 24.764639460180376 ], [ 55.376114756477769, 24.764640240957405 ], [ 55.376115506659531, 24.764640956427161 ], [ 55.376116332781713, 24.764641599232661 ], [ 55.376117226349528, 24.764642162764115 ], [ 55.376118178174657, 24.764642641226889 ], [ 55.376119178469757, 24.764643029701077 ], [ 55.376120216949069, 24.764643324192107 ], [ 55.376121282934186, 24.764643521671811 ], [ 55.376122365463893, 24.76464362010956 ], [ 55.37612287956987, 24.764643643043012 ], [ 55.376122904826275, 24.764644109864118 ], [ 55.376123010532439, 24.76464507655761 ], [ 55.37612322174072, 24.764646028885661 ], [ 55.376123536350967, 24.764646957378837 ], [ 55.376123951234874, 24.76464785280471 ], [ 55.376124462267065, 24.764648706259653 ], [ 55.3761250643661, 24.764649509257374 ], [ 55.376125751545054, 24.764650253813304 ], [ 55.376126516970977, 24.764650932523981 ], [ 55.376127353032899, 24.764651538640681 ], [ 55.376128251417477, 24.764652066136502 ], [ 55.37612920319166, 24.764652509766321 ], [ 55.376130198891531, 24.764652865118922 ], [ 55.376131228616387, 24.764653128660868 ], [ 55.376132282127202, 24.764653297771648 ], [ 55.376133348948443, 24.764653370769715 ], [ 55.376134418472226, 24.764653346929212 ], [ 55.37613548006378, 24.764653226487201 ], [ 55.376136523167226, 24.764653010641286 ], [ 55.3761375374105, 24.764652701537727 ], [ 55.376138512708536, 24.764652302250081 ], [ 55.376139439363484, 24.764651816748643 ], [ 55.376140308161204, 24.764651249860975 ], [ 55.376141110462846, 24.764650607223903 ], [ 55.376141838290749, 24.764649895227457 ], [ 55.376142484407801, 24.76464912095134 ], [ 55.376143042389359, 24.764648292094535 ], [ 55.376143506687157, 24.764647416898743 ], [ 55.37614387268448, 24.76464650406643 ], [ 55.376144136742035, 24.764645562674307 ], [ 55.376144296234195, 24.76464460208306 ], [ 55.376144349575043, 24.76464363184429 ], [ 55.376144349575043, 24.764614405688619 ], [ 55.376144296234195, 24.764613435449846 ], [ 55.376144136742035, 24.764612474858602 ], [ 55.376143995180037, 24.764611970175643 ], [ 55.376144136742035, 24.764611465492688 ], [ 55.376144296234195, 24.764610504901444 ], [ 55.376144349575043, 24.764609534662672 ], [ 55.376144349575043, 24.764604663636728 ], [ 55.37614429441421, 24.764603677026553 ], [ 55.376144129498933, 24.764602700561419 ], [ 55.376143856524969, 24.764601744282047 ], [ 55.376143478299248, 24.764600818021595 ], [ 55.376142998710961, 24.764599931304538 ], [ 55.376142422691572, 24.764599093248748 ], [ 55.376141756164138, 24.764598312471719 ], [ 55.376141005982376, 24.764597597001963 ], [ 55.376140179860194, 24.764596954196463 ], [ 55.376139286292378, 24.764596390665009 ], [ 55.37613833446725, 24.764595912202235 ], [ 55.376137334172149, 24.764595523728048 ], [ 55.376136295692838, 24.764595229237017 ], [ 55.376135229707721, 24.764595031757313 ], [ 55.376134147178014, 24.764594933319565 ], [ 55.376133437001215, 24.764594901639708 ], [ 55.376132757423349, 24.76459484086325 ], [ 55.37613170454528, 24.76459484086325 ], [ 55.376130656737111, 24.764594934571523 ], [ 55.376129624089799, 24.764595121085609 ], [ 55.376128616548307, 24.76459539860927 ], [ 55.376127643815813, 24.76459576446981 ], [ 55.376126715260256, 24.764596215143786 ], [ 55.376125839824134, 24.764596746290962 ], [ 55.376125025938386, 24.764597352796098 ], [ 55.376124281441164, 24.764598028818227 ], [ 55.376123613502386, 24.764598767846877 ], [ 55.376123028554673, 24.764599562764801 ], [ 55.376122967525319, 24.764599655221115 ], [ 55.376122471202031, 24.764600498372822 ], [ 55.376122068283038, 24.764601381638293 ], [ 55.376121762648673, 24.764602296511207 ], [ 55.37612155724235, 24.764603234180832 ], [ 55.376121454042256, 24.764604185616896 ], [ 55.376121454042256, 24.764605141656556 ], [ 55.37612155724235, 24.764606093092624 ], [ 55.376121762648673, 24.764607030762246 ], [ 55.376122068283038, 24.764607945635159 ], [ 55.376122471202031, 24.764608828900634 ], [ 55.376122808110111, 24.764609401238516 ] ], [ [ 55.376101446563858, 24.766460513323146 ], [ 55.376101421307453, 24.766460046502036 ], [ 55.376101315601289, 24.766459079808545 ], [ 55.376101104393008, 24.766458127480494 ], [ 55.376100789782761, 24.766457198987318 ], [ 55.376100374898854, 24.766456303561444 ], [ 55.376099863866663, 24.766455450106502 ], [ 55.376099261767628, 24.76645464710878 ], [ 55.376098574588674, 24.766453902552851 ], [ 55.376097809162751, 24.766453223842174 ], [ 55.376096973100829, 24.766452617725474 ], [ 55.376096074716251, 24.766452090229652 ], [ 55.376095122942068, 24.766451646599833 ], [ 55.376094127242197, 24.766451291247233 ], [ 55.376093097517341, 24.766451027705287 ], [ 55.376092044006526, 24.766450858594506 ], [ 55.376090977185285, 24.76645078559644 ], [ 55.376089907661502, 24.766450809436943 ], [ 55.376088846069948, 24.766450929878957 ], [ 55.376087802966502, 24.766451145724869 ], [ 55.376086788723228, 24.766451454828427 ], [ 55.376085813425192, 24.766451854116074 ], [ 55.376084886770244, 24.766452339617512 ], [ 55.376084017972524, 24.766452906505179 ], [ 55.376083215670882, 24.766453549142252 ], [ 55.376082487842979, 24.766454261138698 ], [ 55.376081841725927, 24.766455035414815 ], [ 55.376081283744369, 24.76645586427162 ], [ 55.376080819446571, 24.766456739467412 ], [ 55.376080453449248, 24.766457652299724 ], [ 55.376080189391693, 24.766458593691851 ], [ 55.376080029899533, 24.766459554283095 ], [ 55.376079976558685, 24.766460524521868 ], [ 55.376079976558685, 24.766480008625649 ], [ 55.376080029899533, 24.766480978864418 ], [ 55.376080189391693, 24.766481939455666 ], [ 55.376080453449248, 24.766482880847789 ], [ 55.376080819446571, 24.766483793680102 ], [ 55.376081283744369, 24.766484668875894 ], [ 55.376081841725927, 24.766485497732699 ], [ 55.376082487842979, 24.766486272008816 ], [ 55.376083215670882, 24.766486984005262 ], [ 55.376084017972524, 24.766487626642334 ], [ 55.376084886770244, 24.766488193530002 ], [ 55.376085813425192, 24.76648867903144 ], [ 55.376086788723228, 24.766489078319086 ], [ 55.376087802966502, 24.766489387422645 ], [ 55.376088846069948, 24.76648960326856 ], [ 55.376089907661502, 24.766489723710571 ], [ 55.376090977185285, 24.766489747551073 ], [ 55.376092044006526, 24.766489674553007 ], [ 55.376093097517341, 24.766489505442227 ], [ 55.376094127242197, 24.766489241900281 ], [ 55.376095122942068, 24.76648888654768 ], [ 55.376096074716251, 24.766488442917865 ], [ 55.376096973100829, 24.76648791542204 ], [ 55.376097809162751, 24.766487309305344 ], [ 55.376098574588674, 24.766486630594663 ], [ 55.376099261767628, 24.766485886038733 ], [ 55.376099863866663, 24.766485083041012 ], [ 55.376100374898854, 24.766484229586069 ], [ 55.376100789782761, 24.766483334160196 ], [ 55.376101104393008, 24.76648240566702 ], [ 55.376101315601289, 24.766481453338969 ], [ 55.376101421307453, 24.766480486645477 ], [ 55.376101446563858, 24.766480019824371 ], [ 55.376101960669835, 24.766479996890919 ], [ 55.376103008478012, 24.766479903182645 ], [ 55.376104041125323, 24.76647971666856 ], [ 55.376105048666808, 24.766479439144899 ], [ 55.376106021399309, 24.766479073284358 ], [ 55.376106798648834, 24.76647869604669 ], [ 55.376107575898359, 24.766479073284358 ], [ 55.37610854863086, 24.766479439144899 ], [ 55.376109556172345, 24.76647971666856 ], [ 55.376110588819657, 24.766479903182645 ], [ 55.376111636627833, 24.766479996890919 ], [ 55.37611215073381, 24.766480019824371 ], [ 55.376112175990215, 24.766480486645477 ], [ 55.376112279190316, 24.766481438081545 ], [ 55.376112484596632, 24.766482375751167 ], [ 55.376112790231005, 24.76648329062408 ], [ 55.376113193149997, 24.766484173889555 ], [ 55.376113689473286, 24.766485017041258 ], [ 55.376114274420999, 24.766485811959182 ], [ 55.37611494235977, 24.766486550987832 ], [ 55.376115686856991, 24.766487227009961 ], [ 55.376116500742746, 24.766487833515097 ], [ 55.376117376178861, 24.766488364662273 ], [ 55.376118304734419, 24.766488815336249 ], [ 55.37611927746692, 24.766489181196789 ], [ 55.376120285008405, 24.76648945872045 ], [ 55.376121317655716, 24.766489645234536 ], [ 55.376122365463893, 24.766489738942809 ], [ 55.376122888701289, 24.766489762283598 ], [ 55.376123038841776, 24.766489826763511 ], [ 55.376123669152449, 24.766490132684485 ], [ 55.37612464188495, 24.766490498545021 ], [ 55.376125649426434, 24.766490776068686 ], [ 55.376126682073746, 24.766490962582772 ], [ 55.376127729881922, 24.766491056291045 ], [ 55.376128782759984, 24.766491056291045 ], [ 55.376129830568161, 24.766490962582772 ], [ 55.376130863215472, 24.766490776068686 ], [ 55.376131870756957, 24.766490498545021 ], [ 55.376132843489458, 24.766490132684485 ], [ 55.376133473800131, 24.766489826763511 ], [ 55.376133623940618, 24.766489762283598 ], [ 55.376134147178014, 24.766489738942809 ], [ 55.376135162419438, 24.766489649574694 ], [ 55.376136163726393, 24.766489473066965 ], [ 55.376137142048591, 24.766489211014989 ], [ 55.376138088543463, 24.766488865787316 ], [ 55.376138994656138, 24.766488440504286 ], [ 55.376139852196722, 24.766487939009814 ], [ 55.376140653414339, 24.76648736583665 ], [ 55.3761413910672, 24.766486726165414 ], [ 55.376142058488036, 24.766486025777773 ], [ 55.376142649644372, 24.766485271004164 ], [ 55.376143159193042, 24.766484468666608 ], [ 55.376143582528499, 24.76648362601702 ], [ 55.376143915824436, 24.766482750671678 ], [ 55.376144156068349, 24.766481850542384 ], [ 55.376144301088807, 24.766480933764946 ], [ 55.376144349575043, 24.766480008625649 ], [ 55.376144349575043, 24.766470266573759 ], [ 55.376144301088807, 24.766469341434458 ], [ 55.376144156068349, 24.76646842465702 ], [ 55.376143915824436, 24.766467524527727 ], [ 55.376143582528499, 24.766466649182387 ], [ 55.376143159193042, 24.766465806532796 ], [ 55.376142649644372, 24.76646500419524 ], [ 55.376142058488036, 24.766464249421634 ], [ 55.3761413910672, 24.76646354903399 ], [ 55.376140653414339, 24.766462909362755 ], [ 55.376139852196722, 24.766462336189594 ], [ 55.376138994656138, 24.766461834695118 ], [ 55.376138088543463, 24.766461409412088 ], [ 55.376137142048591, 24.766461064184416 ], [ 55.376136163726393, 24.766460802132439 ], [ 55.376135162419438, 24.76646062562471 ], [ 55.376134147178014, 24.766460536256595 ], [ 55.376133633072037, 24.766460513323146 ], [ 55.376133607815632, 24.766460046502036 ], [ 55.376133504615531, 24.766459095065972 ], [ 55.376133299209215, 24.766458157396347 ], [ 55.376132993574842, 24.766457242523433 ], [ 55.37613259065585, 24.766456359257962 ], [ 55.376132094332561, 24.766455516106255 ], [ 55.376131509384848, 24.766454721188332 ], [ 55.376130841446077, 24.766453982159682 ], [ 55.376130096948856, 24.766453306137556 ], [ 55.376129283063101, 24.766452699632417 ], [ 55.376128407626986, 24.766452168485241 ], [ 55.376127479071428, 24.766451717811265 ], [ 55.376126506338927, 24.766451351950728 ], [ 55.376125498797443, 24.766451074427064 ], [ 55.376124466150131, 24.766450887912978 ], [ 55.376123418341955, 24.766450794204705 ], [ 55.376122365463893, 24.766450794204705 ], [ 55.376121317655716, 24.766450887912978 ], [ 55.376120285008405, 24.766451074427064 ], [ 55.37611927746692, 24.766451351950728 ], [ 55.376118304734419, 24.766451717811265 ], [ 55.376117376178861, 24.766452168485241 ], [ 55.376116500742746, 24.766452699632417 ], [ 55.376115686856991, 24.766453306137556 ], [ 55.37611494235977, 24.766453982159682 ], [ 55.376114274420999, 24.766454721188332 ], [ 55.376113689473286, 24.766455516106255 ], [ 55.376113193149997, 24.766456359257962 ], [ 55.376112790231005, 24.766457242523433 ], [ 55.376112484596632, 24.766458157396347 ], [ 55.376112279190316, 24.766459095065972 ], [ 55.376112175990215, 24.766460046502036 ], [ 55.37611215073381, 24.766460513323146 ], [ 55.376111636627833, 24.766460536256595 ], [ 55.376110588819657, 24.766460629964868 ], [ 55.376109556172345, 24.766460816478954 ], [ 55.37610854863086, 24.766461094002619 ], [ 55.376107575898359, 24.766461459863155 ], [ 55.376106798648834, 24.766461837100824 ], [ 55.376106021399309, 24.766461459863155 ], [ 55.376105048666808, 24.766461094002619 ], [ 55.376104041125323, 24.766460816478954 ], [ 55.376103008478012, 24.766460629964868 ], [ 55.376101960669835, 24.766460536256595 ], [ 55.376101446563858, 24.766460513323146 ] ], [ [ 55.376112079274051, 24.766538327512833 ], [ 55.376112150285209, 24.766538463844157 ], [ 55.376112175990215, 24.76653893895682 ], [ 55.376112279190316, 24.766539890392888 ], [ 55.376112484596632, 24.76654082806251 ], [ 55.376112790231005, 24.766541742935424 ], [ 55.376113193149997, 24.766542626200899 ], [ 55.376113689473286, 24.766543469352602 ], [ 55.376114274420999, 24.766544264270525 ], [ 55.37611494235977, 24.766545003299175 ], [ 55.376115686856991, 24.766545679321304 ], [ 55.376116500742746, 24.76654628582644 ], [ 55.376117376178861, 24.766546816973616 ], [ 55.376118304734419, 24.766547267647592 ], [ 55.37611927746692, 24.766547633508132 ], [ 55.376120285008405, 24.766547911031793 ], [ 55.376121317655716, 24.766548097545879 ], [ 55.376122365463893, 24.766548191254152 ], [ 55.37612287956987, 24.766548214187605 ], [ 55.376122904826275, 24.766548681008711 ], [ 55.376123010532439, 24.766549647702202 ], [ 55.37612322174072, 24.766550600030254 ], [ 55.376123536350967, 24.766551528523429 ], [ 55.376123951234874, 24.766552423949303 ], [ 55.376124462267065, 24.766553277404245 ], [ 55.3761250643661, 24.766554080401967 ], [ 55.376125751545054, 24.766554824957897 ], [ 55.376126516970977, 24.766555503668574 ], [ 55.376127353032899, 24.766556109785274 ], [ 55.376128251417477, 24.766556637281095 ], [ 55.37612920319166, 24.766557080910914 ], [ 55.376130198891531, 24.766557436263515 ], [ 55.376131228616387, 24.76655769980546 ], [ 55.376132282127202, 24.766557868916241 ], [ 55.376133348948443, 24.766557941914307 ], [ 55.376134418472226, 24.766557918073804 ], [ 55.37613548006378, 24.766557797631794 ], [ 55.376136523167226, 24.766557581785879 ], [ 55.3761375374105, 24.76655727268232 ], [ 55.376138512708536, 24.766556873394673 ], [ 55.376139439363484, 24.766556387893235 ], [ 55.376140308161204, 24.766555821005568 ], [ 55.376141110462846, 24.766555178368495 ], [ 55.376141838290749, 24.76655446637205 ], [ 55.376142484407801, 24.766553692095933 ], [ 55.376143042389359, 24.766552863239127 ], [ 55.376143506687157, 24.766551988043336 ], [ 55.37614387268448, 24.766551075211023 ], [ 55.376144136742035, 24.7665501338189 ], [ 55.376144296234195, 24.766549173227652 ], [ 55.376144349575043, 24.766548202988883 ], [ 55.376144349575043, 24.766538460936992 ], [ 55.376144301088807, 24.766537535797692 ], [ 55.376144156068349, 24.766536619020254 ], [ 55.376143915824436, 24.76653571889096 ], [ 55.376143582528499, 24.766534843545621 ], [ 55.376143159193042, 24.76653400089603 ], [ 55.376142649644372, 24.766533198558474 ], [ 55.376142058488036, 24.766532443784868 ], [ 55.3761413910672, 24.766531743397223 ], [ 55.376140653414339, 24.766531103725988 ], [ 55.376139852196722, 24.766530530552824 ], [ 55.376138994656138, 24.766530029058352 ], [ 55.376138088543463, 24.766529603775322 ], [ 55.376137142048591, 24.766529258547649 ], [ 55.376136163726393, 24.766528996495673 ], [ 55.376135162419438, 24.766528819987943 ], [ 55.376134147178014, 24.766528730619829 ], [ 55.376133633072037, 24.766528707686376 ], [ 55.376133607815632, 24.76652824086527 ], [ 55.376133504615531, 24.766527289429202 ], [ 55.376133299209215, 24.76652635175958 ], [ 55.376132993574842, 24.766525436886667 ], [ 55.37613259065585, 24.766524553621196 ], [ 55.376132094332561, 24.766523710469489 ], [ 55.376131509384848, 24.766522915551565 ], [ 55.376130841446077, 24.766522176522916 ], [ 55.376130096948856, 24.76652150050079 ], [ 55.376129283063101, 24.766520893995651 ], [ 55.376128407626986, 24.766520362848475 ], [ 55.376127479071428, 24.766519912174498 ], [ 55.376126506338927, 24.766519546313958 ], [ 55.376125498797443, 24.766519268790297 ], [ 55.376124466150131, 24.766519082276211 ], [ 55.376123418341955, 24.766518988567938 ], [ 55.376122365463893, 24.766518988567938 ], [ 55.376121317655716, 24.766519082276211 ], [ 55.376120285008405, 24.766519268790297 ], [ 55.37611927746692, 24.766519546313958 ], [ 55.376118304734419, 24.766519912174498 ], [ 55.376117376178861, 24.766520362848475 ], [ 55.376116500742746, 24.766520893995651 ], [ 55.376115686856991, 24.76652150050079 ], [ 55.37611494235977, 24.766522176522916 ], [ 55.376114274420999, 24.766522915551565 ], [ 55.376113689473286, 24.766523710469489 ], [ 55.376113193149997, 24.766524553621196 ], [ 55.376112790231005, 24.766525436886667 ], [ 55.376112484596632, 24.76652635175958 ], [ 55.376112279190316, 24.766527289429202 ], [ 55.376112175990215, 24.76652824086527 ], [ 55.376112150285209, 24.766528715977934 ], [ 55.376112079274051, 24.766528852309257 ], [ 55.376111742365971, 24.766529424647139 ], [ 55.376111339446979, 24.76653030791261 ], [ 55.376111033812613, 24.766531222785524 ], [ 55.37611082840629, 24.766532160455149 ], [ 55.376110725206196, 24.766533111891217 ], [ 55.376110725206196, 24.766534067930873 ], [ 55.37611082840629, 24.766535019366941 ], [ 55.376111033812613, 24.766535957036567 ], [ 55.376111339446979, 24.76653687190948 ], [ 55.376111742365971, 24.766537755174951 ], [ 55.376112079274051, 24.766538327512833 ] ], [ [ 55.37612287956987, 24.766431309564918 ], [ 55.376122904826275, 24.766431776386025 ], [ 55.376123010532439, 24.766432743079516 ], [ 55.37612322174072, 24.766433695407567 ], [ 55.376123536350967, 24.766434623900743 ], [ 55.376123951234874, 24.766435519326617 ], [ 55.376124462267065, 24.766436372781559 ], [ 55.3761250643661, 24.766437175779281 ], [ 55.376125751545054, 24.766437920335211 ], [ 55.376126516970977, 24.766438599045891 ], [ 55.376127353032899, 24.766439205162587 ], [ 55.376128251417477, 24.766439732658412 ], [ 55.37612920319166, 24.766440176288228 ], [ 55.376130198891531, 24.766440531640828 ], [ 55.376131228616387, 24.766440795182778 ], [ 55.376132282127202, 24.766440964293555 ], [ 55.376133348948443, 24.766441037291621 ], [ 55.376134418472226, 24.766441013451118 ], [ 55.37613548006378, 24.766440893009108 ], [ 55.376136523167226, 24.766440677163192 ], [ 55.3761375374105, 24.766440368059634 ], [ 55.376138512708536, 24.766439968771987 ], [ 55.376139439363484, 24.766439483270549 ], [ 55.376140308161204, 24.766438916382882 ], [ 55.376141110462846, 24.766438273745809 ], [ 55.376141838290749, 24.766437561749363 ], [ 55.376142484407801, 24.766436787473246 ], [ 55.376143042389359, 24.766435958616441 ], [ 55.376143506687157, 24.766435083420649 ], [ 55.37614387268448, 24.766434170588337 ], [ 55.376144136742035, 24.766433229196213 ], [ 55.376144296234195, 24.766432268604966 ], [ 55.376144349575043, 24.766431298366197 ], [ 55.376144349575043, 24.766421556314306 ], [ 55.376144301088807, 24.766420631175006 ], [ 55.376144156068349, 24.766419714397568 ], [ 55.376143915824436, 24.766418814268274 ], [ 55.376143582528499, 24.766417938922935 ], [ 55.376143159193042, 24.766417096273344 ], [ 55.376142649644372, 24.766416293935787 ], [ 55.376142058488036, 24.766415539162182 ], [ 55.3761413910672, 24.766414838774537 ], [ 55.376140653414339, 24.766414199103302 ], [ 55.376139852196722, 24.766413625930142 ], [ 55.376138994656138, 24.766413124435665 ], [ 55.376138088543463, 24.766412699152635 ], [ 55.376137142048591, 24.766412353924963 ], [ 55.376136163726393, 24.766412091872986 ], [ 55.376135162419438, 24.766411915365257 ], [ 55.376134147178014, 24.766411825997142 ], [ 55.376133633072037, 24.766411803063693 ], [ 55.376133607815632, 24.766411336242584 ], [ 55.376133502109468, 24.766410369549092 ], [ 55.376133290901187, 24.766409417221045 ], [ 55.37613297629094, 24.766408488727865 ], [ 55.376132561407033, 24.766407593301992 ], [ 55.376132050374842, 24.766406739847049 ], [ 55.376131448275807, 24.766405936849328 ], [ 55.376130761096853, 24.766405192293398 ], [ 55.376129995670929, 24.766404513582721 ], [ 55.376129159609008, 24.766403907466021 ], [ 55.37612826122443, 24.7664033799702 ], [ 55.376127309450247, 24.766402936340381 ], [ 55.376126313750376, 24.76640258098778 ], [ 55.37612528402552, 24.766402317445834 ], [ 55.376124230514705, 24.766402148335054 ], [ 55.376123163693464, 24.766402075336988 ], [ 55.376122094169681, 24.76640209917749 ], [ 55.376121032578126, 24.766402219619504 ], [ 55.376119989474681, 24.766402435465416 ], [ 55.376118975231407, 24.766402744568975 ], [ 55.376117999933371, 24.766403143856621 ], [ 55.376117073278422, 24.766403629358059 ], [ 55.376116204480702, 24.766404196245727 ], [ 55.37611540217906, 24.766404838882799 ], [ 55.376114674351157, 24.766405550879245 ], [ 55.376114028234106, 24.766406325155362 ], [ 55.376113470252548, 24.766407154012168 ], [ 55.37611300595475, 24.766408029207959 ], [ 55.376112639957427, 24.766408942040272 ], [ 55.376112375899872, 24.766409883432399 ], [ 55.376112216407712, 24.766410844023643 ], [ 55.376112163066864, 24.766411814262415 ], [ 55.376112163066864, 24.766421556314306 ], [ 55.376112211553099, 24.766422481453603 ], [ 55.376112356573557, 24.766423398231041 ], [ 55.376112596817471, 24.766424298360334 ], [ 55.376112930113408, 24.766425173705677 ], [ 55.376113353448865, 24.766426016355265 ], [ 55.376113862997535, 24.766426818692821 ], [ 55.376114454153871, 24.76642757346643 ], [ 55.376115121574706, 24.766428273854071 ], [ 55.376115859227568, 24.766428913525306 ], [ 55.376116660445184, 24.76642948669847 ], [ 55.376117517985769, 24.766429988192943 ], [ 55.376118424098443, 24.766430413475973 ], [ 55.376119370593315, 24.766430758703645 ], [ 55.376120348915514, 24.766431020755622 ], [ 55.376121350222469, 24.766431197263351 ], [ 55.376122365463893, 24.766431286631466 ], [ 55.37612287956987, 24.766431309564918 ] ], [ [ 55.376112163066864, 24.765047926997745 ], [ 55.376112216407712, 24.765048897236515 ], [ 55.376112375899872, 24.765049857827762 ], [ 55.376112639957427, 24.765050799219885 ], [ 55.37611300595475, 24.765051712052198 ], [ 55.376113470252548, 24.76505258724799 ], [ 55.376114028234106, 24.765053416104795 ], [ 55.376114674351157, 24.765054190380912 ], [ 55.37611540217906, 24.765054902377358 ], [ 55.376116204480702, 24.76505554501443 ], [ 55.376117073278422, 24.765056111902098 ], [ 55.376117999933371, 24.765056597403536 ], [ 55.376118975231407, 24.765056996691182 ], [ 55.376119989474681, 24.765057305794741 ], [ 55.376121032578126, 24.765057521640657 ], [ 55.376122094169681, 24.765057642082667 ], [ 55.376123163693464, 24.76505766592317 ], [ 55.376124230514705, 24.765057592925103 ], [ 55.37612528402552, 24.765057423814326 ], [ 55.376126313750376, 24.765057160272377 ], [ 55.376127309450247, 24.765056804919777 ], [ 55.37612826122443, 24.765056361289961 ], [ 55.376129159609008, 24.765055833794136 ], [ 55.376129995670929, 24.76505522767744 ], [ 55.376130761096853, 24.765054548966759 ], [ 55.376131448275807, 24.765053804410829 ], [ 55.376132050374842, 24.765053001413108 ], [ 55.376132561407033, 24.765052147958166 ], [ 55.37613297629094, 24.765051252532292 ], [ 55.376133290901187, 24.765050324039116 ], [ 55.376133502109468, 24.765049371711065 ], [ 55.376133607815632, 24.765048405017573 ], [ 55.376133633072037, 24.765047938196467 ], [ 55.376134147178014, 24.765047915263015 ], [ 55.37613519498619, 24.765047821554742 ], [ 55.376136227633502, 24.765047635040659 ], [ 55.376137235174987, 24.765047357516995 ], [ 55.376138207907488, 24.765046991656455 ], [ 55.376139136463046, 24.765046540982482 ], [ 55.37614001189916, 24.765046009835306 ], [ 55.376140825784915, 24.765045403330166 ], [ 55.376141570282137, 24.765044727308041 ], [ 55.376142238220908, 24.765043988279388 ], [ 55.376142823168621, 24.765043193361464 ], [ 55.376143319491909, 24.765042350209761 ], [ 55.376143722410902, 24.765041466944286 ], [ 55.376144028045275, 24.765040552071376 ], [ 55.376144233451591, 24.765039614401751 ], [ 55.376144336651691, 24.765038662965683 ], [ 55.376144336651691, 24.765037706926023 ], [ 55.376144233451591, 24.765036755489959 ], [ 55.376144028045275, 24.765035817820333 ], [ 55.376143722410902, 24.76503490294742 ], [ 55.376143319491909, 24.765034019681949 ], [ 55.376142823168621, 24.765033176530242 ], [ 55.376142238220908, 24.765032381612318 ], [ 55.376141570282137, 24.765031642583669 ], [ 55.376140825784915, 24.765030966561543 ], [ 55.37614001189916, 24.765030360056404 ], [ 55.376139136463046, 24.765029828909228 ], [ 55.376138207907488, 24.765029378235251 ], [ 55.376137235174987, 24.765029012374715 ], [ 55.376136227633502, 24.76502873485105 ], [ 55.37613519498619, 24.765028548336964 ], [ 55.376134147178014, 24.765028454628691 ], [ 55.376133633072037, 24.765028431695242 ], [ 55.376133607815632, 24.765027964874132 ], [ 55.376133502109468, 24.765026998180641 ], [ 55.376133290901187, 24.765026045852593 ], [ 55.37613297629094, 24.765025117359414 ], [ 55.376132561407033, 24.76502422193354 ], [ 55.376132050374842, 24.765023368478598 ], [ 55.376131448275807, 24.765022565480876 ], [ 55.376130761096853, 24.765021820924947 ], [ 55.376129995670929, 24.76502114221427 ], [ 55.376129159609008, 24.76502053609757 ], [ 55.37612826122443, 24.765020008601748 ], [ 55.376127309450247, 24.765019564971929 ], [ 55.376126313750376, 24.765019209619332 ], [ 55.37612528402552, 24.765018946077383 ], [ 55.376124230514705, 24.765018776966603 ], [ 55.376123163693464, 24.765018703968536 ], [ 55.376122094169681, 24.765018727809039 ], [ 55.376121032578126, 24.765018848251053 ], [ 55.376119989474681, 24.765019064096965 ], [ 55.376118975231407, 24.765019373200523 ], [ 55.376117999933371, 24.76501977248817 ], [ 55.376117073278422, 24.765020257989608 ], [ 55.376116204480702, 24.765020824877276 ], [ 55.37611540217906, 24.765021467514348 ], [ 55.376114674351157, 24.765022179510797 ], [ 55.376114028234106, 24.765022953786911 ], [ 55.376113470252548, 24.765023782643716 ], [ 55.37611300595475, 24.765024657839511 ], [ 55.376112639957427, 24.765025570671821 ], [ 55.376112375899872, 24.765026512063947 ], [ 55.376112216407712, 24.765027472655191 ], [ 55.376112163066864, 24.765028442893964 ], [ 55.376112163066864, 24.765047926997745 ] ], [ [ 55.37611215073381, 24.766382599305466 ], [ 55.376112175990215, 24.766383066126572 ], [ 55.376112279190316, 24.76638401756264 ], [ 55.376112484596632, 24.766384955232265 ], [ 55.376112790231005, 24.766385870105175 ], [ 55.376113193149997, 24.76638675337065 ], [ 55.376113689473286, 24.766387596522353 ], [ 55.376114274420999, 24.766388391440277 ], [ 55.37611494235977, 24.766389130468927 ], [ 55.376115686856991, 24.766389806491055 ], [ 55.376116500742746, 24.766390412996195 ], [ 55.376117376178861, 24.766390944143371 ], [ 55.376118304734419, 24.766391394817344 ], [ 55.37611927746692, 24.766391760677884 ], [ 55.376120285008405, 24.766392038201548 ], [ 55.376121317655716, 24.766392224715631 ], [ 55.376122365463893, 24.766392318423904 ], [ 55.376123418341955, 24.766392318423904 ], [ 55.376124466150131, 24.766392224715631 ], [ 55.376125498797443, 24.766392038201548 ], [ 55.376126506338927, 24.766391760677884 ], [ 55.376127479071428, 24.766391394817344 ], [ 55.376128407626986, 24.766390944143371 ], [ 55.376129283063101, 24.766390412996195 ], [ 55.376130096948856, 24.766389806491055 ], [ 55.376130841446077, 24.766389130468927 ], [ 55.376131509384848, 24.766388391440277 ], [ 55.376132094332561, 24.766387596522353 ], [ 55.37613259065585, 24.76638675337065 ], [ 55.376132993574842, 24.766385870105175 ], [ 55.376133299209215, 24.766384955232265 ], [ 55.376133504615531, 24.76638401756264 ], [ 55.376133607815632, 24.766383066126572 ], [ 55.376133633520638, 24.766382591013908 ], [ 55.376133704531796, 24.766382454682585 ], [ 55.376134041439876, 24.766381882344703 ], [ 55.376134444358868, 24.766380999079232 ], [ 55.376134749993234, 24.766380084206318 ], [ 55.376134955399557, 24.766379146536693 ], [ 55.376135058599651, 24.766378195100629 ], [ 55.376135058599651, 24.766377239060969 ], [ 55.376134955399557, 24.766376287624901 ], [ 55.376134749993234, 24.766375349955275 ], [ 55.376134444358868, 24.766374435082366 ], [ 55.376134041439876, 24.766373551816891 ], [ 55.376133704531796, 24.766372979479009 ], [ 55.376133633520638, 24.766372843147686 ], [ 55.376133620738983, 24.766372606900902 ], [ 55.376133620738983, 24.766333877847291 ], [ 55.376133567398135, 24.766332907608518 ], [ 55.376133407905975, 24.766331947017274 ], [ 55.376133143848421, 24.766331005625148 ], [ 55.376132777851097, 24.766330092792838 ], [ 55.376132313553299, 24.766329217597043 ], [ 55.376131755571741, 24.766328388740238 ], [ 55.37613110945469, 24.766327614464124 ], [ 55.376130381626787, 24.766326902467675 ], [ 55.376129579325145, 24.766326259830603 ], [ 55.376128710527425, 24.766325692942935 ], [ 55.376127783872477, 24.766325207441497 ], [ 55.37612680857444, 24.766324808153851 ], [ 55.376125794331166, 24.766324499050292 ], [ 55.376124751227721, 24.76632428320438 ], [ 55.376123689636167, 24.766324162762366 ], [ 55.376122620112383, 24.766324138921863 ], [ 55.376121553291142, 24.76632421191993 ], [ 55.376120499780328, 24.76632438103071 ], [ 55.376119470055471, 24.766324644572656 ], [ 55.3761184743556, 24.766324999925256 ], [ 55.376117522581417, 24.766325443555075 ], [ 55.37611662419684, 24.766325971050897 ], [ 55.376115788134918, 24.766326577167597 ], [ 55.376115022708994, 24.766327255878274 ], [ 55.37611433553004, 24.766328000434203 ], [ 55.376113733431005, 24.766328803431925 ], [ 55.376113222398814, 24.766329656886867 ], [ 55.376112807514907, 24.766330552312741 ], [ 55.37611249290466, 24.766331480805921 ], [ 55.376112281696379, 24.766332433133968 ], [ 55.376112175990215, 24.76633339982746 ], [ 55.37611215073381, 24.766333866648569 ], [ 55.376111899688723, 24.766333877847291 ], [ 55.376090705394745, 24.766333877847291 ], [ 55.376089653784916, 24.766333924757934 ], [ 55.376088612302667, 24.766334065038084 ], [ 55.376087590978031, 24.766334297336773 ], [ 55.376086599646939, 24.766334619416835 ], [ 55.376085647856435, 24.76633502817646 ], [ 55.376084744772797, 24.766335519679071 ], [ 55.376083899093203, 24.766336089191231 ], [ 55.376083118962015, 24.766336731228225 ], [ 55.37608241189232, 24.766337439606886 ], [ 55.376081784693589, 24.766338207505143 ], [ 55.376081243406084, 24.76633902752771 ], [ 55.3760807932427, 24.766339891777324 ], [ 55.376080438538764, 24.766340791930791 ], [ 55.376080182710261, 24.76634171931914 ], [ 55.376080028220962, 24.766342665011113 ], [ 55.376079976558685, 24.766343619899182 ], [ 55.376079976558685, 24.766372846054853 ], [ 55.376080028220962, 24.766373800942919 ], [ 55.376080182710261, 24.766374746634892 ], [ 55.376080438538764, 24.766375674023241 ], [ 55.3760807932427, 24.766376574176707 ], [ 55.376081243406084, 24.766377438426325 ], [ 55.376081784693589, 24.766378258448892 ], [ 55.37608241189232, 24.766379026347145 ], [ 55.376083118962015, 24.766379734725806 ], [ 55.376083899093203, 24.7663803767628 ], [ 55.376084744772797, 24.76638094627496 ], [ 55.376085647856435, 24.766381437777572 ], [ 55.376086599646939, 24.766381846537197 ], [ 55.376087590978031, 24.766382168617259 ], [ 55.376088612302667, 24.766382400915948 ], [ 55.376089653784916, 24.766382541196101 ], [ 55.376090705394745, 24.766382588106744 ], [ 55.376111899688723, 24.766382588106744 ], [ 55.37611215073381, 24.766382599305466 ] ], [ [ 55.376101446563858, 24.765320715649402 ], [ 55.376101697608945, 24.76532070445068 ], [ 55.376122891902924, 24.76532070445068 ], [ 55.376123943512752, 24.765320657540034 ], [ 55.376124984995002, 24.765320517259884 ], [ 55.376126006319637, 24.765320284961195 ], [ 55.376126997650729, 24.765319962881133 ], [ 55.376127949441234, 24.765319554121508 ], [ 55.376128852524872, 24.765319062618897 ], [ 55.376129698204466, 24.765318493106736 ], [ 55.376130478335654, 24.765317851069742 ], [ 55.376131185405349, 24.765317142691082 ], [ 55.376131812604079, 24.765316374792828 ], [ 55.376132353891585, 24.765315554770257 ], [ 55.376132804054969, 24.765314690520643 ], [ 55.376133158758904, 24.765313790367177 ], [ 55.376133414587407, 24.765312862978828 ], [ 55.376133569076707, 24.765311917286855 ], [ 55.376133620738983, 24.765310962398789 ], [ 55.376133620738983, 24.765301459500847 ], [ 55.376133633520638, 24.765301223254063 ], [ 55.376133704531796, 24.76530108692274 ], [ 55.376134041439876, 24.765300514584858 ], [ 55.376134444358868, 24.765299631319387 ], [ 55.376134749993234, 24.765298716446473 ], [ 55.376134955399557, 24.765297778776848 ], [ 55.376135058599651, 24.76529682734078 ], [ 55.376135058599651, 24.765295871301124 ], [ 55.376134955399557, 24.765294919865056 ], [ 55.376134749993234, 24.765293982195431 ], [ 55.376134444358868, 24.765293067322517 ], [ 55.376134041439876, 24.765292184057046 ], [ 55.376133704531796, 24.765291611719164 ], [ 55.376133633520638, 24.765291475387841 ], [ 55.376133620738983, 24.765291239141057 ], [ 55.376133620738983, 24.765252510087446 ], [ 55.376133569076707, 24.765251555199377 ], [ 55.376133414587407, 24.765250609507405 ], [ 55.376133158758904, 24.765249682119055 ], [ 55.376132804054969, 24.765248781965589 ], [ 55.376132353891585, 24.765247917715975 ], [ 55.376131812604079, 24.765247097693408 ], [ 55.376131185405349, 24.765246329795151 ], [ 55.376130478335654, 24.76524562141649 ], [ 55.376129698204466, 24.765244979379496 ], [ 55.376128852524872, 24.765244409867336 ], [ 55.376127949441234, 24.765243918364725 ], [ 55.376126997650729, 24.765243509605099 ], [ 55.376126006319637, 24.765243187525037 ], [ 55.376124984995002, 24.765242955226348 ], [ 55.376123943512752, 24.765242814946198 ], [ 55.376122891902924, 24.765242768035556 ], [ 55.376101697608945, 24.765242768035556 ], [ 55.376101446563858, 24.76524275683683 ], [ 55.376101421307453, 24.765242290015724 ], [ 55.376101315601289, 24.765241323322233 ], [ 55.376101104393008, 24.765240370994182 ], [ 55.376100789782761, 24.765239442501006 ], [ 55.376100374898854, 24.765238547075132 ], [ 55.376099863866663, 24.76523769362019 ], [ 55.376099261767628, 24.765236890622468 ], [ 55.376098574588674, 24.765236146066538 ], [ 55.376097809162751, 24.765235467355861 ], [ 55.376096973100829, 24.765234861239161 ], [ 55.376096074716251, 24.76523433374334 ], [ 55.376095122942068, 24.765233890113521 ], [ 55.376094127242197, 24.76523353476092 ], [ 55.376093097517341, 24.765233271218975 ], [ 55.376092044006526, 24.765233102108194 ], [ 55.376090977185285, 24.765233029110128 ], [ 55.376089907661502, 24.765233052950631 ], [ 55.376088846069948, 24.765233173392645 ], [ 55.376087802966502, 24.765233389238556 ], [ 55.376086788723228, 24.765233698342115 ], [ 55.376085813425192, 24.765234097629762 ], [ 55.376084886770244, 24.7652345831312 ], [ 55.376084017972524, 24.765235150018867 ], [ 55.376083215670882, 24.76523579265594 ], [ 55.376082487842979, 24.765236504652385 ], [ 55.376081841725927, 24.765237278928502 ], [ 55.376081283744369, 24.765238107785308 ], [ 55.376080819446571, 24.765238982981099 ], [ 55.376080453449248, 24.765239895813412 ], [ 55.376080189391693, 24.765240837205539 ], [ 55.376080029899533, 24.765241797796783 ], [ 55.376079976558685, 24.765242768035556 ], [ 55.376079976558685, 24.76532070445068 ], [ 55.376080029899533, 24.765321674689449 ], [ 55.376080189391693, 24.765322635280697 ], [ 55.376080453449248, 24.76532357667282 ], [ 55.376080819446571, 24.765324489505133 ], [ 55.376081283744369, 24.765325364700924 ], [ 55.376081841725927, 24.76532619355773 ], [ 55.376082487842979, 24.765326967833847 ], [ 55.376083215670882, 24.765327679830293 ], [ 55.376084017972524, 24.765328322467365 ], [ 55.376084886770244, 24.765328889355033 ], [ 55.376085813425192, 24.765329374856471 ], [ 55.376086788723228, 24.765329774144117 ], [ 55.376087802966502, 24.765330083247676 ], [ 55.376088846069948, 24.765330299093588 ], [ 55.376089907661502, 24.765330419535601 ], [ 55.376090977185285, 24.765330443376104 ], [ 55.376092044006526, 24.765330370378038 ], [ 55.376093097517341, 24.765330201267258 ], [ 55.376094127242197, 24.765329937725312 ], [ 55.376095122942068, 24.765329582372711 ], [ 55.376096074716251, 24.765329138742892 ], [ 55.376096973100829, 24.765328611247071 ], [ 55.376097809162751, 24.765328005130371 ], [ 55.376098574588674, 24.765327326419694 ], [ 55.376099261767628, 24.765326581863764 ], [ 55.376099863866663, 24.765325778866043 ], [ 55.376100374898854, 24.7653249254111 ], [ 55.376100789782761, 24.765324029985226 ], [ 55.376101104393008, 24.765323101492051 ], [ 55.376101315601289, 24.765322149164 ], [ 55.376101421307453, 24.765321182470508 ], [ 55.376101446563858, 24.765320715649402 ] ], [ [ 55.376101446563858, 24.765437597874641 ], [ 55.376101421307453, 24.765437131053535 ], [ 55.376101315601289, 24.765436164360043 ], [ 55.376101104393008, 24.765435212031992 ], [ 55.376100789782761, 24.765434283538816 ], [ 55.376100374898854, 24.765433388112942 ], [ 55.376099863866663, 24.765432534658 ], [ 55.376099261767628, 24.765431731660279 ], [ 55.376098574588674, 24.765430987104349 ], [ 55.376097809162751, 24.765430308393668 ], [ 55.376096973100829, 24.765429702276972 ], [ 55.376096074716251, 24.765429174781147 ], [ 55.376095122942068, 24.765428731151331 ], [ 55.376094127242197, 24.765428375798731 ], [ 55.376093097517341, 24.765428112256782 ], [ 55.376092044006526, 24.765427943146005 ], [ 55.376090977185285, 24.765427870147938 ], [ 55.376089907661502, 24.765427893988441 ], [ 55.376088846069948, 24.765428014430451 ], [ 55.376087802966502, 24.765428230276367 ], [ 55.376086788723228, 24.765428539379926 ], [ 55.376085813425192, 24.765428938667572 ], [ 55.376084886770244, 24.76542942416901 ], [ 55.376084017972524, 24.765429991056678 ], [ 55.376083215670882, 24.76543063369375 ], [ 55.376082487842979, 24.765431345690196 ], [ 55.376081841725927, 24.765432119966313 ], [ 55.376081283744369, 24.765432948823118 ], [ 55.376080819446571, 24.76543382401891 ], [ 55.376080453449248, 24.765434736851223 ], [ 55.376080189391693, 24.765435678243346 ], [ 55.376080029899533, 24.765436638834593 ], [ 55.376079976558685, 24.765437609073363 ], [ 55.376079976558685, 24.765515545488487 ], [ 55.376080028220962, 24.765516500376556 ], [ 55.376080182710261, 24.765517446068529 ], [ 55.376080438538764, 24.765518373456878 ], [ 55.3760807932427, 24.765519273610344 ], [ 55.376081243406084, 24.765520137859959 ], [ 55.376081784693589, 24.765520957882526 ], [ 55.37608241189232, 24.765521725780783 ], [ 55.376083118962015, 24.765522434159443 ], [ 55.376083899093203, 24.765523076196438 ], [ 55.376084744772797, 24.765523645708598 ], [ 55.376085647856435, 24.765524137211209 ], [ 55.376086599646939, 24.765524545970834 ], [ 55.376087590978031, 24.765524868050896 ], [ 55.376088612302667, 24.765525100349585 ], [ 55.376089653784916, 24.765525240629735 ], [ 55.376090705394745, 24.765525287540378 ], [ 55.376111899688723, 24.765525287540378 ], [ 55.37611215073381, 24.765525298739099 ], [ 55.376112175990215, 24.765525765560209 ], [ 55.376112281696379, 24.765526732253701 ], [ 55.37611249290466, 24.765527684581748 ], [ 55.376112807514907, 24.765528613074927 ], [ 55.376113222398814, 24.765529508500801 ], [ 55.376113733431005, 24.765530361955744 ], [ 55.37611433553004, 24.765531164953465 ], [ 55.376115022708994, 24.765531909509395 ], [ 55.376115788134918, 24.765532588220072 ], [ 55.37611662419684, 24.765533194336772 ], [ 55.376117522581417, 24.765533721832593 ], [ 55.3761184743556, 24.765534165462412 ], [ 55.376119470055471, 24.765534520815013 ], [ 55.376120499780328, 24.765534784356959 ], [ 55.376121553291142, 24.765534953467739 ], [ 55.376122620112383, 24.765535026465805 ], [ 55.376123689636167, 24.765535002625302 ], [ 55.376124751227721, 24.765534882183289 ], [ 55.376125794331166, 24.765534666337377 ], [ 55.37612680857444, 24.765534357233818 ], [ 55.376127783872477, 24.765533957946172 ], [ 55.376128710527425, 24.765533472444734 ], [ 55.376129579325145, 24.765532905557066 ], [ 55.376130381626787, 24.765532262919994 ], [ 55.37613110945469, 24.765531550923548 ], [ 55.376131755571741, 24.765530776647431 ], [ 55.376132313553299, 24.765529947790625 ], [ 55.376132777851097, 24.76552907259483 ], [ 55.376133143848421, 24.765528159762521 ], [ 55.376133407905975, 24.765527218370394 ], [ 55.376133567398135, 24.76552625777915 ], [ 55.376133620738983, 24.765525287540378 ], [ 55.376133620738983, 24.765496300538658 ], [ 55.376133633520638, 24.765496064291874 ], [ 55.376133704531796, 24.765495927960551 ], [ 55.376134041439876, 24.765495355622669 ], [ 55.376134444358868, 24.765494472357194 ], [ 55.376134749993234, 24.765493557484284 ], [ 55.376134955399557, 24.765492619814658 ], [ 55.376135058599651, 24.765491668378591 ], [ 55.376135058599651, 24.765490712338934 ], [ 55.376134955399557, 24.765489760902867 ], [ 55.376134749993234, 24.765488823233241 ], [ 55.376134444358868, 24.765487908360328 ], [ 55.376134041439876, 24.765487025094856 ], [ 55.376133704531796, 24.765486452756974 ], [ 55.376133633520638, 24.765486316425651 ], [ 55.376133620738983, 24.765486080178867 ], [ 55.376133620738983, 24.765437609073363 ], [ 55.376133567398135, 24.765436638834593 ], [ 55.376133407905975, 24.765435678243346 ], [ 55.376133143848421, 24.765434736851223 ], [ 55.376132777851097, 24.76543382401891 ], [ 55.376132313553299, 24.765432948823118 ], [ 55.376132171925029, 24.765432738440616 ], [ 55.376132561407033, 24.765432087981896 ], [ 55.37613297629094, 24.765431192556022 ], [ 55.376133290901187, 24.765430264062847 ], [ 55.376133502109468, 24.765429311734795 ], [ 55.376133607815632, 24.765428345041304 ], [ 55.376133633520638, 24.76542786992864 ], [ 55.376133704531796, 24.765427733597317 ], [ 55.376134041439876, 24.765427161259435 ], [ 55.376134444358868, 24.76542627799396 ], [ 55.376134749993234, 24.76542536312105 ], [ 55.376134955399557, 24.765424425451425 ], [ 55.376135058599651, 24.765423474015357 ], [ 55.376135058599651, 24.765422517975701 ], [ 55.376134955399557, 24.765421566539633 ], [ 55.376134749993234, 24.765420628870007 ], [ 55.376134444358868, 24.765419713997094 ], [ 55.376134041439876, 24.765418830731623 ], [ 55.376133704531796, 24.765418258393741 ], [ 55.376133633520638, 24.765418122062417 ], [ 55.376133607815632, 24.765417646949754 ], [ 55.376133502109468, 24.765416680256262 ], [ 55.376133290901187, 24.765415727928211 ], [ 55.37613297629094, 24.765414799435035 ], [ 55.376132561407033, 24.765413904009161 ], [ 55.376132050374842, 24.765413050554219 ], [ 55.376131448275807, 24.765412247556498 ], [ 55.376130761096853, 24.765411503000568 ], [ 55.376129995670929, 24.765410824289887 ], [ 55.376129159609008, 24.765410218173191 ], [ 55.37612826122443, 24.765409690677366 ], [ 55.376127309450247, 24.76540924704755 ], [ 55.376126313750376, 24.76540889169495 ], [ 55.37612528402552, 24.765408628153004 ], [ 55.376124230514705, 24.765408459042224 ], [ 55.376123163693464, 24.765408386044157 ], [ 55.376122094169681, 24.76540840988466 ], [ 55.376121032578126, 24.76540853032667 ], [ 55.376119989474681, 24.765408746172586 ], [ 55.376118975231407, 24.765409055276145 ], [ 55.376117999933371, 24.765409454563791 ], [ 55.376117073278422, 24.765409940065229 ], [ 55.376116204480702, 24.765410506952897 ], [ 55.37611540217906, 24.765411149589969 ], [ 55.376114674351157, 24.765411861586415 ], [ 55.376114028234106, 24.765412635862532 ], [ 55.376113470252548, 24.765413464719337 ], [ 55.37611300595475, 24.765414339915129 ], [ 55.376112639957427, 24.765415252747442 ], [ 55.376112375899872, 24.765416194139565 ], [ 55.376112216407712, 24.765417154730812 ], [ 55.376112163066864, 24.765418124969582 ], [ 55.376112163066864, 24.765427867021472 ], [ 55.376112216407712, 24.765428837260245 ], [ 55.376112375899872, 24.765429797851489 ], [ 55.376112639957427, 24.765430739243616 ], [ 55.37611300595475, 24.765431652075929 ], [ 55.376113470252548, 24.76543252727172 ], [ 55.376113611880818, 24.765432737654223 ], [ 55.376113222398814, 24.765433388112942 ], [ 55.376112807514907, 24.765434283538816 ], [ 55.37611249290466, 24.765435212031992 ], [ 55.376112281696379, 24.765436164360043 ], [ 55.376112175990215, 24.765437131053535 ], [ 55.37611215073381, 24.765437597874641 ], [ 55.376111899688723, 24.765437609073363 ], [ 55.376101697608945, 24.765437609073363 ], [ 55.376101446563858, 24.765437597874641 ] ], [ [ 55.376101446563858, 24.765612977206114 ], [ 55.376101697608945, 24.765612966007392 ], [ 55.376111899688723, 24.765612966007392 ], [ 55.37611215073381, 24.765612977206114 ], [ 55.376112175990215, 24.765613444027224 ], [ 55.376112279190316, 24.765614395463288 ], [ 55.376112484596632, 24.765615333132914 ], [ 55.376112790231005, 24.765616248005827 ], [ 55.376113193149997, 24.765617131271298 ], [ 55.376113689473286, 24.765617974423005 ], [ 55.376114274420999, 24.765618769340929 ], [ 55.37611494235977, 24.765619508369578 ], [ 55.376115686856991, 24.765620184391704 ], [ 55.376116500742746, 24.765620790896843 ], [ 55.376117376178861, 24.765621322044019 ], [ 55.376118304734419, 24.765621772717996 ], [ 55.37611927746692, 24.765622138578532 ], [ 55.376120285008405, 24.765622416102197 ], [ 55.376121317655716, 24.765622602616283 ], [ 55.376122365463893, 24.765622696324556 ], [ 55.376123418341955, 24.765622696324556 ], [ 55.376124466150131, 24.765622602616283 ], [ 55.376125498797443, 24.765622416102197 ], [ 55.376126506338927, 24.765622138578532 ], [ 55.376127479071428, 24.765621772717996 ], [ 55.376128407626986, 24.765621322044019 ], [ 55.376129283063101, 24.765620790896843 ], [ 55.376130096948856, 24.765620184391704 ], [ 55.376130841446077, 24.765619508369578 ], [ 55.376131509384848, 24.765618769340929 ], [ 55.376132094332561, 24.765617974423005 ], [ 55.37613259065585, 24.765617131271298 ], [ 55.376132993574842, 24.765616248005827 ], [ 55.376133299209215, 24.765615333132914 ], [ 55.376133504615531, 24.765614395463288 ], [ 55.376133607815632, 24.765613444027224 ], [ 55.376133633520638, 24.76561296891456 ], [ 55.376133704531796, 24.765612832583237 ], [ 55.376134041439876, 24.765612260245355 ], [ 55.376134444358868, 24.76561137697988 ], [ 55.376134749993234, 24.76561046210697 ], [ 55.376134955399557, 24.765609524437345 ], [ 55.376135058599651, 24.765608573001277 ], [ 55.376135058599651, 24.765607616961617 ], [ 55.376134955399557, 24.765606665525553 ], [ 55.376134749993234, 24.765605727855927 ], [ 55.376134444358868, 24.765604812983014 ], [ 55.376134041439876, 24.765603929717543 ], [ 55.376133704531796, 24.765603357379661 ], [ 55.376133633520638, 24.765603221048337 ], [ 55.376133620738983, 24.765602984801554 ], [ 55.376133620738983, 24.76557399779983 ], [ 55.376133567398135, 24.765573027561061 ], [ 55.376133407905975, 24.765572066969813 ], [ 55.376133143848421, 24.76557112557769 ], [ 55.376132777851097, 24.765570212745377 ], [ 55.376132313553299, 24.765569337549586 ], [ 55.376131755571741, 24.76556850869278 ], [ 55.37613110945469, 24.765567734416663 ], [ 55.376130381626787, 24.765567022420218 ], [ 55.376129579325145, 24.765566379783145 ], [ 55.376128710527425, 24.765565812895478 ], [ 55.376127783872477, 24.765565327394039 ], [ 55.37612680857444, 24.765564928106393 ], [ 55.376125794331166, 24.765564619002834 ], [ 55.376124751227721, 24.765564403156919 ], [ 55.376123689636167, 24.765564282714909 ], [ 55.376122620112383, 24.765564258874406 ], [ 55.376121553291142, 24.765564331872472 ], [ 55.376120499780328, 24.765564500983249 ], [ 55.376119470055471, 24.765564764525198 ], [ 55.3761184743556, 24.765565119877799 ], [ 55.376117522581417, 24.765565563507614 ], [ 55.37611662419684, 24.765566091003439 ], [ 55.376115788134918, 24.765566697120136 ], [ 55.376115022708994, 24.765567375830816 ], [ 55.37611433553004, 24.765568120386746 ], [ 55.376113733431005, 24.765568923384468 ], [ 55.376113222398814, 24.76556977683941 ], [ 55.376112807514907, 24.765570672265284 ], [ 55.37611249290466, 24.765571600758459 ], [ 55.376112281696379, 24.765572553086511 ], [ 55.376112175990215, 24.765573519780002 ], [ 55.37611215073381, 24.765573986601108 ], [ 55.376111899688723, 24.76557399779983 ], [ 55.376101697608945, 24.76557399779983 ], [ 55.376101446563858, 24.765573986601108 ], [ 55.376101421307453, 24.765573519780002 ], [ 55.376101315601289, 24.765572553086511 ], [ 55.376101104393008, 24.765571600758459 ], [ 55.376100789782761, 24.765570672265284 ], [ 55.376100374898854, 24.76556977683941 ], [ 55.376099863866663, 24.765568923384468 ], [ 55.376099261767628, 24.765568120386746 ], [ 55.376098574588674, 24.765567375830816 ], [ 55.376097809162751, 24.765566697120136 ], [ 55.376096973100829, 24.765566091003439 ], [ 55.376096074716251, 24.765565563507614 ], [ 55.376095122942068, 24.765565119877799 ], [ 55.376094127242197, 24.765564764525198 ], [ 55.376093097517341, 24.765564500983249 ], [ 55.376092044006526, 24.765564331872472 ], [ 55.376090977185285, 24.765564258874406 ], [ 55.376089907661502, 24.765564282714909 ], [ 55.376088846069948, 24.765564403156919 ], [ 55.376087802966502, 24.765564619002834 ], [ 55.376086788723228, 24.765564928106393 ], [ 55.376085813425192, 24.765565327394039 ], [ 55.376084886770244, 24.765565812895478 ], [ 55.376084017972524, 24.765566379783145 ], [ 55.376083215670882, 24.765567022420218 ], [ 55.376082487842979, 24.765567734416663 ], [ 55.376081841725927, 24.76556850869278 ], [ 55.376081283744369, 24.765569337549586 ], [ 55.376080819446571, 24.765570212745377 ], [ 55.376080453449248, 24.76557112557769 ], [ 55.376080189391693, 24.765572066969813 ], [ 55.376080029899533, 24.765573027561061 ], [ 55.376079976558685, 24.76557399779983 ], [ 55.376079976558685, 24.765612966007392 ], [ 55.376080029899533, 24.765613936246165 ], [ 55.376080189391693, 24.765614896837409 ], [ 55.376080453449248, 24.765615838229536 ], [ 55.376080819446571, 24.765616751061845 ], [ 55.376081283744369, 24.76561762625764 ], [ 55.376081841725927, 24.765618455114446 ], [ 55.376082487842979, 24.765619229390559 ], [ 55.376083215670882, 24.765619941387008 ], [ 55.376084017972524, 24.765620584024081 ], [ 55.376084886770244, 24.765621150911748 ], [ 55.376085813425192, 24.765621636413186 ], [ 55.376086788723228, 24.765622035700833 ], [ 55.376087802966502, 24.765622344804392 ], [ 55.376088846069948, 24.765622560650304 ], [ 55.376089907661502, 24.765622681092317 ], [ 55.376090977185285, 24.76562270493282 ], [ 55.376092044006526, 24.765622631934754 ], [ 55.376093097517341, 24.765622462823973 ], [ 55.376094127242197, 24.765622199282024 ], [ 55.376095122942068, 24.765621843929427 ], [ 55.376096074716251, 24.765621400299608 ], [ 55.376096973100829, 24.765620872803787 ], [ 55.376097809162751, 24.765620266687087 ], [ 55.376098574588674, 24.76561958797641 ], [ 55.376099261767628, 24.76561884342048 ], [ 55.376099863866663, 24.765618040422758 ], [ 55.376100374898854, 24.765617186967816 ], [ 55.376100789782761, 24.765616291541942 ], [ 55.376101104393008, 24.765615363048763 ], [ 55.376101315601289, 24.765614410720715 ], [ 55.376101421307453, 24.765613444027224 ], [ 55.376101446563858, 24.765612977206114 ] ], [ [ 55.376133633584317, 24.764497502796104 ], [ 55.376133652926896, 24.764497432678478 ], [ 55.376133858333219, 24.764496495008853 ], [ 55.37613396153332, 24.764495543572789 ], [ 55.37613396153332, 24.764494587533129 ], [ 55.376133858333219, 24.764493636097061 ], [ 55.376133652926896, 24.764492698427439 ], [ 55.376133633584317, 24.764492628309814 ], [ 55.376133607815632, 24.764492152020157 ], [ 55.376133502109468, 24.764491185326666 ], [ 55.376133290901187, 24.764490232998615 ], [ 55.37613297629094, 24.764489304505439 ], [ 55.376132561407033, 24.764488409079565 ], [ 55.376132050374842, 24.764487555624623 ], [ 55.376131448275807, 24.764486752626897 ], [ 55.376130761096853, 24.764486008070971 ], [ 55.376129995670929, 24.764485329360291 ], [ 55.376129159609008, 24.764484723243594 ], [ 55.37612826122443, 24.764484195747769 ], [ 55.376127309450247, 24.764483752117954 ], [ 55.376126313750376, 24.764483396765353 ], [ 55.37612528402552, 24.764483133223404 ], [ 55.376124230514705, 24.764482964112627 ], [ 55.376123163693464, 24.764482891114561 ], [ 55.376122094169681, 24.764482914955064 ], [ 55.376121032578126, 24.764483035397074 ], [ 55.376119989474681, 24.764483251242986 ], [ 55.376118975231407, 24.764483560346545 ], [ 55.376117999933371, 24.764483959634195 ], [ 55.376117073278422, 24.764484445135633 ], [ 55.376116204480702, 24.7644850120233 ], [ 55.37611540217906, 24.764485654660373 ], [ 55.376114674351157, 24.764486366656818 ], [ 55.376114028234106, 24.764487140932935 ], [ 55.376113470252548, 24.764487969789737 ], [ 55.37611300595475, 24.764488844985532 ], [ 55.376112639957427, 24.764489757817845 ], [ 55.376112375899872, 24.764490699209968 ], [ 55.376112216407712, 24.764491659801216 ], [ 55.376112163066864, 24.764492630039985 ], [ 55.376112163066864, 24.764497501065932 ], [ 55.376112216407712, 24.764498471304702 ], [ 55.376112375899872, 24.764499431895949 ], [ 55.376112639957427, 24.764500373288072 ], [ 55.37611300595475, 24.764501286120385 ], [ 55.376113470252548, 24.764502161316177 ], [ 55.376114028234106, 24.764502990172982 ], [ 55.376114674351157, 24.764503764449099 ], [ 55.37611540217906, 24.764504476445545 ], [ 55.376116204480702, 24.764505119082617 ], [ 55.376117073278422, 24.764505685970285 ], [ 55.376117999933371, 24.764506171471723 ], [ 55.376118975231407, 24.764506570759369 ], [ 55.376119989474681, 24.764506879862928 ], [ 55.376121032578126, 24.764507095708844 ], [ 55.376122094169681, 24.764507216150854 ], [ 55.376123163693464, 24.764507239991357 ], [ 55.376124230514705, 24.76450716699329 ], [ 55.37612528402552, 24.764506997882513 ], [ 55.376126313750376, 24.764506734340564 ], [ 55.376127309450247, 24.764506378987964 ], [ 55.37612826122443, 24.764505935358148 ], [ 55.376129159609008, 24.764505407862323 ], [ 55.376129995670929, 24.764504801745627 ], [ 55.376130761096853, 24.764504123034946 ], [ 55.376131448275807, 24.764503378479017 ], [ 55.376132050374842, 24.764502575481295 ], [ 55.376132561407033, 24.764501722026353 ], [ 55.37613297629094, 24.764500826600479 ], [ 55.376133290901187, 24.764499898107303 ], [ 55.376133502109468, 24.764498945779252 ], [ 55.376133607815632, 24.76449797908576 ], [ 55.376133633584317, 24.764497502796104 ] ], [ [ 55.375446962898117, 24.764960259729452 ], [ 55.375446988154522, 24.764960726550559 ], [ 55.37544709656315, 24.764961709514644 ], [ 55.375447314045815, 24.764962677455834 ], [ 55.375447638366197, 24.76496362042106 ], [ 55.375448066189399, 24.764964528714067 ], [ 55.375448593116246, 24.764965392995133 ], [ 55.37544921372848, 24.764966204377089 ], [ 55.375449921644524, 24.764966954516726 ], [ 55.375450709585067, 24.764967635700557 ], [ 55.375451569447947, 24.764968240924162 ], [ 55.375452492391418, 24.764968763964195 ], [ 55.375453468925109, 24.764969199442376 ], [ 55.375454489007602, 24.764969542880802 ], [ 55.375455542149659, 24.764969790747998 ], [ 55.375456617522126, 24.764969940495206 ], [ 55.37545770406723, 24.764969990582621 ], [ 55.375511348247528, 24.764969990582621 ], [ 55.375512434792633, 24.764969940495206 ], [ 55.375513510165099, 24.764969790747998 ], [ 55.375514563307156, 24.764969542880802 ], [ 55.37551558338965, 24.764969199442376 ], [ 55.375516559923341, 24.764968763964195 ], [ 55.375517482866812, 24.764968240924162 ], [ 55.375518342729691, 24.764967635700557 ], [ 55.375519130670234, 24.764966954516726 ], [ 55.375519838586278, 24.764966204377089 ], [ 55.375520459198512, 24.764965392995133 ], [ 55.375520986125359, 24.764964528714067 ], [ 55.375521413948562, 24.76496362042106 ], [ 55.375521738268944, 24.764962677455834 ], [ 55.375521955751609, 24.764961709514644 ], [ 55.375522064160236, 24.764960726550559 ], [ 55.375522089416641, 24.764960259729452 ], [ 55.375522603522619, 24.764960236796 ], [ 55.37552366813366, 24.764960140812157 ], [ 55.375524716924168, 24.764959949029748 ], [ 55.375525739465537, 24.764959663355764 ], [ 55.375526725590177, 24.764959286630784 ], [ 55.375527665492598, 24.764958822600757 ], [ 55.375528549826925, 24.764958275879746 ], [ 55.375529369799821, 24.764957651904044 ], [ 55.375530117257924, 24.764956956878134 ], [ 55.375530784768912, 24.764956197712962 ], [ 55.375531365695423, 24.764955381957265 ], [ 55.375531854261034, 24.764954517722462 ], [ 55.375532245607729, 24.764953613602042 ], [ 55.375532535844158, 24.764952678586081 ], [ 55.375532722084372, 24.764951721971869 ], [ 55.375532802476499, 24.764950753271457 ], [ 55.375532776221164, 24.764949782117075 ], [ 55.375532643579433, 24.764948818165347 ], [ 55.375532405870231, 24.764947871001294 ], [ 55.3755320654572, 24.76494695004299 ], [ 55.375531625725223, 24.764946064447948 ], [ 55.37553109104676, 24.764945223022039 ], [ 55.375530466738361, 24.764944434131944 ], [ 55.375529759007804, 24.76494370562196 ], [ 55.375528974892383, 24.76494304473599 ], [ 55.375528122188904, 24.764942458045525 ], [ 55.375527209376195, 24.764941951384294 ], [ 55.375526245530764, 24.76494152979026 ], [ 55.37552524023657, 24.764941197455528 ], [ 55.375524203489704, 24.764940957684651 ], [ 55.375523145599011, 24.764940812861777 ], [ 55.375522077083588, 24.764940764426949 ], [ 55.375511611625669, 24.764940764426949 ], [ 55.375511351449163, 24.764940752820888 ], [ 55.375511201308676, 24.764940688340975 ], [ 55.375510570998003, 24.764940382420004 ], [ 55.375509598265502, 24.764940016559464 ], [ 55.375508590724017, 24.7649397390358 ], [ 55.375507558076706, 24.764939552521717 ], [ 55.375506510268529, 24.764939458813444 ], [ 55.375505457390467, 24.764939458813444 ], [ 55.375504409582291, 24.764939552521717 ], [ 55.375503376934979, 24.7649397390358 ], [ 55.375502369393494, 24.764940016559464 ], [ 55.375501396660994, 24.764940382420004 ], [ 55.375500766350321, 24.764940688340975 ], [ 55.375500616209834, 24.764940752820888 ], [ 55.375500356033328, 24.764940764426949 ], [ 55.37547942511749, 24.764940764426949 ], [ 55.375479174072403, 24.764940753228228 ], [ 55.375479148815998, 24.764940286407118 ], [ 55.375479045615897, 24.764939334971054 ], [ 55.375478840209581, 24.764938397301428 ], [ 55.375478534575208, 24.764937482428515 ], [ 55.375478131656216, 24.764936599163043 ], [ 55.375477635332928, 24.764935756011337 ], [ 55.375477050385214, 24.764934961093413 ], [ 55.375476382446443, 24.764934222064763 ], [ 55.375475637949222, 24.764933546042638 ], [ 55.375474824063467, 24.764932939537498 ], [ 55.375473948627352, 24.764932408390322 ], [ 55.375473020071794, 24.764931957716346 ], [ 55.375472047339294, 24.76493159185581 ], [ 55.375471039797809, 24.764931314332145 ], [ 55.375470007150497, 24.764931127818059 ], [ 55.375468959342321, 24.764931034109786 ], [ 55.375467906464259, 24.764931034109786 ], [ 55.375466858656083, 24.764931127818059 ], [ 55.375465826008771, 24.764931314332145 ], [ 55.375464818467286, 24.76493159185581 ], [ 55.375463845734785, 24.764931957716346 ], [ 55.375462917179227, 24.764932408390322 ], [ 55.375462041743113, 24.764932939537498 ], [ 55.375461227857357, 24.764933546042638 ], [ 55.375460483360136, 24.764934222064763 ], [ 55.375459815421365, 24.764934961093413 ], [ 55.375459230473652, 24.764935756011337 ], [ 55.375458734150364, 24.764936599163043 ], [ 55.375458331231371, 24.764937482428515 ], [ 55.375458025596998, 24.764938397301428 ], [ 55.375457820190682, 24.764939334971054 ], [ 55.375457716990582, 24.764940286407118 ], [ 55.375457691734177, 24.764940753228228 ], [ 55.37545744068909, 24.764940764426949 ], [ 55.375446975231171, 24.764940764426949 ], [ 55.375445906715747, 24.764940812861777 ], [ 55.375444848825055, 24.764940957684651 ], [ 55.375443812078188, 24.764941197455528 ], [ 55.375442806783994, 24.76494152979026 ], [ 55.375441842938564, 24.764941951384294 ], [ 55.375440930125855, 24.764942458045525 ], [ 55.375440077422375, 24.76494304473599 ], [ 55.375439293306954, 24.76494370562196 ], [ 55.375438585576397, 24.764944434131944 ], [ 55.375437961267998, 24.764945223022039 ], [ 55.375437426589535, 24.764946064447948 ], [ 55.375436986857558, 24.76494695004299 ], [ 55.375436646444527, 24.764947871001294 ], [ 55.375436408735325, 24.764948818165347 ], [ 55.375436276093595, 24.764949782117075 ], [ 55.375436249838259, 24.764950753271457 ], [ 55.375436330230386, 24.764951721971869 ], [ 55.3754365164706, 24.764952678586081 ], [ 55.375436806707029, 24.764953613602042 ], [ 55.375437198053724, 24.764954517722462 ], [ 55.375437686619335, 24.764955381957265 ], [ 55.375438267545846, 24.764956197712962 ], [ 55.375438935056835, 24.764956956878134 ], [ 55.375439682514937, 24.764957651904044 ], [ 55.375440502487834, 24.764958275879746 ], [ 55.37544138682216, 24.764958822600757 ], [ 55.375442326724581, 24.764959286630784 ], [ 55.375443312849221, 24.764959663355764 ], [ 55.37544433539059, 24.764959949029748 ], [ 55.375445384181099, 24.764960140812157 ], [ 55.37544644879214, 24.764960236796 ], [ 55.375446962898117, 24.764960259729452 ] ], [ [ 55.375446962898117, 24.766119541506978 ], [ 55.37544644879214, 24.766119564440427 ], [ 55.37544541726551, 24.76611965596728 ], [ 55.375444400278091, 24.766119837445022 ], [ 55.375443407320581, 24.766120107180061 ], [ 55.375442447659445, 24.766120462655191 ], [ 55.375441530250406, 24.766120900553055 ], [ 55.375440663654885, 24.766121416787108 ], [ 55.375439855960096, 24.766122006539764 ], [ 55.375439114703603, 24.766122664307353 ], [ 55.375438446802931, 24.766123383951467 ], [ 55.375437858491047, 24.766124158756263 ], [ 55.375437355258185, 24.766124981491124 ], [ 55.375436941800608, 24.766125844478147 ], [ 55.37543662197676, 24.766126739663783 ], [ 55.375436398771306, 24.766127658694007 ], [ 55.375436274267237, 24.76612859299226 ], [ 55.375436249626439, 24.766129533839511 ], [ 55.375436325078866, 24.766130472455608 ], [ 55.37543649992039, 24.766131400081221 ], [ 55.37543677251935, 24.766132308059582 ], [ 55.375437140331819, 24.76613318791728 ], [ 55.375437599925291, 24.766134031443329 ], [ 55.375438147010762, 24.766134830765793 ], [ 55.375438776482746, 24.766135578425256 ], [ 55.375439482466881, 24.766136267444431 ], [ 55.375440258374816, 24.766136891393263 ], [ 55.375441096965631, 24.766137444448958 ], [ 55.375441990413456, 24.766137921450301 ], [ 55.375442930380473, 24.766138317945831 ], [ 55.375443908094752, 24.766138630235382 ], [ 55.37544491443208, 24.766138855404616 ], [ 55.37544594000115, 24.766138991352211 ], [ 55.375446975231171, 24.766139036809481 ], [ 55.375479161739349, 24.766139036809481 ], [ 55.37548019696937, 24.766138991352211 ], [ 55.37548122253844, 24.766138855404616 ], [ 55.375482228875768, 24.766138630235382 ], [ 55.375483206590047, 24.766138317945831 ], [ 55.375484146557064, 24.766137921450301 ], [ 55.375485040004889, 24.766137444448958 ], [ 55.375485878595704, 24.766136891393263 ], [ 55.375486654503639, 24.766136267444431 ], [ 55.375487360487774, 24.766135578425256 ], [ 55.375487989959758, 24.766134830765793 ], [ 55.375488537045229, 24.766134031443329 ], [ 55.375488996638701, 24.76613318791728 ], [ 55.37548936445117, 24.766132308059582 ], [ 55.37548963705013, 24.766131400081221 ], [ 55.375489811891654, 24.766130472455608 ], [ 55.375489887344081, 24.766129533839511 ], [ 55.375489862703283, 24.76612859299226 ], [ 55.375489738199214, 24.766127658694007 ], [ 55.37548951499376, 24.766126739663783 ], [ 55.375489195169912, 24.766125844478147 ], [ 55.375488781712335, 24.766124981491124 ], [ 55.375488278479473, 24.766124158756263 ], [ 55.375487690167589, 24.766123383951467 ], [ 55.375487022266917, 24.766122664307353 ], [ 55.375486281010424, 24.766122006539764 ], [ 55.375485473315635, 24.766121416787108 ], [ 55.375484606720114, 24.766120900553055 ], [ 55.375483689311075, 24.766120462655191 ], [ 55.375482729649939, 24.766120107180061 ], [ 55.375481736692429, 24.766119837445022 ], [ 55.37548071970501, 24.76611965596728 ], [ 55.37547968817838, 24.766119564440427 ], [ 55.375479174072403, 24.766119541506978 ], [ 55.375479148815998, 24.766119074685871 ], [ 55.37547904040737, 24.766118091721786 ], [ 55.375478822924705, 24.766117123780592 ], [ 55.375478498604323, 24.76611618081537 ], [ 55.375478070781121, 24.766115272522359 ], [ 55.375477543854274, 24.766114408241297 ], [ 55.37547692324204, 24.766113596859338 ], [ 55.375476215325996, 24.766112846719704 ], [ 55.375475427385453, 24.766112165535869 ], [ 55.375474567522573, 24.766111560312265 ], [ 55.375473644579102, 24.766111037272236 ], [ 55.375472668045411, 24.766110601794054 ], [ 55.375471647962918, 24.766110258355624 ], [ 55.375470594820861, 24.766110010488433 ], [ 55.375469519448394, 24.766109860741224 ], [ 55.37546843290329, 24.766109810653809 ], [ 55.37545770406723, 24.766109810653809 ], [ 55.375456617522126, 24.766109860741224 ], [ 55.375455542149659, 24.766110010488433 ], [ 55.375454489007602, 24.766110258355624 ], [ 55.375453468925109, 24.766110601794054 ], [ 55.375452492391418, 24.766111037272236 ], [ 55.375451569447947, 24.766111560312265 ], [ 55.375450709585067, 24.766112165535869 ], [ 55.375449921644524, 24.766112846719704 ], [ 55.37544921372848, 24.766113596859338 ], [ 55.375448593116246, 24.766114408241297 ], [ 55.375448066189399, 24.766115272522359 ], [ 55.375447638366197, 24.76611618081537 ], [ 55.375447314045815, 24.766117123780592 ], [ 55.37544709656315, 24.766118091721786 ], [ 55.375446988154522, 24.766119074685871 ], [ 55.375446962898117, 24.766119541506978 ] ], [ [ 55.37536113220964, 24.764940753228228 ], [ 55.375360618103663, 24.764940776161676 ], [ 55.375359553492622, 24.764940872145523 ], [ 55.375358504702113, 24.764941063927928 ], [ 55.375357482160744, 24.764941349601916 ], [ 55.375356496036105, 24.764941726326896 ], [ 55.375355556133684, 24.764942190356923 ], [ 55.375354671799357, 24.764942737077934 ], [ 55.375353851826461, 24.764943361053632 ], [ 55.375353104368358, 24.764944056079546 ], [ 55.375352436857369, 24.764944815244714 ], [ 55.375351855930859, 24.764945631000415 ], [ 55.375351367365248, 24.764946495235215 ], [ 55.375350976018552, 24.764947399355638 ], [ 55.375350685782124, 24.764948334371599 ], [ 55.375350499541909, 24.764949290985811 ], [ 55.375350419149783, 24.764950259686223 ], [ 55.375350445405118, 24.764951230840605 ], [ 55.375350578046849, 24.764952194792329 ], [ 55.37535081575605, 24.764953141956386 ], [ 55.375351156169081, 24.764954062914686 ], [ 55.375351595901058, 24.764954948509732 ], [ 55.375352130579522, 24.764955789935641 ], [ 55.375352754887921, 24.764956578825732 ], [ 55.375353462618477, 24.764957307335717 ], [ 55.375354246733899, 24.764957968221687 ], [ 55.375355099437378, 24.764958554912152 ], [ 55.375356012250087, 24.764959061573386 ], [ 55.375356976095517, 24.764959483167416 ], [ 55.375357981389712, 24.764959815502152 ], [ 55.375359018136578, 24.764960055273029 ], [ 55.37536007602727, 24.764960200095903 ], [ 55.375361144542694, 24.764960248530731 ], [ 55.375382602214813, 24.764960248530731 ], [ 55.375383670730237, 24.764960200095903 ], [ 55.375384728620929, 24.764960055273029 ], [ 55.375385765367795, 24.764959815502152 ], [ 55.37538677066199, 24.764959483167416 ], [ 55.37538773450742, 24.764959061573386 ], [ 55.375388647320129, 24.764958554912152 ], [ 55.375389500023608, 24.764957968221687 ], [ 55.37539028413903, 24.764957307335717 ], [ 55.375390991869587, 24.764956578825732 ], [ 55.375391616177986, 24.764955789935641 ], [ 55.375392150856449, 24.764954948509732 ], [ 55.375392590588426, 24.764954062914686 ], [ 55.375392931001457, 24.764953141956386 ], [ 55.375393168710659, 24.764952194792329 ], [ 55.375393301352389, 24.764951230840605 ], [ 55.375393327607725, 24.764950259686223 ], [ 55.375393247215598, 24.764949290985811 ], [ 55.375393060975384, 24.764948334371599 ], [ 55.375392770738955, 24.764947399355638 ], [ 55.37539237939226, 24.764946495235215 ], [ 55.375391890826648, 24.764945631000415 ], [ 55.375391309900138, 24.764944815244714 ], [ 55.375390642389149, 24.764944056079546 ], [ 55.375389894931047, 24.764943361053632 ], [ 55.37538907495815, 24.764942737077934 ], [ 55.375388190623823, 24.764942190356923 ], [ 55.375387250721403, 24.764941726326896 ], [ 55.375386264596763, 24.764941349601916 ], [ 55.375385242055394, 24.764941063927928 ], [ 55.375384193264885, 24.764940872145523 ], [ 55.375383128653844, 24.764940776161676 ], [ 55.375382614547867, 24.764940753228228 ], [ 55.375382589291462, 24.764940286407118 ], [ 55.375382486091361, 24.764939334971054 ], [ 55.375382280685045, 24.764938397301428 ], [ 55.375381975050672, 24.764937482428515 ], [ 55.37538157213168, 24.764936599163043 ], [ 55.375381075808392, 24.764935756011337 ], [ 55.375380490860678, 24.764934961093413 ], [ 55.375379822921907, 24.764934222064763 ], [ 55.375379078424686, 24.764933546042638 ], [ 55.375378264538931, 24.764932939537498 ], [ 55.375377389102816, 24.764932408390322 ], [ 55.375376460547258, 24.764931957716346 ], [ 55.375375487814757, 24.76493159185581 ], [ 55.375374480273273, 24.764931314332145 ], [ 55.375373447625961, 24.764931127818059 ], [ 55.375372399817785, 24.764931034109786 ], [ 55.375371346939723, 24.764931034109786 ], [ 55.375370299131546, 24.764931127818059 ], [ 55.375369266484235, 24.764931314332145 ], [ 55.37536825894275, 24.76493159185581 ], [ 55.375367286210249, 24.764931957716346 ], [ 55.375366357654691, 24.764932408390322 ], [ 55.375365482218577, 24.764932939537498 ], [ 55.375364668332821, 24.764933546042638 ], [ 55.3753639238356, 24.764934222064763 ], [ 55.375363255896829, 24.764934961093413 ], [ 55.375362670949116, 24.764935756011337 ], [ 55.375362174625828, 24.764936599163043 ], [ 55.375361771706835, 24.764937482428515 ], [ 55.375361466072462, 24.764938397301428 ], [ 55.375361260666146, 24.764939334971054 ], [ 55.375361157466045, 24.764940286407118 ], [ 55.37536113220964, 24.764940753228228 ] ], [ [ 55.374931978767258, 24.766080573299416 ], [ 55.37493146466128, 24.766080596232865 ], [ 55.374930416853104, 24.766080689941138 ], [ 55.374929384205792, 24.766080876455224 ], [ 55.374928376664307, 24.766081153978888 ], [ 55.374927403931807, 24.766081519839425 ], [ 55.374926475376249, 24.766081970513401 ], [ 55.374925599940134, 24.766082501660577 ], [ 55.374924786054379, 24.766083108165716 ], [ 55.374924041557158, 24.766083784187842 ], [ 55.374923373618387, 24.766084523216492 ], [ 55.374922788670673, 24.766085318134415 ], [ 55.374922292347385, 24.766086161286122 ], [ 55.374921889428393, 24.766087044551593 ], [ 55.37492158379402, 24.766087959424507 ], [ 55.374921378387704, 24.766088897094132 ], [ 55.374921275187603, 24.7660898485302 ], [ 55.374921275187603, 24.766090804569856 ], [ 55.374921378387704, 24.766091756005924 ], [ 55.37492158379402, 24.766092693675549 ], [ 55.374921889428393, 24.766093608548459 ], [ 55.374922292347385, 24.766094491813934 ], [ 55.374922788670673, 24.766095334965637 ], [ 55.374923373618387, 24.766096129883564 ], [ 55.374924041557158, 24.766096868912214 ], [ 55.374924786054379, 24.76609754493434 ], [ 55.374925599940134, 24.766098151439479 ], [ 55.374926475376249, 24.766098682586655 ], [ 55.374927403931807, 24.766099133260628 ], [ 55.374928376664307, 24.766099499121168 ], [ 55.374929384205792, 24.766099776644833 ], [ 55.374930416853104, 24.766099963158915 ], [ 55.37493146466128, 24.766100056867192 ], [ 55.374931987898677, 24.766100080207977 ], [ 55.374932138039163, 24.766100144687893 ], [ 55.374932768349836, 24.766100450608864 ], [ 55.374933741082337, 24.7661008164694 ], [ 55.374934748623822, 24.766101093993065 ], [ 55.374935781271134, 24.766101280507151 ], [ 55.37493682907931, 24.766101374215424 ], [ 55.374937881957372, 24.766101374215424 ], [ 55.374938929765548, 24.766101280507151 ], [ 55.37493996241286, 24.766101093993065 ], [ 55.374940969954345, 24.7661008164694 ], [ 55.374941942686846, 24.766100450608864 ], [ 55.374942572997519, 24.766100144687893 ], [ 55.374942723138005, 24.766100080207977 ], [ 55.374942983314511, 24.766100068601919 ], [ 55.37495318539429, 24.766100068601919 ], [ 55.374953445570796, 24.766100080207977 ], [ 55.374953595711283, 24.766100144687893 ], [ 55.374954226021956, 24.766100450608864 ], [ 55.374955198754456, 24.7661008164694 ], [ 55.374956206295941, 24.766101093993065 ], [ 55.374957238943253, 24.766101280507151 ], [ 55.374958286751429, 24.766101374215424 ], [ 55.374959339629491, 24.766101374215424 ], [ 55.374960387437667, 24.766101280507151 ], [ 55.374961420084979, 24.766101093993065 ], [ 55.374962427626464, 24.7661008164694 ], [ 55.374963400358965, 24.766100450608864 ], [ 55.374964030669638, 24.766100144687893 ], [ 55.374964180810125, 24.766100080207977 ], [ 55.374964440986631, 24.766100068601919 ], [ 55.374996100738528, 24.766100068601919 ], [ 55.374996351783615, 24.766100079800641 ], [ 55.37499637704002, 24.766100546621747 ], [ 55.374996485448648, 24.766101529585832 ], [ 55.374996702931313, 24.766102497527022 ], [ 55.374997027251695, 24.766103440492248 ], [ 55.374997455074897, 24.766104348785255 ], [ 55.374997982001744, 24.766105213066322 ], [ 55.374998602613978, 24.76610602444828 ], [ 55.374999310530022, 24.766106774587914 ], [ 55.375000098470565, 24.766107455771746 ], [ 55.375000958333445, 24.766108060995354 ], [ 55.375001881276916, 24.766108584035383 ], [ 55.375002857810607, 24.766109019513564 ], [ 55.3750038778931, 24.766109362951994 ], [ 55.375004931035157, 24.766109610819186 ], [ 55.375006006407624, 24.766109760566394 ], [ 55.375007092952728, 24.766109810653809 ], [ 55.375050008296967, 24.766109810653809 ], [ 55.375051059906795, 24.766109763743167 ], [ 55.375052101389045, 24.766109623463013 ], [ 55.37505312271368, 24.766109391164324 ], [ 55.375054114044772, 24.766109069084266 ], [ 55.375055065835276, 24.76610866032464 ], [ 55.375055968918915, 24.766108168822026 ], [ 55.375056814598508, 24.766107599309866 ], [ 55.375057594729697, 24.766106957272871 ], [ 55.375058301799392, 24.766106248894211 ], [ 55.375058928998122, 24.766105480995957 ], [ 55.375059470285628, 24.76610466097339 ], [ 55.375059920449011, 24.766103796723772 ], [ 55.375060275152947, 24.766102896570306 ], [ 55.37506053098145, 24.766101969181957 ], [ 55.37506068547075, 24.766101023489984 ], [ 55.375060737133026, 24.766100068601919 ], [ 55.375060737133026, 24.766070842446247 ], [ 55.375060688646791, 24.766069917306947 ], [ 55.375060543626333, 24.766069000529509 ], [ 55.375060303382419, 24.766068100400215 ], [ 55.375059970086483, 24.766067225054876 ], [ 55.375059546751025, 24.766066382405288 ], [ 55.375059037202355, 24.766065580067728 ], [ 55.375058446046019, 24.766064825294123 ], [ 55.375057778625184, 24.766064124906478 ], [ 55.375057040972322, 24.766063485235247 ], [ 55.375056239754706, 24.766062912062083 ], [ 55.375055382214121, 24.76606241056761 ], [ 55.375054476101447, 24.76606198528458 ], [ 55.375053529606575, 24.766061640056908 ], [ 55.375052551284377, 24.766061378004927 ], [ 55.375051549977421, 24.766061201497202 ], [ 55.375050534735998, 24.766061112129083 ], [ 55.37505002063002, 24.766061089195635 ], [ 55.375049995373615, 24.766060622374528 ], [ 55.375049886964987, 24.766059639410443 ], [ 55.375049669482323, 24.766058671469249 ], [ 55.375049345161941, 24.766057728504027 ], [ 55.375048917338738, 24.76605682021102 ], [ 55.375048390411891, 24.766055955929954 ], [ 55.375047769799657, 24.766055144547995 ], [ 55.375047061883613, 24.766054394408361 ], [ 55.37504627394307, 24.76605371322453 ], [ 55.375045414080191, 24.766053108000921 ], [ 55.37504449113672, 24.766052584960892 ], [ 55.375043514603028, 24.766052149482711 ], [ 55.375042494520535, 24.766051806044281 ], [ 55.375041441378478, 24.766051558177089 ], [ 55.375040366006012, 24.766051408429881 ], [ 55.375039279460907, 24.766051358342466 ], [ 55.37497490644455, 24.766051358342466 ], [ 55.374973854834721, 24.766051405253108 ], [ 55.374972813352471, 24.766051545533262 ], [ 55.374971792027836, 24.766051777831951 ], [ 55.374970800696744, 24.76605209991201 ], [ 55.37496984890624, 24.766052508671635 ], [ 55.374968945822602, 24.766053000174249 ], [ 55.374968100143008, 24.766053569686406 ], [ 55.37496732001182, 24.7660542117234 ], [ 55.374966612942124, 24.766054920102064 ], [ 55.374965985743394, 24.766055688000318 ], [ 55.374965444455889, 24.766056508022885 ], [ 55.374964994292505, 24.766057372272499 ], [ 55.374964639588569, 24.766058272425969 ], [ 55.374964383760066, 24.766059199814315 ], [ 55.374964229270766, 24.766060145506287 ], [ 55.37496417760849, 24.766061100394356 ], [ 55.37496417760849, 24.766070603292295 ], [ 55.374964165275436, 24.766070831247525 ], [ 55.374963914230349, 24.766070842446247 ], [ 55.374942719936371, 24.766070842446247 ], [ 55.374941633391266, 24.766070892533662 ], [ 55.3749405580188, 24.766071042280871 ], [ 55.374939504876743, 24.766071290148062 ], [ 55.374938484794249, 24.766071633586492 ], [ 55.374937508260558, 24.766072069064673 ], [ 55.374936585317087, 24.766072592104702 ], [ 55.374935725454208, 24.766073197328311 ], [ 55.374934937513665, 24.766073878512142 ], [ 55.374934229597621, 24.766074628651776 ], [ 55.374933608985387, 24.766075440033735 ], [ 55.37493308205854, 24.766076304314797 ], [ 55.374932654235337, 24.766077212607808 ], [ 55.374932329914955, 24.76607815557303 ], [ 55.37493211243229, 24.766079123514224 ], [ 55.374932004023663, 24.766080106478309 ], [ 55.374931978767258, 24.766080573299416 ] ], [ [ 55.37462084252153, 24.766119563904422 ], [ 55.374620867777935, 24.766120030725528 ], [ 55.374620976186563, 24.766121013689613 ], [ 55.374621193669228, 24.766121981630803 ], [ 55.37462151798961, 24.766122924596029 ], [ 55.374621945812812, 24.766123832889036 ], [ 55.374622472739659, 24.766124697170103 ], [ 55.374623093351893, 24.766125508552062 ], [ 55.374623801267937, 24.766126258691695 ], [ 55.37462458920848, 24.766126939875527 ], [ 55.37462544907136, 24.766127545099135 ], [ 55.374626372014831, 24.766128068139164 ], [ 55.374627348548522, 24.766128503617345 ], [ 55.374628368631015, 24.766128847055775 ], [ 55.374629421773072, 24.766129094922967 ], [ 55.374630497145539, 24.766129244670175 ], [ 55.374631583690643, 24.76612929475759 ], [ 55.374642049148562, 24.76612929475759 ], [ 55.374642300193649, 24.766129305956312 ], [ 55.374642325450054, 24.766129772777418 ], [ 55.374642428650155, 24.766130724213486 ], [ 55.374642634056471, 24.766131661883112 ], [ 55.374642939690844, 24.766132576756021 ], [ 55.374643342609836, 24.766133460021496 ], [ 55.374643838933125, 24.7661343031732 ], [ 55.374644423880838, 24.766135098091127 ], [ 55.374645091819609, 24.766135837119776 ], [ 55.37464583631683, 24.766136513141902 ], [ 55.374646650202585, 24.766137119647041 ], [ 55.3746475256387, 24.766137650794217 ], [ 55.374648454194258, 24.76613810146819 ], [ 55.374649426926759, 24.76613846732873 ], [ 55.374650434468244, 24.766138744852395 ], [ 55.374651467115555, 24.766138931366477 ], [ 55.374652514923731, 24.766139025074754 ], [ 55.374653029029709, 24.766139048008203 ], [ 55.374653054286114, 24.766139514829309 ], [ 55.374653157486215, 24.766140466265377 ], [ 55.374653362892531, 24.766141403935002 ], [ 55.374653668526904, 24.766142318807912 ], [ 55.374654071445896, 24.766143202073387 ], [ 55.374654567769184, 24.76614404522509 ], [ 55.374655152716898, 24.766144840143017 ], [ 55.374655820655668, 24.766145579171667 ], [ 55.37465656515289, 24.766146255193792 ], [ 55.374657379038645, 24.766146861698932 ], [ 55.37465825447476, 24.766147392846108 ], [ 55.374659183030317, 24.766147843520081 ], [ 55.374660155762818, 24.766148209380621 ], [ 55.374661163304303, 24.766148486904285 ], [ 55.374662195951615, 24.766148673418368 ], [ 55.374663243759791, 24.766148767126644 ], [ 55.374663757865768, 24.766148790060093 ], [ 55.374663770198822, 24.766149018015319 ], [ 55.374663770198822, 24.766187747068933 ], [ 55.374663821861098, 24.766188701956999 ], [ 55.374663976350398, 24.766189647648972 ], [ 55.374664232178901, 24.766190575037321 ], [ 55.374664586882837, 24.766191475190787 ], [ 55.374665037046221, 24.766192339440405 ], [ 55.374665578333726, 24.766193159462972 ], [ 55.374666205532456, 24.766193927361225 ], [ 55.374666912602152, 24.766194635739886 ], [ 55.37466769273334, 24.76619527777688 ], [ 55.374668538412934, 24.76619584728904 ], [ 55.374669441496572, 24.766196338791651 ], [ 55.374670393287076, 24.76619674755128 ], [ 55.374671384618168, 24.766197069631339 ], [ 55.374672405942803, 24.766197301930028 ], [ 55.374673447425053, 24.766197442210181 ], [ 55.374674499034882, 24.766197489120824 ], [ 55.374684964492801, 24.766197489120824 ], [ 55.374685215537887, 24.766197500319546 ], [ 55.374685240794292, 24.766197967140652 ], [ 55.374685343994393, 24.76619891857672 ], [ 55.374685549400709, 24.766199856246345 ], [ 55.374685855035082, 24.766200771119255 ], [ 55.374686257954075, 24.76620165438473 ], [ 55.374686675057276, 24.766202362957721 ], [ 55.374686535056625, 24.766202570922466 ], [ 55.374686070758827, 24.766203446118261 ], [ 55.374685704761504, 24.766204358950574 ], [ 55.374685440703949, 24.766205300342698 ], [ 55.374685281211789, 24.766206260933942 ], [ 55.374685227870941, 24.766207231172714 ], [ 55.374685227870941, 24.766216973224605 ], [ 55.374685276357177, 24.766217898363902 ], [ 55.374685421377634, 24.76621881514134 ], [ 55.374685661621548, 24.766219715270633 ], [ 55.374685994917485, 24.766220590615976 ], [ 55.374686418252942, 24.766221433265564 ], [ 55.374686927801612, 24.76622223560312 ], [ 55.374687518957948, 24.766222990376729 ], [ 55.374688186378783, 24.76622369076437 ], [ 55.374688924031645, 24.766224330435605 ], [ 55.374689725249262, 24.766224903608769 ], [ 55.374690582789846, 24.766225405103242 ], [ 55.374691488902521, 24.766225830386272 ], [ 55.374692435397392, 24.766226175613944 ], [ 55.374693413719591, 24.766226437665921 ], [ 55.374694415026546, 24.76622661417365 ], [ 55.37469543026797, 24.766226703541765 ], [ 55.374695944373947, 24.766226726475217 ], [ 55.374695969630352, 24.766227193296324 ], [ 55.374696075336516, 24.766228159989815 ], [ 55.374696286544797, 24.766229112317866 ], [ 55.374696601155044, 24.766230040811042 ], [ 55.374697016038951, 24.766230936236916 ], [ 55.374697527071142, 24.766231789691858 ], [ 55.374698129170177, 24.76623259268958 ], [ 55.374698816349131, 24.766233337245509 ], [ 55.374699581775054, 24.76623401595619 ], [ 55.374700417836976, 24.766234622072886 ], [ 55.374701316221554, 24.766235149568711 ], [ 55.374702267995737, 24.766235593198527 ], [ 55.374703263695608, 24.766235948551127 ], [ 55.374704293420464, 24.766236212093077 ], [ 55.374705346931279, 24.766236381203854 ], [ 55.37470641375252, 24.76623645420192 ], [ 55.374707483276303, 24.766236430361417 ], [ 55.374708544867858, 24.766236309919407 ], [ 55.374709587971303, 24.766236094073495 ], [ 55.374710602214577, 24.766235784969936 ], [ 55.374711577512613, 24.766235385682286 ], [ 55.374712504167562, 24.766234900180848 ], [ 55.374713372965282, 24.76623433329318 ], [ 55.374714175266924, 24.766233690656108 ], [ 55.374714903094826, 24.766232978659662 ], [ 55.374715549211878, 24.766232204383545 ], [ 55.374716107193436, 24.766231375526743 ], [ 55.374716571491234, 24.766230500330948 ], [ 55.374716937488557, 24.766229587498636 ], [ 55.374717201546112, 24.766228646106512 ], [ 55.374717361038272, 24.766227685515265 ], [ 55.37471741437912, 24.766226715276495 ], [ 55.37471741437912, 24.766216973224605 ], [ 55.374717365892884, 24.766216048085305 ], [ 55.374717220872427, 24.766215131307867 ], [ 55.374716980628513, 24.766214231178573 ], [ 55.374716647332576, 24.766213355833234 ], [ 55.374716223997119, 24.766212513183643 ], [ 55.374715714448449, 24.766211710846086 ], [ 55.374715123292113, 24.766210956072481 ], [ 55.374714455871278, 24.766210255684836 ], [ 55.374713718218416, 24.766209616013601 ], [ 55.374712917000799, 24.76620904284044 ], [ 55.374712059460215, 24.766208541345968 ], [ 55.37471115334754, 24.766208116062934 ], [ 55.374710206852669, 24.766207770835262 ], [ 55.37470922853047, 24.766207508783285 ], [ 55.374708227223515, 24.76620733227556 ], [ 55.374707211982091, 24.766207242907441 ], [ 55.374706697876114, 24.766207219973992 ], [ 55.374706672619709, 24.766206753152883 ], [ 55.374706566913545, 24.766205786459391 ], [ 55.374706355705264, 24.766204834131344 ], [ 55.374706041095017, 24.766203905638164 ], [ 55.37470562621111, 24.766203010212294 ], [ 55.374705238500965, 24.766202362712686 ], [ 55.374705655459927, 24.76620165438473 ], [ 55.374706058378919, 24.766200771119255 ], [ 55.374706364013292, 24.766199856246345 ], [ 55.374706569419608, 24.76619891857672 ], [ 55.374706672619709, 24.766197967140652 ], [ 55.374706697876114, 24.766197500319546 ], [ 55.374707211982091, 24.766197477386093 ], [ 55.374708227223515, 24.766197388017979 ], [ 55.37470922853047, 24.766197211510249 ], [ 55.374710206852669, 24.766196949458273 ], [ 55.37471115334754, 24.766196604230601 ], [ 55.374712059460215, 24.76619617894757 ], [ 55.374712917000799, 24.766195677453098 ], [ 55.374713718218416, 24.766195104279934 ], [ 55.374714455871278, 24.766194464608699 ], [ 55.374715123292113, 24.766193764221057 ], [ 55.374715714448449, 24.766193009447449 ], [ 55.374716223997119, 24.766192207109892 ], [ 55.374716647332576, 24.766191364460305 ], [ 55.374716980628513, 24.766190489114962 ], [ 55.374717220872427, 24.766189588985668 ], [ 55.374717365892884, 24.766188672208234 ], [ 55.37471741437912, 24.766187747068933 ], [ 55.37471741437912, 24.766148778861371 ], [ 55.374717362716844, 24.766147823973302 ], [ 55.374717208227544, 24.766146878281329 ], [ 55.374716952399041, 24.76614595089298 ], [ 55.374716597695105, 24.766145050739514 ], [ 55.374716147531721, 24.7661441864899 ], [ 55.374715606244216, 24.766143366467332 ], [ 55.374714979045486, 24.766142598569079 ], [ 55.37471427197579, 24.766141890190415 ], [ 55.374713491844602, 24.766141248153421 ], [ 55.374712646165008, 24.766140678641261 ], [ 55.37471174308137, 24.76614018713865 ], [ 55.374710791290866, 24.766139778379024 ], [ 55.374709799959774, 24.766139456298962 ], [ 55.374708778635139, 24.766139224000277 ], [ 55.374707737152889, 24.766139083720123 ], [ 55.37470668554306, 24.766139036809481 ], [ 55.374685491249082, 24.766139036809481 ], [ 55.374685240203995, 24.766139025610759 ], [ 55.374685227870941, 24.766138797655529 ], [ 55.374685227870941, 24.766110049807757 ], [ 55.374685240203995, 24.766109821852531 ], [ 55.374685754309972, 24.766109798919082 ], [ 55.374686802118148, 24.766109705210805 ], [ 55.37468783476546, 24.766109518696723 ], [ 55.374688842306945, 24.766109241173059 ], [ 55.374689815039446, 24.766108875312518 ], [ 55.374690743595004, 24.766108424638546 ], [ 55.374691619031118, 24.76610789349137 ], [ 55.374692432916873, 24.76610728698623 ], [ 55.374693177414095, 24.766106610964105 ], [ 55.374693845352866, 24.766105871935455 ], [ 55.374694430300579, 24.766105077017528 ], [ 55.374694926623867, 24.766104233865825 ], [ 55.37469532954286, 24.76610335060035 ], [ 55.374695635177233, 24.76610243572744 ], [ 55.374695840583549, 24.766101498057814 ], [ 55.374695943783649, 24.766100546621747 ], [ 55.374695969040054, 24.766100079800641 ], [ 55.374696220085141, 24.766100068601919 ], [ 55.374760066345218, 24.766100068601919 ], [ 55.374760317390304, 24.766100079800641 ], [ 55.374760342646709, 24.766100546621747 ], [ 55.374760451055337, 24.766101529585832 ], [ 55.374760668538002, 24.766102497527022 ], [ 55.374760992858384, 24.766103440492248 ], [ 55.374761420681587, 24.766104348785255 ], [ 55.374761947608434, 24.766105213066322 ], [ 55.374762568220667, 24.76610602444828 ], [ 55.374763276136711, 24.766106774587914 ], [ 55.374764064077254, 24.766107455771746 ], [ 55.374764923940134, 24.766108060995354 ], [ 55.374765846883605, 24.766108584035383 ], [ 55.374766823417296, 24.766109019513564 ], [ 55.374767843499789, 24.766109362951994 ], [ 55.374768896641847, 24.766109610819186 ], [ 55.374769972014313, 24.766109760566394 ], [ 55.374771058559418, 24.766109810653809 ], [ 55.374802981689456, 24.766109810653809 ], [ 55.374803232734543, 24.766109821852531 ], [ 55.374803245067596, 24.766110049807757 ], [ 55.374803245067596, 24.7661195527057 ], [ 55.374803296729873, 24.766120507593765 ], [ 55.374803451219172, 24.766121453285738 ], [ 55.374803707047676, 24.766122380674087 ], [ 55.374804061751611, 24.766123280827554 ], [ 55.374804511914995, 24.766124145077171 ], [ 55.3748050532025, 24.766124965099738 ], [ 55.374805680401231, 24.766125732997992 ], [ 55.374806387470926, 24.766126441376652 ], [ 55.374807167602114, 24.766127083413647 ], [ 55.374808013281708, 24.766127652925807 ], [ 55.374808916365346, 24.766128144428421 ], [ 55.37480986815585, 24.766128553188047 ], [ 55.374810859486942, 24.766128875268105 ], [ 55.374811880811578, 24.766129107566794 ], [ 55.374812922293827, 24.766129247846948 ], [ 55.374813973903656, 24.76612929475759 ], [ 55.374846160411835, 24.76612929475759 ], [ 55.374847212021663, 24.766129247846948 ], [ 55.374848253503913, 24.766129107566794 ], [ 55.374849274828549, 24.766128875268105 ], [ 55.37485026615964, 24.766128553188047 ], [ 55.374851217950145, 24.766128144428421 ], [ 55.374852121033783, 24.766127652925807 ], [ 55.374852966713377, 24.766127083413647 ], [ 55.374853746844565, 24.766126441376652 ], [ 55.37485445391426, 24.766125732997992 ], [ 55.37485508111299, 24.766124965099738 ], [ 55.374855622400496, 24.766124145077171 ], [ 55.37485607256388, 24.766123280827554 ], [ 55.374856427267815, 24.766122380674087 ], [ 55.374856683096318, 24.766121453285738 ], [ 55.374856837585618, 24.766120507593765 ], [ 55.374856889247894, 24.7661195527057 ], [ 55.374856889247894, 24.766110049807757 ], [ 55.374856901580948, 24.766109821852531 ], [ 55.374857152626035, 24.766109810653809 ], [ 55.374867618083954, 24.766109810653809 ], [ 55.374868704629058, 24.766109760566394 ], [ 55.374869780001525, 24.766109610819186 ], [ 55.374870833143582, 24.766109362951994 ], [ 55.374871853226075, 24.766109019513564 ], [ 55.374872829759767, 24.766108584035383 ], [ 55.374873752703238, 24.766108060995354 ], [ 55.374874612566117, 24.766107455771746 ], [ 55.37487540050666, 24.766106774587914 ], [ 55.374876108422704, 24.76610602444828 ], [ 55.374876729034938, 24.766105213066322 ], [ 55.374877255961785, 24.766104348785255 ], [ 55.374877683784987, 24.766103440492248 ], [ 55.37487800810537, 24.766102497527022 ], [ 55.374878225588034, 24.766101529585832 ], [ 55.374878333996662, 24.766100546621747 ], [ 55.374878359253067, 24.766100079800641 ], [ 55.374878610298154, 24.766100068601919 ], [ 55.374888812377932, 24.766100068601919 ], [ 55.374889072554438, 24.766100080207977 ], [ 55.374889222694925, 24.766100144687893 ], [ 55.374889853005598, 24.766100450608864 ], [ 55.374890825738099, 24.7661008164694 ], [ 55.374891833279584, 24.766101093993065 ], [ 55.374892865926896, 24.766101280507151 ], [ 55.374893913735072, 24.766101374215424 ], [ 55.374894966613134, 24.766101374215424 ], [ 55.37489601442131, 24.766101280507151 ], [ 55.374897047068622, 24.766101093993065 ], [ 55.374898054610107, 24.7661008164694 ], [ 55.374899027342607, 24.766100450608864 ], [ 55.37489965765328, 24.766100144687893 ], [ 55.374899807793767, 24.766100080207977 ], [ 55.374900067970273, 24.766100068601919 ], [ 55.374910533428192, 24.766100068601919 ], [ 55.374911568658213, 24.766100023144649 ], [ 55.374912594227283, 24.766099887197054 ], [ 55.374913600564611, 24.76609966202782 ], [ 55.37491457827889, 24.766099349738269 ], [ 55.374915518245906, 24.766098953242739 ], [ 55.374916411693732, 24.766098476241396 ], [ 55.374917250284547, 24.766097923185701 ], [ 55.374918026192482, 24.766097299236868 ], [ 55.374918732176617, 24.766096610217694 ], [ 55.374919361648601, 24.766095862558231 ], [ 55.374919908734071, 24.766095063235767 ], [ 55.374920368327544, 24.766094219709718 ], [ 55.374920736140012, 24.76609333985202 ], [ 55.374921008738973, 24.766092431873659 ], [ 55.374921183580497, 24.766091504248045 ], [ 55.374921259032924, 24.766090565631949 ], [ 55.374921234392126, 24.766089624784698 ], [ 55.374921109888056, 24.766088690486445 ], [ 55.374920886682602, 24.766087771456224 ], [ 55.374920566858755, 24.766086876270585 ], [ 55.374920153401177, 24.766086013283562 ], [ 55.374919650168316, 24.766085190548701 ], [ 55.374919061856431, 24.766084415743904 ], [ 55.37491839395576, 24.766083696099791 ], [ 55.374917652699267, 24.766083038332201 ], [ 55.374916845004478, 24.766082448579546 ], [ 55.374915978408957, 24.766081932345493 ], [ 55.374915060999918, 24.766081494447629 ], [ 55.374914101338781, 24.766081138972499 ], [ 55.374913108381271, 24.766080869237459 ], [ 55.374912091393853, 24.766080687759718 ], [ 55.374911059867223, 24.766080596232865 ], [ 55.374910545761246, 24.766080573299416 ], [ 55.374910533428192, 24.766080345344186 ], [ 55.374910533428192, 24.766061100394356 ], [ 55.374910481765916, 24.766060145506287 ], [ 55.374910327276616, 24.766059199814315 ], [ 55.374910071448113, 24.766058272425969 ], [ 55.374909716744178, 24.766057372272499 ], [ 55.374909266580794, 24.766056508022885 ], [ 55.374908725293288, 24.766055688000318 ], [ 55.374908098094558, 24.766054920102064 ], [ 55.374907391024863, 24.7660542117234 ], [ 55.374906610893674, 24.766053569686406 ], [ 55.374905765214081, 24.766053000174249 ], [ 55.374904862130442, 24.766052508671635 ], [ 55.374903910339938, 24.76605209991201 ], [ 55.374902919008846, 24.766051777831951 ], [ 55.374901897684211, 24.766051545533262 ], [ 55.374900856201961, 24.766051405253108 ], [ 55.374899804592133, 24.766051358342466 ], [ 55.374717677757261, 24.766051358342466 ], [ 55.374717426712174, 24.766051347143744 ], [ 55.37471741437912, 24.766051119188514 ], [ 55.37471741437912, 24.766002648083013 ], [ 55.374717361038272, 24.76600167784424 ], [ 55.374717201546112, 24.766000717252997 ], [ 55.374716937488557, 24.765999775860873 ], [ 55.374716571491234, 24.76599886302856 ], [ 55.374716107193436, 24.765997987832765 ], [ 55.374715549211878, 24.76599715897596 ], [ 55.374714903094826, 24.765996384699847 ], [ 55.374714175266924, 24.765995672703401 ], [ 55.374713372965282, 24.765995030066325 ], [ 55.374712504167562, 24.765994463178661 ], [ 55.374711577512613, 24.765993977677223 ], [ 55.374710602214577, 24.765993578389573 ], [ 55.374709587971303, 24.765993269286014 ], [ 55.374708544867858, 24.765993053440102 ], [ 55.374707483276303, 24.765992932998088 ], [ 55.37470641375252, 24.765992909157589 ], [ 55.374705346931279, 24.765992982155652 ], [ 55.374704293420464, 24.765993151266432 ], [ 55.374703263695608, 24.765993414808381 ], [ 55.374702267995737, 24.765993770160978 ], [ 55.374701316221554, 24.765994213790798 ], [ 55.374700417836976, 24.765994741286622 ], [ 55.374699581775054, 24.765995347403319 ], [ 55.374698816349131, 24.765996026113996 ], [ 55.374698129170177, 24.765996770669926 ], [ 55.374697527071142, 24.765997573667647 ], [ 55.374697016038951, 24.765998427122593 ], [ 55.374696601155044, 24.765999322548467 ], [ 55.374696286544797, 24.766000251041643 ], [ 55.374696075336516, 24.766001203369694 ], [ 55.374695969630352, 24.766002170063185 ], [ 55.374695944373947, 24.766002636884291 ], [ 55.37469569332886, 24.766002648083013 ], [ 55.374674499034882, 24.766002648083013 ], [ 55.374673412489777, 24.766002698170428 ], [ 55.37467233711731, 24.766002847917637 ], [ 55.374671283975253, 24.766003095784829 ], [ 55.37467026389276, 24.766003439223258 ], [ 55.374669287359069, 24.76600387470144 ], [ 55.374668364415598, 24.766004397741469 ], [ 55.374667504552718, 24.766005002965077 ], [ 55.374666716612175, 24.766005684148908 ], [ 55.374666008696131, 24.766006434288542 ], [ 55.374665388083898, 24.766007245670501 ], [ 55.374664861157051, 24.766008109951567 ], [ 55.374664433333848, 24.766009018244574 ], [ 55.374664109013466, 24.766009961209797 ], [ 55.374663891530801, 24.76601092915099 ], [ 55.374663783122173, 24.766011912115076 ], [ 55.374663757865768, 24.766012378936182 ], [ 55.374663243759791, 24.766012401869631 ], [ 55.374662228518368, 24.766012491237749 ], [ 55.374661227211412, 24.766012667745475 ], [ 55.374660248889214, 24.766012929797455 ], [ 55.374659302394342, 24.766013275025127 ], [ 55.374658396281667, 24.766013700308157 ], [ 55.374657538741083, 24.76601420180263 ], [ 55.374656737523466, 24.766014774975794 ], [ 55.374655999870605, 24.766015414647025 ], [ 55.37465533244977, 24.76601611503467 ], [ 55.374654741293433, 24.766016869808276 ], [ 55.374654231744763, 24.766017672145836 ], [ 55.374653808409306, 24.766018514795423 ], [ 55.374653475113369, 24.766019390140762 ], [ 55.374653234869456, 24.766020290270056 ], [ 55.374653089848998, 24.766021207047494 ], [ 55.374653041362762, 24.766022132186794 ], [ 55.374653041362762, 24.766041377136624 ], [ 55.374653029029709, 24.766041605091853 ], [ 55.374652514923731, 24.766041628025302 ], [ 55.374651467115555, 24.766041721733576 ], [ 55.374650434468244, 24.766041908247661 ], [ 55.374649426926759, 24.766042185771326 ], [ 55.374648454194258, 24.766042551631863 ], [ 55.3746475256387, 24.766043002305839 ], [ 55.374646650202585, 24.766043533453015 ], [ 55.37464583631683, 24.766044139958154 ], [ 55.374645091819609, 24.76604481598028 ], [ 55.374644423880838, 24.76604555500893 ], [ 55.374643838933125, 24.766046349926853 ], [ 55.374643342609836, 24.76604719307856 ], [ 55.374642939690844, 24.766048076344031 ], [ 55.374642634056471, 24.766048991216945 ], [ 55.374642428650155, 24.76604992888657 ], [ 55.374642325450054, 24.766050880322638 ], [ 55.374642300193649, 24.766051347143744 ], [ 55.374641786087672, 24.766051370077193 ], [ 55.374640770846248, 24.766051459445311 ], [ 55.374639769539293, 24.766051635953037 ], [ 55.374638791217095, 24.766051898005017 ], [ 55.374637844722223, 24.766052243232689 ], [ 55.374636938609548, 24.766052668515719 ], [ 55.374636081068964, 24.766053170010192 ], [ 55.374635279851347, 24.766053743183356 ], [ 55.374634542198486, 24.766054382854588 ], [ 55.374633874777651, 24.766055083242232 ], [ 55.374633283621314, 24.766055838015838 ], [ 55.374632774072644, 24.766056640353398 ], [ 55.374632350737187, 24.766057483002985 ], [ 55.37463201744125, 24.766058358348324 ], [ 55.374631777197337, 24.766059258477618 ], [ 55.374631632176879, 24.766060175255056 ], [ 55.374631583690643, 24.766061100394356 ], [ 55.374631583690643, 24.766090087396076 ], [ 55.37463157135759, 24.766090315351306 ], [ 55.374631320312503, 24.766090326550028 ], [ 55.374620854854584, 24.766090326550028 ], [ 55.374619803244755, 24.766090373460671 ], [ 55.374618761762505, 24.766090513740824 ], [ 55.37461774043787, 24.766090746039513 ], [ 55.374616749106778, 24.766091068119572 ], [ 55.374615797316274, 24.766091476879197 ], [ 55.374614894232636, 24.766091968381811 ], [ 55.374614048553042, 24.766092537893968 ], [ 55.374613268421854, 24.766093179930962 ], [ 55.374612561352158, 24.766093888309626 ], [ 55.374611934153428, 24.76609465620788 ], [ 55.374611392865923, 24.766095476230447 ], [ 55.374610942702539, 24.766096340480061 ], [ 55.374610587998603, 24.766097240633528 ], [ 55.3746103321701, 24.766098168021877 ], [ 55.3746101776808, 24.76609911371385 ], [ 55.374610126018524, 24.766100068601919 ], [ 55.374610126018524, 24.766109810653809 ], [ 55.37461017450476, 24.766110735793109 ], [ 55.374610319525218, 24.766111652570547 ], [ 55.374610559769131, 24.766112552699838 ], [ 55.374610893065068, 24.76611342804518 ], [ 55.374611316400525, 24.766114270694768 ], [ 55.374611825949195, 24.766115073032324 ], [ 55.374612417105531, 24.766115827805933 ], [ 55.374613084526366, 24.766116528193574 ], [ 55.374613822179228, 24.76611716786481 ], [ 55.374614623396845, 24.766117741037974 ], [ 55.374615480937429, 24.766118242532446 ], [ 55.374616387050104, 24.766118667815476 ], [ 55.374617333544975, 24.766119013043149 ], [ 55.374618311867174, 24.766119275095125 ], [ 55.374619313174129, 24.766119451602854 ], [ 55.374620328415553, 24.766119540970973 ], [ 55.37462084252153, 24.766119563904422 ] ], [ [ 55.374663770198822, 24.766518976833211 ], [ 55.374663821861098, 24.766519931721277 ], [ 55.374663976350398, 24.766520877413249 ], [ 55.374664232178901, 24.766521804801599 ], [ 55.374664586882837, 24.766522704955065 ], [ 55.374665037046221, 24.766523569204679 ], [ 55.374665578333726, 24.76652438922725 ], [ 55.374666205532456, 24.766525157125503 ], [ 55.374666912602152, 24.766525865504164 ], [ 55.37466769273334, 24.766526507541158 ], [ 55.374668538412934, 24.766527077053318 ], [ 55.374669441496572, 24.766527568555929 ], [ 55.374670393287076, 24.766527977315555 ], [ 55.374671384618168, 24.766528299395617 ], [ 55.374672405942803, 24.766528531694306 ], [ 55.374673447425053, 24.766528671974456 ], [ 55.374674499034882, 24.766528718885102 ], [ 55.374684964492801, 24.766528718885102 ], [ 55.374685215537887, 24.766528730083824 ], [ 55.374685227870941, 24.76652895803905 ], [ 55.374685227870941, 24.766538460936992 ], [ 55.374685279533217, 24.766539415825058 ], [ 55.374685434022517, 24.766540361517031 ], [ 55.37468568985102, 24.76654128890538 ], [ 55.374686044554956, 24.766542189058846 ], [ 55.37468649471834, 24.76654305330846 ], [ 55.374687036005845, 24.766543873331031 ], [ 55.374687663204575, 24.766544641229284 ], [ 55.374688370274271, 24.766545349607945 ], [ 55.374689150405459, 24.766545991644939 ], [ 55.374689996085053, 24.766546561157099 ], [ 55.374690899168691, 24.76654705265971 ], [ 55.374691850959195, 24.766547461419336 ], [ 55.374692842290287, 24.766547783499398 ], [ 55.374693863614922, 24.766548015798087 ], [ 55.374694905097172, 24.766548156078237 ], [ 55.374695956707001, 24.766548202988883 ], [ 55.37470668554306, 24.766548202988883 ], [ 55.374707720773081, 24.766548157531609 ], [ 55.374708746342151, 24.766548021584015 ], [ 55.374709752679479, 24.766547796414784 ], [ 55.374710730393758, 24.76654748412523 ], [ 55.374711670360774, 24.7665470876297 ], [ 55.3747125638086, 24.766546610628357 ], [ 55.374713402399415, 24.766546057572665 ], [ 55.37471417830735, 24.766545433623829 ], [ 55.374714884291485, 24.766544744604658 ], [ 55.374715513763469, 24.766543996945195 ], [ 55.374716060848939, 24.766543197622731 ], [ 55.374716520442412, 24.766542354096682 ], [ 55.374716888254881, 24.766541474238984 ], [ 55.374717160853841, 24.766540566260623 ], [ 55.374717335695365, 24.76653963863501 ], [ 55.374717411147792, 24.766538700018913 ], [ 55.374717386506994, 24.766537759171662 ], [ 55.374717262002925, 24.766536824873405 ], [ 55.374717038797471, 24.766535905843185 ], [ 55.374716718973623, 24.766535010657549 ], [ 55.374716305516046, 24.766534147670527 ], [ 55.374715802283184, 24.766533324935661 ], [ 55.374715213971299, 24.766532550130869 ], [ 55.374714546070628, 24.766531830486752 ], [ 55.374713804814135, 24.766531172719166 ], [ 55.374712997119346, 24.766530582966507 ], [ 55.374712130523825, 24.766530066732454 ], [ 55.374711213114786, 24.766529628834594 ], [ 55.374710253453649, 24.766529273359463 ], [ 55.37470926049614, 24.76652900362442 ], [ 55.374708243508721, 24.766528822146682 ], [ 55.374707211982091, 24.766528730619829 ], [ 55.374706697876114, 24.766528707686376 ], [ 55.37470668554306, 24.76652847973115 ], [ 55.37470668554306, 24.766519215987159 ], [ 55.374706697876114, 24.766518988031933 ], [ 55.374707211982091, 24.766518965098481 ], [ 55.374708227223515, 24.766518875730366 ], [ 55.37470922853047, 24.766518699222637 ], [ 55.374710206852669, 24.76651843717066 ], [ 55.37471115334754, 24.766518091942988 ], [ 55.374712059460215, 24.766517666659958 ], [ 55.374712917000799, 24.766517165165485 ], [ 55.374713718218416, 24.766516591992321 ], [ 55.374714455871278, 24.766515952321086 ], [ 55.374715123292113, 24.766515251933445 ], [ 55.374715714448449, 24.766514497159836 ], [ 55.374716223997119, 24.766513694822279 ], [ 55.374716647332576, 24.766512852172692 ], [ 55.374716980628513, 24.766511976827349 ], [ 55.374717220872427, 24.766511076698055 ], [ 55.374717365892884, 24.766510159920617 ], [ 55.37471741437912, 24.766509234781321 ], [ 55.37471741437912, 24.766480008625649 ], [ 55.374717365892884, 24.766479083486349 ], [ 55.374717220872427, 24.766478166708911 ], [ 55.374716980628513, 24.766477266579617 ], [ 55.374716647332576, 24.766476391234278 ], [ 55.374716223997119, 24.766475548584687 ], [ 55.374715714448449, 24.76647474624713 ], [ 55.374715123292113, 24.766473991473525 ], [ 55.374714455871278, 24.76647329108588 ], [ 55.374713718218416, 24.766472651414645 ], [ 55.374712917000799, 24.766472078241481 ], [ 55.374712059460215, 24.766471576747008 ], [ 55.37471115334754, 24.766471151463978 ], [ 55.374710206852669, 24.766470806236306 ], [ 55.37470922853047, 24.76647054418433 ], [ 55.374708227223515, 24.7664703676766 ], [ 55.374707211982091, 24.766470278308486 ], [ 55.374706697876114, 24.766470255375033 ], [ 55.37470668554306, 24.766470027419807 ], [ 55.37470668554306, 24.766460763675816 ], [ 55.374706697876114, 24.76646053572059 ], [ 55.374707211982091, 24.766460512787138 ], [ 55.374708227223515, 24.766460423419023 ], [ 55.37470922853047, 24.766460246911294 ], [ 55.374710206852669, 24.766459984859317 ], [ 55.37471115334754, 24.766459639631645 ], [ 55.374712059460215, 24.766459214348615 ], [ 55.374712917000799, 24.766458712854142 ], [ 55.374713718218416, 24.766458139680978 ], [ 55.374714455871278, 24.766457500009743 ], [ 55.374715123292113, 24.766456799622102 ], [ 55.374715714448449, 24.766456044848493 ], [ 55.374716223997119, 24.766455242510936 ], [ 55.374716647332576, 24.766454399861349 ], [ 55.374716980628513, 24.766453524516006 ], [ 55.374717220872427, 24.766452624386712 ], [ 55.374717365892884, 24.766451707609274 ], [ 55.37471741437912, 24.766450782469978 ], [ 55.37471741437912, 24.766353361951072 ], [ 55.374717362716844, 24.766352407063003 ], [ 55.374717208227544, 24.76635146137103 ], [ 55.374716952399041, 24.766350533982681 ], [ 55.374716597695105, 24.766349633829215 ], [ 55.374716147531721, 24.766348769579601 ], [ 55.374715606244216, 24.766347949557034 ], [ 55.374714979045486, 24.766347181658777 ], [ 55.37471427197579, 24.766346473280116 ], [ 55.374713491844602, 24.766345831243122 ], [ 55.374712646165008, 24.766345261730962 ], [ 55.37471174308137, 24.766344770228351 ], [ 55.374710791290866, 24.766344361468725 ], [ 55.374709799959774, 24.766344039388663 ], [ 55.374708778635139, 24.766343807089974 ], [ 55.374707737152889, 24.766343666809824 ], [ 55.37470668554306, 24.766343619899182 ], [ 55.374674499034882, 24.766343619899182 ], [ 55.374673447425053, 24.766343666809824 ], [ 55.374672405942803, 24.766343807089974 ], [ 55.374671384618168, 24.766344039388663 ], [ 55.374670393287076, 24.766344361468725 ], [ 55.374669441496572, 24.766344770228351 ], [ 55.374668538412934, 24.766345261730962 ], [ 55.37466769273334, 24.766345831243122 ], [ 55.374666912602152, 24.766346473280116 ], [ 55.374666205532456, 24.766347181658777 ], [ 55.374665578333726, 24.766347949557034 ], [ 55.374665037046221, 24.766348769579601 ], [ 55.374664586882837, 24.766349633829215 ], [ 55.374664232178901, 24.766350533982681 ], [ 55.374663976350398, 24.76635146137103 ], [ 55.374663821861098, 24.766352407063003 ], [ 55.374663770198822, 24.766353361951072 ], [ 55.374663770198822, 24.766518976833211 ] ], [ [ 55.374663770198822, 24.766285167587839 ], [ 55.374663821861098, 24.766286122475904 ], [ 55.374663976350398, 24.766287068167877 ], [ 55.374664232178901, 24.766287995556226 ], [ 55.374664586882837, 24.766288895709692 ], [ 55.374665037046221, 24.76628975995931 ], [ 55.374665578333726, 24.766290579981877 ], [ 55.374666205532456, 24.766291347880131 ], [ 55.374666912602152, 24.766292056258791 ], [ 55.37466769273334, 24.766292698295786 ], [ 55.374668538412934, 24.766293267807946 ], [ 55.374669441496572, 24.766293759310557 ], [ 55.374670393287076, 24.766294168070186 ], [ 55.374671384618168, 24.766294490150244 ], [ 55.374672405942803, 24.766294722448933 ], [ 55.374673447425053, 24.766294862729087 ], [ 55.374674499034882, 24.766294909639729 ], [ 55.374684964492801, 24.766294909639729 ], [ 55.374685215537887, 24.766294920838451 ], [ 55.374685240794292, 24.766295387659557 ], [ 55.374685343994393, 24.766296339095625 ], [ 55.374685549400709, 24.766297276765251 ], [ 55.374685855035082, 24.76629819163816 ], [ 55.374686257954075, 24.766299074903635 ], [ 55.374686754277363, 24.766299918055338 ], [ 55.374687339225076, 24.766300712973262 ], [ 55.374688007163847, 24.766301452001915 ], [ 55.374688751661068, 24.766302128024041 ], [ 55.374689565546824, 24.76630273452918 ], [ 55.374690440982938, 24.766303265676356 ], [ 55.374691369538496, 24.766303716350329 ], [ 55.374692342270997, 24.766304082210869 ], [ 55.374693349812482, 24.766304359734534 ], [ 55.374694382459793, 24.766304546248616 ], [ 55.37469543026797, 24.766304639956889 ], [ 55.374696483146032, 24.766304639956889 ], [ 55.374697530954208, 24.766304546248616 ], [ 55.37469856360152, 24.766304359734534 ], [ 55.374699571143005, 24.766304082210869 ], [ 55.374700543875505, 24.766303716350329 ], [ 55.374701472431063, 24.766303265676356 ], [ 55.374702347867178, 24.76630273452918 ], [ 55.374703161752933, 24.766302128024041 ], [ 55.374703906250154, 24.766301452001915 ], [ 55.374704574188925, 24.766300712973262 ], [ 55.374705159136639, 24.766299918055338 ], [ 55.374705655459927, 24.766299074903635 ], [ 55.374706058378919, 24.76629819163816 ], [ 55.374706364013292, 24.766297276765251 ], [ 55.374706569419608, 24.766296339095625 ], [ 55.374706672619709, 24.766295387659557 ], [ 55.374706697876114, 24.766294920838451 ], [ 55.374707211982091, 24.766294897904999 ], [ 55.374708259790268, 24.766294804196725 ], [ 55.374709292437579, 24.766294617682643 ], [ 55.374710299979064, 24.766294340158979 ], [ 55.374711272711565, 24.766293974298438 ], [ 55.374712201267123, 24.766293523624466 ], [ 55.374713076703237, 24.76629299247729 ], [ 55.374713890588993, 24.76629238597215 ], [ 55.374714635086214, 24.766291709950025 ], [ 55.374715303024985, 24.766290970921371 ], [ 55.374715887972698, 24.766290176003448 ], [ 55.374716384295986, 24.766289332851745 ], [ 55.374716787214979, 24.76628844958627 ], [ 55.374717092849352, 24.76628753471336 ], [ 55.374717298255668, 24.766286597043734 ], [ 55.374717401455769, 24.766285645607667 ], [ 55.374717401455769, 24.766284689568007 ], [ 55.374717298255668, 24.766283738131943 ], [ 55.374717092849352, 24.766282800462317 ], [ 55.374716787214979, 24.766281885589404 ], [ 55.374716384295986, 24.766281002323932 ], [ 55.374715887972698, 24.766280159172226 ], [ 55.374715303024985, 24.766279364254302 ], [ 55.374714635086214, 24.766278625225652 ], [ 55.374713890588993, 24.766277949203527 ], [ 55.374713076703237, 24.766277342698388 ], [ 55.374712201267123, 24.766276811551212 ], [ 55.374711272711565, 24.766276360877235 ], [ 55.374710299979064, 24.766275995016699 ], [ 55.374709292437579, 24.766275717493034 ], [ 55.374708259790268, 24.766275530978948 ], [ 55.374707211982091, 24.766275437270675 ], [ 55.374706697876114, 24.766275414337226 ], [ 55.37470668554306, 24.766275186381996 ], [ 55.37470668554306, 24.766265683484058 ], [ 55.374706637056825, 24.766264758344757 ], [ 55.374706492036367, 24.766263841567319 ], [ 55.374706251792453, 24.766262941438026 ], [ 55.374705918496517, 24.766262066092686 ], [ 55.374705495161059, 24.766261223443095 ], [ 55.374704985612389, 24.766260421105539 ], [ 55.374704394456053, 24.766259666331933 ], [ 55.374703727035218, 24.766258965944289 ], [ 55.374702989382357, 24.766258326273054 ], [ 55.37470218816474, 24.766257753099893 ], [ 55.374701330624156, 24.76625725160542 ], [ 55.374700424511481, 24.766256826322387 ], [ 55.374699478016609, 24.766256481094715 ], [ 55.374698499694411, 24.766256219042738 ], [ 55.374697498387455, 24.766256042535012 ], [ 55.374696483146032, 24.766255953166894 ], [ 55.374695969040054, 24.766255930233445 ], [ 55.374695943783649, 24.766255463412335 ], [ 55.374695835375022, 24.76625448044825 ], [ 55.374695617892357, 24.76625351250706 ], [ 55.374695293571975, 24.766252569541837 ], [ 55.374694865748772, 24.766251661248827 ], [ 55.374694338821925, 24.766250796967764 ], [ 55.374693718209691, 24.766249985585805 ], [ 55.374693010293647, 24.766249235446171 ], [ 55.374692222353104, 24.766248554262337 ], [ 55.374691362490225, 24.766247949038732 ], [ 55.374690439546754, 24.766247425998699 ], [ 55.374689463013063, 24.766246990520521 ], [ 55.374688442930569, 24.766246647082092 ], [ 55.374687389788512, 24.7662463992149 ], [ 55.374686314416046, 24.766246249467692 ], [ 55.374685227870941, 24.766246199380276 ], [ 55.374674499034882, 24.766246199380276 ], [ 55.374673447425053, 24.766246246290919 ], [ 55.374672405942803, 24.766246386571073 ], [ 55.374671384618168, 24.766246618869758 ], [ 55.374670393287076, 24.76624694094982 ], [ 55.374669441496572, 24.766247349709445 ], [ 55.374668538412934, 24.766247841212056 ], [ 55.37466769273334, 24.766248410724216 ], [ 55.374666912602152, 24.766249052761211 ], [ 55.374666205532456, 24.766249761139871 ], [ 55.374665578333726, 24.766250529038128 ], [ 55.374665037046221, 24.766251349060695 ], [ 55.374664586882837, 24.76625221331031 ], [ 55.374664232178901, 24.766253113463776 ], [ 55.374663976350398, 24.766254040852125 ], [ 55.374663821861098, 24.766254986544098 ], [ 55.374663770198822, 24.766255941432167 ], [ 55.374663770198822, 24.766285167587839 ] ], [ [ 55.374524282996994, 24.766041605091853 ], [ 55.374523768891017, 24.766041628025302 ], [ 55.374522737364387, 24.766041719552156 ], [ 55.374521720376968, 24.766041901029897 ], [ 55.374520727419458, 24.766042170764937 ], [ 55.374519767758322, 24.766042526240067 ], [ 55.374518850349283, 24.766042964137931 ], [ 55.374517983753762, 24.766043480371984 ], [ 55.374517176058973, 24.766044070124639 ], [ 55.37451643480248, 24.766044727892229 ], [ 55.374515766901808, 24.766045447536342 ], [ 55.374515178589924, 24.766046222341139 ], [ 55.374514675357062, 24.766047045076 ], [ 55.374514261899485, 24.766047908063022 ], [ 55.374513942075637, 24.766048803248662 ], [ 55.374513718870183, 24.766049722278883 ], [ 55.374513594366114, 24.766050656577136 ], [ 55.374513569725316, 24.766051597424386 ], [ 55.374513645177743, 24.766052536040483 ], [ 55.374513820019267, 24.766053463666097 ], [ 55.374514092618227, 24.766054371644458 ], [ 55.374514460430696, 24.766055251502156 ], [ 55.374514920024168, 24.766056095028205 ], [ 55.374515467109639, 24.766056894350669 ], [ 55.374516096581623, 24.766057642010132 ], [ 55.374516802565758, 24.766058331029306 ], [ 55.374517578473693, 24.766058954978138 ], [ 55.374518417064508, 24.766059508033834 ], [ 55.374519310512333, 24.766059985035177 ], [ 55.37452025047935, 24.766060381530707 ], [ 55.374521228193629, 24.766060693820258 ], [ 55.374522234530957, 24.766060918989492 ], [ 55.374523260100027, 24.766061054937087 ], [ 55.374524295330048, 24.766061100394356 ], [ 55.374545753002167, 24.766061100394356 ], [ 55.374546804611995, 24.766061053483714 ], [ 55.374547846094245, 24.76606091320356 ], [ 55.374548867418881, 24.766060680904872 ], [ 55.374549858749972, 24.766060358824813 ], [ 55.374550810540477, 24.766059950065188 ], [ 55.374551713624115, 24.766059458562573 ], [ 55.374552559303709, 24.766058889050413 ], [ 55.374553339434897, 24.766058247013419 ], [ 55.374554046504592, 24.766057538634758 ], [ 55.374554673703322, 24.766056770736505 ], [ 55.374555214990828, 24.766055950713938 ], [ 55.374555665154212, 24.76605508646432 ], [ 55.374556019858147, 24.766054186310853 ], [ 55.374556275686651, 24.766053258922508 ], [ 55.37455643017595, 24.766052313230531 ], [ 55.374556481838226, 24.766051358342466 ], [ 55.374556481838226, 24.766041616290575 ], [ 55.37455643017595, 24.766040661402506 ], [ 55.374556275686651, 24.766039715710534 ], [ 55.374556019858147, 24.766038788322188 ], [ 55.374555665154212, 24.766037888168718 ], [ 55.374555214990828, 24.766037023919104 ], [ 55.374554673703322, 24.766036203896537 ], [ 55.374554046504592, 24.766035435998283 ], [ 55.374553339434897, 24.766034727619619 ], [ 55.374552559303709, 24.766034085582625 ], [ 55.374551713624115, 24.766033516070468 ], [ 55.374550810540477, 24.766033024567854 ], [ 55.374549858749972, 24.766032615808228 ], [ 55.374548867418881, 24.76603229372817 ], [ 55.374547846094245, 24.766032061429481 ], [ 55.374546804611995, 24.766031921149327 ], [ 55.374545753002167, 24.766031874238685 ], [ 55.374535024166107, 24.766031874238685 ], [ 55.374533937621003, 24.7660319243261 ], [ 55.374532862248536, 24.766032074073308 ], [ 55.374531809106479, 24.7660323219405 ], [ 55.374530789023986, 24.76603266537893 ], [ 55.374529812490294, 24.766033100857111 ], [ 55.374528889546824, 24.76603362389714 ], [ 55.374528029683944, 24.766034229120748 ], [ 55.374527241743401, 24.76603491030458 ], [ 55.374526533827357, 24.766035660444214 ], [ 55.374525913215123, 24.766036471826173 ], [ 55.374525386288276, 24.766037336107239 ], [ 55.374524958465074, 24.766038244400246 ], [ 55.374524634144692, 24.766039187365468 ], [ 55.374524416662027, 24.766040155306662 ], [ 55.374524308253399, 24.766041138270747 ], [ 55.374524282996994, 24.766041605091853 ] ], [ [ 55.374427723472458, 24.766061089195635 ], [ 55.37442720936648, 24.766061112129083 ], [ 55.374426194125057, 24.766061201497202 ], [ 55.374425192818101, 24.766061378004927 ], [ 55.374424214495903, 24.766061640056908 ], [ 55.374423268001031, 24.76606198528458 ], [ 55.374422361888357, 24.76606241056761 ], [ 55.374421504347772, 24.766062912062083 ], [ 55.374420703130156, 24.766063485235247 ], [ 55.374419965477294, 24.766064124906478 ], [ 55.374419298056459, 24.766064825294123 ], [ 55.374418706900123, 24.766065580067728 ], [ 55.374418197351453, 24.766066382405288 ], [ 55.374417774015996, 24.766067225054876 ], [ 55.374417440720059, 24.766068100400215 ], [ 55.374417200476145, 24.766069000529509 ], [ 55.374417055455687, 24.766069917306947 ], [ 55.374417006969452, 24.766070842446247 ], [ 55.374417006969452, 24.766100068601919 ], [ 55.374417058631728, 24.766101023489984 ], [ 55.374417213121028, 24.766101969181957 ], [ 55.374417468949531, 24.766102896570306 ], [ 55.374417823653467, 24.766103796723772 ], [ 55.37441827381685, 24.76610466097339 ], [ 55.374418815104356, 24.766105480995957 ], [ 55.374419442303086, 24.766106248894211 ], [ 55.374420149372781, 24.766106957272871 ], [ 55.37442092950397, 24.766107599309866 ], [ 55.374421775183563, 24.766108168822026 ], [ 55.374422678267202, 24.76610866032464 ], [ 55.374423630057706, 24.766109069084266 ], [ 55.374424621388798, 24.766109391164324 ], [ 55.374425642713433, 24.766109623463013 ], [ 55.374426684195683, 24.766109763743167 ], [ 55.374427735805511, 24.766109810653809 ], [ 55.374449193477631, 24.766109810653809 ], [ 55.374450280022735, 24.766109760566394 ], [ 55.374451355395202, 24.766109610819186 ], [ 55.374452408537259, 24.766109362951994 ], [ 55.374453428619752, 24.766109019513564 ], [ 55.374454405153443, 24.766108584035383 ], [ 55.374455328096914, 24.766108060995354 ], [ 55.374456187959794, 24.766107455771746 ], [ 55.374456975900337, 24.766106774587914 ], [ 55.374457683816381, 24.76610602444828 ], [ 55.374458304428614, 24.766105213066322 ], [ 55.374458831355462, 24.766104348785255 ], [ 55.374459259178664, 24.766103440492248 ], [ 55.374459583499046, 24.766102497527022 ], [ 55.374459800981711, 24.766101529585832 ], [ 55.374459909390339, 24.766100546621747 ], [ 55.374459934646744, 24.766100079800641 ], [ 55.374460185691831, 24.766100068601919 ], [ 55.37447065114975, 24.766100068601919 ], [ 55.374471737694854, 24.766100018514503 ], [ 55.374472813067321, 24.766099868767295 ], [ 55.374473866209378, 24.766099620900103 ], [ 55.374474886291871, 24.766099277461674 ], [ 55.374475862825562, 24.766098841983492 ], [ 55.374476785769033, 24.766098318943463 ], [ 55.374477645631913, 24.766097713719855 ], [ 55.374478433572456, 24.766097032536024 ], [ 55.3744791414885, 24.76609628239639 ], [ 55.374479762100734, 24.766095471014431 ], [ 55.374480289027581, 24.766094606733365 ], [ 55.374480716850783, 24.766093698440358 ], [ 55.374481041171165, 24.766092755475132 ], [ 55.37448125865383, 24.766091787533941 ], [ 55.374481367062458, 24.766090804569856 ], [ 55.374481392767464, 24.766090329457196 ], [ 55.374481463778622, 24.766090193125869 ], [ 55.374481800686702, 24.766089620787987 ], [ 55.374482203605695, 24.766088737522516 ], [ 55.37448250924006, 24.766087822649602 ], [ 55.374482714646383, 24.766086884979977 ], [ 55.374482817846477, 24.766085933543913 ], [ 55.374482817846477, 24.766084977504253 ], [ 55.374482714646383, 24.766084026068185 ], [ 55.37448250924006, 24.76608308839856 ], [ 55.374482203605695, 24.76608217352565 ], [ 55.374481800686702, 24.766081290260175 ], [ 55.374481463778622, 24.766080717922293 ], [ 55.374481392767464, 24.76608058159097 ], [ 55.374481367062458, 24.766080106478309 ], [ 55.374481263862357, 24.766079155042242 ], [ 55.374481058456041, 24.766078217372616 ], [ 55.374480752821668, 24.766077302499703 ], [ 55.374480349902676, 24.766076419234231 ], [ 55.374479853579388, 24.766075576082525 ], [ 55.374479268631674, 24.766074781164601 ], [ 55.374478600692903, 24.766074042135951 ], [ 55.374477856195682, 24.766073366113826 ], [ 55.374477042309927, 24.766072759608686 ], [ 55.374476166873812, 24.76607222846151 ], [ 55.374475238318254, 24.766071777787534 ], [ 55.374474265585754, 24.766071411926998 ], [ 55.374473258044269, 24.766071134403333 ], [ 55.374472225396957, 24.766070947889247 ], [ 55.374471177588781, 24.766070854180974 ], [ 55.374470663482803, 24.766070831247525 ], [ 55.37447065114975, 24.766070603292295 ], [ 55.37447065114975, 24.766051358342466 ], [ 55.374470599487474, 24.766050403454397 ], [ 55.374470444998174, 24.766049457762424 ], [ 55.374470189169671, 24.766048530374078 ], [ 55.374469834465735, 24.766047630220609 ], [ 55.374469384302351, 24.766046765970994 ], [ 55.374468843014846, 24.766045945948427 ], [ 55.374468215816115, 24.766045178050174 ], [ 55.37446750874642, 24.76604446967151 ], [ 55.374466728615232, 24.766043827634515 ], [ 55.374465882935638, 24.766043258122359 ], [ 55.374464979852, 24.766042766619744 ], [ 55.374464028061496, 24.766042357860119 ], [ 55.374463036730404, 24.76604203578006 ], [ 55.374462015405769, 24.766041803481372 ], [ 55.374460973923519, 24.766041663201218 ], [ 55.37445992231369, 24.766041616290575 ], [ 55.374449456855771, 24.766041616290575 ], [ 55.374449196679265, 24.766041604684514 ], [ 55.374449046538778, 24.766041540204601 ], [ 55.374448416228105, 24.76604123428363 ], [ 55.374447443495605, 24.76604086842309 ], [ 55.37444643595412, 24.766040590899429 ], [ 55.374445403306808, 24.766040404385343 ], [ 55.374444355498632, 24.76604031067707 ], [ 55.37444330262057, 24.76604031067707 ], [ 55.374442254812394, 24.766040404385343 ], [ 55.374441222165082, 24.766040590899429 ], [ 55.374440214623597, 24.76604086842309 ], [ 55.374439241891096, 24.76604123428363 ], [ 55.374438611580423, 24.766041540204601 ], [ 55.374438461439937, 24.766041604684514 ], [ 55.37443793820254, 24.766041628025302 ], [ 55.374436922961117, 24.766041717393421 ], [ 55.374435921654161, 24.766041893901146 ], [ 55.374434943331963, 24.766042155953127 ], [ 55.374433996837091, 24.766042501180799 ], [ 55.374433090724416, 24.766042926463829 ], [ 55.374432233183832, 24.766043427958301 ], [ 55.374431431966215, 24.766044001131466 ], [ 55.374430694313354, 24.766044640802697 ], [ 55.374430026892519, 24.766045341190342 ], [ 55.374429435736182, 24.766046095963947 ], [ 55.374428926187512, 24.766046898301507 ], [ 55.374428502852055, 24.766047740951095 ], [ 55.374428169556118, 24.766048616296434 ], [ 55.374427929312205, 24.766049516425728 ], [ 55.374427784291747, 24.766050433203166 ], [ 55.374427735805511, 24.766051358342466 ], [ 55.374427735805511, 24.766060861240405 ], [ 55.374427723472458, 24.766061089195635 ] ], [ [ 55.373515772407394, 24.766109821852531 ], [ 55.373515797663799, 24.766110288673637 ], [ 55.373515896084122, 24.766111210538277 ], [ 55.373516090470531, 24.766112119750076 ], [ 55.373516379066068, 24.766113008091136 ], [ 55.373516759262266, 24.766113867532191 ], [ 55.373517227622727, 24.766114690305198 ], [ 55.373517779914181, 24.766115468973528 ], [ 55.373518411144744, 24.766116196499198 ], [ 55.373519115609049, 24.766116866306472 ], [ 55.373519886939796, 24.76611747234131 ], [ 55.373520718165331, 24.766118009126068 ], [ 55.37352160177263, 24.766118471809026 ], [ 55.373522529775208, 24.766118856208227 ], [ 55.373523493785335, 24.766119158849282 ], [ 55.373524485089803, 24.766119376996777 ], [ 55.373525494728732, 24.766119508678983 ], [ 55.373526513576508, 24.7661195527057 ], [ 55.373547971248627, 24.7661195527057 ], [ 55.373548990096403, 24.766119508678983 ], [ 55.373549999735332, 24.766119376996777 ], [ 55.373550991039799, 24.766119158849282 ], [ 55.373551955049926, 24.766118856208227 ], [ 55.373552883052504, 24.766118471809026 ], [ 55.373553766659803, 24.766118009126068 ], [ 55.373554597885338, 24.76611747234131 ], [ 55.373555369216085, 24.766116866306472 ], [ 55.37355607368039, 24.766116196499198 ], [ 55.373556704910953, 24.766115468973528 ], [ 55.373557257202407, 24.766114690305198 ], [ 55.373557725562868, 24.766113867532191 ], [ 55.373558105759066, 24.766113008091136 ], [ 55.373558394354603, 24.766112119750076 ], [ 55.373558588741012, 24.766111210538277 ], [ 55.373558687161335, 24.766110288673637 ], [ 55.37355871241774, 24.766109821852531 ], [ 55.373558963462827, 24.766109810653809 ], [ 55.373590886592865, 24.766109810653809 ], [ 55.373591905440641, 24.766109766627093 ], [ 55.37359291507957, 24.766109634944886 ], [ 55.373593906384038, 24.766109416797391 ], [ 55.373594870394165, 24.766109114156336 ], [ 55.373595798396742, 24.766108729757136 ], [ 55.373596682004042, 24.766108267074177 ], [ 55.373597513229576, 24.76610773028942 ], [ 55.373598284560323, 24.766107124254582 ], [ 55.373598989024629, 24.766106454447307 ], [ 55.373599620255192, 24.766105726921637 ], [ 55.373600172546645, 24.766104948253307 ], [ 55.373600640907107, 24.7661041254803 ], [ 55.373601021103305, 24.766103266039245 ], [ 55.373601309698842, 24.766102377698186 ], [ 55.373601504085251, 24.766101468486386 ], [ 55.373601602505573, 24.766100546621747 ], [ 55.373601627761978, 24.766100079800641 ], [ 55.373601878807065, 24.766100068601919 ], [ 55.373612080886844, 24.766100068601919 ], [ 55.37361233193193, 24.766100079800641 ], [ 55.373612357188335, 24.766100546621747 ], [ 55.373612455608658, 24.766101468486386 ], [ 55.373612649995067, 24.766102377698186 ], [ 55.373612938590604, 24.766103266039245 ], [ 55.373613318786802, 24.7661041254803 ], [ 55.373613787147264, 24.766104948253307 ], [ 55.373614339438717, 24.766105726921637 ], [ 55.37361497066928, 24.766106454447307 ], [ 55.373615675133586, 24.766107124254582 ], [ 55.373616446464332, 24.76610773028942 ], [ 55.373617277689867, 24.766108267074177 ], [ 55.373618161297166, 24.766108729757136 ], [ 55.373619089299744, 24.766109114156336 ], [ 55.373620053309871, 24.766109416797391 ], [ 55.373621044614339, 24.766109634944886 ], [ 55.373622054253268, 24.766109766627093 ], [ 55.373623073101044, 24.766109810653809 ], [ 55.373633801937103, 24.766109810653809 ], [ 55.373634853546932, 24.766109763743167 ], [ 55.373635895029182, 24.766109623463013 ], [ 55.373636916353817, 24.766109391164324 ], [ 55.373637907684909, 24.766109069084266 ], [ 55.373638859475413, 24.76610866032464 ], [ 55.373639762559051, 24.766108168822026 ], [ 55.373640608238645, 24.766107599309866 ], [ 55.373641388369833, 24.766106957272871 ], [ 55.373642095439529, 24.766106248894211 ], [ 55.373642722638259, 24.766105480995957 ], [ 55.373643263925764, 24.76610466097339 ], [ 55.373643714089148, 24.766103796723772 ], [ 55.373644068793084, 24.766102896570306 ], [ 55.373644324621587, 24.766101969181957 ], [ 55.373644479110887, 24.766101023489984 ], [ 55.373644530773163, 24.766100068601919 ], [ 55.373644530773163, 24.766061100394356 ], [ 55.373644479110887, 24.766060145506287 ], [ 55.373644324621587, 24.766059199814315 ], [ 55.373644068793084, 24.766058272425969 ], [ 55.373643714089148, 24.766057372272499 ], [ 55.373643263925764, 24.766056508022885 ], [ 55.373642722638259, 24.766055688000318 ], [ 55.373642095439529, 24.766054920102064 ], [ 55.373641388369833, 24.7660542117234 ], [ 55.373640608238645, 24.766053569686406 ], [ 55.373639762559051, 24.766053000174249 ], [ 55.373638859475413, 24.766052508671635 ], [ 55.373637907684909, 24.76605209991201 ], [ 55.373636916353817, 24.766051777831951 ], [ 55.373635895029182, 24.766051545533262 ], [ 55.373634853546932, 24.766051405253108 ], [ 55.373633801937103, 24.766051358342466 ], [ 55.373612344264984, 24.766051358342466 ], [ 55.373611325417208, 24.766051402369179 ], [ 55.373610315778279, 24.766051534051389 ], [ 55.373609324473811, 24.766051752198884 ], [ 55.373608360463685, 24.766052054839939 ], [ 55.373607432461107, 24.766052439239139 ], [ 55.373606548853807, 24.766052901922098 ], [ 55.373605717628273, 24.766053438706855 ], [ 55.373604946297526, 24.766054044741693 ], [ 55.37360424183322, 24.766054714548968 ], [ 55.373603610602657, 24.766055442074638 ], [ 55.373603058311204, 24.766056220742968 ], [ 55.373602589950742, 24.766057043515971 ], [ 55.373602209754544, 24.76605790295703 ], [ 55.373601921159008, 24.766058791298086 ], [ 55.373601726772598, 24.766059700509885 ], [ 55.373601628352276, 24.766060622374528 ], [ 55.373601603095871, 24.766061089195635 ], [ 55.373601352050784, 24.766061100394356 ], [ 55.373580421134946, 24.766061100394356 ], [ 55.37358016095844, 24.766061088788295 ], [ 55.373580010817953, 24.766061024308382 ], [ 55.37357938050728, 24.766060718387411 ], [ 55.373578407774779, 24.766060352526871 ], [ 55.373577400233295, 24.76606007500321 ], [ 55.373576367585983, 24.766059888489124 ], [ 55.373575319777807, 24.766059794780851 ], [ 55.373574266899745, 24.766059794780851 ], [ 55.373573219091568, 24.766059888489124 ], [ 55.373572186444257, 24.76606007500321 ], [ 55.373571178902772, 24.766060352526871 ], [ 55.373570206170271, 24.766060718387411 ], [ 55.373569575859598, 24.766061024308382 ], [ 55.373569425719111, 24.766061088788295 ], [ 55.373568902481715, 24.766061112129083 ], [ 55.373567854673539, 24.766061205837357 ], [ 55.373566822026227, 24.766061392351443 ], [ 55.373565814484742, 24.766061669875107 ], [ 55.373564841752241, 24.766062035735644 ], [ 55.373563913196683, 24.76606248640962 ], [ 55.373563037760569, 24.766063017556796 ], [ 55.373562223874814, 24.766063624061935 ], [ 55.373561479377592, 24.766064300084061 ], [ 55.373560811438821, 24.766065039112711 ], [ 55.373560226491108, 24.766065834030634 ], [ 55.37355973016782, 24.766066677182341 ], [ 55.373559327248827, 24.766067560447812 ], [ 55.373559021614454, 24.766068475320726 ], [ 55.373558816208138, 24.766069412990351 ], [ 55.373558713008038, 24.766070364426419 ], [ 55.373558687751633, 24.766070831247525 ], [ 55.373558173645655, 24.766070854180974 ], [ 55.373557125837479, 24.766070947889247 ], [ 55.373556093190167, 24.766071134403333 ], [ 55.373555085648682, 24.766071411926998 ], [ 55.373554112916182, 24.766071777787534 ], [ 55.373553184360624, 24.76607222846151 ], [ 55.373552308924509, 24.766072759608686 ], [ 55.373551495038754, 24.766073366113826 ], [ 55.373550750541533, 24.766074042135951 ], [ 55.373550082602762, 24.766074781164601 ], [ 55.373549497655048, 24.766075576082525 ], [ 55.37354900133176, 24.766076419234231 ], [ 55.373548598412768, 24.766077302499703 ], [ 55.373548292778395, 24.766078217372616 ], [ 55.373548087372079, 24.766079155042242 ], [ 55.373547984171978, 24.766080106478309 ], [ 55.373547958915573, 24.766080573299416 ], [ 55.373547707870486, 24.766080584498138 ], [ 55.373526513576508, 24.766080584498138 ], [ 55.373525494728732, 24.76608062852485 ], [ 55.373524485089803, 24.766080760207061 ], [ 55.373523493785335, 24.766080978354555 ], [ 55.373522529775208, 24.766081280995611 ], [ 55.37352160177263, 24.766081665394811 ], [ 55.373520718165331, 24.76608212807777 ], [ 55.373519886939796, 24.766082664862527 ], [ 55.373519115609049, 24.766083270897365 ], [ 55.373518411144744, 24.76608394070464 ], [ 55.373517779914181, 24.76608466823031 ], [ 55.373517227622727, 24.766085446898639 ], [ 55.373516759262266, 24.766086269671643 ], [ 55.373516379066068, 24.766087129112702 ], [ 55.373516090470531, 24.766088017453757 ], [ 55.373515896084122, 24.766088926665557 ], [ 55.373515797663799, 24.7660898485302 ], [ 55.373515772407394, 24.766090315351306 ], [ 55.373515258301417, 24.766090338284755 ], [ 55.373514210493241, 24.766090431993028 ], [ 55.373513177845929, 24.766090618507114 ], [ 55.373512170304444, 24.766090896030779 ], [ 55.373511197571943, 24.766091261891315 ], [ 55.373510269016386, 24.766091712565292 ], [ 55.373509393580271, 24.766092243712468 ], [ 55.373508579694516, 24.766092850217607 ], [ 55.373507835197294, 24.766093526239732 ], [ 55.373507167258524, 24.766094265268382 ], [ 55.37350658231081, 24.766095060186306 ], [ 55.373506085987522, 24.766095903338012 ], [ 55.373505683068529, 24.766096786603484 ], [ 55.373505377434157, 24.766097701476397 ], [ 55.373505172027841, 24.766098639146023 ], [ 55.37350506882774, 24.76609959058209 ], [ 55.37350506882774, 24.766100546621747 ], [ 55.373505172027841, 24.766101498057814 ], [ 55.373505377434157, 24.76610243572744 ], [ 55.373505683068529, 24.76610335060035 ], [ 55.373506085987522, 24.766104233865825 ], [ 55.37350658231081, 24.766105077017528 ], [ 55.373507167258524, 24.766105871935455 ], [ 55.373507835197294, 24.766106610964105 ], [ 55.373508579694516, 24.76610728698623 ], [ 55.373509393580271, 24.76610789349137 ], [ 55.373510269016386, 24.766108424638546 ], [ 55.373511197571943, 24.766108875312518 ], [ 55.373512170304444, 24.766109241173059 ], [ 55.373513177845929, 24.766109518696723 ], [ 55.373514210493241, 24.766109705210805 ], [ 55.373515258301417, 24.766109798919082 ], [ 55.373515772407394, 24.766109821852531 ] ], [ [ 55.373279666554325, 24.766070709022088 ], [ 55.373279737565483, 24.766070845353415 ], [ 55.373279750347137, 24.766071081600199 ], [ 55.373279750347137, 24.766080584498138 ], [ 55.373279798833373, 24.766081509637438 ], [ 55.373279943853831, 24.766082426414876 ], [ 55.373280184097744, 24.76608332654417 ], [ 55.373280517393681, 24.766084201889509 ], [ 55.373280940729138, 24.766085044539096 ], [ 55.373281450277808, 24.766085846876653 ], [ 55.373282041434145, 24.766086601650262 ], [ 55.37328270885498, 24.766087302037903 ], [ 55.373283446507841, 24.766087941709138 ], [ 55.373284247725458, 24.766088514882302 ], [ 55.373285105266042, 24.766089016376775 ], [ 55.373286011378717, 24.766089441659805 ], [ 55.373286957873589, 24.766089786887477 ], [ 55.373287936195787, 24.766090048939454 ], [ 55.373288937502743, 24.766090225447183 ], [ 55.373289952744166, 24.766090314815301 ], [ 55.373290466850143, 24.76609033774875 ], [ 55.373290492106548, 24.766090804569856 ], [ 55.373290595306649, 24.766091756005924 ], [ 55.373290800712965, 24.766092693675549 ], [ 55.373291106347338, 24.766093608548459 ], [ 55.37329150926633, 24.766094491813934 ], [ 55.373292005589619, 24.766095334965637 ], [ 55.373292590537332, 24.766096129883564 ], [ 55.373293258476103, 24.766096868912214 ], [ 55.373294002973324, 24.76609754493434 ], [ 55.37329481685908, 24.766098151439479 ], [ 55.373295692295194, 24.766098682586655 ], [ 55.373296620850752, 24.766099133260628 ], [ 55.373297593583253, 24.766099499121168 ], [ 55.373298601124738, 24.766099776644833 ], [ 55.373299633772049, 24.766099963158915 ], [ 55.373300681580226, 24.766100056867192 ], [ 55.373301734458288, 24.766100056867192 ], [ 55.373302782266464, 24.766099963158915 ], [ 55.373303814913776, 24.766099776644833 ], [ 55.37330482245526, 24.766099499121168 ], [ 55.373305795187761, 24.766099133260628 ], [ 55.373306723743319, 24.766098682586655 ], [ 55.373307599179434, 24.766098151439479 ], [ 55.373308413065189, 24.76609754493434 ], [ 55.37330915756241, 24.766096868912214 ], [ 55.373309825501181, 24.766096129883564 ], [ 55.373310410448894, 24.766095334965637 ], [ 55.373310906772183, 24.766094491813934 ], [ 55.373311309691175, 24.766093608548459 ], [ 55.373311615325548, 24.766092693675549 ], [ 55.373311820731864, 24.766091756005924 ], [ 55.373311923931965, 24.766090804569856 ], [ 55.37331194918837, 24.76609033774875 ], [ 55.373312200233457, 24.766090326550028 ], [ 55.373333131149295, 24.766090326550028 ], [ 55.373333382194382, 24.76609033774875 ], [ 55.373333407450787, 24.766090804569856 ], [ 55.373333505871109, 24.766091726434496 ], [ 55.373333700257518, 24.766092635646295 ], [ 55.373333988853055, 24.766093523987355 ], [ 55.373334369049253, 24.76609438342841 ], [ 55.373334837409715, 24.766095206201417 ], [ 55.373335389701168, 24.766095984869747 ], [ 55.373336020931731, 24.766096712395417 ], [ 55.373336725396037, 24.766097382202691 ], [ 55.373337496726784, 24.766097988237529 ], [ 55.373338327952318, 24.766098525022286 ], [ 55.373339211559617, 24.766098987705245 ], [ 55.373340139562195, 24.766099372104446 ], [ 55.373341103572322, 24.766099674745501 ], [ 55.37334209487679, 24.766099892892996 ], [ 55.373343104515719, 24.766100024575202 ], [ 55.373344123363495, 24.766100068601919 ], [ 55.373354588821414, 24.766100068601919 ], [ 55.373354839866501, 24.766100079800641 ], [ 55.373354865122906, 24.766100546621747 ], [ 55.373354963543228, 24.766101468486386 ], [ 55.373355157929637, 24.766102377698186 ], [ 55.373355446525174, 24.766103266039245 ], [ 55.373355826721372, 24.7661041254803 ], [ 55.373356295081834, 24.766104948253307 ], [ 55.373356847373287, 24.766105726921637 ], [ 55.37335747860385, 24.766106454447307 ], [ 55.373358183068156, 24.766107124254582 ], [ 55.373358954398903, 24.76610773028942 ], [ 55.373359785624437, 24.766108267074177 ], [ 55.373360669231737, 24.766108729757136 ], [ 55.373361597234315, 24.766109114156336 ], [ 55.373362561244441, 24.766109416797391 ], [ 55.373363552548909, 24.766109634944886 ], [ 55.373364562187838, 24.766109766627093 ], [ 55.373365581035614, 24.766109810653809 ], [ 55.373376309871674, 24.766109810653809 ], [ 55.373377345101694, 24.766109765196539 ], [ 55.373378370670764, 24.766109629248945 ], [ 55.373379377008092, 24.76610940407971 ], [ 55.373380354722372, 24.76610909179016 ], [ 55.373381294689388, 24.76610869529463 ], [ 55.373382188137214, 24.766108218293287 ], [ 55.373383026728028, 24.766107665237591 ], [ 55.373383802635963, 24.766107041288759 ], [ 55.373384508620099, 24.766106352269585 ], [ 55.373385138092083, 24.766105604610122 ], [ 55.373385685177553, 24.766104805287657 ], [ 55.373386144771025, 24.766103961761608 ], [ 55.373386512583494, 24.766103081903911 ], [ 55.373386785182454, 24.76610217392555 ], [ 55.373386960023979, 24.766101246299936 ], [ 55.373387035476405, 24.766100307683839 ], [ 55.373387010835607, 24.766099366836588 ], [ 55.373386886331538, 24.766098432538335 ], [ 55.373386663126084, 24.766097513508115 ], [ 55.373386343302236, 24.766096618322475 ], [ 55.373385929844659, 24.766095755335453 ], [ 55.373385426611797, 24.766094932600591 ], [ 55.373384838299913, 24.766094157795795 ], [ 55.373384170399241, 24.766093438151682 ], [ 55.373383429142748, 24.766092780384092 ], [ 55.373382621447959, 24.766092190631436 ], [ 55.373381754852439, 24.766091674397384 ], [ 55.373380837443399, 24.76609123649952 ], [ 55.373379877782263, 24.76609088102439 ], [ 55.373378884824753, 24.76609061128935 ], [ 55.373377867837334, 24.766090429811609 ], [ 55.373376836310705, 24.766090338284755 ], [ 55.373376322204727, 24.766090315351306 ], [ 55.373376296948322, 24.7660898485302 ], [ 55.373376193748221, 24.766088897094132 ], [ 55.373375988341905, 24.766087959424507 ], [ 55.373375682707533, 24.766087044551593 ], [ 55.37337527978854, 24.766086161286122 ], [ 55.373374783465252, 24.766085318134415 ], [ 55.373374198517539, 24.766084523216492 ], [ 55.373373530578768, 24.766083784187842 ], [ 55.373372786081546, 24.766083108165716 ], [ 55.373371972195791, 24.766082501660577 ], [ 55.373371096759676, 24.766081970513401 ], [ 55.373370168204119, 24.766081519839425 ], [ 55.373369195471618, 24.766081153978888 ], [ 55.373368187930133, 24.766080876455224 ], [ 55.373367155282821, 24.766080689941138 ], [ 55.373366107474645, 24.766080596232865 ], [ 55.373365593368668, 24.766080573299416 ], [ 55.373365568112263, 24.766080106478309 ], [ 55.373365464912162, 24.766079155042242 ], [ 55.373365259505846, 24.766078217372616 ], [ 55.373364953871473, 24.766077302499703 ], [ 55.373364550952481, 24.766076419234231 ], [ 55.373364054629192, 24.766075576082525 ], [ 55.373363469681479, 24.766074781164601 ], [ 55.373362801742708, 24.766074042135951 ], [ 55.373362057245487, 24.766073366113826 ], [ 55.373361243359732, 24.766072759608686 ], [ 55.373360367923617, 24.76607222846151 ], [ 55.373359439368059, 24.766071777787534 ], [ 55.373358466635558, 24.766071411926998 ], [ 55.373357459094073, 24.766071134403333 ], [ 55.373356426446762, 24.766070947889247 ], [ 55.373355378638585, 24.766070854180974 ], [ 55.373354864532608, 24.766070831247525 ], [ 55.373354839276203, 24.766070364426419 ], [ 55.373354740855881, 24.766069442561776 ], [ 55.373354546469471, 24.766068533349976 ], [ 55.373354257873935, 24.766067645008921 ], [ 55.373353877677737, 24.766066785567862 ], [ 55.373353409317275, 24.766065962794858 ], [ 55.373352857025822, 24.766065184126528 ], [ 55.373352225795259, 24.766064456600859 ], [ 55.373351521330953, 24.766063786793584 ], [ 55.373350750000206, 24.766063180758746 ], [ 55.373349918774672, 24.766062643973989 ], [ 55.373349035167372, 24.76606218129103 ], [ 55.373348107164794, 24.76606179689183 ], [ 55.373347143154668, 24.766061494250774 ], [ 55.3733461518502, 24.766061276103279 ], [ 55.373345142211271, 24.766061144421069 ], [ 55.373344123363495, 24.766061100394356 ], [ 55.373301471397397, 24.766061100394356 ], [ 55.37330122035231, 24.766061089195635 ], [ 55.373301195095905, 24.766060622374528 ], [ 55.373301091895804, 24.766059670938461 ], [ 55.373300886489488, 24.766058733268835 ], [ 55.373300580855116, 24.766057818395922 ], [ 55.373300177936123, 24.76605693513045 ], [ 55.373299681612835, 24.766056091978744 ], [ 55.373299096665122, 24.76605529706082 ], [ 55.373298428726351, 24.76605455803217 ], [ 55.373297684229129, 24.766053882010045 ], [ 55.373296870343374, 24.766053275504905 ], [ 55.373295994907259, 24.766052744357729 ], [ 55.373295066351702, 24.766052293683753 ], [ 55.373294093619201, 24.766051927823217 ], [ 55.373293086077716, 24.766051650299552 ], [ 55.373292053430404, 24.766051463785466 ], [ 55.373291005622228, 24.766051370077193 ], [ 55.373289952744166, 24.766051370077193 ], [ 55.37328890493599, 24.766051463785466 ], [ 55.373287872288678, 24.766051650299552 ], [ 55.373286864747193, 24.766051927823217 ], [ 55.373285892014692, 24.766052293683753 ], [ 55.373284963459135, 24.766052744357729 ], [ 55.37328408802302, 24.766053275504905 ], [ 55.373283274137265, 24.766053882010045 ], [ 55.373282529640043, 24.76605455803217 ], [ 55.373281861701273, 24.76605529706082 ], [ 55.373281276753559, 24.766056091978744 ], [ 55.373280780430271, 24.76605693513045 ], [ 55.373280377511279, 24.766057818395922 ], [ 55.373280071876906, 24.766058733268835 ], [ 55.37327986647059, 24.766059670938461 ], [ 55.373279763270489, 24.766060622374528 ], [ 55.373279737565483, 24.766061097487189 ], [ 55.373279666554325, 24.766061233818512 ], [ 55.373279329646245, 24.766061806156394 ], [ 55.373278926727252, 24.766062689421869 ], [ 55.373278621092886, 24.766063604294782 ], [ 55.373278415686563, 24.766064541964404 ], [ 55.37327831248647, 24.766065493400472 ], [ 55.37327831248647, 24.766066449440132 ], [ 55.373278415686563, 24.766067400876196 ], [ 55.373278621092886, 24.766068338545821 ], [ 55.373278926727252, 24.766069253418735 ], [ 55.373279329646245, 24.766070136684206 ], [ 55.373279666554325, 24.766070709022088 ] ], [ [ 55.373247563838959, 24.766207231172714 ], [ 55.373247613900652, 24.766208171187504 ], [ 55.373247763618544, 24.766209102429908 ], [ 55.373248011595436, 24.766210016209413 ], [ 55.373248355517177, 24.766210903998466 ], [ 55.373248792174216, 24.766211757512064 ], [ 55.373249317491599, 24.766212568785068 ], [ 55.37324992656697, 24.766213330246536 ], [ 55.37325061371633, 24.766214034790373 ], [ 55.373251372527086, 24.766214675841656 ], [ 55.373252195917878, 24.766215247417982 ], [ 55.373253076204676, 24.766215744185295 ], [ 55.373254005172491, 24.766216161507682 ], [ 55.37325497415204, 24.766216495490614 ], [ 55.373255974100623, 24.766216743017299 ], [ 55.373256995686546, 24.766216901777785 ], [ 55.373258029376203, 24.766216970290479 ], [ 55.373259065523001, 24.766216947916018 ], [ 55.37326009445745, 24.766216834863201 ], [ 55.373261106577353, 24.766216632187056 ], [ 55.373262092437422, 24.766216341778996 ], [ 55.373263042837436, 24.766215966349154 ], [ 55.373263948908104, 24.76621550940111 ], [ 55.373264802193809, 24.766214975199187 ], [ 55.373265594731542, 24.766214368728647 ], [ 55.373266319125207, 24.766213695649178 ], [ 55.373266968614622, 24.766212962242083 ], [ 55.373267537138638, 24.76621217535164 ], [ 55.373268019391702, 24.766211342321249 ], [ 55.373268410873337, 24.7662104709249 ], [ 55.373268707930166, 24.766209569294613 ], [ 55.373268907790006, 24.766208645844561 ], [ 55.373269008587727, 24.766207709192543 ], [ 55.373269033844132, 24.766207242371436 ], [ 55.373269284889219, 24.766207231172714 ], [ 55.373279486968997, 24.766207231172714 ], [ 55.373279738014084, 24.766207242371436 ], [ 55.373279763270489, 24.766207709192543 ], [ 55.373279864068209, 24.766208645844561 ], [ 55.37328006392805, 24.766209569294613 ], [ 55.373280360984879, 24.7662104709249 ], [ 55.373280752466513, 24.766211342321249 ], [ 55.373281234719578, 24.76621217535164 ], [ 55.373281803243593, 24.766212962242083 ], [ 55.373282452733008, 24.766213695649178 ], [ 55.373283177126673, 24.766214368728647 ], [ 55.373283969664406, 24.766214975199187 ], [ 55.373284822950112, 24.76621550940111 ], [ 55.373285729020779, 24.766215966349154 ], [ 55.373286679420794, 24.766216341778996 ], [ 55.373287665280863, 24.766216632187056 ], [ 55.373288677400765, 24.766216834863201 ], [ 55.373289706335214, 24.766216947916018 ], [ 55.373290742482013, 24.766216970290479 ], [ 55.373291776171669, 24.766216901777785 ], [ 55.373292797757593, 24.766216743017299 ], [ 55.373293797706175, 24.766216495490614 ], [ 55.373294766685724, 24.766216161507682 ], [ 55.373295695653539, 24.766215744185295 ], [ 55.373296575940337, 24.766215247417982 ], [ 55.373297399331129, 24.766214675841656 ], [ 55.373298158141885, 24.766214034790373 ], [ 55.373298845291245, 24.766213330246536 ], [ 55.373299454366617, 24.766212568785068 ], [ 55.373299979683999, 24.766211757512064 ], [ 55.373300416341038, 24.766210903998466 ], [ 55.373300760262779, 24.766210016209413 ], [ 55.373301008239672, 24.766209102429908 ], [ 55.373301157957563, 24.766208171187504 ], [ 55.373301208019257, 24.766207231172714 ], [ 55.373301208019257, 24.766178244170991 ], [ 55.37330122035231, 24.766178016215765 ], [ 55.373301734458288, 24.766177993282312 ], [ 55.373302749699711, 24.766177903914198 ], [ 55.373303751006667, 24.766177727406468 ], [ 55.373304729328865, 24.766177465354492 ], [ 55.373305675823737, 24.766177120126819 ], [ 55.373306581936411, 24.766176694843789 ], [ 55.373307439476996, 24.766176193349317 ], [ 55.373308240694612, 24.766175620176153 ], [ 55.373308978347474, 24.766174980504918 ], [ 55.373309645768309, 24.766174280117276 ], [ 55.373310236924645, 24.766173525343667 ], [ 55.373310746473315, 24.766172723006111 ], [ 55.373311169808773, 24.766171880356524 ], [ 55.373311503104709, 24.766171005011181 ], [ 55.373311743348623, 24.766170104881887 ], [ 55.373311888369081, 24.766169188104453 ], [ 55.373311936855316, 24.766168262965152 ], [ 55.373311936855316, 24.766148778861371 ], [ 55.373311888369081, 24.766147853722071 ], [ 55.373311743348623, 24.766146936944633 ], [ 55.373311503104709, 24.766146036815339 ], [ 55.373311169808773, 24.76614516147 ], [ 55.373310746473315, 24.766144318820412 ], [ 55.373310236924645, 24.766143516482853 ], [ 55.373309645768309, 24.766142761709247 ], [ 55.373308978347474, 24.766142061321602 ], [ 55.373308240694612, 24.766141421650371 ], [ 55.373307439476996, 24.766140848477207 ], [ 55.373306581936411, 24.766140346982734 ], [ 55.373305675823737, 24.7661399216997 ], [ 55.373304729328865, 24.766139576472032 ], [ 55.373303751006667, 24.766139314420052 ], [ 55.373302749699711, 24.766139137912326 ], [ 55.373301734458288, 24.766139048544208 ], [ 55.37330122035231, 24.766139025610759 ], [ 55.373301195095905, 24.766138558789649 ], [ 55.373301096675583, 24.766137636925009 ], [ 55.373300902289174, 24.76613672771321 ], [ 55.373300613693637, 24.766135839372154 ], [ 55.373300233497439, 24.766134979931095 ], [ 55.373299765136977, 24.766134157158092 ], [ 55.373299212845524, 24.766133378489762 ], [ 55.373298581614961, 24.766132650964092 ], [ 55.373297877150655, 24.766131981156818 ], [ 55.373297105819908, 24.766131375121979 ], [ 55.373296274594374, 24.766130838337222 ], [ 55.373295390987074, 24.766130375654264 ], [ 55.373294462984497, 24.766129991255063 ], [ 55.37329349897437, 24.766129688614008 ], [ 55.373292507669902, 24.766129470466513 ], [ 55.373291498030973, 24.766129338784303 ], [ 55.373290479183197, 24.76612929475759 ], [ 55.373269021511078, 24.76612929475759 ], [ 55.373268002663302, 24.766129338784303 ], [ 55.373266993024373, 24.766129470466513 ], [ 55.373266001719905, 24.766129688614008 ], [ 55.373265037709778, 24.766129991255063 ], [ 55.3732641097072, 24.766130375654264 ], [ 55.373263226099901, 24.766130838337222 ], [ 55.373262394874367, 24.766131375121979 ], [ 55.37326162354362, 24.766131981156818 ], [ 55.373260919079314, 24.766132650964092 ], [ 55.373260287848751, 24.766133378489762 ], [ 55.373259735557298, 24.766134157158092 ], [ 55.373259267196836, 24.766134979931095 ], [ 55.373258887000638, 24.766135839372154 ], [ 55.373258598405101, 24.76613672771321 ], [ 55.373258404018692, 24.766137636925009 ], [ 55.37325830559837, 24.766138558789649 ], [ 55.373258280341965, 24.766139025610759 ], [ 55.373257766235987, 24.766139048544208 ], [ 55.373256750994564, 24.766139137912326 ], [ 55.373255749687608, 24.766139314420052 ], [ 55.37325477136541, 24.766139576472032 ], [ 55.373253824870538, 24.7661399216997 ], [ 55.373252918757863, 24.766140346982734 ], [ 55.373252061217279, 24.766140848477207 ], [ 55.373251259999662, 24.766141421650371 ], [ 55.373250522346801, 24.766142061321602 ], [ 55.373249854925966, 24.766142761709247 ], [ 55.37324926376963, 24.766143516482853 ], [ 55.37324875422096, 24.766144318820412 ], [ 55.373248330885502, 24.76614516147 ], [ 55.373247997589566, 24.766146036815339 ], [ 55.373247757345652, 24.766146936944633 ], [ 55.373247612325194, 24.766147853722071 ], [ 55.373247563838959, 24.766148778861371 ], [ 55.373247563838959, 24.766207231172714 ] ], [ [ 55.373000716816776, 24.76609993517776 ], [ 55.373000787827934, 24.766100071509086 ], [ 55.37300081353294, 24.766100546621747 ], [ 55.37300091433066, 24.766101483273765 ], [ 55.373001114190501, 24.766102406723817 ], [ 55.37300141124733, 24.766103308354104 ], [ 55.373001802728965, 24.766104179750453 ], [ 55.373002284982029, 24.766105012780844 ], [ 55.373002853506044, 24.766105799671287 ], [ 55.373003502995459, 24.766106533078386 ], [ 55.373004227389124, 24.766107206157852 ], [ 55.373005019926858, 24.766107812628391 ], [ 55.373005873212563, 24.766108346830315 ], [ 55.37300677928323, 24.766108803778359 ], [ 55.373007729683245, 24.7661091792082 ], [ 55.373008715543314, 24.766109469616261 ], [ 55.373009727663216, 24.766109672292405 ], [ 55.373010756597665, 24.766109785345222 ], [ 55.373011792744464, 24.766109807719683 ], [ 55.37301282643412, 24.766109739206989 ], [ 55.373013848020044, 24.766109580446503 ], [ 55.373014847968626, 24.766109332919818 ], [ 55.373015816948175, 24.766108998936886 ], [ 55.37301674591599, 24.7661085816145 ], [ 55.373017626202788, 24.766108084847186 ], [ 55.37301844959358, 24.76610751327086 ], [ 55.373019208404337, 24.766106872219581 ], [ 55.373019895553696, 24.766106167675741 ], [ 55.373020504629068, 24.766105406214272 ], [ 55.37302102994645, 24.766104594941268 ], [ 55.37302146660349, 24.766103741427671 ], [ 55.373021810525231, 24.766102853638618 ], [ 55.373022058502123, 24.766101939859112 ], [ 55.373022208220014, 24.766101008616708 ], [ 55.373022258281708, 24.766100068601919 ], [ 55.373022258281708, 24.766090326550028 ], [ 55.373032987117767, 24.766090326550028 ], [ 55.373034005965543, 24.766090282523312 ], [ 55.373035015604472, 24.766090150841105 ], [ 55.37303600690894, 24.76608993269361 ], [ 55.373036970919067, 24.766089630052555 ], [ 55.373037898921645, 24.766089245653355 ], [ 55.373038782528944, 24.766088782970396 ], [ 55.373039613754479, 24.766088246185639 ], [ 55.373040385085226, 24.766087640150801 ], [ 55.373041089549531, 24.766086970343526 ], [ 55.373041720780094, 24.766086242817856 ], [ 55.373042273071547, 24.766085464149526 ], [ 55.373042741432009, 24.766084641376519 ], [ 55.373043121628207, 24.766083781935464 ], [ 55.373043410223744, 24.766082893594405 ], [ 55.373043604610153, 24.766081984382605 ], [ 55.373043703030476, 24.766081062517966 ], [ 55.373043728286881, 24.766080595696859 ], [ 55.373043979331968, 24.766080584498138 ], [ 55.373064910247805, 24.766080584498138 ], [ 55.373065170424312, 24.766080596104196 ], [ 55.373065320564798, 24.766080660584112 ], [ 55.373065950875471, 24.766080966505083 ], [ 55.373066923607972, 24.766081332365619 ], [ 55.373067931149457, 24.766081609889284 ], [ 55.373068963796769, 24.76608179640337 ], [ 55.373070011604945, 24.766081890111643 ], [ 55.373071064483007, 24.766081890111643 ], [ 55.373072112291183, 24.76608179640337 ], [ 55.373073144938495, 24.766081609889284 ], [ 55.37307415247998, 24.766081332365619 ], [ 55.37307512521248, 24.766080966505083 ], [ 55.373075755523153, 24.766080660584112 ], [ 55.37307590566364, 24.766080596104196 ], [ 55.373076165840146, 24.766080584498138 ], [ 55.373086367919925, 24.766080584498138 ], [ 55.373086618965011, 24.766080595696859 ], [ 55.373086631298065, 24.766080823652089 ], [ 55.373086631298065, 24.766090326550028 ], [ 55.373086682960341, 24.766091281438094 ], [ 55.373086837449641, 24.766092227130066 ], [ 55.373087093278144, 24.766093154518416 ], [ 55.37308744798208, 24.766094054671882 ], [ 55.373087898145464, 24.7660949189215 ], [ 55.373088439432969, 24.766095738944067 ], [ 55.373089066631699, 24.76609650684232 ], [ 55.373089773701395, 24.766097215220981 ], [ 55.373090553832583, 24.766097857257975 ], [ 55.373091399512177, 24.766098426770135 ], [ 55.373092302595815, 24.76609891827275 ], [ 55.373093254386319, 24.766099327032375 ], [ 55.373094245717411, 24.766099649112434 ], [ 55.373095267042046, 24.766099881411122 ], [ 55.373096308524296, 24.766100021691276 ], [ 55.373097360134125, 24.766100068601919 ], [ 55.373107825592044, 24.766100068601919 ], [ 55.373108076637131, 24.766100079800641 ], [ 55.373108101893536, 24.766100546621747 ], [ 55.373108205093637, 24.766101498057814 ], [ 55.373108410499952, 24.76610243572744 ], [ 55.373108716134325, 24.76610335060035 ], [ 55.373109119053318, 24.766104233865825 ], [ 55.373109615376606, 24.766105077017528 ], [ 55.373110200324319, 24.766105871935455 ], [ 55.37311086826309, 24.766106610964105 ], [ 55.373111612760312, 24.76610728698623 ], [ 55.373112426646067, 24.76610789349137 ], [ 55.373113302082182, 24.766108424638546 ], [ 55.373114230637739, 24.766108875312518 ], [ 55.37311520337024, 24.766109241173059 ], [ 55.373116210911725, 24.766109518696723 ], [ 55.373117243559037, 24.766109705210805 ], [ 55.373118291367213, 24.766109798919082 ], [ 55.373118814604609, 24.766109822259867 ], [ 55.373118964745096, 24.766109886739784 ], [ 55.373119595055769, 24.766110192660754 ], [ 55.37312056778827, 24.766110558521291 ], [ 55.373121575329755, 24.766110836044955 ], [ 55.373122607977066, 24.766111022559041 ], [ 55.373123655785243, 24.766111116267314 ], [ 55.373124708663305, 24.766111116267314 ], [ 55.373125756471481, 24.766111022559041 ], [ 55.373126789118793, 24.766110836044955 ], [ 55.373127796660278, 24.766110558521291 ], [ 55.373128769392778, 24.766110192660754 ], [ 55.373129399703451, 24.766109886739784 ], [ 55.373129549843938, 24.766109822259867 ], [ 55.373129810020444, 24.766109810653809 ], [ 55.373161733150482, 24.766109810653809 ], [ 55.373162751998258, 24.766109766627093 ], [ 55.373163761637187, 24.766109634944886 ], [ 55.373164752941655, 24.766109416797391 ], [ 55.373165716951782, 24.766109114156336 ], [ 55.37316664495436, 24.766108729757136 ], [ 55.373167528561659, 24.766108267074177 ], [ 55.373168359787194, 24.76610773028942 ], [ 55.37316913111794, 24.766107124254582 ], [ 55.373169835582246, 24.766106454447307 ], [ 55.373170466812809, 24.766105726921637 ], [ 55.373171019104262, 24.766104948253307 ], [ 55.373171487464724, 24.7661041254803 ], [ 55.373171867660922, 24.766103266039245 ], [ 55.373172156256459, 24.766102377698186 ], [ 55.373172350642868, 24.766101468486386 ], [ 55.37317244906319, 24.766100546621747 ], [ 55.373172474319595, 24.766100079800641 ], [ 55.373172725364682, 24.766100068601919 ], [ 55.373182927444461, 24.766100068601919 ], [ 55.373183178489548, 24.766100079800641 ], [ 55.373183190822601, 24.76610030775587 ], [ 55.373183190822601, 24.76612929475759 ], [ 55.373183242484878, 24.766130249645656 ], [ 55.373183396974177, 24.766131195337628 ], [ 55.37318365280268, 24.766132122725978 ], [ 55.373184007506616, 24.766133022879444 ], [ 55.37318445767, 24.766133887129062 ], [ 55.373184998957505, 24.766134707151629 ], [ 55.373185626156236, 24.766135475049882 ], [ 55.373186333225931, 24.766136183428543 ], [ 55.373187113357119, 24.766136825465537 ], [ 55.373187959036713, 24.766137394977697 ], [ 55.373188862120351, 24.766137886480312 ], [ 55.373189813910855, 24.766138295239937 ], [ 55.373190805241947, 24.766138617319996 ], [ 55.373191826566583, 24.766138849618685 ], [ 55.373192868048832, 24.766138989898838 ], [ 55.373193919658661, 24.766139036809481 ], [ 55.373215113952639, 24.766139036809481 ], [ 55.373215374129146, 24.766139048415539 ], [ 55.373215524269632, 24.766139112895456 ], [ 55.373216154580305, 24.766139418816426 ], [ 55.373217127312806, 24.766139784676962 ], [ 55.373218134854291, 24.766140062200627 ], [ 55.373219167501603, 24.766140248714713 ], [ 55.373220215309779, 24.766140342422986 ], [ 55.373221268187841, 24.766140342422986 ], [ 55.373222315996017, 24.766140248714713 ], [ 55.373223348643329, 24.766140062200627 ], [ 55.373224356184814, 24.766139784676962 ], [ 55.373225328917314, 24.766139418816426 ], [ 55.373225959227987, 24.766139112895456 ], [ 55.373226109368474, 24.766139048415539 ], [ 55.37322636954498, 24.766139036809481 ], [ 55.373236835002899, 24.766139036809481 ], [ 55.373237886612728, 24.766138989898838 ], [ 55.373238928094977, 24.766138849618685 ], [ 55.373239949419613, 24.766138617319996 ], [ 55.373240940750705, 24.766138295239937 ], [ 55.373241892541209, 24.766137886480312 ], [ 55.373242795624847, 24.766137394977697 ], [ 55.373243641304441, 24.766136825465537 ], [ 55.373244421435629, 24.766136183428543 ], [ 55.373245128505324, 24.766135475049882 ], [ 55.373245755704055, 24.766134707151629 ], [ 55.37324629699156, 24.766133887129062 ], [ 55.373246747154944, 24.766133022879444 ], [ 55.37324710185888, 24.766132122725978 ], [ 55.373247357687383, 24.766131195337628 ], [ 55.373247512176683, 24.766130249645656 ], [ 55.373247563838959, 24.76612929475759 ], [ 55.373247563838959, 24.766110049807757 ], [ 55.373247576172012, 24.766109821852531 ], [ 55.37324809027799, 24.766109798919082 ], [ 55.373249105519413, 24.766109709550964 ], [ 55.373250106826369, 24.766109533043235 ], [ 55.373251085148567, 24.766109270991258 ], [ 55.373252031643439, 24.766108925763586 ], [ 55.373252937756114, 24.766108500480556 ], [ 55.373253795296698, 24.766107998986083 ], [ 55.373254596514315, 24.766107425812919 ], [ 55.373255334167176, 24.766106786141684 ], [ 55.373256001588011, 24.766106085754043 ], [ 55.373256592744347, 24.766105330980434 ], [ 55.373257102293017, 24.766104528642877 ], [ 55.373257525628475, 24.76610368599329 ], [ 55.373257858924411, 24.766102810647947 ], [ 55.373258099168325, 24.766101910518657 ], [ 55.373258244188783, 24.766100993741219 ], [ 55.373258292675018, 24.766100068601919 ], [ 55.373258292675018, 24.766090326550028 ], [ 55.373258244188783, 24.766089401410728 ], [ 55.373258099168325, 24.76608848463329 ], [ 55.373257858924411, 24.766087584503996 ], [ 55.373257525628475, 24.766086709158657 ], [ 55.373257102293017, 24.766085866509069 ], [ 55.373256592744347, 24.766085064171509 ], [ 55.373256001588011, 24.766084309397904 ], [ 55.373255334167176, 24.766083609010259 ], [ 55.373254596514315, 24.766082969339028 ], [ 55.373253795296698, 24.766082396165864 ], [ 55.373252937756114, 24.766081894671391 ], [ 55.373252031643439, 24.766081469388361 ], [ 55.373251085148567, 24.766081124160689 ], [ 55.373250106826369, 24.766080862108709 ], [ 55.373249105519413, 24.766080685600983 ], [ 55.37324809027799, 24.766080596232865 ], [ 55.373247576172012, 24.766080573299416 ], [ 55.373247563838959, 24.766080345344186 ], [ 55.373247563838959, 24.766061100394356 ], [ 55.373247512176683, 24.766060145506287 ], [ 55.373247357687383, 24.766059199814315 ], [ 55.37324710185888, 24.766058272425969 ], [ 55.373246747154944, 24.766057372272499 ], [ 55.37324629699156, 24.766056508022885 ], [ 55.373245755704055, 24.766055688000318 ], [ 55.373245128505324, 24.766054920102064 ], [ 55.373244421435629, 24.7660542117234 ], [ 55.373243641304441, 24.766053569686406 ], [ 55.373242795624847, 24.766053000174249 ], [ 55.373241892541209, 24.766052508671635 ], [ 55.373240940750705, 24.76605209991201 ], [ 55.373239949419613, 24.766051777831951 ], [ 55.373238928094977, 24.766051545533262 ], [ 55.373237886612728, 24.766051405253108 ], [ 55.373236835002899, 24.766051358342466 ], [ 55.373194183036802, 24.766051358342466 ], [ 55.373193931991715, 24.766051347143744 ], [ 55.37319390673531, 24.766050880322638 ], [ 55.373193808314987, 24.766049958457998 ], [ 55.373193613928578, 24.766049049246195 ], [ 55.373193325333041, 24.766048160905139 ], [ 55.373192945136843, 24.766047301464081 ], [ 55.373192476776381, 24.766046478691077 ], [ 55.373191924484928, 24.766045700022747 ], [ 55.373191293254365, 24.766044972497077 ], [ 55.37319058879006, 24.766044302689803 ], [ 55.373189817459313, 24.766043696654965 ], [ 55.373188986233778, 24.766043159870208 ], [ 55.373188102626479, 24.766042697187249 ], [ 55.373187174623901, 24.766042312788048 ], [ 55.373186210613774, 24.766042010146993 ], [ 55.373185219309306, 24.766041791999498 ], [ 55.373184209670377, 24.766041660317288 ], [ 55.373183190822601, 24.766041616290575 ], [ 55.373172725364682, 24.766041616290575 ], [ 55.373172474319595, 24.766041605091853 ], [ 55.37317244906319, 24.766041138270747 ], [ 55.373172350642868, 24.766040216406108 ], [ 55.373172156256459, 24.766039307194305 ], [ 55.373171867660922, 24.766038418853249 ], [ 55.373171487464724, 24.76603755941219 ], [ 55.373171019104262, 24.766036736639187 ], [ 55.373170466812809, 24.766035957970857 ], [ 55.373169835582246, 24.766035230445187 ], [ 55.37316913111794, 24.766034560637912 ], [ 55.373168359787194, 24.766033954603074 ], [ 55.373167528561659, 24.766033417818317 ], [ 55.37316664495436, 24.766032955135358 ], [ 55.373165716951782, 24.766032570736158 ], [ 55.373164752941655, 24.766032268095103 ], [ 55.373163761637187, 24.766032049947608 ], [ 55.373162751998258, 24.766031918265398 ], [ 55.373161733150482, 24.766031874238685 ], [ 55.373140538856504, 24.766031874238685 ], [ 55.373140278679998, 24.766031862632623 ], [ 55.373140128539511, 24.76603179815271 ], [ 55.373139498228838, 24.76603149223174 ], [ 55.373138525496337, 24.7660311263712 ], [ 55.373137517954852, 24.766030848847539 ], [ 55.373136485307541, 24.766030662333453 ], [ 55.373135437499364, 24.76603056862518 ], [ 55.373134384621302, 24.76603056862518 ], [ 55.373133336813126, 24.766030662333453 ], [ 55.373132304165814, 24.766030848847539 ], [ 55.373131296624329, 24.7660311263712 ], [ 55.373130323891829, 24.76603149223174 ], [ 55.373129693581156, 24.76603179815271 ], [ 55.373129543440669, 24.766031862632623 ], [ 55.373129283264163, 24.766031874238685 ], [ 55.373119081184385, 24.766031874238685 ], [ 55.373118830139298, 24.766031863039963 ], [ 55.373118804882893, 24.766031396218857 ], [ 55.373118701682792, 24.766030444782789 ], [ 55.373118496276476, 24.766029507113164 ], [ 55.373118190642103, 24.76602859224025 ], [ 55.37311778772311, 24.766027708974779 ], [ 55.373117291399822, 24.766026865823072 ], [ 55.373116706452109, 24.766026070905149 ], [ 55.373116038513338, 24.766025331876499 ], [ 55.373115294016117, 24.766024655854373 ], [ 55.373114480130361, 24.766024049349234 ], [ 55.373113604694247, 24.766023518202058 ], [ 55.373112676138689, 24.766023067528081 ], [ 55.373111703406188, 24.766022701667545 ], [ 55.373110695864703, 24.76602242414388 ], [ 55.373109663217392, 24.766022237629794 ], [ 55.373108615409215, 24.766022143921521 ], [ 55.373107562531153, 24.766022143921521 ], [ 55.373106514722977, 24.766022237629794 ], [ 55.373105482075665, 24.76602242414388 ], [ 55.37310447453418, 24.766022701667545 ], [ 55.37310350180168, 24.766023067528081 ], [ 55.373102573246122, 24.766023518202058 ], [ 55.373101697810007, 24.766024049349234 ], [ 55.373100883924252, 24.766024655854373 ], [ 55.373100139427031, 24.766025331876499 ], [ 55.37309947148826, 24.766026070905149 ], [ 55.373098886540546, 24.766026865823072 ], [ 55.373098390217258, 24.766027708974779 ], [ 55.373097987298266, 24.76602859224025 ], [ 55.373097681663893, 24.766029507113164 ], [ 55.373097476257577, 24.766030444782789 ], [ 55.373097373057476, 24.766031396218857 ], [ 55.373097347801071, 24.766031863039963 ], [ 55.373097096755984, 24.766031874238685 ], [ 55.373032987117767, 24.766031874238685 ], [ 55.373031935507939, 24.766031921149327 ], [ 55.373030894025689, 24.766032061429481 ], [ 55.373029872701053, 24.76603229372817 ], [ 55.373028881369962, 24.766032615808228 ], [ 55.373027929579457, 24.766033024567854 ], [ 55.373027026495819, 24.766033516070468 ], [ 55.373026180816225, 24.766034085582625 ], [ 55.373025400685037, 24.766034727619619 ], [ 55.373024693615342, 24.766035435998283 ], [ 55.373024066416612, 24.766036203896537 ], [ 55.373023525129106, 24.766037023919104 ], [ 55.373023074965722, 24.766037888168718 ], [ 55.373022720261787, 24.766038788322188 ], [ 55.373022464433284, 24.766039715710534 ], [ 55.373022309943984, 24.766040661402506 ], [ 55.373022258281708, 24.766041616290575 ], [ 55.373022258281708, 24.766070603292295 ], [ 55.373022245948654, 24.766070831247525 ], [ 55.373021731842677, 24.766070854180974 ], [ 55.373020700316047, 24.766070945707828 ], [ 55.373019683328629, 24.766071127185569 ], [ 55.373018690371119, 24.766071396920609 ], [ 55.373017730709982, 24.766071752395739 ], [ 55.373016813300943, 24.766072190293603 ], [ 55.373015946705422, 24.766072706527655 ], [ 55.373015139010633, 24.766073296280311 ], [ 55.37301439775414, 24.766073954047901 ], [ 55.373013729853469, 24.766074673692014 ], [ 55.373013141541584, 24.76607544849681 ], [ 55.373012638308722, 24.766076271231672 ], [ 55.373012224851145, 24.766077134218694 ], [ 55.373011905027298, 24.766078029404333 ], [ 55.373011681821843, 24.766078948434554 ], [ 55.373011557317774, 24.766079882732807 ], [ 55.373011538718025, 24.766080592917685 ], [ 55.373010756597665, 24.766080609806721 ], [ 55.373009727663216, 24.766080722859538 ], [ 55.373008715543314, 24.766080925535686 ], [ 55.373007729683245, 24.766081215943746 ], [ 55.37300677928323, 24.766081591373588 ], [ 55.373005873212563, 24.766082048321632 ], [ 55.373005019926858, 24.766082582523556 ], [ 55.373004227389124, 24.766083188994095 ], [ 55.373003502995459, 24.766083862073561 ], [ 55.373002853506044, 24.76608459548066 ], [ 55.373002284982029, 24.766085382371102 ], [ 55.373001802728965, 24.76608621540149 ], [ 55.37300141124733, 24.766087086797842 ], [ 55.373001114190501, 24.766087988428129 ], [ 55.37300091433066, 24.766088911878182 ], [ 55.37300081353294, 24.7660898485302 ], [ 55.373000787827934, 24.76609032364286 ], [ 55.373000716816776, 24.766090459974183 ], [ 55.373000379908696, 24.766091032312065 ], [ 55.372999976989703, 24.76609191557754 ], [ 55.372999671355338, 24.76609283045045 ], [ 55.372999465949015, 24.766093768120076 ], [ 55.372999362748921, 24.766094719556143 ], [ 55.372999362748921, 24.766095675595803 ], [ 55.372999465949015, 24.766096627031867 ], [ 55.372999671355338, 24.766097564701493 ], [ 55.372999976989703, 24.766098479574406 ], [ 55.373000379908696, 24.766099362839878 ], [ 55.373000716816776, 24.76609993517776 ] ], [ [ 55.372914966719478, 24.764931010768997 ], [ 55.372914443482081, 24.764931034109786 ], [ 55.372913360952374, 24.764931132547535 ], [ 55.372912294967257, 24.764931330027238 ], [ 55.372911256487946, 24.764931624518272 ], [ 55.372910256192846, 24.76493201299246 ], [ 55.372909304367717, 24.76493249145523 ], [ 55.372908410799901, 24.764933054986685 ], [ 55.372907584677719, 24.764933697792188 ], [ 55.372906834495957, 24.76493441326194 ], [ 55.372906167968523, 24.764935194038969 ], [ 55.372905591949134, 24.764936032094759 ], [ 55.372905112360847, 24.764936918811816 ], [ 55.372904734135126, 24.764937845072271 ], [ 55.372904461161163, 24.764938801351644 ], [ 55.372904296245885, 24.764939777816775 ], [ 55.372904241085052, 24.764940764426949 ], [ 55.372904241085052, 24.76495050647884 ], [ 55.372904292747329, 24.764951461366906 ], [ 55.372904447236628, 24.764952407058878 ], [ 55.372904703065132, 24.764953334447227 ], [ 55.372905057769067, 24.764954234600694 ], [ 55.372905507932451, 24.764955098850312 ], [ 55.372906049219957, 24.764955918872879 ], [ 55.372906676418687, 24.764956686771132 ], [ 55.372907383488382, 24.764957395149793 ], [ 55.37290816361957, 24.764958037186787 ], [ 55.372909009299164, 24.764958606698947 ], [ 55.372909912382802, 24.764959098201558 ], [ 55.372910864173306, 24.764959506961187 ], [ 55.372911855504398, 24.764959829041246 ], [ 55.372912876829034, 24.764960061339934 ], [ 55.372913918311284, 24.764960201620088 ], [ 55.372914969921112, 24.764960248530731 ], [ 55.372936427593231, 24.764960248530731 ], [ 55.372937496108655, 24.764960200095903 ], [ 55.372938553999347, 24.764960055273029 ], [ 55.372939590746213, 24.764959815502152 ], [ 55.372940596040408, 24.764959483167416 ], [ 55.372941559885838, 24.764959061573386 ], [ 55.372942472698547, 24.764958554912152 ], [ 55.372943325402026, 24.764957968221687 ], [ 55.372944109517448, 24.764957307335717 ], [ 55.372944817248005, 24.764956578825732 ], [ 55.372945441556404, 24.764955789935641 ], [ 55.372945976234867, 24.764954948509732 ], [ 55.372946415966844, 24.764954062914686 ], [ 55.372946756379875, 24.764953141956386 ], [ 55.372946994089077, 24.764952194792329 ], [ 55.372947126730807, 24.764951230840605 ], [ 55.372947152986143, 24.764950259686223 ], [ 55.372947072594016, 24.764949290985811 ], [ 55.372946886353802, 24.764948334371599 ], [ 55.372946596117373, 24.764947399355638 ], [ 55.372946204770678, 24.764946495235215 ], [ 55.372945716205066, 24.764945631000415 ], [ 55.372945135278556, 24.764944815244714 ], [ 55.372944467767567, 24.764944056079546 ], [ 55.372943720309465, 24.764943361053632 ], [ 55.372942900336568, 24.764942737077934 ], [ 55.372942016002241, 24.764942190356923 ], [ 55.372941076099821, 24.764941726326896 ], [ 55.372940089975181, 24.764941349601916 ], [ 55.372939067433812, 24.764941063927928 ], [ 55.372938018643303, 24.764940872145523 ], [ 55.372936954032262, 24.764940776161676 ], [ 55.372936439926285, 24.764940753228228 ], [ 55.37293641466988, 24.764940286407118 ], [ 55.372936311469779, 24.764939334971054 ], [ 55.372936106063463, 24.764938397301428 ], [ 55.37293580042909, 24.764937482428515 ], [ 55.372935397510098, 24.764936599163043 ], [ 55.372934901186809, 24.764935756011337 ], [ 55.372934316239096, 24.764934961093413 ], [ 55.372933648300325, 24.764934222064763 ], [ 55.372932903803104, 24.764933546042638 ], [ 55.372932089917349, 24.764932939537498 ], [ 55.372931214481234, 24.764932408390322 ], [ 55.372930285925676, 24.764931957716346 ], [ 55.372929313193175, 24.76493159185581 ], [ 55.372928305651691, 24.764931314332145 ], [ 55.372927273004379, 24.764931127818059 ], [ 55.372926225196203, 24.764931034109786 ], [ 55.372925701958806, 24.764931010768997 ], [ 55.372925551818319, 24.764930946289084 ], [ 55.372924921507646, 24.764930640368114 ], [ 55.372923948775146, 24.764930274507574 ], [ 55.372922941233661, 24.764929996983909 ], [ 55.372921908586349, 24.764929810469827 ], [ 55.372920860778173, 24.764929716761554 ], [ 55.372919807900111, 24.764929716761554 ], [ 55.372918760091935, 24.764929810469827 ], [ 55.372917727444623, 24.764929996983909 ], [ 55.372916719903138, 24.764930274507574 ], [ 55.372915747170637, 24.764930640368114 ], [ 55.372915116859964, 24.764930946289084 ], [ 55.372914966719478, 24.764931010768997 ] ], [ [ 55.372421431129318, 24.764960259729452 ], [ 55.372421456385723, 24.764960726550559 ], [ 55.372421559585824, 24.764961677986626 ], [ 55.37242176499214, 24.764962615656252 ], [ 55.372422070626513, 24.764963530529162 ], [ 55.372422473545505, 24.764964413794637 ], [ 55.372422969868794, 24.76496525694634 ], [ 55.372423554816507, 24.764966051864267 ], [ 55.372424222755278, 24.764966790892917 ], [ 55.372424967252499, 24.764967466915042 ], [ 55.372425781138254, 24.764968073420182 ], [ 55.372426656574369, 24.764968604567358 ], [ 55.372427585129927, 24.76496905524133 ], [ 55.372428557862428, 24.76496942110187 ], [ 55.372429565403912, 24.764969698625535 ], [ 55.372430598051224, 24.764969885139617 ], [ 55.3724316458594, 24.764969978847891 ], [ 55.372432698737462, 24.764969978847891 ], [ 55.372433746545639, 24.764969885139617 ], [ 55.37243477919295, 24.764969698625535 ], [ 55.372435786734435, 24.76496942110187 ], [ 55.372436759466936, 24.76496905524133 ], [ 55.372437688022494, 24.764968604567358 ], [ 55.372438563458608, 24.764968073420182 ], [ 55.372439377344364, 24.764967466915042 ], [ 55.372440121841585, 24.764966790892917 ], [ 55.372440789780356, 24.764966051864267 ], [ 55.372441374728069, 24.76496525694634 ], [ 55.372441871051358, 24.764964413794637 ], [ 55.37244227397035, 24.764963530529162 ], [ 55.372442579604723, 24.764962615656252 ], [ 55.372442785011039, 24.764961677986626 ], [ 55.37244288821114, 24.764960726550559 ], [ 55.372442913467545, 24.764960259729452 ], [ 55.372443427573522, 24.764960236796 ], [ 55.372444492184563, 24.764960140812157 ], [ 55.372445540975072, 24.764959949029748 ], [ 55.372446563516441, 24.764959663355764 ], [ 55.37244754964108, 24.764959286630784 ], [ 55.372448489543501, 24.764958822600757 ], [ 55.372449373877828, 24.764958275879746 ], [ 55.372450193850725, 24.764957651904044 ], [ 55.372450941308827, 24.764956956878134 ], [ 55.372451608819816, 24.764956197712962 ], [ 55.372452189746326, 24.764955381957265 ], [ 55.372452678311937, 24.764954517722462 ], [ 55.372453069658633, 24.764953613602042 ], [ 55.372453359895061, 24.764952678586081 ], [ 55.372453546135276, 24.764951721971869 ], [ 55.372453626527403, 24.764950753271457 ], [ 55.372453600272067, 24.764949782117075 ], [ 55.372453467630336, 24.764948818165347 ], [ 55.372453229921135, 24.764947871001294 ], [ 55.372452889508104, 24.76494695004299 ], [ 55.372452449776127, 24.764946064447948 ], [ 55.372451915097663, 24.764945223022039 ], [ 55.372451290789265, 24.764944434131944 ], [ 55.372450583058708, 24.76494370562196 ], [ 55.372449798943286, 24.76494304473599 ], [ 55.372448946239807, 24.764942458045525 ], [ 55.372448033427098, 24.764941951384294 ], [ 55.372447069581668, 24.76494152979026 ], [ 55.372446064287473, 24.764941197455528 ], [ 55.372445027540607, 24.764940957684651 ], [ 55.372443969649915, 24.764940812861777 ], [ 55.372442901134491, 24.764940764426949 ], [ 55.372421443462372, 24.764940764426949 ], [ 55.372420374946948, 24.764940812861777 ], [ 55.372419317056256, 24.764940957684651 ], [ 55.37241828030939, 24.764941197455528 ], [ 55.372417275015195, 24.76494152979026 ], [ 55.372416311169765, 24.764941951384294 ], [ 55.372415398357056, 24.764942458045525 ], [ 55.372414545653577, 24.76494304473599 ], [ 55.372413761538155, 24.76494370562196 ], [ 55.372413053807598, 24.764944434131944 ], [ 55.3724124294992, 24.764945223022039 ], [ 55.372411894820736, 24.764946064447948 ], [ 55.372411455088759, 24.76494695004299 ], [ 55.372411114675728, 24.764947871001294 ], [ 55.372410876966526, 24.764948818165347 ], [ 55.372410744324796, 24.764949782117075 ], [ 55.37241071806946, 24.764950753271457 ], [ 55.372410798461587, 24.764951721971869 ], [ 55.372410984701801, 24.764952678586081 ], [ 55.37241127493823, 24.764953613602042 ], [ 55.372411666284926, 24.764954517722462 ], [ 55.372412154850537, 24.764955381957265 ], [ 55.372412735777047, 24.764956197712962 ], [ 55.372413403288036, 24.764956956878134 ], [ 55.372414150746138, 24.764957651904044 ], [ 55.372414970719035, 24.764958275879746 ], [ 55.372415855053362, 24.764958822600757 ], [ 55.372416794955782, 24.764959286630784 ], [ 55.372417781080422, 24.764959663355764 ], [ 55.372418803621791, 24.764959949029748 ], [ 55.3724198524123, 24.764960140812157 ], [ 55.372420917023341, 24.764960236796 ], [ 55.372421431129318, 24.764960259729452 ] ], [ [ 55.372174667899948, 24.764931011176337 ], [ 55.372174153793971, 24.764931034109786 ], [ 55.37217308918293, 24.764931130093633 ], [ 55.372172040392421, 24.764931321876038 ], [ 55.372171017851052, 24.764931607550025 ], [ 55.372170031726412, 24.764931984275005 ], [ 55.372169091823991, 24.764932448305032 ], [ 55.372168207489665, 24.764932995026044 ], [ 55.372167387516768, 24.764933619001742 ], [ 55.372166640058666, 24.764934314027656 ], [ 55.372165972547677, 24.764935073192824 ], [ 55.372165391621166, 24.764935888948525 ], [ 55.372164903055555, 24.764936753183324 ], [ 55.37216451170886, 24.764937657303747 ], [ 55.372164221472431, 24.764938592319709 ], [ 55.372164035232217, 24.764939548933921 ], [ 55.37216395484009, 24.764940517634333 ], [ 55.372163981095426, 24.764941488788715 ], [ 55.372164113737156, 24.764942452740438 ], [ 55.372164351446358, 24.764943399904496 ], [ 55.372164691859389, 24.764944320862799 ], [ 55.372165131591366, 24.764945206457842 ], [ 55.372165666269829, 24.76494604788375 ], [ 55.372166290578228, 24.764946836773841 ], [ 55.372166998308785, 24.764947565283826 ], [ 55.372167782424206, 24.764948226169796 ], [ 55.372168635127686, 24.764948812860261 ], [ 55.372169547940395, 24.764949319521495 ], [ 55.372170511785825, 24.764949741115526 ], [ 55.372171517080019, 24.764950073450262 ], [ 55.372172553826886, 24.764950313221139 ], [ 55.372173611717578, 24.764950458044012 ], [ 55.372174680233002, 24.76495050647884 ], [ 55.372196137905121, 24.76495050647884 ], [ 55.372197189514949, 24.764950459568198 ], [ 55.372198230997199, 24.764950319288044 ], [ 55.372199252321835, 24.764950086989355 ], [ 55.372200243652927, 24.764949764909296 ], [ 55.372201195443431, 24.764949356149668 ], [ 55.372202098527069, 24.764948864647057 ], [ 55.372202944206663, 24.764948295134896 ], [ 55.372203724337851, 24.764947653097902 ], [ 55.372204431407546, 24.764946944719242 ], [ 55.372205058606276, 24.764946176820988 ], [ 55.372205599893782, 24.764945356798421 ], [ 55.372206050057166, 24.764944492548803 ], [ 55.372206404761101, 24.764943592395337 ], [ 55.372206660589605, 24.764942665006988 ], [ 55.372206815078904, 24.764941719315015 ], [ 55.37220686674118, 24.764940764426949 ], [ 55.37220686674118, 24.764931022375059 ], [ 55.372206811580348, 24.764930035764884 ], [ 55.37220664666507, 24.764929059299753 ], [ 55.372206373691107, 24.764928103020381 ], [ 55.372205995465386, 24.764927176759926 ], [ 55.372205515877098, 24.764926290042869 ], [ 55.37220493985771, 24.764925451987079 ], [ 55.372204273330276, 24.76492467121005 ], [ 55.372203523148514, 24.764923955740297 ], [ 55.372202697026331, 24.764923312934794 ], [ 55.372201803458516, 24.76492274940334 ], [ 55.372200851633387, 24.76492227094057 ], [ 55.372199851338287, 24.764921882466382 ], [ 55.372198812858976, 24.764921587975348 ], [ 55.372197746873859, 24.764921390495644 ], [ 55.372196664344152, 24.764921292057895 ], [ 55.372196150238175, 24.764921269124446 ], [ 55.37219612498177, 24.764920802303337 ], [ 55.372196024184049, 24.764919865651322 ], [ 55.372195824324209, 24.76491894220127 ], [ 55.37219552726738, 24.764918040570983 ], [ 55.372195135785745, 24.76491716917463 ], [ 55.372194694142351, 24.76491640629224 ], [ 55.372195107821987, 24.764915703535184 ], [ 55.37219551074098, 24.764914820269709 ], [ 55.372195816375353, 24.764913905396799 ], [ 55.372196021781669, 24.764912967727174 ], [ 55.37219612498177, 24.764912016291106 ], [ 55.372196150238175, 24.76491154947 ], [ 55.372196664344152, 24.764911526536547 ], [ 55.372197746873859, 24.764911428098799 ], [ 55.372198812858976, 24.764911230619095 ], [ 55.372199851338287, 24.764910936128064 ], [ 55.372200851633387, 24.764910547653876 ], [ 55.372201803458516, 24.764910069191103 ], [ 55.372202697026331, 24.764909505659649 ], [ 55.372203523148514, 24.764908862854149 ], [ 55.372204273330276, 24.764908147384396 ], [ 55.37220493985771, 24.764907366607364 ], [ 55.372205515877098, 24.764906528551574 ], [ 55.372205995465386, 24.76490564183452 ], [ 55.372206373691107, 24.764904715574065 ], [ 55.37220664666507, 24.764903759294693 ], [ 55.372206811580348, 24.764902782829559 ], [ 55.37220686674118, 24.764901796219387 ], [ 55.37220686674118, 24.764892054167497 ], [ 55.372206816679487, 24.764891114152707 ], [ 55.372206666961596, 24.7648901829103 ], [ 55.372206418984703, 24.764889269130798 ], [ 55.372206075062962, 24.764888381341741 ], [ 55.372205638405923, 24.764887527828144 ], [ 55.37220511308854, 24.764886716555143 ], [ 55.372204504013169, 24.764885955093675 ], [ 55.372203816863809, 24.764885250549835 ], [ 55.372203058053053, 24.764884609498552 ], [ 55.372202234662261, 24.764884037922229 ], [ 55.372201354375463, 24.764883541154912 ], [ 55.372200425407648, 24.764883123832529 ], [ 55.372199456428099, 24.764882789849597 ], [ 55.372198456479516, 24.764882542322908 ], [ 55.372197434893593, 24.764882383562426 ], [ 55.372196401203936, 24.764882315049729 ], [ 55.372195365057138, 24.76488233742419 ], [ 55.372194336122689, 24.764882450477007 ], [ 55.372193324002787, 24.764882653153155 ], [ 55.372192338142717, 24.764882943561215 ], [ 55.372191387742703, 24.764883318991057 ], [ 55.372190481672035, 24.764883775939097 ], [ 55.37218962838633, 24.764884310141024 ], [ 55.372188835848597, 24.764884916611564 ], [ 55.372188111454932, 24.76488558969103 ], [ 55.372187461965517, 24.764886323098128 ], [ 55.372186893441501, 24.764887109988571 ], [ 55.372186411188437, 24.764887943018959 ], [ 55.372186019706803, 24.764888814415311 ], [ 55.372185722649974, 24.764889716045598 ], [ 55.372185522790133, 24.764890639495651 ], [ 55.372185421992413, 24.764891576147665 ], [ 55.372185396736008, 24.764892042968775 ], [ 55.372185145690921, 24.764892054167497 ], [ 55.372174680233002, 24.764892054167497 ], [ 55.372173611717578, 24.764892102602325 ], [ 55.372172553826886, 24.764892247425198 ], [ 55.372171517080019, 24.764892487196075 ], [ 55.372170511785825, 24.764892819530807 ], [ 55.372169547940395, 24.764893241124842 ], [ 55.372168635127686, 24.764893747786072 ], [ 55.372167782424206, 24.764894334476537 ], [ 55.372166998308785, 24.764894995362507 ], [ 55.372166290578228, 24.764895723872492 ], [ 55.372165666269829, 24.764896512762586 ], [ 55.372165131591366, 24.764897354188495 ], [ 55.372164691859389, 24.764898239783538 ], [ 55.372164351446358, 24.764899160741841 ], [ 55.372164113737156, 24.764900107905895 ], [ 55.372163981095426, 24.764901071857622 ], [ 55.37216395484009, 24.764902043012004 ], [ 55.372164035232217, 24.764903011712416 ], [ 55.372164221472431, 24.764903968326628 ], [ 55.37216451170886, 24.76490490334259 ], [ 55.372164903055555, 24.764905807463009 ], [ 55.372165391621166, 24.764906671697812 ], [ 55.372165972547677, 24.76490748745351 ], [ 55.372166640058666, 24.764908246618681 ], [ 55.372167387516768, 24.764908941644595 ], [ 55.372168207489665, 24.764909565620293 ], [ 55.372169091823991, 24.764910112341305 ], [ 55.372170031726412, 24.764910576371332 ], [ 55.372171017851052, 24.764910953096312 ], [ 55.372172040392421, 24.764911238770299 ], [ 55.37217308918293, 24.764911430552704 ], [ 55.372174153793971, 24.764911526536547 ], [ 55.372174667899948, 24.76491154947 ], [ 55.372174693156353, 24.764912016291106 ], [ 55.372174796356454, 24.764912967727174 ], [ 55.37217500176277, 24.764913905396799 ], [ 55.372175307397143, 24.764914820269709 ], [ 55.372175710316135, 24.764915703535184 ], [ 55.37217612861982, 24.764916414147557 ], [ 55.372175908568259, 24.764916753983815 ], [ 55.37217547191122, 24.764917607497413 ], [ 55.372175127989479, 24.764918495286466 ], [ 55.372174880012587, 24.764919409065971 ], [ 55.372174730294695, 24.764920340308379 ], [ 55.372174680233002, 24.764921280323168 ], [ 55.372174680233002, 24.764930783221107 ], [ 55.372174667899948, 24.764931011176337 ] ], [ [ 55.372067379539352, 24.764940753228228 ], [ 55.372066865433375, 24.764940776161676 ], [ 55.372065800822334, 24.764940872145523 ], [ 55.372064752031825, 24.764941063927928 ], [ 55.372063729490456, 24.764941349601916 ], [ 55.372062743365817, 24.764941726326896 ], [ 55.372061803463396, 24.764942190356923 ], [ 55.372060919129069, 24.764942737077934 ], [ 55.372060099156172, 24.764943361053632 ], [ 55.37205935169807, 24.764944056079546 ], [ 55.372058684187081, 24.764944815244714 ], [ 55.372058103260571, 24.764945631000415 ], [ 55.37205761469496, 24.764946495235215 ], [ 55.372057223348264, 24.764947399355638 ], [ 55.372056933111836, 24.764948334371599 ], [ 55.372056746871621, 24.764949290985811 ], [ 55.372056666479494, 24.764950259686223 ], [ 55.37205669273483, 24.764951230840605 ], [ 55.372056825376561, 24.764952194792329 ], [ 55.372057063085762, 24.764953141956386 ], [ 55.372057403498793, 24.764954062914686 ], [ 55.37205784323077, 24.764954948509732 ], [ 55.372058377909234, 24.764955789935641 ], [ 55.372059002217632, 24.764956578825732 ], [ 55.372059709948189, 24.764957307335717 ], [ 55.372060494063611, 24.764957968221687 ], [ 55.37206134676709, 24.764958554912152 ], [ 55.372062259579799, 24.764959061573386 ], [ 55.372063223425229, 24.764959483167416 ], [ 55.372064228719424, 24.764959815502152 ], [ 55.37206526546629, 24.764960055273029 ], [ 55.372066323356982, 24.764960200095903 ], [ 55.372067391872406, 24.764960248530731 ], [ 55.372153222560883, 24.764960248530731 ], [ 55.372154291076306, 24.764960200095903 ], [ 55.372155348966999, 24.764960055273029 ], [ 55.372156385713865, 24.764959815502152 ], [ 55.372157391008059, 24.764959483167416 ], [ 55.372158354853489, 24.764959061573386 ], [ 55.372159267666198, 24.764958554912152 ], [ 55.372160120369678, 24.764957968221687 ], [ 55.372160904485099, 24.764957307335717 ], [ 55.372161612215656, 24.764956578825732 ], [ 55.372162236524055, 24.764955789935641 ], [ 55.372162771202518, 24.764954948509732 ], [ 55.372163210934495, 24.764954062914686 ], [ 55.372163551347526, 24.764953141956386 ], [ 55.372163789056728, 24.764952194792329 ], [ 55.372163921698458, 24.764951230840605 ], [ 55.372163947953794, 24.764950259686223 ], [ 55.372163867561667, 24.764949290985811 ], [ 55.372163681321453, 24.764948334371599 ], [ 55.372163391085024, 24.764947399355638 ], [ 55.372162999738329, 24.764946495235215 ], [ 55.372162511172718, 24.764945631000415 ], [ 55.372161930246207, 24.764944815244714 ], [ 55.372161262735219, 24.764944056079546 ], [ 55.372160515277116, 24.764943361053632 ], [ 55.372159695304219, 24.764942737077934 ], [ 55.372158810969893, 24.764942190356923 ], [ 55.372157871067472, 24.764941726326896 ], [ 55.372156884942832, 24.764941349601916 ], [ 55.372155862401463, 24.764941063927928 ], [ 55.372154813610955, 24.764940872145523 ], [ 55.372153748999914, 24.764940776161676 ], [ 55.372153234893936, 24.764940753228228 ], [ 55.372153222560883, 24.764940525272998 ], [ 55.372153222560883, 24.764901796219387 ], [ 55.372153170898606, 24.764900841331318 ], [ 55.372153016409307, 24.764899895639346 ], [ 55.372152760580803, 24.764898968250996 ], [ 55.372152405876868, 24.76489806809753 ], [ 55.372151955713484, 24.764897203847916 ], [ 55.372151414425979, 24.764896383825349 ], [ 55.372150787227248, 24.764895615927095 ], [ 55.372150080157553, 24.764894907548431 ], [ 55.372149300026365, 24.764894265511437 ], [ 55.372148454346771, 24.764893695999277 ], [ 55.372147551263133, 24.764893204496666 ], [ 55.372146599472629, 24.76489279573704 ], [ 55.372145608141537, 24.764892473656978 ], [ 55.372144586816901, 24.764892241358293 ], [ 55.372143545334652, 24.764892101078139 ], [ 55.372142493724823, 24.764892054167497 ], [ 55.372131764888763, 24.764892054167497 ], [ 55.372130746040988, 24.76489209819421 ], [ 55.372129736402059, 24.76489222987642 ], [ 55.372128745097591, 24.764892448023915 ], [ 55.372127781087464, 24.76489275066497 ], [ 55.372126853084886, 24.76489313506417 ], [ 55.372125969477587, 24.764893597747129 ], [ 55.372125138252052, 24.764894134531886 ], [ 55.372124366921305, 24.764894740566724 ], [ 55.372123662457, 24.764895410373999 ], [ 55.372123031226437, 24.764896137899669 ], [ 55.372122478934983, 24.764896916567999 ], [ 55.372122010574522, 24.764897739341002 ], [ 55.372121630378324, 24.764898598782061 ], [ 55.372121341782787, 24.764899487123117 ], [ 55.372121147396378, 24.764900396334916 ], [ 55.372121048976055, 24.764901318199556 ], [ 55.37212102371965, 24.764901785020665 ], [ 55.372120772674563, 24.764901796219387 ], [ 55.372110307216644, 24.764901796219387 ], [ 55.372109288368868, 24.7649018402461 ], [ 55.372108278729939, 24.76490197192831 ], [ 55.372107287425472, 24.764902190075805 ], [ 55.372106323415345, 24.76490249271686 ], [ 55.372105395412767, 24.764902877116061 ], [ 55.372104511805468, 24.764903339799019 ], [ 55.372103680579933, 24.764903876583777 ], [ 55.372102909249186, 24.764904482618615 ], [ 55.372102204784881, 24.764905152425889 ], [ 55.372101573554318, 24.764905879951559 ], [ 55.372101021262864, 24.764906658619889 ], [ 55.372100552902403, 24.764907481392893 ], [ 55.372100172706205, 24.764908340833951 ], [ 55.372099884110668, 24.764909229175007 ], [ 55.372099689724259, 24.764910138386806 ], [ 55.372099591303936, 24.764911060251446 ], [ 55.372099566047531, 24.764911527072556 ], [ 55.372099315002444, 24.764911538271278 ], [ 55.372089112922666, 24.764911538271278 ], [ 55.372088861877579, 24.764911527072556 ], [ 55.372088836621174, 24.764911060251446 ], [ 55.372088735823453, 24.764910123599432 ], [ 55.372088535963613, 24.764909200149379 ], [ 55.372088238906784, 24.764908298519092 ], [ 55.372087847425149, 24.76490742712274 ], [ 55.372087365172085, 24.764906594092352 ], [ 55.37208679664807, 24.764905807201909 ], [ 55.372086147158655, 24.764905073794811 ], [ 55.372085422764989, 24.764904400715345 ], [ 55.372084630227256, 24.764903794244805 ], [ 55.372083776941551, 24.764903260042878 ], [ 55.372082870870884, 24.764902803094838 ], [ 55.372081920470869, 24.764902427664996 ], [ 55.3720809346108, 24.764902137256932 ], [ 55.372079922490897, 24.764901934580788 ], [ 55.372078893556449, 24.764901821527971 ], [ 55.37207785740965, 24.76490179915351 ], [ 55.372076823719993, 24.764901867666207 ], [ 55.37207580213407, 24.764902026426689 ], [ 55.372074802185487, 24.764902273953378 ], [ 55.372073833205938, 24.76490260793631 ], [ 55.372072904238124, 24.764903025258693 ], [ 55.372072023951326, 24.76490352202601 ], [ 55.372071200560534, 24.764904093602333 ], [ 55.372070441749777, 24.764904734653616 ], [ 55.372069754600417, 24.764905439197456 ], [ 55.372069145525046, 24.764906200658924 ], [ 55.372068620207664, 24.764907011931925 ], [ 55.372068183550624, 24.764907865445522 ], [ 55.372067839628883, 24.764908753234575 ], [ 55.372067591651991, 24.764909667014081 ], [ 55.372067441934099, 24.764910598256488 ], [ 55.372067391872406, 24.764911538271278 ], [ 55.372067391872406, 24.764940525272998 ], [ 55.372067379539352, 24.764940753228228 ] ], [ [ 55.372003015654414, 24.764940752820888 ], [ 55.372002492417018, 24.764940776161676 ], [ 55.372001427805976, 24.764940872145523 ], [ 55.372000379015468, 24.764941063927928 ], [ 55.371999356474099, 24.764941349601916 ], [ 55.371998370349459, 24.764941726326896 ], [ 55.371997430447038, 24.764942190356923 ], [ 55.371996546112712, 24.764942737077934 ], [ 55.371995726139815, 24.764943361053632 ], [ 55.371994978681712, 24.764944056079546 ], [ 55.371994311170724, 24.764944815244714 ], [ 55.371993730244213, 24.764945631000415 ], [ 55.371993241678602, 24.764946495235215 ], [ 55.371992850331907, 24.764947399355638 ], [ 55.371992560095478, 24.764948334371599 ], [ 55.371992373855264, 24.764949290985811 ], [ 55.371992293463137, 24.764950259686223 ], [ 55.371992319718473, 24.764951230840605 ], [ 55.371992452360203, 24.764952194792329 ], [ 55.371992690069405, 24.764953141956386 ], [ 55.371993030482436, 24.764954062914686 ], [ 55.371993470214413, 24.764954948509732 ], [ 55.371994004892876, 24.764955789935641 ], [ 55.371994629201275, 24.764956578825732 ], [ 55.371995336931832, 24.764957307335717 ], [ 55.371996121047253, 24.764957968221687 ], [ 55.371996973750733, 24.764958554912152 ], [ 55.371997886563442, 24.764959061573386 ], [ 55.371998850408872, 24.764959483167416 ], [ 55.371999855703066, 24.764959815502152 ], [ 55.372000892449933, 24.764960055273029 ], [ 55.372001950340625, 24.764960200095903 ], [ 55.372003018856049, 24.764960248530731 ], [ 55.372013747692108, 24.764960248530731 ], [ 55.372014816207532, 24.764960200095903 ], [ 55.372015874098224, 24.764960055273029 ], [ 55.37201691084509, 24.764959815502152 ], [ 55.372017916139285, 24.764959483167416 ], [ 55.372018879984715, 24.764959061573386 ], [ 55.372019792797424, 24.764958554912152 ], [ 55.372020645500903, 24.764957968221687 ], [ 55.372021429616325, 24.764957307335717 ], [ 55.372022137346882, 24.764956578825732 ], [ 55.37202276165528, 24.764955789935641 ], [ 55.372023296333744, 24.764954948509732 ], [ 55.372023736065721, 24.764954062914686 ], [ 55.372024076478752, 24.764953141956386 ], [ 55.372024314187954, 24.764952194792329 ], [ 55.372024446829684, 24.764951230840605 ], [ 55.37202447308502, 24.764950259686223 ], [ 55.372024392692893, 24.764949290985811 ], [ 55.372024206452679, 24.764948334371599 ], [ 55.37202391621625, 24.764947399355638 ], [ 55.372023524869554, 24.764946495235215 ], [ 55.372023036303943, 24.764945631000415 ], [ 55.372022455377433, 24.764944815244714 ], [ 55.372021787866444, 24.764944056079546 ], [ 55.372021040408342, 24.764943361053632 ], [ 55.372020220435445, 24.764942737077934 ], [ 55.372019336101118, 24.764942190356923 ], [ 55.372018396198698, 24.764941726326896 ], [ 55.372017410074058, 24.764941349601916 ], [ 55.372016387532689, 24.764941063927928 ], [ 55.37201533874218, 24.764940872145523 ], [ 55.372014274131139, 24.764940776161676 ], [ 55.372013750893743, 24.764940752820888 ], [ 55.372013600753256, 24.764940688340975 ], [ 55.372012970442583, 24.764940382420004 ], [ 55.372011997710082, 24.764940016559464 ], [ 55.372010990168597, 24.7649397390358 ], [ 55.372009957521286, 24.764939552521717 ], [ 55.372008909713109, 24.764939458813444 ], [ 55.372007856835047, 24.764939458813444 ], [ 55.372006809026871, 24.764939552521717 ], [ 55.372005776379559, 24.7649397390358 ], [ 55.372004768838075, 24.764940016559464 ], [ 55.372003796105574, 24.764940382420004 ], [ 55.372003165794901, 24.764940688340975 ], [ 55.372003015654414, 24.764940752820888 ] ], [ [ 55.372003018856049, 24.764901796219387 ], [ 55.372002967193772, 24.764900841331318 ], [ 55.372002812704473, 24.764899895639346 ], [ 55.37200255687597, 24.764898968250996 ], [ 55.372002202172034, 24.76489806809753 ], [ 55.37200175200865, 24.764897203847916 ], [ 55.372001210721145, 24.764896383825349 ], [ 55.372000583522414, 24.764895615927095 ], [ 55.371999876452719, 24.764894907548431 ], [ 55.371999096321531, 24.764894265511437 ], [ 55.371998250641937, 24.764893695999277 ], [ 55.371997347558299, 24.764893204496666 ], [ 55.371996395767795, 24.76489279573704 ], [ 55.371995404436703, 24.764892473656978 ], [ 55.371994383112067, 24.764892241358293 ], [ 55.371993341629818, 24.764892101078139 ], [ 55.371992290019989, 24.764892054167497 ], [ 55.371981561183929, 24.764892054167497 ], [ 55.371980509574101, 24.764892101078139 ], [ 55.371979468091851, 24.764892241358293 ], [ 55.371978446767216, 24.764892473656978 ], [ 55.371977455436124, 24.76489279573704 ], [ 55.37197650364562, 24.764893204496666 ], [ 55.371975600561981, 24.764893695999277 ], [ 55.371974754882388, 24.764894265511437 ], [ 55.371973974751199, 24.764894907548431 ], [ 55.371973267681504, 24.764895615927095 ], [ 55.371972640482774, 24.764896383825349 ], [ 55.371972099195268, 24.764897203847916 ], [ 55.371971649031885, 24.76489806809753 ], [ 55.371971294327949, 24.764898968250996 ], [ 55.371971038499446, 24.764899895639346 ], [ 55.371970884010146, 24.764900841331318 ], [ 55.37197083234787, 24.764901796219387 ], [ 55.37197083234787, 24.764911538271278 ], [ 55.371970884010146, 24.764912493159343 ], [ 55.371971038499446, 24.764913438851316 ], [ 55.371971294327949, 24.764914366239665 ], [ 55.371971649031885, 24.764915266393132 ], [ 55.371972099195268, 24.764916130642749 ], [ 55.371972640482774, 24.764916950665317 ], [ 55.371973267681504, 24.76491771856357 ], [ 55.371973974751199, 24.764918426942231 ], [ 55.371974754882388, 24.764919068979225 ], [ 55.371975600561981, 24.764919638491385 ], [ 55.37197650364562, 24.764920129994 ], [ 55.371977455436124, 24.764920538753625 ], [ 55.371978446767216, 24.764920860833683 ], [ 55.371979468091851, 24.764921093132372 ], [ 55.371980509574101, 24.764921233412526 ], [ 55.371981561183929, 24.764921280323168 ], [ 55.371992290019989, 24.764921280323168 ], [ 55.371993341629818, 24.764921233412526 ], [ 55.371994383112067, 24.764921093132372 ], [ 55.371995404436703, 24.764920860833683 ], [ 55.371996395767795, 24.764920538753625 ], [ 55.371997347558299, 24.764920129994 ], [ 55.371998250641937, 24.764919638491385 ], [ 55.371999096321531, 24.764919068979225 ], [ 55.371999876452719, 24.764918426942231 ], [ 55.372000583522414, 24.76491771856357 ], [ 55.372001210721145, 24.764916950665317 ], [ 55.37200175200865, 24.764916130642749 ], [ 55.372002202172034, 24.764915266393132 ], [ 55.37200255687597, 24.764914366239665 ], [ 55.372002812704473, 24.764913438851316 ], [ 55.372002967193772, 24.764912493159343 ], [ 55.372003018856049, 24.764911538271278 ], [ 55.372003018856049, 24.764901796219387 ] ], [ [ 55.371938645839691, 24.764960248530731 ], [ 55.371939714355115, 24.764960200095903 ], [ 55.371940772245807, 24.764960055273029 ], [ 55.371941808992673, 24.764959815502152 ], [ 55.371942814286868, 24.764959483167416 ], [ 55.371943778132298, 24.764959061573386 ], [ 55.371944690945007, 24.764958554912152 ], [ 55.371945543648486, 24.764957968221687 ], [ 55.371946327763908, 24.764957307335717 ], [ 55.371947035494465, 24.764956578825732 ], [ 55.371947659802863, 24.764955789935641 ], [ 55.371948194481327, 24.764954948509732 ], [ 55.371948634213304, 24.764954062914686 ], [ 55.371948974626335, 24.764953141956386 ], [ 55.371949212335537, 24.764952194792329 ], [ 55.371949344977267, 24.764951230840605 ], [ 55.371949371232603, 24.764950259686223 ], [ 55.371949290840476, 24.764949290985811 ], [ 55.371949104600262, 24.764948334371599 ], [ 55.371948814363833, 24.764947399355638 ], [ 55.371948423017137, 24.764946495235215 ], [ 55.371947934451526, 24.764945631000415 ], [ 55.371947353525016, 24.764944815244714 ], [ 55.371946686014027, 24.764944056079546 ], [ 55.371945938555925, 24.764943361053632 ], [ 55.371945118583028, 24.764942737077934 ], [ 55.371944234248701, 24.764942190356923 ], [ 55.371943294346281, 24.764941726326896 ], [ 55.371942308221641, 24.764941349601916 ], [ 55.371941285680272, 24.764941063927928 ], [ 55.371940236889763, 24.764940872145523 ], [ 55.371939172278722, 24.764940776161676 ], [ 55.371938658172745, 24.764940753228228 ], [ 55.37193863291634, 24.764940286407118 ], [ 55.371938534496017, 24.764939364542478 ], [ 55.371938340109608, 24.764938455330679 ], [ 55.371938051514071, 24.764937566989623 ], [ 55.371937671317873, 24.764936707548564 ], [ 55.371937202957412, 24.764935884775561 ], [ 55.371936650665958, 24.764935106107231 ], [ 55.371936019435395, 24.764934378581561 ], [ 55.37193531497109, 24.764933708774286 ], [ 55.371934543640343, 24.764933102739448 ], [ 55.371933712414808, 24.764932565954691 ], [ 55.371932828807509, 24.764932103271732 ], [ 55.371931900804931, 24.764931718872532 ], [ 55.371930936794804, 24.764931416231477 ], [ 55.371929945490336, 24.764931198083982 ], [ 55.371928935851408, 24.764931066401772 ], [ 55.371927917003632, 24.764931022375059 ], [ 55.371917188167572, 24.764931022375059 ], [ 55.371916136557743, 24.764931069285701 ], [ 55.371915095075494, 24.764931209565855 ], [ 55.371914073750858, 24.76493144186454 ], [ 55.371913082419766, 24.764931763944602 ], [ 55.371912130629262, 24.764932172704228 ], [ 55.371911227545624, 24.764932664206839 ], [ 55.37191038186603, 24.764933233718999 ], [ 55.371909601734842, 24.764933875755993 ], [ 55.371908894665147, 24.764934584134654 ], [ 55.371908267466416, 24.764935352032911 ], [ 55.371907726178911, 24.764936172055478 ], [ 55.371907276015527, 24.764937036305092 ], [ 55.371906921311592, 24.764937936458558 ], [ 55.371906665483088, 24.764938863846908 ], [ 55.371906510993789, 24.76493980953888 ], [ 55.371906459331512, 24.764940764426949 ], [ 55.371906459331512, 24.76495050647884 ], [ 55.371906510993789, 24.764951461366906 ], [ 55.371906665483088, 24.764952407058878 ], [ 55.371906921311592, 24.764953334447227 ], [ 55.371907276015527, 24.764954234600694 ], [ 55.371907726178911, 24.764955098850312 ], [ 55.371908267466416, 24.764955918872879 ], [ 55.371908894665147, 24.764956686771132 ], [ 55.371909601734842, 24.764957395149793 ], [ 55.37191038186603, 24.764958037186787 ], [ 55.371911227545624, 24.764958606698947 ], [ 55.371912130629262, 24.764959098201558 ], [ 55.371913082419766, 24.764959506961187 ], [ 55.371914073750858, 24.764959829041246 ], [ 55.371915095075494, 24.764960061339934 ], [ 55.371916136557743, 24.764960201620088 ], [ 55.371917188167572, 24.764960248530731 ], [ 55.371938645839691, 24.764960248530731 ] ], [ [ 55.37187426049028, 24.765310973597511 ], [ 55.371874285746685, 24.765311440418618 ], [ 55.371874386544405, 24.765312377070636 ], [ 55.371874586404246, 24.765313300520685 ], [ 55.371874883461075, 24.765314202150972 ], [ 55.37187527494271, 24.765315073547324 ], [ 55.371875757195774, 24.765315906577712 ], [ 55.371876325719789, 24.765316693468158 ], [ 55.371876975209204, 24.765317426875253 ], [ 55.371877699602869, 24.765318099954719 ], [ 55.371878492140603, 24.765318706425262 ], [ 55.371879345426308, 24.765319240627186 ], [ 55.371880251496975, 24.765319697575226 ], [ 55.37188120189699, 24.765320073005068 ], [ 55.371882187757059, 24.765320363413132 ], [ 55.371883199876962, 24.765320566089276 ], [ 55.37188422881141, 24.765320679142093 ], [ 55.371885264958209, 24.765320701516554 ], [ 55.371886298647865, 24.765320633003856 ], [ 55.371887320233789, 24.765320474243374 ], [ 55.371888320182372, 24.765320226716685 ], [ 55.371889289161921, 24.765319892733757 ], [ 55.371890218129735, 24.765319475411371 ], [ 55.371891098416533, 24.765318978644057 ], [ 55.371891921807325, 24.765318407067731 ], [ 55.371892680618082, 24.765317766016448 ], [ 55.371893367767441, 24.765317061472611 ], [ 55.371893976842813, 24.765316300011143 ], [ 55.371894502160195, 24.765315488738139 ], [ 55.371894938817235, 24.765314635224541 ], [ 55.371895282738976, 24.765313747435489 ], [ 55.371895530715868, 24.765312833655983 ], [ 55.371895680433759, 24.765311902413575 ], [ 55.371895730495453, 24.765310962398789 ], [ 55.371895730495453, 24.765301220346899 ], [ 55.371895678833177, 24.76530026545883 ], [ 55.371895524343877, 24.765299319766857 ], [ 55.371895268515374, 24.765298392378508 ], [ 55.371894913811438, 24.765297492225042 ], [ 55.371894463648054, 24.765296627975427 ], [ 55.371893922360549, 24.765295807952857 ], [ 55.371893295161819, 24.765295040054603 ], [ 55.371892588092123, 24.765294331675943 ], [ 55.371891807960935, 24.765293689638948 ], [ 55.371890962281341, 24.765293120126788 ], [ 55.371890059197703, 24.765292628624177 ], [ 55.371889107407199, 24.765292219864552 ], [ 55.371888116076107, 24.76529189778449 ], [ 55.371887094751472, 24.765291665485801 ], [ 55.371886053269222, 24.765291525205651 ], [ 55.371885001659393, 24.765291478295008 ], [ 55.371874272823334, 24.765291478295008 ], [ 55.371873237593313, 24.765291523752278 ], [ 55.371872212024243, 24.765291659699873 ], [ 55.371871205686915, 24.765291884869104 ], [ 55.371870227972636, 24.765292197158658 ], [ 55.37186928800562, 24.765292593654188 ], [ 55.371868394557794, 24.765293070655531 ], [ 55.371867555966979, 24.765293623711223 ], [ 55.371866780059044, 24.765294247660059 ], [ 55.371866074074909, 24.765294936679229 ], [ 55.371865444602925, 24.765295684338692 ], [ 55.371864897517455, 24.765296483661157 ], [ 55.371864437923982, 24.765297327187206 ], [ 55.371864070111513, 24.765298207044903 ], [ 55.371863797512553, 24.765299115023268 ], [ 55.371863622671029, 24.765300042648878 ], [ 55.371863547218602, 24.765300981264975 ], [ 55.3718635718594, 24.765301922112226 ], [ 55.371863696363469, 24.765302856410482 ], [ 55.371863919568924, 24.765303775440703 ], [ 55.371864239392771, 24.765304670626339 ], [ 55.371864652850348, 24.765305533613361 ], [ 55.37186515608321, 24.765306356348226 ], [ 55.371865744395095, 24.765307131153019 ], [ 55.371866412295766, 24.765307850797136 ], [ 55.371867153552259, 24.765308508564722 ], [ 55.371867961247048, 24.765309098317381 ], [ 55.371868827842569, 24.765309614551434 ], [ 55.371869745251608, 24.765310052449294 ], [ 55.371870704912745, 24.765310407924424 ], [ 55.371871697870255, 24.765310677659468 ], [ 55.371872714857673, 24.765310859137205 ], [ 55.371873746384303, 24.765310950664059 ], [ 55.37187426049028, 24.765310973597511 ] ], [ [ 55.371874456561102, 24.76444881075161 ], [ 55.371875136138968, 24.764448871528067 ], [ 55.371876189017037, 24.764448871528067 ], [ 55.371877236825206, 24.764448777819791 ], [ 55.371878269472518, 24.764448591305708 ], [ 55.37187927701401, 24.764448313782044 ], [ 55.371880249746503, 24.764447947921504 ], [ 55.371881178302061, 24.764447497247531 ], [ 55.371882053738183, 24.764446966100355 ], [ 55.371882867623931, 24.764446359595215 ], [ 55.371883612121152, 24.76444568357309 ], [ 55.37188428005993, 24.76444494454444 ], [ 55.371884865007644, 24.764444149626513 ], [ 55.371885009192866, 24.764443931193359 ], [ 55.371885528098424, 24.764443908045806 ], [ 55.371886575906601, 24.764443814337533 ], [ 55.371887608553912, 24.764443627823447 ], [ 55.371888616095397, 24.764443350299782 ], [ 55.371889588827898, 24.764442984439246 ], [ 55.371890517383456, 24.764442533765269 ], [ 55.37189139281957, 24.764442002618093 ], [ 55.371892206705326, 24.764441396112954 ], [ 55.371892951202547, 24.764440720090828 ], [ 55.371893619141318, 24.764439981062178 ], [ 55.371894204089031, 24.764439186144255 ], [ 55.371894700412319, 24.764438342992548 ], [ 55.371895103331312, 24.764437459727077 ], [ 55.371895408965685, 24.764436544854163 ], [ 55.371895614372001, 24.764435607184538 ], [ 55.371895717572102, 24.764434655748474 ], [ 55.371895717572102, 24.764433699708814 ], [ 55.371895614372001, 24.764432748272746 ], [ 55.371895408965685, 24.764431810603121 ], [ 55.371895103331312, 24.764430895730211 ], [ 55.371894700412319, 24.764430012464736 ], [ 55.371894204089031, 24.764429169313033 ], [ 55.371893619141318, 24.764428374395106 ], [ 55.371892951202547, 24.764427635366456 ], [ 55.371892206705326, 24.76442695934433 ], [ 55.37189139281957, 24.764426352839191 ], [ 55.371890517383456, 24.764425821692015 ], [ 55.371889588827898, 24.764425371018042 ], [ 55.371888616095397, 24.764425005157502 ], [ 55.371887608553912, 24.764424727633838 ], [ 55.371886575906601, 24.764424541119755 ], [ 55.371885528098424, 24.764424447411482 ], [ 55.371885013992447, 24.76442442447803 ], [ 55.371884988736042, 24.764423957656923 ], [ 55.371884887938322, 24.764423021004905 ], [ 55.371884688078481, 24.764422097554853 ], [ 55.371884391021652, 24.764421195924566 ], [ 55.371883999540017, 24.764420324528217 ], [ 55.371883517286953, 24.764419491497826 ], [ 55.371882948762938, 24.764418704607383 ], [ 55.371882299273523, 24.764417971200288 ], [ 55.371881574879858, 24.764417298120819 ], [ 55.371880782342124, 24.764416691650279 ], [ 55.371879929056419, 24.764416157448355 ], [ 55.371879022985752, 24.764415700500312 ], [ 55.371878072585737, 24.76441532507047 ], [ 55.371877086725668, 24.764415034662409 ], [ 55.371876074605765, 24.764414831986265 ], [ 55.371875045671317, 24.764414718933448 ], [ 55.371874009524518, 24.764414696558987 ], [ 55.371872975834862, 24.764414765071681 ], [ 55.371871954248938, 24.764414923832167 ], [ 55.371870954300356, 24.764415171358852 ], [ 55.371869985320807, 24.764415505341784 ], [ 55.371869056352992, 24.76441592266417 ], [ 55.371868176066194, 24.764416419431484 ], [ 55.371867352675402, 24.76441699100781 ], [ 55.371866593864645, 24.764417632059093 ], [ 55.371865906715286, 24.76441833660293 ], [ 55.371865297639914, 24.764419098064398 ], [ 55.371864772322532, 24.764419909337402 ], [ 55.371864335665492, 24.764420762851 ], [ 55.371863991743751, 24.764421650640053 ], [ 55.371863743766859, 24.764422564419558 ], [ 55.371863594048968, 24.764423495661962 ], [ 55.371863543987274, 24.764424435676752 ], [ 55.371863543987274, 24.764439048754589 ], [ 55.371863599148107, 24.76444003536476 ], [ 55.371863764063384, 24.764441011829895 ], [ 55.371864037037348, 24.764441968109267 ], [ 55.371864415263069, 24.764442894369722 ], [ 55.371864894851356, 24.764443781086776 ], [ 55.371865470870745, 24.764444619142566 ], [ 55.371866137398179, 24.764445399919598 ], [ 55.371866887579941, 24.764446115389351 ], [ 55.371867713702123, 24.76444675819485 ], [ 55.371868607269938, 24.764447321726305 ], [ 55.371869559095067, 24.764447800189078 ], [ 55.371870559390167, 24.764448188663266 ], [ 55.371871597869479, 24.764448483154297 ], [ 55.371872663854596, 24.764448680634001 ], [ 55.371873746384303, 24.764448779071749 ], [ 55.371874456561102, 24.76444881075161 ] ], [ [ 55.371584510456913, 24.7649308889509 ], [ 55.37158458146807, 24.764931025282227 ], [ 55.371584607173077, 24.764931500394887 ], [ 55.371584705593399, 24.764932422259527 ], [ 55.371584899979808, 24.764933331471326 ], [ 55.371585188575345, 24.764934219812385 ], [ 55.371585568771543, 24.764935079253441 ], [ 55.371586037132005, 24.764935902026448 ], [ 55.371586589423458, 24.764936680694777 ], [ 55.371587220654021, 24.764937408220447 ], [ 55.371587925118327, 24.764938078027722 ], [ 55.371588696449074, 24.76493868406256 ], [ 55.371589527674608, 24.764939220847317 ], [ 55.371590411281908, 24.764939683530272 ], [ 55.371591339284485, 24.764940067929476 ], [ 55.371592303294612, 24.764940370570532 ], [ 55.37159329459908, 24.764940588718027 ], [ 55.371594304238009, 24.764940720400233 ], [ 55.371595323085785, 24.764940764426949 ], [ 55.371616517379763, 24.764940764426949 ], [ 55.37161676842485, 24.764940775625671 ], [ 55.371616793681255, 24.764941242446778 ], [ 55.371616892101578, 24.764942164311417 ], [ 55.371617086487987, 24.764943073523217 ], [ 55.371617375083524, 24.764943961864276 ], [ 55.371617755279722, 24.764944821305331 ], [ 55.371618223640183, 24.764945644078338 ], [ 55.371618775931637, 24.764946422746668 ], [ 55.3716194071622, 24.764947150272338 ], [ 55.371620111626505, 24.764947820079612 ], [ 55.371620882957252, 24.764948426114451 ], [ 55.371621714182787, 24.764948962899208 ], [ 55.371622597790086, 24.764949425582163 ], [ 55.371623525792664, 24.764949809981367 ], [ 55.371624489802791, 24.764950112622422 ], [ 55.371625481107259, 24.764950330769917 ], [ 55.371626490746188, 24.764950462452124 ], [ 55.371627509593964, 24.76495050647884 ], [ 55.371638238430023, 24.76495050647884 ], [ 55.371639257277799, 24.764950462452124 ], [ 55.371640266916728, 24.764950330769917 ], [ 55.371641258221196, 24.764950112622422 ], [ 55.371642222231323, 24.764949809981367 ], [ 55.371643150233901, 24.764949425582163 ], [ 55.3716440338412, 24.764948962899208 ], [ 55.371644865066735, 24.764948426114451 ], [ 55.371645636397481, 24.764947820079612 ], [ 55.371646340861787, 24.764947150272338 ], [ 55.37164697209235, 24.764946422746668 ], [ 55.371647524383803, 24.764945644078338 ], [ 55.371647992744265, 24.764944821305331 ], [ 55.371648372940463, 24.764943961864276 ], [ 55.371648661536, 24.764943073523217 ], [ 55.371648855922409, 24.764942164311417 ], [ 55.371648954342731, 24.764941242446778 ], [ 55.371648979599136, 24.764940775625671 ], [ 55.371649230644223, 24.764940764426949 ], [ 55.371659432724002, 24.764940764426949 ], [ 55.371659683769089, 24.764940775625671 ], [ 55.371659709025494, 24.764941242446778 ], [ 55.371659812225595, 24.764942193882845 ], [ 55.37166001763191, 24.764943131552471 ], [ 55.371660323266283, 24.764944046425381 ], [ 55.371660726185276, 24.764944929690856 ], [ 55.371661222508564, 24.764945772842559 ], [ 55.371661807456277, 24.764946567760486 ], [ 55.371662475395048, 24.764947306789136 ], [ 55.37166321989227, 24.764947982811261 ], [ 55.371664033778025, 24.764948589316401 ], [ 55.37166490921414, 24.764949120463577 ], [ 55.371665837769697, 24.764949571137549 ], [ 55.371666810502198, 24.764949936998089 ], [ 55.371667818043683, 24.764950214521754 ], [ 55.371668850690995, 24.764950401035836 ], [ 55.371669898499171, 24.764950494744109 ], [ 55.371670951377233, 24.764950494744109 ], [ 55.371671999185409, 24.764950401035836 ], [ 55.371673031832721, 24.764950214521754 ], [ 55.371674039374206, 24.764949936998089 ], [ 55.371675012106707, 24.764949571137549 ], [ 55.371675940662264, 24.764949120463577 ], [ 55.371676816098379, 24.764948589316401 ], [ 55.371677629984134, 24.764947982811261 ], [ 55.371678374481355, 24.764947306789136 ], [ 55.371679042420126, 24.764946567760486 ], [ 55.37167962736784, 24.764945772842559 ], [ 55.371680123691128, 24.764944929690856 ], [ 55.37168052661012, 24.764944046425381 ], [ 55.371680832244493, 24.764943131552471 ], [ 55.371681037650809, 24.764942193882845 ], [ 55.37168114085091, 24.764941242446778 ], [ 55.371681166107315, 24.764940775625671 ], [ 55.371681417152402, 24.764940764426949 ], [ 55.3717130769043, 24.764940764426949 ], [ 55.371713327949386, 24.764940775625671 ], [ 55.37171334028244, 24.764941003580898 ], [ 55.37171334028244, 24.76495050647884 ], [ 55.371713391944716, 24.764951461366906 ], [ 55.371713546434016, 24.764952407058878 ], [ 55.371713802262519, 24.764953334447227 ], [ 55.371714156966455, 24.764954234600694 ], [ 55.371714607129839, 24.764955098850312 ], [ 55.371715148417344, 24.764955918872879 ], [ 55.371715775616074, 24.764956686771132 ], [ 55.37171648268577, 24.764957395149793 ], [ 55.371717262816958, 24.764958037186787 ], [ 55.371718108496552, 24.764958606698947 ], [ 55.37171901158019, 24.764959098201558 ], [ 55.371719963370694, 24.764959506961187 ], [ 55.371720954701786, 24.764959829041246 ], [ 55.371721976026421, 24.764960061339934 ], [ 55.371723017508671, 24.764960201620088 ], [ 55.3717240691185, 24.764960248530731 ], [ 55.371788442134857, 24.764960248530731 ], [ 55.371789510650281, 24.764960200095903 ], [ 55.371790568540973, 24.764960055273029 ], [ 55.371791605287839, 24.764959815502152 ], [ 55.371792610582034, 24.764959483167416 ], [ 55.371793574427464, 24.764959061573386 ], [ 55.371794487240173, 24.764958554912152 ], [ 55.371795339943652, 24.764957968221687 ], [ 55.371796124059074, 24.764957307335717 ], [ 55.371796831789631, 24.764956578825732 ], [ 55.371797456098029, 24.764955789935641 ], [ 55.371797990776493, 24.764954948509732 ], [ 55.37179843050847, 24.764954062914686 ], [ 55.371798770921501, 24.764953141956386 ], [ 55.371799008630703, 24.764952194792329 ], [ 55.371799141272433, 24.764951230840605 ], [ 55.371799167527769, 24.764950259686223 ], [ 55.371799087135642, 24.764949290985811 ], [ 55.371798900895428, 24.764948334371599 ], [ 55.371798610658999, 24.764947399355638 ], [ 55.371798219312304, 24.764946495235215 ], [ 55.371797730746692, 24.764945631000415 ], [ 55.371797149820182, 24.764944815244714 ], [ 55.371796482309193, 24.764944056079546 ], [ 55.371795734851091, 24.764943361053632 ], [ 55.371794914878194, 24.764942737077934 ], [ 55.371794030543867, 24.764942190356923 ], [ 55.371793090641447, 24.764941726326896 ], [ 55.371792104516807, 24.764941349601916 ], [ 55.371791081975438, 24.764941063927928 ], [ 55.371790033184929, 24.764940872145523 ], [ 55.371788968573888, 24.764940776161676 ], [ 55.371788454467911, 24.764940753228228 ], [ 55.371788442134857, 24.764940525272998 ], [ 55.371788442134857, 24.764931261529007 ], [ 55.371788454467911, 24.764931033573781 ], [ 55.371788968573888, 24.764931010640328 ], [ 55.371790051103595, 24.76493091220258 ], [ 55.371791117088712, 24.764930714722876 ], [ 55.371792155568023, 24.764930420231845 ], [ 55.371793155863124, 24.764930031757658 ], [ 55.371794107688252, 24.764929553294884 ], [ 55.371795001256068, 24.76492898976343 ], [ 55.37179582737825, 24.76492834695793 ], [ 55.371796577560012, 24.764927631488177 ], [ 55.371797244087446, 24.764926850711145 ], [ 55.371797820106835, 24.764926012655355 ], [ 55.371798299695122, 24.764925125938301 ], [ 55.371798677920843, 24.764924199677846 ], [ 55.371798950894807, 24.764923243398474 ], [ 55.371799115810084, 24.76492226693334 ], [ 55.371799170970917, 24.764921280323168 ], [ 55.371799170970917, 24.764911777425226 ], [ 55.371799183752572, 24.764911541178446 ], [ 55.371799254763729, 24.764911404847119 ], [ 55.37179959167181, 24.764910832509237 ], [ 55.371799994590802, 24.764909949243766 ], [ 55.371800300225168, 24.764909034370852 ], [ 55.371800505631491, 24.764908096701227 ], [ 55.371800608831585, 24.764907145265163 ], [ 55.371800608831585, 24.764906189225503 ], [ 55.371800505631491, 24.764905237789435 ], [ 55.371800300225168, 24.764904300119809 ], [ 55.371799994590802, 24.7649033852469 ], [ 55.37179959167181, 24.764902501981425 ], [ 55.371799254763729, 24.764901929643543 ], [ 55.371799183752572, 24.76490179331222 ], [ 55.371799170970917, 24.764901557065436 ], [ 55.371799170970917, 24.764892293321445 ], [ 55.37179918330397, 24.764892065366219 ], [ 55.371799697409948, 24.76489204243277 ], [ 55.371800745218124, 24.764891948724493 ], [ 55.371801777865436, 24.764891762210411 ], [ 55.371802785406921, 24.764891484686746 ], [ 55.371803758139421, 24.764891118826206 ], [ 55.371804686694979, 24.764890668152233 ], [ 55.371805562131094, 24.764890137005057 ], [ 55.371806376016849, 24.764889530499918 ], [ 55.37180712051407, 24.764888854477793 ], [ 55.371807788452841, 24.764888115449143 ], [ 55.371808373400555, 24.764887320531216 ], [ 55.371808869723843, 24.764886477379513 ], [ 55.371809272642835, 24.764885594114038 ], [ 55.371809578277208, 24.764884679241128 ], [ 55.371809783683524, 24.764883741571502 ], [ 55.371809886883625, 24.764882790135434 ], [ 55.37180991214003, 24.764882323314328 ], [ 55.371810426246007, 24.764882300380879 ], [ 55.371811490857048, 24.764882204397033 ], [ 55.371812539647557, 24.764882012614628 ], [ 55.371813562188926, 24.76488172694064 ], [ 55.371814548313566, 24.76488135021566 ], [ 55.371815261399185, 24.764880998165136 ], [ 55.371816041474531, 24.764881376774316 ], [ 55.371817014207032, 24.764881742634856 ], [ 55.371818021748517, 24.76488202015852 ], [ 55.371819054395829, 24.764882206672603 ], [ 55.371820102204005, 24.764882300380879 ], [ 55.371820616309982, 24.764882323314328 ], [ 55.371820628643036, 24.764882551269555 ], [ 55.371820628643036, 24.764901796219387 ], [ 55.371820678704729, 24.764902736234177 ], [ 55.371820828422621, 24.764903667476581 ], [ 55.371821076399513, 24.764904581256086 ], [ 55.371821420321254, 24.764905469045139 ], [ 55.371821856978293, 24.764906322558737 ], [ 55.371822382295676, 24.764907133831741 ], [ 55.371822991371047, 24.764907895293209 ], [ 55.371823678520407, 24.764908599837046 ], [ 55.371824437331163, 24.764909240888329 ], [ 55.371825260721955, 24.764909812464655 ], [ 55.371826141008754, 24.764910309231968 ], [ 55.371827069976568, 24.764910726554355 ], [ 55.371828038956117, 24.764911060537287 ], [ 55.3718290389047, 24.764911308063972 ], [ 55.371830060490623, 24.764911466824458 ], [ 55.37183109418028, 24.764911535337152 ], [ 55.371832130327078, 24.764911512962691 ], [ 55.371833159261527, 24.764911399909874 ], [ 55.37183417138143, 24.764911197233729 ], [ 55.371835157241499, 24.764910906825669 ], [ 55.371836107641514, 24.764910531395827 ], [ 55.371837013712181, 24.764910074447783 ], [ 55.371837866997886, 24.76490954024586 ], [ 55.371838659535619, 24.76490893377532 ], [ 55.371839383929284, 24.764908260695854 ], [ 55.3718400334187, 24.764907527288756 ], [ 55.371840601942715, 24.764906740398313 ], [ 55.371841084195779, 24.764905907367922 ], [ 55.371841475677414, 24.764905035971573 ], [ 55.371841772734243, 24.764904134341286 ], [ 55.371841972594083, 24.764903210891234 ], [ 55.371842073391804, 24.764902274239216 ], [ 55.371842098648209, 24.764901807418109 ], [ 55.371842612754186, 24.76490178448466 ], [ 55.371843660562362, 24.764901690776384 ], [ 55.371844693209674, 24.764901504262301 ], [ 55.371845700751159, 24.764901226738637 ], [ 55.37184667348366, 24.764900860878097 ], [ 55.371847602039217, 24.764900410204124 ], [ 55.371848477475332, 24.764899879056948 ], [ 55.371849291361087, 24.764899272551808 ], [ 55.371850035858309, 24.764898596529683 ], [ 55.37185070379708, 24.764897857501033 ], [ 55.371851288744793, 24.764897062583106 ], [ 55.371851785068081, 24.764896219431403 ], [ 55.371852187987074, 24.764895336165928 ], [ 55.371852493621446, 24.764894421293018 ], [ 55.371852699027762, 24.764893483623393 ], [ 55.371852802227863, 24.764892532187325 ], [ 55.371852827932869, 24.764892057074665 ], [ 55.371852898944027, 24.764891920743338 ], [ 55.371853235852107, 24.764891348405456 ], [ 55.3718536387711, 24.764890465139985 ], [ 55.371853944405466, 24.764889550267071 ], [ 55.371854149811789, 24.764888612597446 ], [ 55.371854253011882, 24.764887661161382 ], [ 55.371854253011882, 24.764886705121722 ], [ 55.371854149811789, 24.764885753685654 ], [ 55.371853944405466, 24.764884816016028 ], [ 55.3718536387711, 24.764883901143119 ], [ 55.371853235852107, 24.764883017877644 ], [ 55.371852898944027, 24.764882445539762 ], [ 55.371852827932869, 24.764882309208438 ], [ 55.371852815151215, 24.764882072961655 ], [ 55.371852815151215, 24.764872570063716 ], [ 55.371852763488938, 24.764871615175647 ], [ 55.371852608999639, 24.764870669483674 ], [ 55.371852353171136, 24.764869742095325 ], [ 55.3718519984672, 24.764868841941858 ], [ 55.371851548303816, 24.764867977692244 ], [ 55.371851007016311, 24.764867157669677 ], [ 55.37185037981758, 24.764866389771424 ], [ 55.371849672747885, 24.764865681392759 ], [ 55.371848892616697, 24.764865039355765 ], [ 55.371848046937103, 24.764864469843605 ], [ 55.371847143853465, 24.764863978340994 ], [ 55.371846192062961, 24.764863569581369 ], [ 55.371845200731869, 24.76486324750131 ], [ 55.371844179407233, 24.764863015202621 ], [ 55.371843137924984, 24.764862874922468 ], [ 55.371842086315155, 24.764862828011825 ], [ 55.371831620857236, 24.764862828011825 ], [ 55.37183136068073, 24.764862816405763 ], [ 55.371831210540243, 24.76486275192585 ], [ 55.37183058022957, 24.76486244600488 ], [ 55.37182960749707, 24.76486208014434 ], [ 55.371828599955585, 24.764861802620675 ], [ 55.371827567308273, 24.764861616106593 ], [ 55.371826519500097, 24.76486152239832 ], [ 55.371825466622035, 24.76486152239832 ], [ 55.371824418813858, 24.764861616106593 ], [ 55.371823386166547, 24.764861802620675 ], [ 55.371822378625062, 24.76486208014434 ], [ 55.371821405892561, 24.76486244600488 ], [ 55.371820775581888, 24.76486275192585 ], [ 55.371820625441401, 24.764862816405763 ], [ 55.371820102204005, 24.764862839746552 ], [ 55.371819054395829, 24.764862933454825 ], [ 55.371818021748517, 24.764863119968911 ], [ 55.371817014207032, 24.764863397492576 ], [ 55.371816041474531, 24.764863763353112 ], [ 55.371815261129328, 24.76486414209327 ], [ 55.371815032099583, 24.76486401496917 ], [ 55.371814068254153, 24.764863593375139 ], [ 55.371813062959959, 24.764863261040404 ], [ 55.371812026213092, 24.764863021269527 ], [ 55.3718109683224, 24.764862876446653 ], [ 55.371809899806976, 24.764862828011825 ], [ 55.371788705512998, 24.764862828011825 ], [ 55.371788454467911, 24.764862816813103 ], [ 55.371788429211506, 24.764862349991997 ], [ 55.371788326011405, 24.764861398555929 ], [ 55.371788120605089, 24.764860460886304 ], [ 55.371787814970716, 24.76485954601339 ], [ 55.371787412051724, 24.764858662747919 ], [ 55.371786915728435, 24.764857819596212 ], [ 55.371786330780722, 24.764857024678289 ], [ 55.371785662841951, 24.764856285649639 ], [ 55.37178491834473, 24.764855609627514 ], [ 55.371784104458975, 24.764855003122374 ], [ 55.37178322902286, 24.764854471975198 ], [ 55.371782300467302, 24.764854021301222 ], [ 55.371781327734801, 24.764853655440685 ], [ 55.371780320193317, 24.764853377917021 ], [ 55.371779287546005, 24.764853191402935 ], [ 55.371778239737829, 24.764853097694662 ], [ 55.371777725631851, 24.764853074761213 ], [ 55.371777700375446, 24.764852607940107 ], [ 55.371777601955124, 24.764851686075463 ], [ 55.371777407568715, 24.764850776863664 ], [ 55.371777118973178, 24.764849888522608 ], [ 55.37177673877698, 24.76484902908155 ], [ 55.371776270416518, 24.764848206308546 ], [ 55.371775718125065, 24.764847427640216 ], [ 55.371775086894502, 24.764846700114546 ], [ 55.371774382430196, 24.764846030307272 ], [ 55.371773611099449, 24.764845424272433 ], [ 55.371772779873915, 24.764844887487676 ], [ 55.371771896266615, 24.764844424804718 ], [ 55.371770968264038, 24.764844040405517 ], [ 55.371770004253911, 24.764843737764462 ], [ 55.371769012949443, 24.764843519616967 ], [ 55.371768003310514, 24.764843387934757 ], [ 55.371766984462738, 24.764843343908044 ], [ 55.371616780757904, 24.764843343908044 ], [ 55.371615729148076, 24.764843390818687 ], [ 55.371614687665826, 24.76484353109884 ], [ 55.37161366634119, 24.764843763397529 ], [ 55.371612675010098, 24.764844085477588 ], [ 55.371611723219594, 24.764844494237213 ], [ 55.371610820135956, 24.764844985739828 ], [ 55.371609974456362, 24.764845555251984 ], [ 55.371609194325174, 24.764846197288978 ], [ 55.371608487255479, 24.764846905667643 ], [ 55.371607860056749, 24.764847673565896 ], [ 55.371607318769243, 24.764848493588463 ], [ 55.371606868605859, 24.764849357838077 ], [ 55.371606513901924, 24.764850257991544 ], [ 55.37160625807342, 24.764851185379893 ], [ 55.371606103584121, 24.764852131071866 ], [ 55.371606051921844, 24.764853085959935 ], [ 55.371606051921844, 24.764862588857874 ], [ 55.371606039588791, 24.764862816813103 ], [ 55.371605525482813, 24.764862839746552 ], [ 55.371604442953107, 24.764862938184301 ], [ 55.37160337696799, 24.764863135664005 ], [ 55.371602338488678, 24.764863430155039 ], [ 55.371601338193578, 24.764863818629227 ], [ 55.371600386368449, 24.764864297091997 ], [ 55.371599492800634, 24.764864860623451 ], [ 55.371598666678452, 24.764865503428954 ], [ 55.37159791649669, 24.764866218898707 ], [ 55.371597249969255, 24.764866999675736 ], [ 55.371596673949867, 24.764867837731526 ], [ 55.37159619436158, 24.764868724448583 ], [ 55.371595816135859, 24.764869650709038 ], [ 55.371595543161895, 24.76487060698841 ], [ 55.371595378246617, 24.764871583453541 ], [ 55.371595323085785, 24.764872570063716 ], [ 55.371595323085785, 24.764911299117326 ], [ 55.371595310752731, 24.764911527072556 ], [ 55.371594796646754, 24.764911550006005 ], [ 55.371593748838578, 24.764911643714278 ], [ 55.371592716191266, 24.764911830228364 ], [ 55.371591708649781, 24.764912107752028 ], [ 55.37159073591728, 24.764912473612565 ], [ 55.371589807361723, 24.764912924286541 ], [ 55.371588931925608, 24.764913455433717 ], [ 55.371588118039853, 24.764914061938857 ], [ 55.371587373542631, 24.764914737960982 ], [ 55.37158670560386, 24.764915476989632 ], [ 55.371586120656147, 24.764916271907556 ], [ 55.371585624332859, 24.764917115059262 ], [ 55.371585221413866, 24.764917998324734 ], [ 55.371584915779493, 24.764918913197647 ], [ 55.371584710373178, 24.764919850867273 ], [ 55.371584607173077, 24.764920802303337 ], [ 55.37158458146807, 24.764921277416001 ], [ 55.371584510456913, 24.764921413747324 ], [ 55.371584173548833, 24.764921986085206 ], [ 55.37158377062984, 24.764922869350681 ], [ 55.371583464995474, 24.764923784223591 ], [ 55.371583259589151, 24.764924721893216 ], [ 55.371583156389057, 24.764925673329284 ], [ 55.371583156389057, 24.764926629368944 ], [ 55.371583259589151, 24.764927580805008 ], [ 55.371583464995474, 24.764928518474633 ], [ 55.37158377062984, 24.764929433347547 ], [ 55.371584173548833, 24.764930316613018 ], [ 55.371584510456913, 24.7649308889509 ] ], [ [ 55.371606039588791, 24.766051347143744 ], [ 55.371605525482813, 24.766051370077193 ], [ 55.37160451024139, 24.766051459445311 ], [ 55.371603508934435, 24.766051635953037 ], [ 55.371602530612236, 24.766051898005017 ], [ 55.371601584117364, 24.766052243232689 ], [ 55.37160067800469, 24.766052668515719 ], [ 55.371599820464105, 24.766053170010192 ], [ 55.371599019246489, 24.766053743183356 ], [ 55.371598281593627, 24.766054382854588 ], [ 55.371597614172792, 24.766055083242232 ], [ 55.371597023016456, 24.766055838015838 ], [ 55.371596513467786, 24.766056640353398 ], [ 55.371596090132329, 24.766057483002985 ], [ 55.371595756836392, 24.766058358348324 ], [ 55.371595516592478, 24.766059258477618 ], [ 55.37159537157202, 24.766060175255056 ], [ 55.371595323085785, 24.766061100394356 ], [ 55.371595323085785, 24.766080584498138 ], [ 55.371595374748061, 24.766081539386203 ], [ 55.371595529237361, 24.766082485078179 ], [ 55.371595785065864, 24.766083412466525 ], [ 55.3715961397698, 24.766084312619991 ], [ 55.371596589933183, 24.766085176869609 ], [ 55.371597131220689, 24.766085996892176 ], [ 55.371597758419419, 24.76608676479043 ], [ 55.371598465489114, 24.76608747316909 ], [ 55.371599245620303, 24.766088115206085 ], [ 55.371600091299896, 24.766088684718245 ], [ 55.371600994383535, 24.766089176220859 ], [ 55.371601946174039, 24.766089584980485 ], [ 55.371602937505131, 24.766089907060543 ], [ 55.371603958829766, 24.766090139359232 ], [ 55.371605000312016, 24.766090279639386 ], [ 55.371606051921844, 24.766090326550028 ], [ 55.371616780757904, 24.766090326550028 ], [ 55.37161779960568, 24.766090282523312 ], [ 55.371618809244609, 24.766090150841105 ], [ 55.371619800549077, 24.76608993269361 ], [ 55.371620764559204, 24.766089630052555 ], [ 55.371621692561781, 24.766089245653355 ], [ 55.371622576169081, 24.766088782970396 ], [ 55.371623407394615, 24.766088246185639 ], [ 55.371624178725362, 24.766087640150801 ], [ 55.371624883189668, 24.766086970343526 ], [ 55.371625514420231, 24.766086242817856 ], [ 55.371626066711684, 24.766085464149526 ], [ 55.371626535072146, 24.766084641376519 ], [ 55.371626915268344, 24.766083781935464 ], [ 55.371627203863881, 24.766082893594405 ], [ 55.37162739825029, 24.766081984382605 ], [ 55.371627496670612, 24.766081062517966 ], [ 55.371627521927017, 24.766080595696859 ], [ 55.371627772972104, 24.766080584498138 ], [ 55.371637975051883, 24.766080584498138 ], [ 55.37163822609697, 24.766080595696859 ], [ 55.371638238430023, 24.766080823652089 ], [ 55.371638238430023, 24.766100068601919 ], [ 55.371638288491717, 24.766101008616708 ], [ 55.371638438209608, 24.766101939859112 ], [ 55.3716386861865, 24.766102853638618 ], [ 55.371639030108241, 24.766103741427671 ], [ 55.371639466765281, 24.766104594941268 ], [ 55.371639992082663, 24.766105406214272 ], [ 55.371640601158035, 24.766106167675741 ], [ 55.371641288307394, 24.766106872219581 ], [ 55.371642047118151, 24.76610751327086 ], [ 55.371642870508943, 24.766108084847186 ], [ 55.371643750795741, 24.7661085816145 ], [ 55.371644679763556, 24.766108998936886 ], [ 55.371645648743105, 24.766109332919818 ], [ 55.371646648691687, 24.766109580446503 ], [ 55.371647670277611, 24.766109739206989 ], [ 55.371648703967267, 24.766109807719683 ], [ 55.371649740114066, 24.766109785345222 ], [ 55.371650769048514, 24.766109672292405 ], [ 55.371651781168417, 24.766109469616261 ], [ 55.371652767028486, 24.7661091792082 ], [ 55.371653717428501, 24.766108803778359 ], [ 55.371654623499168, 24.766108346830315 ], [ 55.371655476784873, 24.766107812628391 ], [ 55.371656269322607, 24.766107206157852 ], [ 55.371656993716272, 24.766106533078386 ], [ 55.371657643205687, 24.766105799671287 ], [ 55.371658211729702, 24.766105012780844 ], [ 55.371658693982766, 24.766104179750453 ], [ 55.371659085464401, 24.766103308354104 ], [ 55.37165938252123, 24.766102406723817 ], [ 55.371659582381071, 24.766101483273765 ], [ 55.371659683178791, 24.766100546621747 ], [ 55.371659708435196, 24.766100079800641 ], [ 55.371659959480283, 24.766100068601919 ], [ 55.371670161560061, 24.766100068601919 ], [ 55.371670412605148, 24.766100079800641 ], [ 55.371670437861553, 24.766100546621747 ], [ 55.371670536281876, 24.766101468486386 ], [ 55.371670730668285, 24.766102377698186 ], [ 55.371671019263822, 24.766103266039245 ], [ 55.37167139946002, 24.7661041254803 ], [ 55.371671867820481, 24.766104948253307 ], [ 55.371672420111935, 24.766105726921637 ], [ 55.371673051342498, 24.766106454447307 ], [ 55.371673755806803, 24.766107124254582 ], [ 55.37167452713755, 24.76610773028942 ], [ 55.371675358363085, 24.766108267074177 ], [ 55.371676241970384, 24.766108729757136 ], [ 55.371677169972962, 24.766109114156336 ], [ 55.371678133983089, 24.766109416797391 ], [ 55.371679125287557, 24.766109634944886 ], [ 55.371680134926486, 24.766109766627093 ], [ 55.371681153774261, 24.766109810653809 ], [ 55.371766721084597, 24.766109810653809 ], [ 55.371766972129684, 24.766109821852531 ], [ 55.371766997386089, 24.766110288673637 ], [ 55.37176710058619, 24.766111240109705 ], [ 55.371767305992506, 24.76611217777933 ], [ 55.371767611626879, 24.76611309265224 ], [ 55.371768014545871, 24.766113975917715 ], [ 55.37176851086916, 24.766114819069418 ], [ 55.371769095816873, 24.766115613987346 ], [ 55.371769763755644, 24.766116353015995 ], [ 55.371770508252865, 24.766117029038121 ], [ 55.371771322138621, 24.76611763554326 ], [ 55.371772197574735, 24.766118166690436 ], [ 55.371773126130293, 24.766118617364409 ], [ 55.371774098862794, 24.766118983224949 ], [ 55.371775106404279, 24.766119260748614 ], [ 55.37177613905159, 24.766119447262696 ], [ 55.371777186859767, 24.766119540970973 ], [ 55.371778239737829, 24.766119540970973 ], [ 55.371779287546005, 24.766119447262696 ], [ 55.371780320193317, 24.766119260748614 ], [ 55.371781327734801, 24.766118983224949 ], [ 55.371782300467302, 24.766118617364409 ], [ 55.37178322902286, 24.766118166690436 ], [ 55.371784104458975, 24.76611763554326 ], [ 55.37178491834473, 24.766117029038121 ], [ 55.371785662841951, 24.766116353015995 ], [ 55.371786330780722, 24.766115613987346 ], [ 55.371786915728435, 24.766114819069418 ], [ 55.371787412051724, 24.766113975917715 ], [ 55.371787814970716, 24.76611309265224 ], [ 55.371788120605089, 24.76611217777933 ], [ 55.371788326011405, 24.766111240109705 ], [ 55.371788429211506, 24.766110288673637 ], [ 55.371788454467911, 24.766109821852531 ], [ 55.371788968573888, 24.766109798919082 ], [ 55.371790016382064, 24.766109705210805 ], [ 55.371791049029376, 24.766109518696723 ], [ 55.371792056570861, 24.766109241173059 ], [ 55.371793029303362, 24.766108875312518 ], [ 55.37179395785892, 24.766108424638546 ], [ 55.371794833295034, 24.76610789349137 ], [ 55.37179564718079, 24.76610728698623 ], [ 55.371796391678011, 24.766106610964105 ], [ 55.371797059616782, 24.766105871935455 ], [ 55.371797644564495, 24.766105077017528 ], [ 55.371798140887783, 24.766104233865825 ], [ 55.371798543806776, 24.76610335060035 ], [ 55.371798849441149, 24.76610243572744 ], [ 55.371799054847465, 24.766101498057814 ], [ 55.371799158047565, 24.766100546621747 ], [ 55.37179918330397, 24.766100079800641 ], [ 55.371799697409948, 24.766100056867192 ], [ 55.371800712651371, 24.766099967499073 ], [ 55.371801713958327, 24.766099790991344 ], [ 55.371802692280525, 24.766099528939368 ], [ 55.371803638775397, 24.766099183711695 ], [ 55.371804544888072, 24.766098758428665 ], [ 55.371805402428656, 24.766098256934193 ], [ 55.371806203646273, 24.766097683761028 ], [ 55.371806941299134, 24.766097044089793 ], [ 55.371807608719969, 24.766096343702152 ], [ 55.371808199876305, 24.766095588928543 ], [ 55.371808709424975, 24.766094786590987 ], [ 55.371809132760433, 24.766093943941399 ], [ 55.371809466056369, 24.766093068596057 ], [ 55.371809706300283, 24.766092168466766 ], [ 55.371809851320741, 24.766091251689328 ], [ 55.371809899806976, 24.766090326550028 ], [ 55.371809899806976, 24.766080823652089 ], [ 55.37180991214003, 24.766080595696859 ], [ 55.371810426246007, 24.766080572763411 ], [ 55.371811474054184, 24.766080479055134 ], [ 55.371812506701495, 24.766080292541051 ], [ 55.37181351424298, 24.766080015017387 ], [ 55.371814486975481, 24.76607964915685 ], [ 55.371815415531039, 24.766079198482874 ], [ 55.371816290967153, 24.766078667335698 ], [ 55.371817104852909, 24.766078060830559 ], [ 55.37181784935013, 24.766077384808433 ], [ 55.371818517288901, 24.766076645779783 ], [ 55.371819102236614, 24.766075850861856 ], [ 55.371819598559902, 24.766075007710153 ], [ 55.371820001478895, 24.766074124444678 ], [ 55.371820307113268, 24.766073209571768 ], [ 55.371820512519584, 24.766072271902143 ], [ 55.371820615719685, 24.766071320466075 ], [ 55.371820615719685, 24.766070364426419 ], [ 55.371820512519584, 24.766069412990351 ], [ 55.371820307113268, 24.766068475320726 ], [ 55.371820001478895, 24.766067560447812 ], [ 55.371819598559902, 24.766066677182341 ], [ 55.371819102236614, 24.766065834030634 ], [ 55.371818517288901, 24.766065039112711 ], [ 55.37181784935013, 24.766064300084061 ], [ 55.371817104852909, 24.766063624061935 ], [ 55.371816290967153, 24.766063017556796 ], [ 55.371815415531039, 24.76606248640962 ], [ 55.371814486975481, 24.766062035735644 ], [ 55.37181351424298, 24.766061669875107 ], [ 55.371812506701495, 24.766061392351443 ], [ 55.371811474054184, 24.766061205837357 ], [ 55.371810426246007, 24.766061112129083 ], [ 55.37180991214003, 24.766061089195635 ], [ 55.371809886883625, 24.766060622374528 ], [ 55.371809788463302, 24.766059700509885 ], [ 55.371809594076893, 24.766058791298086 ], [ 55.371809305481356, 24.76605790295703 ], [ 55.371808925285158, 24.766057043515971 ], [ 55.371808456924697, 24.766056220742968 ], [ 55.371807904633243, 24.766055442074638 ], [ 55.37180727340268, 24.766054714548968 ], [ 55.371806568938375, 24.766054044741693 ], [ 55.371805797607628, 24.766053438706855 ], [ 55.371804966382093, 24.766052901922098 ], [ 55.371804082774794, 24.766052439239139 ], [ 55.371803154772216, 24.766052054839939 ], [ 55.371802190762089, 24.766051752198884 ], [ 55.371801199457622, 24.766051534051389 ], [ 55.371800189818693, 24.766051402369179 ], [ 55.371799170970917, 24.766051358342466 ], [ 55.371788705512998, 24.766051358342466 ], [ 55.371788454467911, 24.766051347143744 ], [ 55.371788429211506, 24.766050880322638 ], [ 55.371788326011405, 24.76604992888657 ], [ 55.371788120605089, 24.766048991216945 ], [ 55.371787814970716, 24.766048076344031 ], [ 55.371787412051724, 24.76604719307856 ], [ 55.371786915728435, 24.766046349926853 ], [ 55.371786330780722, 24.76604555500893 ], [ 55.371785662841951, 24.76604481598028 ], [ 55.37178491834473, 24.766044139958154 ], [ 55.371784104458975, 24.766043533453015 ], [ 55.37178322902286, 24.766043002305839 ], [ 55.371782300467302, 24.766042551631863 ], [ 55.371781327734801, 24.766042185771326 ], [ 55.371780320193317, 24.766041908247661 ], [ 55.371779287546005, 24.766041721733576 ], [ 55.371778239737829, 24.766041628025302 ], [ 55.371777725631851, 24.766041605091853 ], [ 55.371777700375446, 24.766041138270747 ], [ 55.371777601955124, 24.766040216406108 ], [ 55.371777407568715, 24.766039307194305 ], [ 55.371777118973178, 24.766038418853249 ], [ 55.37177673877698, 24.76603755941219 ], [ 55.371776270416518, 24.766036736639187 ], [ 55.371775718125065, 24.766035957970857 ], [ 55.371775086894502, 24.766035230445187 ], [ 55.371774382430196, 24.766034560637912 ], [ 55.371773611099449, 24.766033954603074 ], [ 55.371772779873915, 24.766033417818317 ], [ 55.371771896266615, 24.766032955135358 ], [ 55.371770968264038, 24.766032570736158 ], [ 55.371770004253911, 24.766032268095103 ], [ 55.371769012949443, 24.766032049947608 ], [ 55.371768003310514, 24.766031918265398 ], [ 55.371766984462738, 24.766031874238685 ], [ 55.371681417152402, 24.766031874238685 ], [ 55.371681166107315, 24.766031863039963 ], [ 55.37168114085091, 24.766031396218857 ], [ 55.371681037650809, 24.766030444782789 ], [ 55.371680832244493, 24.766029507113164 ], [ 55.37168052661012, 24.76602859224025 ], [ 55.371680123691128, 24.766027708974779 ], [ 55.37167962736784, 24.766026865823072 ], [ 55.371679042420126, 24.766026070905149 ], [ 55.371678374481355, 24.766025331876499 ], [ 55.371677629984134, 24.766024655854373 ], [ 55.371676816098379, 24.766024049349234 ], [ 55.371675940662264, 24.766023518202058 ], [ 55.371675012106707, 24.766023067528081 ], [ 55.371674039374206, 24.766022701667545 ], [ 55.371673031832721, 24.76602242414388 ], [ 55.371671999185409, 24.766022237629794 ], [ 55.371670951377233, 24.766022143921521 ], [ 55.371669898499171, 24.766022143921521 ], [ 55.371668850690995, 24.766022237629794 ], [ 55.371667818043683, 24.76602242414388 ], [ 55.371666810502198, 24.766022701667545 ], [ 55.371665837769697, 24.766023067528081 ], [ 55.37166490921414, 24.766023518202058 ], [ 55.371664033778025, 24.766024049349234 ], [ 55.37166321989227, 24.766024655854373 ], [ 55.371662475395048, 24.766025331876499 ], [ 55.371661807456277, 24.766026070905149 ], [ 55.371661222508564, 24.766026865823072 ], [ 55.371660726185276, 24.766027708974779 ], [ 55.371660323266283, 24.76602859224025 ], [ 55.37166001763191, 24.766029507113164 ], [ 55.371659812225595, 24.766030444782789 ], [ 55.371659709025494, 24.766031396218857 ], [ 55.371659683769089, 24.766031863039963 ], [ 55.371659432724002, 24.766031874238685 ], [ 55.371627509593964, 24.766031874238685 ], [ 55.371626490746188, 24.766031918265398 ], [ 55.371625481107259, 24.766032049947608 ], [ 55.371624489802791, 24.766032268095103 ], [ 55.371623525792664, 24.766032570736158 ], [ 55.371622597790086, 24.766032955135358 ], [ 55.371621714182787, 24.766033417818317 ], [ 55.371620882957252, 24.766033954603074 ], [ 55.371620111626505, 24.766034560637912 ], [ 55.3716194071622, 24.766035230445187 ], [ 55.371618775931637, 24.766035957970857 ], [ 55.371618223640183, 24.766036736639187 ], [ 55.371617755279722, 24.76603755941219 ], [ 55.371617375083524, 24.766038418853249 ], [ 55.371617086487987, 24.766039307194305 ], [ 55.371616892101578, 24.766040216406108 ], [ 55.371616793681255, 24.766041138270747 ], [ 55.37161676842485, 24.766041605091853 ], [ 55.371616254318873, 24.766041628025302 ], [ 55.371615206510697, 24.766041721733576 ], [ 55.371614173863385, 24.766041908247661 ], [ 55.3716131663219, 24.766042185771326 ], [ 55.371612193589399, 24.766042551631863 ], [ 55.371611265033842, 24.766043002305839 ], [ 55.371610389597727, 24.766043533453015 ], [ 55.371609575711972, 24.766044139958154 ], [ 55.371608831214751, 24.76604481598028 ], [ 55.37160816327598, 24.76604555500893 ], [ 55.371607578328266, 24.766046349926853 ], [ 55.371607082004978, 24.76604719307856 ], [ 55.371606679085986, 24.766048076344031 ], [ 55.371606373451613, 24.766048991216945 ], [ 55.371606168045297, 24.76604992888657 ], [ 55.371606064845196, 24.766050880322638 ], [ 55.371606039588791, 24.766051347143744 ] ] ] } }
]
}
