{
"type": "FeatureCollection",
"name": "3bd6ffe8-5036-4acd-8204-c0611dcc80be",
"crs": { "type": "name", "properties": { "name": "urn:ogc:def:crs:OGC:1.3:CRS84" } },
"features": [
{ "type": "Feature", "properties": { "confidence": 0.80604839, "class": "Class1", "id": 0 }, "geometry": { "type": "Polygon", "coordinates": [ [ [ 49.611681550741196, 25.423052306652135 ], [ 49.611617177724838, 25.423052306652135 ], [ 49.611617177724838, 25.422994167381873 ], [ 49.611681550741196, 25.422994167381873 ], [ 49.611681550741196, 25.423052306652135 ] ] ] } },
{ "type": "Feature", "properties": { "confidence": 0.80514681, "class": "Class1", "id": 1 }, "geometry": { "type": "Polygon", "coordinates": [ [ [ 49.611169248819351, 25.422524208280596 ], [ 49.611102193593979, 25.422524208280596 ], [ 49.611102193593979, 25.422466069010333 ], [ 49.611169248819351, 25.422466069010333 ], [ 49.611169248819351, 25.422524208280596 ] ] ] } },
{ "type": "Feature", "properties": { "confidence": 0.80440515, "class": "Class1", "id": 2 }, "geometry": { "type": "Polygon", "coordinates": [ [ [ 49.611343592405319, 25.422531475689375 ], [ 49.611281901597977, 25.422531475689375 ], [ 49.611281901597977, 25.422475758888709 ], [ 49.611343592405319, 25.422475758888709 ], [ 49.611343592405319, 25.422531475689375 ] ] ] } },
{ "type": "Feature", "properties": { "confidence": 0.77846783, "class": "Class1", "id": 3 }, "geometry": { "type": "Polygon", "coordinates": [ [ [ 49.611407965421677, 25.42274465301367 ], [ 49.611348956823349, 25.42274465301367 ], [ 49.611348956823349, 25.422691358682595 ], [ 49.611407965421677, 25.422691358682595 ], [ 49.611407965421677, 25.42274465301367 ] ] ] } },
{ "type": "Feature", "properties": { "confidence": 0.7748214, "class": "Class1", "id": 4 }, "geometry": { "type": "Polygon", "coordinates": [ [ [ 49.611265808343887, 25.422516940871812 ], [ 49.611204117536545, 25.422516940871812 ], [ 49.611204117536545, 25.422461224071146 ], [ 49.611265808343887, 25.422461224071146 ], [ 49.611265808343887, 25.422516940871812 ] ] ] } },
{ "type": "Feature", "properties": { "confidence": 0.77411413, "class": "Class1", "id": 5 }, "geometry": { "type": "Polygon", "coordinates": [ [ [ 49.611381143331528, 25.422441844314392 ], [ 49.61131677031517, 25.422441844314392 ], [ 49.61131677031517, 25.42238370504413 ], [ 49.611381143331528, 25.42238370504413 ], [ 49.611381143331528, 25.422441844314392 ] ] ] } },
{ "type": "Feature", "properties": { "confidence": 0.76739746, "class": "Class1", "id": 6 }, "geometry": { "type": "Polygon", "coordinates": [ [ [ 49.611477702856064, 25.422516940871812 ], [ 49.611416012048721, 25.422516940871812 ], [ 49.611416012048721, 25.422461224071146 ], [ 49.611477702856064, 25.422461224071146 ], [ 49.611477702856064, 25.422516940871812 ] ] ] } },
{ "type": "Feature", "properties": { "confidence": 0.76017797, "class": "Class1", "id": 7 }, "geometry": { "type": "Polygon", "coordinates": [ [ [ 49.611450880765915, 25.42229891860833 ], [ 49.611389189958572, 25.42229891860833 ], [ 49.611389189958572, 25.422240779338068 ], [ 49.611450880765915, 25.422240779338068 ], [ 49.611450880765915, 25.42229891860833 ] ] ] } },
{ "type": "Feature", "properties": { "confidence": 0.73862511, "class": "Class1", "id": 8 }, "geometry": { "type": "Polygon", "coordinates": [ [ [ 49.611059278249741, 25.422814904631903 ], [ 49.610992223024368, 25.422814904631903 ], [ 49.610992223024368, 25.422754342892045 ], [ 49.611059278249741, 25.422754342892045 ], [ 49.611059278249741, 25.422814904631903 ] ] ] } },
{ "type": "Feature", "properties": { "confidence": 0.73476529, "class": "Class1", "id": 9 }, "geometry": { "type": "Polygon", "coordinates": [ [ [ 49.610774964094162, 25.422536320628566 ], [ 49.610710591077805, 25.422536320628566 ], [ 49.610710591077805, 25.422478181358304 ], [ 49.610774964094162, 25.422478181358304 ], [ 49.610774964094162, 25.422536320628566 ] ] ] } },
{ "type": "Feature", "properties": { "confidence": 0.73427081, "class": "Class1", "id": 10 }, "geometry": { "type": "Polygon", "coordinates": [ [ [ 49.611635953187943, 25.422868198962973 ], [ 49.6115742623806, 25.422868198962973 ], [ 49.6115742623806, 25.422810059692711 ], [ 49.611635953187943, 25.422810059692711 ], [ 49.611635953187943, 25.422868198962973 ] ] ] } },
{ "type": "Feature", "properties": { "confidence": 0.73361385, "class": "Class1", "id": 11 }, "geometry": { "type": "Polygon", "coordinates": [ [ [ 49.611764699220657, 25.422330410713055 ], [ 49.6117003262043, 25.422330410713055 ], [ 49.6117003262043, 25.422272271442793 ], [ 49.611764699220657, 25.422272271442793 ], [ 49.611764699220657, 25.422330410713055 ] ] ] } },
{ "type": "Feature", "properties": { "confidence": 0.72203326, "class": "Class1", "id": 12 }, "geometry": { "type": "Polygon", "coordinates": [ [ [ 49.611362367868423, 25.422342523061026 ], [ 49.611303359270096, 25.422342523061026 ], [ 49.611303359270096, 25.42228680626036 ], [ 49.611362367868423, 25.42228680626036 ], [ 49.611362367868423, 25.422342523061026 ] ] ] } },
{ "type": "Feature", "properties": { "confidence": 0.7182402, "class": "Class1", "id": 13 }, "geometry": { "type": "Polygon", "coordinates": [ [ [ 49.611861258745193, 25.423037771834569 ], [ 49.611791521310806, 25.423037771834569 ], [ 49.611791521310806, 25.422974787625119 ], [ 49.611861258745193, 25.422974787625119 ], [ 49.611861258745193, 25.423037771834569 ] ] ] } },
{ "type": "Feature", "properties": { "confidence": 0.71227205, "class": "Class1", "id": 14 }, "geometry": { "type": "Polygon", "coordinates": [ [ [ 49.610809832811356, 25.422856086615003 ], [ 49.610748142004013, 25.422856086615003 ], [ 49.610748142004013, 25.422797947344741 ], [ 49.610809832811356, 25.422797947344741 ], [ 49.610809832811356, 25.422856086615003 ] ] ] } },
{ "type": "Feature", "properties": { "confidence": 0.71217656, "class": "Class1", "id": 15 }, "geometry": { "type": "Polygon", "coordinates": [ [ [ 49.611713737249374, 25.423197654827788 ], [ 49.611646682024002, 25.423197654827788 ], [ 49.611646682024002, 25.423137093087934 ], [ 49.611713737249374, 25.423137093087934 ], [ 49.611713737249374, 25.423197654827788 ] ] ] } },
{ "type": "Feature", "properties": { "confidence": 0.70815188, "class": "Class1", "id": 16 }, "geometry": { "type": "Polygon", "coordinates": [ [ [ 49.611759334802628, 25.422558122854912 ], [ 49.611697643995285, 25.422558122854912 ], [ 49.611697643995285, 25.422502406054246 ], [ 49.611759334802628, 25.422502406054246 ], [ 49.611759334802628, 25.422558122854912 ] ] ] } },
{ "type": "Feature", "properties": { "confidence": 0.70661825, "class": "Class1", "id": 17 }, "geometry": { "type": "Polygon", "coordinates": [ [ [ 49.612161666154861, 25.422790679935957 ], [ 49.612091928720474, 25.422790679935957 ], [ 49.612091928720474, 25.422730118196103 ], [ 49.612161666154861, 25.422730118196103 ], [ 49.612161666154861, 25.422790679935957 ] ] ] } },
{ "type": "Feature", "properties": { "confidence": 0.70529008, "class": "Class1", "id": 18 }, "geometry": { "type": "Polygon", "coordinates": [ [ [ 49.611391872167587, 25.422817327101495 ], [ 49.61133286356926, 25.422817327101495 ], [ 49.61133286356926, 25.422764032770424 ], [ 49.611391872167587, 25.422764032770424 ], [ 49.611391872167587, 25.422817327101495 ] ] ] } },
{ "type": "Feature", "properties": { "confidence": 0.69723296, "class": "Class1", "id": 19 }, "geometry": { "type": "Polygon", "coordinates": [ [ [ 49.611238986253738, 25.422933605642019 ], [ 49.611179977655411, 25.422933605642019 ], [ 49.611179977655411, 25.422880311310944 ], [ 49.611238986253738, 25.422880311310944 ], [ 49.611238986253738, 25.422933605642019 ] ] ] } },
{ "type": "Feature", "properties": { "confidence": 0.69529074, "class": "Class1", "id": 20 }, "geometry": { "type": "Polygon", "coordinates": [ [ [ 49.611499160528183, 25.423362382760196 ], [ 49.611440151929855, 25.423362382760196 ], [ 49.611440151929855, 25.423309088429125 ], [ 49.611499160528183, 25.423309088429125 ], [ 49.611499160528183, 25.423362382760196 ] ] ] } },
{ "type": "Feature", "properties": { "confidence": 0.69320351, "class": "Class1", "id": 21 }, "geometry": { "type": "Polygon", "coordinates": [ [ [ 49.610997587442398, 25.422972365155527 ], [ 49.610933214426041, 25.422972365155527 ], [ 49.610933214426041, 25.422914225885265 ], [ 49.610997587442398, 25.422914225885265 ], [ 49.610997587442398, 25.422972365155527 ] ] ] } },
{ "type": "Feature", "properties": { "confidence": 0.68238455, "class": "Class1", "id": 22 }, "geometry": { "type": "Polygon", "coordinates": [ [ [ 49.611450880765915, 25.422565390263696 ], [ 49.611391872167587, 25.422565390263696 ], [ 49.611391872167587, 25.422536320628566 ], [ 49.611450880765915, 25.422536320628566 ], [ 49.611450880765915, 25.422565390263696 ] ] ] } },
{ "type": "Feature", "properties": { "confidence": 0.67896253, "class": "Class1", "id": 23 }, "geometry": { "type": "Polygon", "coordinates": [ [ [ 49.61107537150383, 25.422521785811 ], [ 49.611010998487473, 25.422521785811 ], [ 49.611010998487473, 25.422463646540738 ], [ 49.61107537150383, 25.422463646540738 ], [ 49.61107537150383, 25.422521785811 ] ] ] } },
{ "type": "Feature", "properties": { "confidence": 0.67525369, "class": "Class1", "id": 24 }, "geometry": { "type": "Polygon", "coordinates": [ [ [ 49.611509889364243, 25.42295783033796 ], [ 49.6114481985569, 25.42295783033796 ], [ 49.6114481985569, 25.422902113537294 ], [ 49.611509889364243, 25.422902113537294 ], [ 49.611509889364243, 25.42295783033796 ] ] ] } },
{ "type": "Feature", "properties": { "confidence": 0.67093998, "class": "Class1", "id": 25 }, "geometry": { "type": "Polygon", "coordinates": [ [ [ 49.611619859933853, 25.422378860104942 ], [ 49.611558169126511, 25.422378860104942 ], [ 49.611558169126511, 25.42232072083468 ], [ 49.611619859933853, 25.42232072083468 ], [ 49.611619859933853, 25.422378860104942 ] ] ] } },
{ "type": "Feature", "properties": { "confidence": 0.66619956, "class": "Class1", "id": 26 }, "geometry": { "type": "Polygon", "coordinates": [ [ [ 49.610892981290817, 25.422943295520394 ], [ 49.61082860827446, 25.422943295520394 ], [ 49.61082860827446, 25.42288273378054 ], [ 49.610892981290817, 25.42288273378054 ], [ 49.610892981290817, 25.422943295520394 ] ] ] } },
{ "type": "Feature", "properties": { "confidence": 0.66432834, "class": "Class1", "id": 27 }, "geometry": { "type": "Polygon", "coordinates": [ [ [ 49.610766917467117, 25.422436999375201 ], [ 49.610699862241745, 25.422436999375201 ], [ 49.610699862241745, 25.422376437635346 ], [ 49.610766917467117, 25.422376437635346 ], [ 49.610766917467117, 25.422436999375201 ] ] ] } },
{ "type": "Feature", "properties": { "confidence": 0.66340411, "class": "Class1", "id": 28 }, "geometry": { "type": "Polygon", "coordinates": [ [ [ 49.610603302717209, 25.422623529533958 ], [ 49.610533565282822, 25.422623529533958 ], [ 49.610533565282822, 25.4225629677941 ], [ 49.610603302717209, 25.4225629677941 ], [ 49.610603302717209, 25.422623529533958 ] ] ] } },
{ "type": "Feature", "properties": { "confidence": 0.64987636, "class": "Class1", "id": 29 }, "geometry": { "type": "Polygon", "coordinates": [ [ [ 49.611142426729202, 25.423328468185876 ], [ 49.611078053712845, 25.423328468185876 ], [ 49.611078053712845, 25.423270328915617 ], [ 49.611142426729202, 25.423270328915617 ], [ 49.611142426729202, 25.423328468185876 ] ] ] } },
{ "type": "Feature", "properties": { "confidence": 0.64441305, "class": "Class1", "id": 30 }, "geometry": { "type": "Polygon", "coordinates": [ [ [ 49.611619859933853, 25.422952985398773 ], [ 49.611558169126511, 25.422952985398773 ], [ 49.611558169126511, 25.422899691067698 ], [ 49.611619859933853, 25.422899691067698 ], [ 49.611619859933853, 25.422952985398773 ] ] ] } },
{ "type": "Feature", "properties": { "confidence": 0.62926328, "class": "Class1", "id": 31 }, "geometry": { "type": "Polygon", "coordinates": [ [ [ 49.611466974020004, 25.42302081454741 ], [ 49.611407965421677, 25.42302081454741 ], [ 49.611407965421677, 25.422967520216339 ], [ 49.611466974020004, 25.422967520216339 ], [ 49.611466974020004, 25.42302081454741 ] ] ] } },
{ "type": "Feature", "properties": { "confidence": 0.62852091, "class": "Class1", "id": 32 }, "geometry": { "type": "Polygon", "coordinates": [ [ [ 49.610866159200668, 25.422366747756968 ], [ 49.610801786184311, 25.422366747756968 ], [ 49.610801786184311, 25.422308608486709 ], [ 49.610866159200668, 25.422308608486709 ], [ 49.610866159200668, 25.422366747756968 ] ] ] } },
{ "type": "Feature", "properties": { "confidence": 0.62783974, "class": "Class1", "id": 33 }, "geometry": { "type": "Polygon", "coordinates": [ [ [ 49.612217992544174, 25.422800369814336 ], [ 49.612201899290085, 25.422800369814336 ], [ 49.612201899290085, 25.422742230544074 ], [ 49.612217992544174, 25.422742230544074 ], [ 49.612217992544174, 25.422800369814336 ] ] ] } },
{ "type": "Feature", "properties": { "confidence": 0.62695175, "class": "Class1", "id": 34 }, "geometry": { "type": "Polygon", "coordinates": [ [ [ 49.61145356297493, 25.423134670618339 ], [ 49.611391872167587, 25.423134670618339 ], [ 49.611391872167587, 25.423078953817672 ], [ 49.61145356297493, 25.423078953817672 ], [ 49.61145356297493, 25.423134670618339 ] ] ] } },
{ "type": "Feature", "properties": { "confidence": 0.62680125, "class": "Class1", "id": 35 }, "geometry": { "type": "Polygon", "coordinates": [ [ [ 49.611657410860062, 25.423309088429125 ], [ 49.611590355634689, 25.423309088429125 ], [ 49.611590355634689, 25.423248526689267 ], [ 49.611657410860062, 25.423248526689267 ], [ 49.611657410860062, 25.423309088429125 ] ] ] } },
{ "type": "Feature", "properties": { "confidence": 0.62295544, "class": "Class1", "id": 36 }, "geometry": { "type": "Polygon", "coordinates": [ [ [ 49.611418694257736, 25.422877888841352 ], [ 49.611354321241379, 25.422877888841352 ], [ 49.611354321241379, 25.422841551797436 ], [ 49.611418694257736, 25.422841551797436 ], [ 49.611418694257736, 25.422877888841352 ] ] ] } },
{ "type": "Feature", "properties": { "confidence": 0.62042201, "class": "Class1", "id": 37 }, "geometry": { "type": "Polygon", "coordinates": [ [ [ 49.611410647630692, 25.422655021638683 ], [ 49.611348956823349, 25.422655021638683 ], [ 49.611348956823349, 25.422599304838016 ], [ 49.611410647630692, 25.422599304838016 ], [ 49.611410647630692, 25.422655021638683 ] ] ] } },
{ "type": "Feature", "properties": { "confidence": 0.61846733, "class": "Class1", "id": 38 }, "geometry": { "type": "Polygon", "coordinates": [ [ [ 49.611590355634689, 25.42245880160155 ], [ 49.611534029245377, 25.42245880160155 ], [ 49.611534029245377, 25.422405507270476 ], [ 49.611590355634689, 25.422405507270476 ], [ 49.611590355634689, 25.42245880160155 ] ] ] } },
{ "type": "Feature", "properties": { "confidence": 0.61802858, "class": "Class1", "id": 39 }, "geometry": { "type": "Polygon", "coordinates": [ [ [ 49.611517935991287, 25.422635641881929 ], [ 49.61145892739296, 25.422635641881929 ], [ 49.61145892739296, 25.422582347550854 ], [ 49.611517935991287, 25.422582347550854 ], [ 49.611517935991287, 25.422635641881929 ] ] ] } },
{ "type": "Feature", "properties": { "confidence": 0.61581522, "class": "Class1", "id": 40 }, "geometry": { "type": "Polygon", "coordinates": [ [ [ 49.610605984926224, 25.422294073669143 ], [ 49.610541611909866, 25.422294073669143 ], [ 49.610541611909866, 25.422235934398881 ], [ 49.610605984926224, 25.422235934398881 ], [ 49.610605984926224, 25.422294073669143 ] ] ] } },
{ "type": "Feature", "properties": { "confidence": 0.6141513, "class": "Class1", "id": 41 }, "geometry": { "type": "Polygon", "coordinates": [ [ [ 49.611096829175949, 25.423178275071034 ], [ 49.611032456159592, 25.423178275071034 ], [ 49.611032456159592, 25.423120135800772 ], [ 49.611096829175949, 25.423120135800772 ], [ 49.611096829175949, 25.423178275071034 ] ] ] } },
{ "type": "Feature", "properties": { "confidence": 0.60432297, "class": "Class1", "id": 42 }, "geometry": { "type": "Polygon", "coordinates": [ [ [ 49.611646682024002, 25.422284383790764 ], [ 49.61158499121666, 25.422284383790764 ], [ 49.61158499121666, 25.42225773662523 ], [ 49.611646682024002, 25.42225773662523 ], [ 49.611646682024002, 25.422284383790764 ] ] ] } },
{ "type": "Feature", "properties": { "confidence": 0.60306168, "class": "Class1", "id": 43 }, "geometry": { "type": "Polygon", "coordinates": [ [ [ 49.611646682024002, 25.423447169195995 ], [ 49.611582309007645, 25.423447169195995 ], [ 49.611582309007645, 25.423389029925733 ], [ 49.611646682024002, 25.423389029925733 ], [ 49.611646682024002, 25.423447169195995 ] ] ] } },
{ "type": "Feature", "properties": { "confidence": 0.60001576, "class": "Class1", "id": 44 }, "geometry": { "type": "Polygon", "coordinates": [ [ [ 49.610638171434402, 25.422378860104942 ], [ 49.610573798418045, 25.422378860104942 ], [ 49.610573798418045, 25.42232072083468 ], [ 49.610638171434402, 25.42232072083468 ], [ 49.610638171434402, 25.422378860104942 ] ] ] } },
{ "type": "Feature", "properties": { "confidence": 0.59914792, "class": "Class1", "id": 45 }, "geometry": { "type": "Polygon", "coordinates": [ [ [ 49.611560851335526, 25.422531475689375 ], [ 49.611531347036362, 25.422531475689375 ], [ 49.611531347036362, 25.422478181358304 ], [ 49.611560851335526, 25.422478181358304 ], [ 49.611560851335526, 25.422531475689375 ] ] ] } },
{ "type": "Feature", "properties": { "confidence": 0.59856498, "class": "Class1", "id": 46 }, "geometry": { "type": "Polygon", "coordinates": [ [ [ 49.610536247491837, 25.423183120010222 ], [ 49.610504060983658, 25.423183120010222 ], [ 49.610504060983658, 25.423122558270368 ], [ 49.610536247491837, 25.423122558270368 ], [ 49.610536247491837, 25.423183120010222 ] ] ] } },
{ "type": "Feature", "properties": { "confidence": 0.59532279, "class": "Class1", "id": 47 }, "geometry": { "type": "Polygon", "coordinates": [ [ [ 49.611684232950211, 25.422456379131955 ], [ 49.611622542142868, 25.422456379131955 ], [ 49.611622542142868, 25.422400662331288 ], [ 49.611684232950211, 25.422400662331288 ], [ 49.611684232950211, 25.422456379131955 ] ] ] } },
{ "type": "Feature", "properties": { "confidence": 0.59233469, "class": "Class1", "id": 48 }, "geometry": { "type": "Polygon", "coordinates": [ [ [ 49.610681086778641, 25.423064419000106 ], [ 49.610616713762283, 25.423064419000106 ], [ 49.610616713762283, 25.423003857260252 ], [ 49.610681086778641, 25.423003857260252 ], [ 49.610681086778641, 25.423064419000106 ] ] ] } },
{ "type": "Feature", "properties": { "confidence": 0.59047216, "class": "Class1", "id": 49 }, "geometry": { "type": "Polygon", "coordinates": [ [ [ 49.611161202192307, 25.423226724462921 ], [ 49.611096829175949, 25.423226724462921 ], [ 49.611096829175949, 25.423168585192659 ], [ 49.611161202192307, 25.423168585192659 ], [ 49.611161202192307, 25.423226724462921 ] ] ] } },
{ "type": "Feature", "properties": { "confidence": 0.59034383, "class": "Class1", "id": 50 }, "geometry": { "type": "Polygon", "coordinates": [ [ [ 49.610844701528549, 25.422759187831232 ], [ 49.610785692930222, 25.422759187831232 ], [ 49.610785692930222, 25.422703471030566 ], [ 49.610844701528549, 25.422703471030566 ], [ 49.610844701528549, 25.422759187831232 ] ] ] } },
{ "type": "Feature", "properties": { "confidence": 0.5881058, "class": "Class1", "id": 51 }, "geometry": { "type": "Polygon", "coordinates": [ [ [ 49.611812978982925, 25.423391452395329 ], [ 49.611745923757553, 25.423391452395329 ], [ 49.611745923757553, 25.423328468185876 ], [ 49.611812978982925, 25.423328468185876 ], [ 49.611812978982925, 25.423391452395329 ] ] ] } },
{ "type": "Feature", "properties": { "confidence": 0.58799505, "class": "Class1", "id": 52 }, "geometry": { "type": "Polygon", "coordinates": [ [ [ 49.6115742623806, 25.42308379875686 ], [ 49.611531347036362, 25.42308379875686 ], [ 49.611531347036362, 25.423025659486598 ], [ 49.6115742623806, 25.423025659486598 ], [ 49.6115742623806, 25.42308379875686 ] ] ] } },
{ "type": "Feature", "properties": { "confidence": 0.58073193, "class": "Class1", "id": 53 }, "geometry": { "type": "Polygon", "coordinates": [ [ [ 49.611450880765915, 25.42328486373318 ], [ 49.611391872167587, 25.42328486373318 ], [ 49.611391872167587, 25.423233991871701 ], [ 49.611450880765915, 25.423233991871701 ], [ 49.611450880765915, 25.42328486373318 ] ] ] } },
{ "type": "Feature", "properties": { "confidence": 0.58062238, "class": "Class1", "id": 54 }, "geometry": { "type": "Polygon", "coordinates": [ [ [ 49.611367732286453, 25.423442324256804 ], [ 49.611308723688126, 25.423442324256804 ], [ 49.611308723688126, 25.423389029925733 ], [ 49.611367732286453, 25.423389029925733 ], [ 49.611367732286453, 25.423442324256804 ] ] ] } },
{ "type": "Feature", "properties": { "confidence": 0.5763883, "class": "Class1", "id": 55 }, "geometry": { "type": "Polygon", "coordinates": [ [ [ 49.611188024282455, 25.423333313125067 ], [ 49.611174613237381, 25.423333313125067 ], [ 49.611174613237381, 25.423270328915617 ], [ 49.611188024282455, 25.423270328915617 ], [ 49.611188024282455, 25.423333313125067 ] ] ] } },
{ "type": "Feature", "properties": { "confidence": 0.57167554, "class": "Class1", "id": 56 }, "geometry": { "type": "Polygon", "coordinates": [ [ [ 49.611855894327164, 25.42248787123668 ], [ 49.611786156892776, 25.42248787123668 ], [ 49.611786156892776, 25.422427309496825 ], [ 49.611855894327164, 25.422427309496825 ], [ 49.611855894327164, 25.42248787123668 ] ] ] } },
{ "type": "Feature", "properties": { "confidence": 0.57158828, "class": "Class1", "id": 57 }, "geometry": { "type": "Polygon", "coordinates": [ [ [ 49.611673504114151, 25.422776145118394 ], [ 49.611611813306808, 25.422776145118394 ], [ 49.611611813306808, 25.422720428317728 ], [ 49.611673504114151, 25.422720428317728 ], [ 49.611673504114151, 25.422776145118394 ] ] ] } },
{ "type": "Feature", "properties": { "confidence": 0.56846327, "class": "Class1", "id": 58 }, "geometry": { "type": "Polygon", "coordinates": [ [ [ 49.611188024282455, 25.423185542479818 ], [ 49.611171931028366, 25.423185542479818 ], [ 49.611171931028366, 25.423137093087934 ], [ 49.611188024282455, 25.423137093087934 ], [ 49.611188024282455, 25.423185542479818 ] ] ] } },
{ "type": "Feature", "properties": { "confidence": 0.5672766, "class": "Class1", "id": 59 }, "geometry": { "type": "Polygon", "coordinates": [ [ [ 49.611485749483109, 25.422376437635346 ], [ 49.611424058675766, 25.422376437635346 ], [ 49.611424058675766, 25.422323143304272 ], [ 49.611485749483109, 25.422323143304272 ], [ 49.611485749483109, 25.422376437635346 ] ] ] } },
{ "type": "Feature", "properties": { "confidence": 0.56470644, "class": "Class1", "id": 60 }, "geometry": { "type": "Polygon", "coordinates": [ [ [ 49.611531347036362, 25.422567812733291 ], [ 49.611472338438034, 25.422567812733291 ], [ 49.611472338438034, 25.422514518402217 ], [ 49.611531347036362, 25.422514518402217 ], [ 49.611531347036362, 25.422567812733291 ] ] ] } },
{ "type": "Feature", "properties": { "confidence": 0.56406021, "class": "Class1", "id": 61 }, "geometry": { "type": "Polygon", "coordinates": [ [ [ 49.611525982618332, 25.423265483976426 ], [ 49.611466974020004, 25.423265483976426 ], [ 49.611466974020004, 25.423212189645355 ], [ 49.611525982618332, 25.423212189645355 ], [ 49.611525982618332, 25.423265483976426 ] ] ] } },
{ "type": "Feature", "properties": { "confidence": 0.56292194, "class": "Class1", "id": 62 }, "geometry": { "type": "Polygon", "coordinates": [ [ [ 49.611150473356247, 25.422284383790764 ], [ 49.611083418130875, 25.422284383790764 ], [ 49.611083418130875, 25.422255314155635 ], [ 49.611150473356247, 25.422255314155635 ], [ 49.611150473356247, 25.422284383790764 ] ] ] } },
{ "type": "Feature", "properties": { "confidence": 0.5600788, "class": "Class1", "id": 63 }, "geometry": { "type": "Polygon", "coordinates": [ [ [ 49.611147791147232, 25.42286093155419 ], [ 49.611088782548904, 25.42286093155419 ], [ 49.611088782548904, 25.422805214753524 ], [ 49.611147791147232, 25.422805214753524 ], [ 49.611147791147232, 25.42286093155419 ] ] ] } },
{ "type": "Feature", "properties": { "confidence": 0.55980641, "class": "Class1", "id": 64 }, "geometry": { "type": "Polygon", "coordinates": [ [ [ 49.611241668462753, 25.423265483976426 ], [ 49.611179977655411, 25.423265483976426 ], [ 49.611179977655411, 25.423212189645355 ], [ 49.611241668462753, 25.423212189645355 ], [ 49.611241668462753, 25.423265483976426 ] ] ] } },
{ "type": "Feature", "properties": { "confidence": 0.55930883, "class": "Class1", "id": 65 }, "geometry": { "type": "Polygon", "coordinates": [ [ [ 49.611048549413681, 25.422567812733291 ], [ 49.610984176397324, 25.422567812733291 ], [ 49.610984176397324, 25.422548432976537 ], [ 49.611048549413681, 25.422548432976537 ], [ 49.611048549413681, 25.422567812733291 ] ] ] } },
{ "type": "Feature", "properties": { "confidence": 0.55297613, "class": "Class1", "id": 66 }, "geometry": { "type": "Polygon", "coordinates": [ [ [ 49.611501842737198, 25.422773722648799 ], [ 49.611440151929855, 25.422773722648799 ], [ 49.611440151929855, 25.422718005848132 ], [ 49.611501842737198, 25.422718005848132 ], [ 49.611501842737198, 25.422773722648799 ] ] ] } },
{ "type": "Feature", "properties": { "confidence": 0.55024225, "class": "Class1", "id": 67 }, "geometry": { "type": "Polygon", "coordinates": [ [ [ 49.610957354307175, 25.422565390263696 ], [ 49.610890299081802, 25.422565390263696 ], [ 49.610890299081802, 25.422541165567754 ], [ 49.610957354307175, 25.422541165567754 ], [ 49.610957354307175, 25.422565390263696 ] ] ] } },
{ "type": "Feature", "properties": { "confidence": 0.5488801, "class": "Class1", "id": 68 }, "geometry": { "type": "Polygon", "coordinates": [ [ [ 49.610573798418045, 25.42248787123668 ], [ 49.610504060983658, 25.42248787123668 ], [ 49.610504060983658, 25.422422464557638 ], [ 49.610573798418045, 25.422422464557638 ], [ 49.610573798418045, 25.42248787123668 ] ] ] } },
{ "type": "Feature", "properties": { "confidence": 0.54751015, "class": "Class1", "id": 69 }, "geometry": { "type": "Polygon", "coordinates": [ [ [ 49.611601084470749, 25.422742230544074 ], [ 49.611539393663406, 25.422742230544074 ], [ 49.611539393663406, 25.422686513743407 ], [ 49.611601084470749, 25.422686513743407 ], [ 49.611601084470749, 25.422742230544074 ] ] ] } },
{ "type": "Feature", "properties": { "confidence": 0.54726082, "class": "Class1", "id": 70 }, "geometry": { "type": "Polygon", "coordinates": [ [ [ 49.611756652593613, 25.422429731966421 ], [ 49.61168959736824, 25.422429731966421 ], [ 49.61168959736824, 25.422369170226563 ], [ 49.611756652593613, 25.422369170226563 ], [ 49.611756652593613, 25.422429731966421 ] ] ] } },
{ "type": "Feature", "properties": { "confidence": 0.54604226, "class": "Class1", "id": 71 }, "geometry": { "type": "Polygon", "coordinates": [ [ [ 49.611217528581619, 25.422805214753524 ], [ 49.61119070649147, 25.422805214753524 ], [ 49.61119070649147, 25.422749497952857 ], [ 49.611217528581619, 25.422749497952857 ], [ 49.611217528581619, 25.422805214753524 ] ] ] } },
{ "type": "Feature", "properties": { "confidence": 0.54453689, "class": "Class1", "id": 72 }, "geometry": { "type": "Polygon", "coordinates": [ [ [ 49.61131677031517, 25.423333313125067 ], [ 49.611260443925858, 25.423333313125067 ], [ 49.611260443925858, 25.423282441263588 ], [ 49.61131677031517, 25.423282441263588 ], [ 49.61131677031517, 25.423333313125067 ] ] ] } },
{ "type": "Feature", "properties": { "confidence": 0.54406816, "class": "Class1", "id": 73 }, "geometry": { "type": "Polygon", "coordinates": [ [ [ 49.611260443925858, 25.422877888841352 ], [ 49.61120143532753, 25.422877888841352 ], [ 49.61120143532753, 25.422851241675815 ], [ 49.611260443925858, 25.422851241675815 ], [ 49.611260443925858, 25.422877888841352 ] ] ] } },
{ "type": "Feature", "properties": { "confidence": 0.53927171, "class": "Class1", "id": 74 }, "geometry": { "type": "Polygon", "coordinates": [ [ [ 49.611534029245377, 25.422495138645463 ], [ 49.611507207155228, 25.422495138645463 ], [ 49.611507207155228, 25.422441844314392 ], [ 49.611534029245377, 25.422441844314392 ], [ 49.611534029245377, 25.422495138645463 ] ] ] } },
{ "type": "Feature", "properties": { "confidence": 0.53915596, "class": "Class1", "id": 75 }, "geometry": { "type": "Polygon", "coordinates": [ [ [ 49.612070471048355, 25.422831861919061 ], [ 49.612008780241013, 25.422831861919061 ], [ 49.612008780241013, 25.422776145118394 ], [ 49.612070471048355, 25.422776145118394 ], [ 49.612070471048355, 25.422831861919061 ] ] ] } },
{ "type": "Feature", "properties": { "confidence": 0.53808522, "class": "Class1", "id": 76 }, "geometry": { "type": "Polygon", "coordinates": [ [ [ 49.611713737249374, 25.422906958476482 ], [ 49.611649364233017, 25.422906958476482 ], [ 49.611649364233017, 25.422875466371757 ], [ 49.611713737249374, 25.422875466371757 ], [ 49.611713737249374, 25.422906958476482 ] ] ] } },
{ "type": "Feature", "properties": { "confidence": 0.53467417, "class": "Class1", "id": 77 }, "geometry": { "type": "Polygon", "coordinates": [ [ [ 49.611129015684128, 25.423420522030458 ], [ 49.611056596040726, 25.423420522030458 ], [ 49.611056596040726, 25.423352692881821 ], [ 49.611129015684128, 25.423352692881821 ], [ 49.611129015684128, 25.423420522030458 ] ] ] } },
{ "type": "Feature", "properties": { "confidence": 0.53229135, "class": "Class1", "id": 78 }, "geometry": { "type": "Polygon", "coordinates": [ [ [ 49.611139744520187, 25.422977210094714 ], [ 49.611078053712845, 25.422977210094714 ], [ 49.611078053712845, 25.42292391576364 ], [ 49.611139744520187, 25.42292391576364 ], [ 49.611139744520187, 25.422977210094714 ] ] ] } },
{ "type": "Feature", "properties": { "confidence": 0.53204381, "class": "Class1", "id": 79 }, "geometry": { "type": "Polygon", "coordinates": [ [ [ 49.61070790886879, 25.423204922236572 ], [ 49.610635489225388, 25.423204922236572 ], [ 49.610635489225388, 25.423141938027122 ], [ 49.61070790886879, 25.423141938027122 ], [ 49.61070790886879, 25.423204922236572 ] ] ] } },
{ "type": "Feature", "properties": { "confidence": 0.53103554, "class": "Class1", "id": 80 }, "geometry": { "type": "Polygon", "coordinates": [ [ [ 49.611367732286453, 25.422095431162415 ], [ 49.611306041479111, 25.422095431162415 ], [ 49.611306041479111, 25.422039714361748 ], [ 49.611367732286453, 25.422039714361748 ], [ 49.611367732286453, 25.422095431162415 ] ] ] } },
{ "type": "Feature", "properties": { "confidence": 0.53096783, "class": "Class1", "id": 81 }, "geometry": { "type": "Polygon", "coordinates": [ [ [ 49.611297994852066, 25.422827016979873 ], [ 49.611238986253738, 25.422827016979873 ], [ 49.611238986253738, 25.422771300179207 ], [ 49.611297994852066, 25.422771300179207 ], [ 49.611297994852066, 25.422827016979873 ] ] ] } },
{ "type": "Feature", "properties": { "confidence": 0.52987492, "class": "Class1", "id": 82 }, "geometry": { "type": "Polygon", "coordinates": [ [ [ 49.612220674753189, 25.422674401395437 ], [ 49.612196534872055, 25.422674401395437 ], [ 49.612196534872055, 25.422621107064362 ], [ 49.612220674753189, 25.422621107064362 ], [ 49.612220674753189, 25.422674401395437 ] ] ] } },
{ "type": "Feature", "properties": { "confidence": 0.52761269, "class": "Class1", "id": 83 }, "geometry": { "type": "Polygon", "coordinates": [ [ [ 49.612217992544174, 25.422608994716391 ], [ 49.61219921708107, 25.422608994716391 ], [ 49.61219921708107, 25.422553277915725 ], [ 49.612217992544174, 25.422553277915725 ], [ 49.612217992544174, 25.422608994716391 ] ] ] } },
{ "type": "Feature", "properties": { "confidence": 0.52709574, "class": "Class1", "id": 84 }, "geometry": { "type": "Polygon", "coordinates": [ [ [ 49.610911756753922, 25.422875466371757 ], [ 49.610852748155594, 25.422875466371757 ], [ 49.610852748155594, 25.422856086615003 ], [ 49.610911756753922, 25.422856086615003 ], [ 49.610911756753922, 25.422875466371757 ] ] ] } },
{ "type": "Feature", "properties": { "confidence": 0.52254534, "class": "Class1", "id": 85 }, "geometry": { "type": "Polygon", "coordinates": [ [ [ 49.611716419458389, 25.422713160908945 ], [ 49.611654728651047, 25.422713160908945 ], [ 49.611654728651047, 25.422657444108278 ], [ 49.611716419458389, 25.422657444108278 ], [ 49.611716419458389, 25.422713160908945 ] ] ] } },
{ "type": "Feature", "properties": { "confidence": 0.52153468, "class": "Class1", "id": 86 }, "geometry": { "type": "Polygon", "coordinates": [ [ [ 49.610766917467117, 25.422359480348188 ], [ 49.61070254445076, 25.422359480348188 ], [ 49.61070254445076, 25.422301341077926 ], [ 49.610766917467117, 25.422301341077926 ], [ 49.610766917467117, 25.422359480348188 ] ] ] } },
{ "type": "Feature", "properties": { "confidence": 0.52097189, "class": "Class1", "id": 87 }, "geometry": { "type": "Polygon", "coordinates": [ [ [ 49.611544758081436, 25.422969942685931 ], [ 49.611531347036362, 25.422969942685931 ], [ 49.611531347036362, 25.422914225885265 ], [ 49.611544758081436, 25.422914225885265 ], [ 49.611544758081436, 25.422969942685931 ] ] ] } },
{ "type": "Feature", "properties": { "confidence": 0.52011585, "class": "Class1", "id": 88 }, "geometry": { "type": "Polygon", "coordinates": [ [ [ 49.612169712781906, 25.423040194304164 ], [ 49.612110704183578, 25.423040194304164 ], [ 49.612110704183578, 25.422984477503498 ], [ 49.612169712781906, 25.422984477503498 ], [ 49.612169712781906, 25.423040194304164 ] ] ] } },
{ "type": "Feature", "properties": { "confidence": 0.52000099, "class": "Class1", "id": 89 }, "geometry": { "type": "Polygon", "coordinates": [ [ [ 49.610858112573624, 25.422235934398881 ], [ 49.610847383737564, 25.422235934398881 ], [ 49.610847383737564, 25.422180217598214 ], [ 49.610858112573624, 25.422180217598214 ], [ 49.610858112573624, 25.422235934398881 ] ] ] } },
{ "type": "Feature", "properties": { "confidence": 0.51886564, "class": "Class1", "id": 90 }, "geometry": { "type": "Polygon", "coordinates": [ [ [ 49.611534029245377, 25.423025659486598 ], [ 49.611523300409317, 25.423025659486598 ], [ 49.611523300409317, 25.422972365155527 ], [ 49.611534029245377, 25.422972365155527 ], [ 49.611534029245377, 25.423025659486598 ] ] ] } },
{ "type": "Feature", "properties": { "confidence": 0.51414204, "class": "Class1", "id": 91 }, "geometry": { "type": "Polygon", "coordinates": [ [ [ 49.611708372831345, 25.42216083784146 ], [ 49.611643999814987, 25.42216083784146 ], [ 49.611643999814987, 25.422102698571198 ], [ 49.611708372831345, 25.422102698571198 ], [ 49.611708372831345, 25.42216083784146 ] ] ] } },
{ "type": "Feature", "properties": { "confidence": 0.51071441, "class": "Class1", "id": 92 }, "geometry": { "type": "Polygon", "coordinates": [ [ [ 49.611874669790268, 25.422112388449577 ], [ 49.611847847700119, 25.422112388449577 ], [ 49.611847847700119, 25.422054249179315 ], [ 49.611874669790268, 25.422054249179315 ], [ 49.611874669790268, 25.422112388449577 ] ] ] } },
{ "type": "Feature", "properties": { "confidence": 0.50788552, "class": "Class1", "id": 93 }, "geometry": { "type": "Polygon", "coordinates": [ [ [ 49.612217992544174, 25.422897268598106 ], [ 49.61218848824501, 25.422897268598106 ], [ 49.61218848824501, 25.422877888841352 ], [ 49.612217992544174, 25.422877888841352 ], [ 49.612217992544174, 25.422897268598106 ] ] ] } },
{ "type": "Feature", "properties": { "confidence": 0.50509089, "class": "Class1", "id": 94 }, "geometry": { "type": "Polygon", "coordinates": [ [ [ 49.611040502786636, 25.421976730152299 ], [ 49.610976129770279, 25.421976730152299 ], [ 49.610976129770279, 25.421947660517169 ], [ 49.611040502786636, 25.421947660517169 ], [ 49.611040502786636, 25.421976730152299 ] ] ] } },
{ "type": "Feature", "properties": { "confidence": 0.50345409, "class": "Class1", "id": 95 }, "geometry": { "type": "Polygon", "coordinates": [ [ [ 49.611311405897141, 25.423374495108167 ], [ 49.611252397298813, 25.423374495108167 ], [ 49.611252397298813, 25.423321200777096 ], [ 49.611311405897141, 25.423321200777096 ], [ 49.611311405897141, 25.423374495108167 ] ] ] } },
{ "type": "Feature", "properties": { "confidence": 0.50114739, "class": "Class1", "id": 96 }, "geometry": { "type": "Polygon", "coordinates": [ [ [ 49.61182102560997, 25.422655021638683 ], [ 49.611756652593613, 25.422655021638683 ], [ 49.611756652593613, 25.422599304838016 ], [ 49.61182102560997, 25.422599304838016 ], [ 49.61182102560997, 25.422655021638683 ] ] ] } },
{ "type": "Feature", "properties": { "confidence": 0.75738579, "class": "Class1", "id": 97 }, "geometry": { "type": "Polygon", "coordinates": [ [ [ 49.613365978002548, 25.422390972452913 ], [ 49.613304287195206, 25.422390972452913 ], [ 49.613304287195206, 25.422335255652243 ], [ 49.613365978002548, 25.422335255652243 ], [ 49.613365978002548, 25.422390972452913 ] ] ] } },
{ "type": "Feature", "properties": { "confidence": 0.69184554, "class": "Class1", "id": 98 }, "geometry": { "type": "Polygon", "coordinates": [ [ [ 49.613234549760818, 25.423030504425789 ], [ 49.613170176744461, 25.423030504425789 ], [ 49.613170176744461, 25.422974787625119 ], [ 49.613234549760818, 25.422974787625119 ], [ 49.613234549760818, 25.423030504425789 ] ] ] } },
{ "type": "Feature", "properties": { "confidence": 0.68889487, "class": "Class1", "id": 99 }, "geometry": { "type": "Polygon", "coordinates": [ [ [ 49.613368660211563, 25.423023237017006 ], [ 49.613306969404221, 25.423023237017006 ], [ 49.613306969404221, 25.422967520216339 ], [ 49.613368660211563, 25.422967520216339 ], [ 49.613368660211563, 25.423023237017006 ] ] ] } },
{ "type": "Feature", "properties": { "confidence": 0.66275066, "class": "Class1", "id": 100 }, "geometry": { "type": "Polygon", "coordinates": [ [ [ 49.613290876150131, 25.423447169195995 ], [ 49.613231867551804, 25.423447169195995 ], [ 49.613231867551804, 25.423393874864921 ], [ 49.613290876150131, 25.423393874864921 ], [ 49.613290876150131, 25.423447169195995 ] ] ] } },
{ "type": "Feature", "properties": { "confidence": 0.65882665, "class": "Class1", "id": 101 }, "geometry": { "type": "Polygon", "coordinates": [ [ [ 49.613355249166489, 25.423171007662251 ], [ 49.613293558359146, 25.423171007662251 ], [ 49.613293558359146, 25.42311771333118 ], [ 49.613355249166489, 25.42311771333118 ], [ 49.613355249166489, 25.423171007662251 ] ] ] } },
{ "type": "Feature", "properties": { "confidence": 0.64656109, "class": "Class1", "id": 102 }, "geometry": { "type": "Polygon", "coordinates": [ [ [ 49.613306969404221, 25.422478181358304 ], [ 49.613242596387863, 25.422478181358304 ], [ 49.613242596387863, 25.422420042088042 ], [ 49.613306969404221, 25.422420042088042 ], [ 49.613306969404221, 25.422478181358304 ] ] ] } },
{ "type": "Feature", "properties": { "confidence": 0.63435167, "class": "Class1", "id": 103 }, "geometry": { "type": "Polygon", "coordinates": [ [ [ 49.613457173109055, 25.423032926895381 ], [ 49.613398164510727, 25.423032926895381 ], [ 49.613398164510727, 25.42297963256431 ], [ 49.613457173109055, 25.42297963256431 ], [ 49.613457173109055, 25.423032926895381 ] ] ] } },
{ "type": "Feature", "properties": { "confidence": 0.6213668, "class": "Class1", "id": 104 }, "geometry": { "type": "Polygon", "coordinates": [ [ [ 49.613320380449295, 25.422759187831232 ], [ 49.613261371850967, 25.422759187831232 ], [ 49.613261371850967, 25.422705893500162 ], [ 49.613320380449295, 25.422705893500162 ], [ 49.613320380449295, 25.422759187831232 ] ] ] } },
{ "type": "Feature", "properties": { "confidence": 0.61570317, "class": "Class1", "id": 105 }, "geometry": { "type": "Polygon", "coordinates": [ [ [ 49.612963646650314, 25.422621107064362 ], [ 49.612907320261002, 25.422621107064362 ], [ 49.612907320261002, 25.422565390263696 ], [ 49.612963646650314, 25.422565390263696 ], [ 49.612963646650314, 25.422621107064362 ] ] ] } },
{ "type": "Feature", "properties": { "confidence": 0.59229428, "class": "Class1", "id": 106 }, "geometry": { "type": "Polygon", "coordinates": [ [ [ 49.613269418478012, 25.422378860104942 ], [ 49.613205045461655, 25.422378860104942 ], [ 49.613205045461655, 25.42232072083468 ], [ 49.613269418478012, 25.42232072083468 ], [ 49.613269418478012, 25.422378860104942 ] ] ] } },
{ "type": "Feature", "properties": { "confidence": 0.55315197, "class": "Class1", "id": 107 }, "geometry": { "type": "Polygon", "coordinates": [ [ [ 49.613135308027267, 25.42292391576364 ], [ 49.61307629942894, 25.42292391576364 ], [ 49.61307629942894, 25.422870621432569 ], [ 49.613135308027267, 25.422870621432569 ], [ 49.613135308027267, 25.42292391576364 ] ] ] } },
{ "type": "Feature", "properties": { "confidence": 0.54285145, "class": "Class1", "id": 108 }, "geometry": { "type": "Polygon", "coordinates": [ [ [ 49.613325744867325, 25.423495618587879 ], [ 49.613264054059982, 25.423495618587879 ], [ 49.613264054059982, 25.423449591665587 ], [ 49.613325744867325, 25.423449591665587 ], [ 49.613325744867325, 25.423495618587879 ] ] ] } },
{ "type": "Feature", "properties": { "confidence": 0.53590208, "class": "Class1", "id": 109 }, "geometry": { "type": "Polygon", "coordinates": [ [ [ 49.613199681043625, 25.422444266783984 ], [ 49.613137990236282, 25.422444266783984 ], [ 49.613137990236282, 25.422386127513722 ], [ 49.613199681043625, 25.422386127513722 ], [ 49.613199681043625, 25.422444266783984 ] ] ] } },
{ "type": "Feature", "properties": { "confidence": 0.53535396, "class": "Class1", "id": 110 }, "geometry": { "type": "Polygon", "coordinates": [ [ [ 49.61306557059288, 25.423391452395329 ], [ 49.613009244203568, 25.423391452395329 ], [ 49.613009244203568, 25.42334058053385 ], [ 49.61306557059288, 25.42334058053385 ], [ 49.61306557059288, 25.423391452395329 ] ] ] } },
{ "type": "Feature", "properties": { "confidence": 0.52809364, "class": "Class1", "id": 111 }, "geometry": { "type": "Polygon", "coordinates": [ [ [ 49.612915366888046, 25.422870621432569 ], [ 49.612907320261002, 25.422870621432569 ], [ 49.612907320261002, 25.422812482162307 ], [ 49.612915366888046, 25.422812482162307 ], [ 49.612915366888046, 25.422870621432569 ] ] ] } },
{ "type": "Feature", "properties": { "confidence": 0.52362067, "class": "Class1", "id": 112 }, "geometry": { "type": "Polygon", "coordinates": [ [ [ 49.613226503133774, 25.423316355837905 ], [ 49.613167494535446, 25.423316355837905 ], [ 49.613167494535446, 25.423260639037238 ], [ 49.613226503133774, 25.423260639037238 ], [ 49.613226503133774, 25.423316355837905 ] ] ] } },
{ "type": "Feature", "properties": { "confidence": 0.50224549, "class": "Class1", "id": 113 }, "geometry": { "type": "Polygon", "coordinates": [ [ [ 49.613441079854965, 25.422875466371757 ], [ 49.613379389047623, 25.422875466371757 ], [ 49.613379389047623, 25.422865776493381 ], [ 49.613441079854965, 25.422865776493381 ], [ 49.613441079854965, 25.422875466371757 ] ] ] } },
{ "type": "Feature", "properties": { "confidence": 0.73773605, "class": "Class1", "id": 114 }, "geometry": { "type": "Polygon", "coordinates": [ [ [ 49.611472338438034, 25.420690398797763 ], [ 49.611407965421677, 25.420690398797763 ], [ 49.611407965421677, 25.420632259527505 ], [ 49.611472338438034, 25.420632259527505 ], [ 49.611472338438034, 25.420690398797763 ] ] ] } },
{ "type": "Feature", "properties": { "confidence": 0.69794697, "class": "Class1", "id": 115 }, "geometry": { "type": "Polygon", "coordinates": [ [ [ 49.611654728651047, 25.420627414588314 ], [ 49.611593037843704, 25.420627414588314 ], [ 49.611593037843704, 25.420571697787647 ], [ 49.611654728651047, 25.420571697787647 ], [ 49.611654728651047, 25.420627414588314 ] ] ] } },
{ "type": "Feature", "properties": { "confidence": 0.67826009, "class": "Class1", "id": 116 }, "geometry": { "type": "Polygon", "coordinates": [ [ [ 49.610935896635056, 25.420874506486925 ], [ 49.610866159200668, 25.420874506486925 ], [ 49.610866159200668, 25.420811522277475 ], [ 49.610935896635056, 25.420811522277475 ], [ 49.610935896635056, 25.420874506486925 ] ] ] } },
{ "type": "Feature", "properties": { "confidence": 0.67287731, "class": "Class1", "id": 117 }, "geometry": { "type": "Polygon", "coordinates": [ [ [ 49.611531347036362, 25.420615302240343 ], [ 49.611464291810989, 25.420615302240343 ], [ 49.611464291810989, 25.420557162970081 ], [ 49.611531347036362, 25.420557162970081 ], [ 49.611531347036362, 25.420615302240343 ] ] ] } },
{ "type": "Feature", "properties": { "confidence": 0.67111385, "class": "Class1", "id": 118 }, "geometry": { "type": "Polygon", "coordinates": [ [ [ 49.610710591077805, 25.420828479564637 ], [ 49.610648900270462, 25.420828479564637 ], [ 49.610648900270462, 25.420772762763967 ], [ 49.610710591077805, 25.420772762763967 ], [ 49.610710591077805, 25.420828479564637 ] ] ] } },
{ "type": "Feature", "properties": { "confidence": 0.65026397, "class": "Class1", "id": 119 }, "geometry": { "type": "Polygon", "coordinates": [ [ [ 49.611772745847702, 25.420857549199766 ], [ 49.611703008413315, 25.420857549199766 ], [ 49.611703008413315, 25.420796987459912 ], [ 49.611772745847702, 25.420796987459912 ], [ 49.611772745847702, 25.420857549199766 ] ] ] } },
{ "type": "Feature", "properties": { "confidence": 0.64569306, "class": "Class1", "id": 120 }, "geometry": { "type": "Polygon", "coordinates": [ [ [ 49.61145892739296, 25.420821212155854 ], [ 49.611391872167587, 25.420821212155854 ], [ 49.611391872167587, 25.420760650415996 ], [ 49.61145892739296, 25.420760650415996 ], [ 49.61145892739296, 25.420821212155854 ] ] ] } },
{ "type": "Feature", "properties": { "confidence": 0.62656206, "class": "Class1", "id": 121 }, "geometry": { "type": "Polygon", "coordinates": [ [ [ 49.611652046442032, 25.420816367216663 ], [ 49.611587673425674, 25.420816367216663 ], [ 49.611587673425674, 25.420758227946404 ], [ 49.611652046442032, 25.420758227946404 ], [ 49.611652046442032, 25.420816367216663 ] ] ] } },
{ "type": "Feature", "properties": { "confidence": 0.61460471, "class": "Class1", "id": 122 }, "geometry": { "type": "Polygon", "coordinates": [ [ [ 49.610549658536911, 25.420707356084925 ], [ 49.610504060983658, 25.420707356084925 ], [ 49.610504060983658, 25.420651639284255 ], [ 49.610549658536911, 25.420651639284255 ], [ 49.610549658536911, 25.420707356084925 ] ] ] } },
{ "type": "Feature", "properties": { "confidence": 0.61382371, "class": "Class1", "id": 123 }, "geometry": { "type": "Polygon", "coordinates": [ [ [ 49.611622542142868, 25.421085261341624 ], [ 49.611555486917496, 25.421085261341624 ], [ 49.611555486917496, 25.421022277132174 ], [ 49.611622542142868, 25.421022277132174 ], [ 49.611622542142868, 25.421085261341624 ] ] ] } },
{ "type": "Feature", "properties": { "confidence": 0.60965663, "class": "Class1", "id": 124 }, "geometry": { "type": "Polygon", "coordinates": [ [ [ 49.611480385065079, 25.42109979615919 ], [ 49.611399918794632, 25.42109979615919 ], [ 49.611399918794632, 25.421024699601769 ], [ 49.611480385065079, 25.421024699601769 ], [ 49.611480385065079, 25.42109979615919 ] ] ] } },
{ "type": "Feature", "properties": { "confidence": 0.59961015, "class": "Class1", "id": 125 }, "geometry": { "type": "Polygon", "coordinates": [ [ [ 49.610876888036728, 25.421172470247015 ], [ 49.610847383737564, 25.421172470247015 ], [ 49.610847383737564, 25.421111908507161 ], [ 49.610876888036728, 25.421111908507161 ], [ 49.610876888036728, 25.421172470247015 ] ] ] } },
{ "type": "Feature", "properties": { "confidence": 0.57667857, "class": "Class1", "id": 126 }, "geometry": { "type": "Polygon", "coordinates": [ [ [ 49.611877351999283, 25.420845436851796 ], [ 49.611837118864059, 25.420845436851796 ], [ 49.611837118864059, 25.420784875111938 ], [ 49.611877351999283, 25.420784875111938 ], [ 49.611877351999283, 25.420845436851796 ] ] ] } },
{ "type": "Feature", "properties": { "confidence": 0.56840318, "class": "Class1", "id": 127 }, "geometry": { "type": "Polygon", "coordinates": [ [ [ 49.611818343400955, 25.420741270659242 ], [ 49.611759334802628, 25.420741270659242 ], [ 49.611759334802628, 25.420687976328171 ], [ 49.611818343400955, 25.420687976328171 ], [ 49.611818343400955, 25.420741270659242 ] ] ] } },
{ "type": "Feature", "properties": { "confidence": 0.56819189, "class": "Class1", "id": 128 }, "geometry": { "type": "Polygon", "coordinates": [ [ [ 49.612217992544174, 25.420792142520721 ], [ 49.612185806035995, 25.420792142520721 ], [ 49.612185806035995, 25.42073884818965 ], [ 49.612217992544174, 25.42073884818965 ], [ 49.612217992544174, 25.420792142520721 ] ] ] } },
{ "type": "Feature", "properties": { "confidence": 0.55063146, "class": "Class1", "id": 129 }, "geometry": { "type": "Polygon", "coordinates": [ [ [ 49.611601084470749, 25.420685553858576 ], [ 49.611542075872421, 25.420685553858576 ], [ 49.611542075872421, 25.420632259527505 ], [ 49.611601084470749, 25.420632259527505 ], [ 49.611601084470749, 25.420685553858576 ] ] ] } },
{ "type": "Feature", "properties": { "confidence": 0.54039538, "class": "Class1", "id": 130 }, "geometry": { "type": "Polygon", "coordinates": [ [ [ 49.610619395971298, 25.421327508301047 ], [ 49.610557705163956, 25.421327508301047 ], [ 49.610557705163956, 25.421283903848352 ], [ 49.610619395971298, 25.421283903848352 ], [ 49.610619395971298, 25.421327508301047 ] ] ] } },
{ "type": "Feature", "properties": { "confidence": 0.53816736, "class": "Class1", "id": 131 }, "geometry": { "type": "Polygon", "coordinates": [ [ [ 49.610664993524551, 25.421102218628782 ], [ 49.610600620508194, 25.421102218628782 ], [ 49.610600620508194, 25.42104407935852 ], [ 49.610664993524551, 25.42104407935852 ], [ 49.610664993524551, 25.421102218628782 ] ] ] } },
{ "type": "Feature", "properties": { "confidence": 0.53488016, "class": "Class1", "id": 132 }, "geometry": { "type": "Polygon", "coordinates": [ [ [ 49.611534029245377, 25.421216074699711 ], [ 49.611464291810989, 25.421216074699711 ], [ 49.611464291810989, 25.421155512959857 ], [ 49.611534029245377, 25.421155512959857 ], [ 49.611534029245377, 25.421216074699711 ] ] ] } },
{ "type": "Feature", "properties": { "confidence": 0.53432184, "class": "Class1", "id": 133 }, "geometry": { "type": "Polygon", "coordinates": [ [ [ 49.61181566119194, 25.420683131388984 ], [ 49.611756652593613, 25.420683131388984 ], [ 49.611756652593613, 25.420627414588314 ], [ 49.61181566119194, 25.420627414588314 ], [ 49.61181566119194, 25.420683131388984 ] ] ] } },
{ "type": "Feature", "properties": { "confidence": 0.52933788, "class": "Class1", "id": 134 }, "geometry": { "type": "Polygon", "coordinates": [ [ [ 49.610557705163956, 25.42062014717953 ], [ 49.610504060983658, 25.42062014717953 ], [ 49.610504060983658, 25.420562007909272 ], [ 49.610557705163956, 25.420562007909272 ], [ 49.610557705163956, 25.42062014717953 ] ] ] } },
{ "type": "Feature", "properties": { "confidence": 0.52705562, "class": "Class1", "id": 135 }, "geometry": { "type": "Polygon", "coordinates": [ [ [ 49.611874669790268, 25.421109486037565 ], [ 49.611855894327164, 25.421109486037565 ], [ 49.611855894327164, 25.421051346767303 ], [ 49.611874669790268, 25.421051346767303 ], [ 49.611874669790268, 25.421109486037565 ] ] ] } },
{ "type": "Feature", "properties": { "confidence": 0.5263114, "class": "Class1", "id": 136 }, "geometry": { "type": "Polygon", "coordinates": [ [ [ 49.611877351999283, 25.420719468432896 ], [ 49.611850529909134, 25.420719468432896 ], [ 49.611850529909134, 25.42066375163223 ], [ 49.611877351999283, 25.42066375163223 ], [ 49.611877351999283, 25.420719468432896 ] ] ] } },
{ "type": "Feature", "properties": { "confidence": 0.52382106, "class": "Class1", "id": 137 }, "geometry": { "type": "Polygon", "coordinates": [ [ [ 49.611547440290451, 25.420850281790983 ], [ 49.611480385065079, 25.420850281790983 ], [ 49.611480385065079, 25.420789720051129 ], [ 49.611547440290451, 25.420789720051129 ], [ 49.611547440290451, 25.420850281790983 ] ] ] } },
{ "type": "Feature", "properties": { "confidence": 0.52186549, "class": "Class1", "id": 138 }, "geometry": { "type": "Polygon", "coordinates": [ [ [ 49.611531347036362, 25.421111908507161 ], [ 49.611504524946213, 25.421111908507161 ], [ 49.611504524946213, 25.421046501828116 ], [ 49.611531347036362, 25.421046501828116 ], [ 49.611531347036362, 25.421111908507161 ] ] ] } },
{ "type": "Feature", "properties": { "confidence": 0.52028817, "class": "Class1", "id": 139 }, "geometry": { "type": "Polygon", "coordinates": [ [ [ 49.611405283212662, 25.420622569649126 ], [ 49.611340910196304, 25.420622569649126 ], [ 49.611340910196304, 25.420562007909272 ], [ 49.611405283212662, 25.420562007909272 ], [ 49.611405283212662, 25.420622569649126 ] ] ] } },
{ "type": "Feature", "properties": { "confidence": 0.5053826, "class": "Class1", "id": 140 }, "geometry": { "type": "Polygon", "coordinates": [ [ [ 49.610791057348251, 25.420750960537621 ], [ 49.610726684331894, 25.420750960537621 ], [ 49.610726684331894, 25.420695243736954 ], [ 49.610791057348251, 25.420695243736954 ], [ 49.610791057348251, 25.420750960537621 ] ] ] } },
{ "type": "Feature", "properties": { "confidence": 0.50335711, "class": "Class1", "id": 141 }, "geometry": { "type": "Polygon", "coordinates": [ [ [ 49.610689133405685, 25.420721890902488 ], [ 49.610624760389328, 25.420721890902488 ], [ 49.610624760389328, 25.42066375163223 ], [ 49.610689133405685, 25.42066375163223 ], [ 49.610689133405685, 25.420721890902488 ] ] ] } },
{ "type": "Feature", "properties": { "confidence": 0.67963231, "class": "Class1", "id": 142 }, "geometry": { "type": "Polygon", "coordinates": [ [ [ 49.613272100687027, 25.420823634625446 ], [ 49.613205045461655, 25.420823634625446 ], [ 49.613205045461655, 25.420763072885592 ], [ 49.613272100687027, 25.420763072885592 ], [ 49.613272100687027, 25.420823634625446 ] ] ] } },
{ "type": "Feature", "properties": { "confidence": 0.5381248, "class": "Class1", "id": 143 }, "geometry": { "type": "Polygon", "coordinates": [ [ [ 49.613127261400223, 25.420973827740291 ], [ 49.613052159547806, 25.420973827740291 ], [ 49.613052159547806, 25.42090599859165 ], [ 49.613127261400223, 25.42090599859165 ], [ 49.613127261400223, 25.420973827740291 ] ] ] } },
{ "type": "Feature", "properties": { "confidence": 0.5356164, "class": "Class1", "id": 144 }, "geometry": { "type": "Polygon", "coordinates": [ [ [ 49.613427668809891, 25.420784875111938 ], [ 49.613360613584518, 25.420784875111938 ], [ 49.613360613584518, 25.420724313372084 ], [ 49.613427668809891, 25.420724313372084 ], [ 49.613427668809891, 25.420784875111938 ] ] ] } },
{ "type": "Feature", "properties": { "confidence": 0.51384002, "class": "Class1", "id": 145 }, "geometry": { "type": "Polygon", "coordinates": [ [ [ 49.613054841756821, 25.420750960537621 ], [ 49.612990468740463, 25.420750960537621 ], [ 49.612990468740463, 25.420707356084925 ], [ 49.613054841756821, 25.420707356084925 ], [ 49.613054841756821, 25.420750960537621 ] ] ] } },
{ "type": "Feature", "properties": { "confidence": 0.5131216, "class": "Class1", "id": 146 }, "geometry": { "type": "Polygon", "coordinates": [ [ [ 49.61293950676918, 25.421296016196322 ], [ 49.612904638051987, 25.421296016196322 ], [ 49.612904638051987, 25.421235454456465 ], [ 49.61293950676918, 25.421235454456465 ], [ 49.61293950676918, 25.421296016196322 ] ] ] } },
{ "type": "Feature", "properties": { "confidence": 0.50991672, "class": "Class1", "id": 147 }, "geometry": { "type": "Polygon", "coordinates": [ [ [ 49.613347202539444, 25.421327508301047 ], [ 49.613282829523087, 25.421327508301047 ], [ 49.613282829523087, 25.421308128544293 ], [ 49.613347202539444, 25.421308128544293 ], [ 49.613347202539444, 25.421327508301047 ] ] ] } },
{ "type": "Feature", "properties": { "confidence": 0.81689095, "class": "Class1", "id": 148 }, "geometry": { "type": "Polygon", "coordinates": [ [ [ 49.613129949775768, 25.422235928829508 ], [ 49.613129943609238, 25.422235815462301 ], [ 49.613129943609238, 25.422175491595606 ], [ 49.613129949775768, 25.422175378228399 ], [ 49.613130075298308, 25.422175372659026 ], [ 49.613188820518495, 25.422175372659026 ], [ 49.613188946041035, 25.422175378228399 ], [ 49.613188958669241, 25.422175610388923 ], [ 49.613189010269288, 25.422176083559251 ], [ 49.613189112972449, 25.422176549883222 ], [ 49.613189265789636, 25.42217700486988 ], [ 49.613189467249136, 25.422177444137454 ], [ 49.613189715410776, 25.422177863455559 ], [ 49.613190007884633, 25.42217825878593 ], [ 49.613190341854022, 25.422178626321323 ], [ 49.613190714102629, 25.422178962522171 ], [ 49.613191121045503, 25.422179264150671 ], [ 49.613191558763567, 25.422179528301982 ], [ 49.613192023041343, 25.422179752432179 ], [ 49.61319250940759, 25.422179934382765 ], [ 49.613193013178339, 25.422180072401456 ], [ 49.613193529501991, 25.422180165159062 ], [ 49.613194053406076, 25.422180211762271 ], [ 49.613194310459065, 25.422180223167587 ], [ 49.613194316625595, 25.422180336534794 ], [ 49.613194316625595, 25.422235815462301 ], [ 49.613194310459065, 25.422235928829508 ], [ 49.613194184936525, 25.422235934398881 ], [ 49.613130075298308, 25.422235934398881 ], [ 49.613129949775768, 25.422235928829508 ] ] ] } },
{ "type": "Feature", "properties": { "confidence": 0.80772048, "class": "Class1", "id": 149 }, "geometry": { "type": "Polygon", "coordinates": [ [ [ 49.611740565506054, 25.421184577025613 ], [ 49.611740559339523, 25.421184463658406 ], [ 49.611740559339523, 25.421124139791711 ], [ 49.611740565506054, 25.421124026424504 ], [ 49.611740691028594, 25.421124020855132 ], [ 49.61180480066681, 25.421124020855132 ], [ 49.61180492618935, 25.421124026424504 ], [ 49.611804932355881, 25.421124139791711 ], [ 49.611804932355881, 25.421184463658406 ], [ 49.61180492618935, 25.421184577025613 ], [ 49.61180480066681, 25.421184582594986 ], [ 49.611740691028594, 25.421184582594986 ], [ 49.611740565506054, 25.421184577025613 ] ] ] } },
{ "type": "Feature", "properties": { "confidence": 0.77121359, "class": "Class1", "id": 150 }, "geometry": { "type": "Polygon", "coordinates": [ [ [ 49.61158499738319, 25.422255308586262 ], [ 49.61158499121666, 25.422255195219055 ], [ 49.61158499121666, 25.422192448882765 ], [ 49.61158499738319, 25.422192335515557 ], [ 49.61158512290573, 25.422192329946185 ], [ 49.611654596961976, 25.422192329946185 ], [ 49.611654722484516, 25.422192335515557 ], [ 49.611654728651047, 25.422192448882765 ], [ 49.611654728651047, 25.422255195219055 ], [ 49.611654722484516, 25.422255308586262 ], [ 49.611654596961976, 25.422255314155635 ], [ 49.61158512290573, 25.422255314155635 ], [ 49.61158499738319, 25.422255308586262 ] ] ] } },
{ "type": "Feature", "properties": { "confidence": 0.70927399, "class": "Class1", "id": 151 }, "geometry": { "type": "Polygon", "coordinates": [ [ [ 49.612027561870647, 25.422698620522006 ], [ 49.612027555704117, 25.422698507154799 ], [ 49.612027555704117, 25.422638183288104 ], [ 49.612027561870647, 25.422638069920897 ], [ 49.612027687393187, 25.422638064351524 ], [ 49.612094479240419, 25.422638064351524 ], [ 49.612094604762959, 25.422638069920897 ], [ 49.612094610929489, 25.422638183288104 ], [ 49.612094610929489, 25.422698507154799 ], [ 49.612094604762959, 25.422698620522006 ], [ 49.612094479240419, 25.422698626091378 ], [ 49.612027687393187, 25.422698626091378 ], [ 49.612027561870647, 25.422698620522006 ] ] ] } },
{ "type": "Feature", "properties": { "confidence": 0.79073286, "class": "Class1", "id": 152 }, "geometry": { "type": "Polygon", "coordinates": [ [ [ 49.612872457710338, 25.423158889744908 ], [ 49.612872451543808, 25.423158776377701 ], [ 49.612872451543808, 25.423100874980602 ], [ 49.612872457710338, 25.423100761613394 ], [ 49.612872583232878, 25.423100756044018 ], [ 49.61294473949814, 25.423100756044018 ], [ 49.61294486502068, 25.423100761613394 ], [ 49.61294487118721, 25.423100874980602 ], [ 49.61294487118721, 25.423158776377701 ], [ 49.61294486502068, 25.423158889744908 ], [ 49.61294473949814, 25.42315889531428 ], [ 49.612872583232878, 25.42315889531428 ], [ 49.612872457710338, 25.423158889744908 ] ] ] } },
{ "type": "Feature", "properties": { "confidence": 0.78962195, "class": "Class1", "id": 153 }, "geometry": { "type": "Polygon", "coordinates": [ [ [ 49.611013686863018, 25.421746589971473 ], [ 49.611013680696487, 25.421746476604266 ], [ 49.611013680696487, 25.421690997676762 ], [ 49.611013686863018, 25.421690884309555 ], [ 49.611013812385558, 25.421690878740179 ], [ 49.61107523981476, 25.421690878740179 ], [ 49.6110753653373, 25.421690884309555 ], [ 49.61107537150383, 25.421690997676762 ], [ 49.61107537150383, 25.421746476604266 ], [ 49.6110753653373, 25.421746589971473 ], [ 49.61107523981476, 25.421746595540846 ], [ 49.611013812385558, 25.421746595540846 ], [ 49.611013686863018, 25.421746589971473 ] ] ] } },
{ "type": "Feature", "properties": { "confidence": 0.78265113, "class": "Class1", "id": 154 }, "geometry": { "type": "Polygon", "coordinates": [ [ [ 49.611949777809215, 25.421131282694539 ], [ 49.611949771642685, 25.421131169327332 ], [ 49.611949771642685, 25.421068422991045 ], [ 49.611949777809215, 25.421068309623838 ], [ 49.611949903331755, 25.421068304054465 ], [ 49.612019377388002, 25.421068304054465 ], [ 49.612019502910542, 25.421068309623838 ], [ 49.612019509077072, 25.421068422991045 ], [ 49.612019509077072, 25.421131169327332 ], [ 49.612019502910542, 25.421131282694539 ], [ 49.612019377388002, 25.421131288263915 ], [ 49.611949903331755, 25.421131288263915 ], [ 49.611949777809215, 25.421131282694539 ] ] ] } },
{ "type": "Feature", "properties": { "confidence": 0.78026491, "class": "Class1", "id": 155 }, "geometry": { "type": "Polygon", "coordinates": [ [ [ 49.613121903148723, 25.421908895434285 ], [ 49.613121896982193, 25.421908782067078 ], [ 49.613121896982193, 25.421846035730791 ], [ 49.613121903148723, 25.421845922363584 ], [ 49.613122028671263, 25.421845916794211 ], [ 49.61319150272751, 25.421845916794211 ], [ 49.61319162825005, 25.421845922363584 ], [ 49.61319163441658, 25.421846035730791 ], [ 49.61319163441658, 25.421908782067078 ], [ 49.61319162825005, 25.421908895434285 ], [ 49.61319150272751, 25.421908901003661 ], [ 49.613122028671263, 25.421908901003661 ], [ 49.613121903148723, 25.421908895434285 ] ] ] } },
{ "type": "Feature", "properties": { "confidence": 0.7787112, "class": "Class1", "id": 156 }, "geometry": { "type": "Polygon", "coordinates": [ [ [ 49.610879576412273, 25.422231095029066 ], [ 49.610879701934813, 25.422231089459693 ], [ 49.610941129364015, 25.422231089459693 ], [ 49.610941254886555, 25.422231095029066 ], [ 49.610941261053085, 25.422231208396273 ], [ 49.610941261053085, 25.422231744606282 ], [ 49.61094128952957, 25.422232243155573 ], [ 49.610941374656697, 25.422232736411861 ], [ 49.610941515530691, 25.422233219138345 ], [ 49.610941710655922, 25.42223368621001 ], [ 49.610941957960776, 25.422234132668052 ], [ 49.610942254819669, 25.422234553772508 ], [ 49.610942598080904, 25.422234945052605 ], [ 49.610942984100156, 25.422235302354185 ], [ 49.610943408779129, 25.422235621883861 ], [ 49.610943867609087, 25.422235900249238 ], [ 49.610943936977677, 25.422235937800856 ], [ 49.6109439432621, 25.422236053335464 ], [ 49.6109439432621, 25.422291532262967 ], [ 49.61094393709557, 25.422291645630175 ], [ 49.61094381157303, 25.422291651199547 ], [ 49.610882384143828, 25.422291651199547 ], [ 49.610882258621288, 25.422291645630175 ], [ 49.610882252454758, 25.422291532262967 ], [ 49.610882252454758, 25.422259503948233 ], [ 49.610882223978273, 25.422259005398946 ], [ 49.610882138851146, 25.422258512142655 ], [ 49.610881997977152, 25.422258029416174 ], [ 49.610881802851921, 25.422257562344505 ], [ 49.610881555547067, 25.422257115886467 ], [ 49.610881258688174, 25.422256694782007 ], [ 49.610880915426939, 25.422256303501914 ], [ 49.610880529407687, 25.42225594620033 ], [ 49.610880104728714, 25.422255626670655 ], [ 49.610879645898756, 25.422255348305278 ], [ 49.610879576530166, 25.422255310753659 ], [ 49.610879570245743, 25.422255195219055 ], [ 49.610879570245743, 25.422231208396273 ], [ 49.610879576412273, 25.422231095029066 ] ] ] } },
{ "type": "Feature", "properties": { "confidence": 0.77676618, "class": "Class1", "id": 157 }, "geometry": { "type": "Polygon", "coordinates": [ [ [ 49.61183712503059, 25.422727690157135 ], [ 49.611837118864059, 25.422727576789928 ], [ 49.611837118864059, 25.422669675392829 ], [ 49.61183712503059, 25.422669562025622 ], [ 49.61183725055313, 25.422669556456249 ], [ 49.611839801073074, 25.422669556456249 ], [ 49.61184034434563, 25.422669531546664 ], [ 49.611840882031856, 25.422669457074043 ], [ 49.611841408602892, 25.422669333804173 ], [ 49.611841918644132, 25.422669163004599 ], [ 49.611842406910981, 25.42266894643161 ], [ 49.611842868382716, 25.422668686312164 ], [ 49.611843298314156, 25.422668385320996 ], [ 49.611843692284431, 25.42266804655312 ], [ 49.611844046242453, 25.422667673491986 ], [ 49.611844356548566, 25.422667269973683 ], [ 49.611844620011986, 25.422666840147478 ], [ 49.611844833923591, 25.422666388433154 ], [ 49.611844996083782, 25.422665919475563 ], [ 49.611845104825115, 25.422665438096871 ], [ 49.611845159029428, 25.422664949246958 ], [ 49.611845171657635, 25.422664717086434 ], [ 49.611845297180174, 25.422664711517058 ], [ 49.611869305372238, 25.422664711517058 ], [ 49.611869831177152, 25.422664688187353 ], [ 49.611870351918277, 25.42266461842291 ], [ 49.611870862580595, 25.422664502895604 ], [ 49.611871358246141, 25.422664342718022 ], [ 49.61187183414139, 25.422664139432765 ], [ 49.611872285683212, 25.42266389499758 ], [ 49.611872708523009, 25.422663611766509 ], [ 49.611873098588603, 25.422663292467224 ], [ 49.611873452123454, 25.422662940174753 ], [ 49.611873765722819, 25.422662558281864 ], [ 49.611874036366572, 25.422662150466394 ], [ 49.611874261448257, 25.422661720655828 ], [ 49.611874438800228, 25.42266127298948 ], [ 49.611874566714476, 25.422660811778616 ], [ 49.611874643959126, 25.422660341464955 ], [ 49.611874669790268, 25.42265986657787 ], [ 49.611874669790268, 25.422657563044858 ], [ 49.611874675956798, 25.422657449677651 ], [ 49.611874801479338, 25.422657444108278 ], [ 49.611925500072481, 25.422657444108278 ], [ 49.611925625595021, 25.422657449677651 ], [ 49.611925631761551, 25.422657563044858 ], [ 49.611925631761551, 25.422717886911553 ], [ 49.611925625595021, 25.42271800027876 ], [ 49.611925500072481, 25.422718005848132 ], [ 49.611917585134506, 25.422718005848132 ], [ 49.611917059329592, 25.42271802917784 ], [ 49.611916538588467, 25.42271809894228 ], [ 49.611916027926149, 25.422718214469587 ], [ 49.611915532260603, 25.422718374647168 ], [ 49.611915056365355, 25.422718577932425 ], [ 49.611914604823532, 25.422718822367614 ], [ 49.611914181983735, 25.422719105598681 ], [ 49.611913791918141, 25.422719424897966 ], [ 49.61191343838329, 25.422719777190437 ], [ 49.611913124783925, 25.422720159083326 ], [ 49.611912854140172, 25.422720566898796 ], [ 49.611912629058487, 25.422720996709362 ], [ 49.611912451706516, 25.422721444375711 ], [ 49.611912323792268, 25.422721905586574 ], [ 49.611912246547618, 25.422722375900236 ], [ 49.611912220716476, 25.42272285078732 ], [ 49.611912220716476, 25.422725154320332 ], [ 49.611912214549946, 25.422725267687539 ], [ 49.611912089027406, 25.422725273256916 ], [ 49.611879308816285, 25.422725273256916 ], [ 49.611878756812082, 25.422725298975799 ], [ 49.611878210668401, 25.422725375859397 ], [ 49.611877676183539, 25.422725503091453 ], [ 49.611877159032019, 25.422725679321164 ], [ 49.61187666470434, 25.422725902677541 ], [ 49.61187619844867, 25.42272617078925 ], [ 49.611875765215167, 25.422726480809803 ], [ 49.611875369603375, 25.422726829447772 ], [ 49.611875015813439, 25.422727213001732 ], [ 49.611874707601466, 25.422727627399571 ], [ 49.611874666023532, 25.422727690050657 ], [ 49.611874538101198, 25.422727695726508 ], [ 49.61183725055313, 25.422727695726508 ], [ 49.61183712503059, 25.422727690157135 ] ] ] } },
{ "type": "Feature", "properties": { "confidence": 0.77340722, "class": "Class1", "id": 158 }, "geometry": { "type": "Polygon", "coordinates": [ [ [ 49.612030244079662, 25.421111902937785 ], [ 49.612030237913132, 25.421111789570578 ], [ 49.612030237913132, 25.421053888173478 ], [ 49.612030244079662, 25.421053774806271 ], [ 49.612030369602202, 25.421053769236899 ], [ 49.612097161449434, 25.421053769236899 ], [ 49.612097286971974, 25.421053774806271 ], [ 49.612097293138504, 25.421053888173478 ], [ 49.612097293138504, 25.421111789570578 ], [ 49.612097286971974, 25.421111902937785 ], [ 49.612097161449434, 25.421111908507161 ], [ 49.612030369602202, 25.421111908507161 ], [ 49.612030244079662, 25.421111902937785 ] ] ] } },
{ "type": "Feature", "properties": { "confidence": 0.77206242, "class": "Class1", "id": 159 }, "geometry": { "type": "Polygon", "coordinates": [ [ [ 49.610662317482067, 25.422914220315892 ], [ 49.610662311315536, 25.422914106948685 ], [ 49.610662311315536, 25.422878007777932 ], [ 49.61066231759996, 25.422877892243324 ], [ 49.610662386968549, 25.422877854691709 ], [ 49.610662845798508, 25.422877576326329 ], [ 49.610663270477481, 25.422877256796657 ], [ 49.610663656496733, 25.422876899495073 ], [ 49.610663999757968, 25.42287650821498 ], [ 49.610664296616861, 25.42287608711052 ], [ 49.610664543921715, 25.422875640652478 ], [ 49.610664739046946, 25.422875173580813 ], [ 49.61066487992094, 25.422874690854329 ], [ 49.610664965048066, 25.422874197598041 ], [ 49.610664993524551, 25.422873699048754 ], [ 49.610664993524551, 25.422848938142803 ], [ 49.610664999691082, 25.422848824775595 ], [ 49.61066525674407, 25.42284881337028 ], [ 49.610665798008917, 25.422848764414997 ], [ 49.610666331001475, 25.422848666203944 ], [ 49.610666850241131, 25.422848519747003 ], [ 49.610667350388681, 25.422848326550145 ], [ 49.610667826301253, 25.422848088599959 ], [ 49.61066827308516, 25.422847808343228 ], [ 49.610668686146248, 25.422847488661748 ], [ 49.610669061237132, 25.422847132842719 ], [ 49.610669394500846, 25.422846744544927 ], [ 49.61066968251054, 25.422846327761135 ], [ 49.610669922304687, 25.422845886777012 ], [ 49.610670111417548, 25.422845426127076 ], [ 49.610670247904523, 25.422844950548065 ], [ 49.610670330362169, 25.422844464930225 ], [ 49.610670357942581, 25.422843974267032 ], [ 49.610670357942581, 25.422841670734019 ], [ 49.610670364109112, 25.422841557366812 ], [ 49.610670489631651, 25.422841551797436 ], [ 49.610734599269868, 25.422841551797436 ], [ 49.610734724792408, 25.422841557366812 ], [ 49.610734730958939, 25.422841670734019 ], [ 49.610734730958939, 25.422877769904769 ], [ 49.610734724792408, 25.422877883271976 ], [ 49.61073446773942, 25.422877894677292 ], [ 49.610733926474573, 25.422877943632574 ], [ 49.610733393482015, 25.422878041843628 ], [ 49.610732874242359, 25.422878188300569 ], [ 49.610732374094809, 25.422878381497426 ], [ 49.610731898182237, 25.422878619447612 ], [ 49.61073145139833, 25.422878899704344 ], [ 49.610731038337242, 25.422879219385823 ], [ 49.610730663246358, 25.422879575204853 ], [ 49.610730329982644, 25.422879963502645 ], [ 49.61073004197295, 25.422880380286436 ], [ 49.610729802178803, 25.42288082127056 ], [ 49.610729613065942, 25.422881281920496 ], [ 49.610729476578967, 25.422881757499507 ], [ 49.610729394121321, 25.422882243117346 ], [ 49.610729366540909, 25.42288273378054 ], [ 49.610729366540909, 25.422914106948685 ], [ 49.610729360374378, 25.422914220315892 ], [ 49.610729234851838, 25.422914225885265 ], [ 49.610662443004607, 25.422914225885265 ], [ 49.610662317482067, 25.422914220315892 ] ] ] } },
{ "type": "Feature", "properties": { "confidence": 0.77042264, "class": "Class1", "id": 160 }, "geometry": { "type": "Polygon", "coordinates": [ [ [ 49.612464761940075, 25.42283427881928 ], [ 49.612464755773544, 25.422834165452073 ], [ 49.612464755773544, 25.422773841585382 ], [ 49.612464761940075, 25.422773728218175 ], [ 49.612464887462615, 25.422773722648799 ], [ 49.612531679309846, 25.422773722648799 ], [ 49.612531804832386, 25.422773728218175 ], [ 49.612531810998917, 25.422773841585382 ], [ 49.612531810998917, 25.422834165452073 ], [ 49.612531804832386, 25.42283427881928 ], [ 49.612531679309846, 25.422834284388657 ], [ 49.612464887462615, 25.422834284388657 ], [ 49.612464761940075, 25.42283427881928 ] ] ] } },
{ "type": "Feature", "properties": { "confidence": 0.76381654, "class": "Class1", "id": 161 }, "geometry": { "type": "Polygon", "coordinates": [ [ [ 49.612893915382458, 25.421107057998597 ], [ 49.612893909215927, 25.42110694463139 ], [ 49.612893909215927, 25.421046620764699 ], [ 49.612893915382458, 25.421046507397488 ], [ 49.612894040904997, 25.421046501828116 ], [ 49.612960832752229, 25.421046501828116 ], [ 49.612960958274769, 25.421046507397488 ], [ 49.612960964441299, 25.421046620764699 ], [ 49.612960964441299, 25.42110694463139 ], [ 49.612960958274769, 25.421107057998597 ], [ 49.612960832752229, 25.421107063567973 ], [ 49.612894040904997, 25.421107063567973 ], [ 49.612893915382458, 25.421107057998597 ] ] ] } },
{ "type": "Feature", "properties": { "confidence": 0.75994545, "class": "Class1", "id": 162 }, "geometry": { "type": "Polygon", "coordinates": [ [ [ 49.611644005981518, 25.421705407988373 ], [ 49.611643999814987, 25.421705294621166 ], [ 49.611643999814987, 25.421644970754471 ], [ 49.611644005981518, 25.421644857387264 ], [ 49.611644131504057, 25.421644851817891 ], [ 49.611710923351289, 25.421644851817891 ], [ 49.611711048873829, 25.421644857387264 ], [ 49.611711055040359, 25.421644970754471 ], [ 49.611711055040359, 25.421705294621166 ], [ 49.611711048873829, 25.421705407988373 ], [ 49.611710923351289, 25.421705413557746 ], [ 49.611644131504057, 25.421705413557746 ], [ 49.611644005981518, 25.421705407988373 ] ] ] } },
{ "type": "Feature", "properties": { "confidence": 0.75680315, "class": "Class1", "id": 163 }, "geometry": { "type": "Polygon", "coordinates": [ [ [ 49.610911762920452, 25.421768392197823 ], [ 49.610911756753922, 25.421768278830616 ], [ 49.610911756753922, 25.421710377433516 ], [ 49.610911762920452, 25.421710264066309 ], [ 49.610911888442992, 25.421710258496933 ], [ 49.610975998081209, 25.421710258496933 ], [ 49.610976123603749, 25.421710264066309 ], [ 49.610976129770279, 25.421710377433516 ], [ 49.610976129770279, 25.421768278830616 ], [ 49.610976123603749, 25.421768392197823 ], [ 49.610975998081209, 25.421768397767195 ], [ 49.610911888442992, 25.421768397767195 ], [ 49.610911762920452, 25.421768392197823 ] ] ] } },
{ "type": "Feature", "properties": { "confidence": 0.75564265, "class": "Class1", "id": 164 }, "geometry": { "type": "Polygon", "coordinates": [ [ [ 49.611386513916088, 25.423209761606387 ], [ 49.611386507749557, 25.42320964823918 ], [ 49.611386507749557, 25.423156591781268 ], [ 49.611386513916088, 25.423156478414061 ], [ 49.611386639438628, 25.423156472844688 ], [ 49.611445384658815, 25.423156472844688 ], [ 49.611445510181355, 25.423156478414061 ], [ 49.611445516347885, 25.423156591781268 ], [ 49.611445516347885, 25.42320964823918 ], [ 49.611445510181355, 25.423209761606387 ], [ 49.611445384658815, 25.423209767175759 ], [ 49.611386639438628, 25.423209767175759 ], [ 49.611386513916088, 25.423209761606387 ] ] ] } },
{ "type": "Feature", "properties": { "confidence": 0.75513357, "class": "Class1", "id": 165 }, "geometry": { "type": "Polygon", "coordinates": [ [ [ 49.612872457710338, 25.422521780241627 ], [ 49.612872451543808, 25.42252166687442 ], [ 49.612872451543808, 25.422463765477321 ], [ 49.612872457710338, 25.422463652110114 ], [ 49.612872583232878, 25.422463646540738 ], [ 49.612936692871095, 25.422463646540738 ], [ 49.612936818393635, 25.422463652110114 ], [ 49.612936824560165, 25.422463765477321 ], [ 49.612936824560165, 25.422526511813608 ], [ 49.612936818393635, 25.422526625180815 ], [ 49.612936692871095, 25.422526630750188 ], [ 49.612904769741057, 25.422526630750188 ], [ 49.612904644218517, 25.422526625180815 ], [ 49.612904631590311, 25.422526393020291 ], [ 49.612904582380153, 25.422525934556489 ], [ 49.612904485186945, 25.422525482385232 ], [ 49.61290434088918, 25.422525040593456 ], [ 49.612904150791074, 25.422524613174293 ], [ 49.612903916610847, 25.422524203990971 ], [ 49.61290364046512, 25.422523816741883 ], [ 49.612903324849839, 25.422523454927177 ], [ 49.61290297261769, 25.422523121817115 ], [ 49.612902586952309, 25.422522820422504 ], [ 49.612902171339542, 25.422522553467498 ], [ 49.612901729535899, 25.422522323364969 ], [ 49.61290126553461, 25.422522132194693 ], [ 49.612900783529547, 25.422521981684561 ], [ 49.612900287877309, 25.422521873194956 ], [ 49.612899783057841, 25.422521807706463 ], [ 49.612899273633957, 25.422521785811 ], [ 49.612872583232878, 25.422521785811 ], [ 49.612872457710338, 25.422521780241627 ] ] ] } },
{ "type": "Feature", "properties": { "confidence": 0.75121278, "class": "Class1", "id": 166 }, "geometry": { "type": "Polygon", "coordinates": [ [ [ 49.612671292034221, 25.423149199866529 ], [ 49.612671285867691, 25.423149086499322 ], [ 49.612671285867691, 25.423096030041414 ], [ 49.612671292034221, 25.423095916674207 ], [ 49.612671417556761, 25.423095911104831 ], [ 49.612730162776948, 25.423095911104831 ], [ 49.612730288299488, 25.423095916674207 ], [ 49.612730294466019, 25.423096030041414 ], [ 49.612730294466019, 25.423149086499322 ], [ 49.612730288299488, 25.423149199866529 ], [ 49.612730162776948, 25.423149205435905 ], [ 49.612671417556761, 25.423149205435905 ], [ 49.612671292034221, 25.423149199866529 ] ] ] } },
{ "type": "Feature", "properties": { "confidence": 0.75032371, "class": "Class1", "id": 167 }, "geometry": { "type": "Polygon", "coordinates": [ [ [ 49.610801792350841, 25.423032921326008 ], [ 49.610801786184311, 25.423032807958801 ], [ 49.610801786184311, 25.422974906561702 ], [ 49.610801792350841, 25.422974793194495 ], [ 49.610801917873381, 25.422974787625119 ], [ 49.610839337110519, 25.422974787625119 ], [ 49.610839862915434, 25.422974764295414 ], [ 49.610840383656559, 25.422974694530971 ], [ 49.610840894318876, 25.422974579003665 ], [ 49.610841389984422, 25.422974418826083 ], [ 49.610841865879671, 25.422974215540826 ], [ 49.610842317421493, 25.422973971105641 ], [ 49.61084274026129, 25.42297368787457 ], [ 49.610843130326884, 25.422973368575285 ], [ 49.610843483861736, 25.422973016282814 ], [ 49.610843797461101, 25.422972634389925 ], [ 49.610844068104853, 25.422972226574455 ], [ 49.610844293186538, 25.422971796763889 ], [ 49.61084447053851, 25.422971349097541 ], [ 49.610844598452758, 25.422970887886677 ], [ 49.610844675697408, 25.422970417573016 ], [ 49.610844701528549, 25.422969942685931 ], [ 49.610844701528549, 25.422965216683323 ], [ 49.61084470769508, 25.422965103316116 ], [ 49.61084483321762, 25.422965097746744 ], [ 49.610868709720613, 25.422965097746744 ], [ 49.610868835243153, 25.422965103316116 ], [ 49.610868841409683, 25.422965216683323 ], [ 49.610868841409683, 25.423032807958801 ], [ 49.610868835243153, 25.423032921326008 ], [ 49.610868709720613, 25.423032926895381 ], [ 49.610801917873381, 25.423032926895381 ], [ 49.610801792350841, 25.423032921326008 ] ] ] } },
{ "type": "Feature", "properties": { "confidence": 0.75006944, "class": "Class1", "id": 168 }, "geometry": { "type": "Polygon", "coordinates": [ [ [ 49.611571586338115, 25.422531481258751 ], [ 49.611571711860655, 25.422531475689375 ], [ 49.611633139289857, 25.422531475689375 ], [ 49.611633264812397, 25.422531481258751 ], [ 49.611633270978928, 25.422531594625958 ], [ 49.611633270978928, 25.422563622940693 ], [ 49.611633299455413, 25.42256412148998 ], [ 49.611633384582539, 25.422564614746268 ], [ 49.611633525456533, 25.422565097472752 ], [ 49.611633720581764, 25.422565564544417 ], [ 49.611633967886618, 25.422566011002459 ], [ 49.611634264745511, 25.422566432106919 ], [ 49.611634608006746, 25.422566823387012 ], [ 49.611634994025998, 25.422567180688596 ], [ 49.611635418704971, 25.422567500218268 ], [ 49.61163587753493, 25.422567778583648 ], [ 49.611635946903519, 25.422567816135263 ], [ 49.611635953187943, 25.422567931669871 ], [ 49.611635953187943, 25.422594340962245 ], [ 49.611635947021412, 25.422594454329452 ], [ 49.611635821498872, 25.422594459898825 ], [ 49.61157439406967, 25.422594459898825 ], [ 49.61157426854713, 25.422594454329452 ], [ 49.6115742623806, 25.422594340962245 ], [ 49.6115742623806, 25.42259138228264 ], [ 49.611574233904115, 25.422590883733353 ], [ 49.611574148776988, 25.422590390477065 ], [ 49.611574007902995, 25.422589907750581 ], [ 49.611573812777763, 25.422589440678916 ], [ 49.611573565472909, 25.422588994220874 ], [ 49.611573268614016, 25.422588573116414 ], [ 49.611572925352782, 25.422588181836321 ], [ 49.61157253933353, 25.422587824534737 ], [ 49.611572114654557, 25.422587505005065 ], [ 49.611571655824598, 25.422587226639685 ], [ 49.611571586456009, 25.42258718908807 ], [ 49.611571580171585, 25.422587073553462 ], [ 49.611571580171585, 25.422531594625958 ], [ 49.611571586338115, 25.422531481258751 ] ] ] } },
{ "type": "Feature", "properties": { "confidence": 0.74719745, "class": "Class1", "id": 169 }, "geometry": { "type": "Polygon", "coordinates": [ [ [ 49.611005640235973, 25.421935542599822 ], [ 49.611005634069443, 25.421935429232615 ], [ 49.611005634069443, 25.421879950305112 ], [ 49.611005640235973, 25.421879836937904 ], [ 49.611005765758513, 25.421879831368528 ], [ 49.611067193187715, 25.421879831368528 ], [ 49.611067318710255, 25.421879836937904 ], [ 49.611067324876785, 25.421879950305112 ], [ 49.611067324876785, 25.421935429232615 ], [ 49.611067318710255, 25.421935542599822 ], [ 49.611067193187715, 25.421935548169198 ], [ 49.611005765758513, 25.421935548169198 ], [ 49.611005640235973, 25.421935542599822 ] ] ] } },
{ "type": "Feature", "properties": { "confidence": 0.74445122, "class": "Class1", "id": 170 }, "geometry": { "type": "Polygon", "coordinates": [ [ [ 49.611416018215252, 25.421749012441069 ], [ 49.611416012048721, 25.421748899073862 ], [ 49.611416012048721, 25.421693420146354 ], [ 49.611416018215252, 25.421693306779147 ], [ 49.611416143737792, 25.421693301209775 ], [ 49.611474888957979, 25.421693301209775 ], [ 49.611475014480519, 25.421693306779147 ], [ 49.611475020647049, 25.421693420146354 ], [ 49.611475020647049, 25.421748899073862 ], [ 49.611475014480519, 25.421749012441069 ], [ 49.611474888957979, 25.421749018010441 ], [ 49.611416143737792, 25.421749018010441 ], [ 49.611416018215252, 25.421749012441069 ] ] ] } },
{ "type": "Feature", "properties": { "confidence": 0.74191558, "class": "Class1", "id": 171 }, "geometry": { "type": "Polygon", "coordinates": [ [ [ 49.61294487735374, 25.422090580653855 ], [ 49.61294487118721, 25.422090467286647 ], [ 49.61294487118721, 25.422030143419953 ], [ 49.61294487735374, 25.422030030052746 ], [ 49.61294500287628, 25.422030024483373 ], [ 49.613011794723512, 25.422030024483373 ], [ 49.613011920246052, 25.422030030052746 ], [ 49.613011926412582, 25.422030143419953 ], [ 49.613011926412582, 25.422090467286647 ], [ 49.613011920246052, 25.422090580653855 ], [ 49.613011794723512, 25.422090586223227 ], [ 49.61294500287628, 25.422090586223227 ], [ 49.61294487735374, 25.422090580653855 ] ] ] } },
{ "type": "Feature", "properties": { "confidence": 0.74168462, "class": "Class1", "id": 172 }, "geometry": { "type": "Polygon", "coordinates": [ [ [ 49.612802720275951, 25.423037766265196 ], [ 49.612802714109421, 25.423037652897989 ], [ 49.612802714109421, 25.422982173970485 ], [ 49.612802720275951, 25.422982060603278 ], [ 49.612802845798491, 25.422982055033902 ], [ 49.612864273227693, 25.422982055033902 ], [ 49.612864398750233, 25.422982060603278 ], [ 49.612864404916763, 25.422982173970485 ], [ 49.612864404916763, 25.423037652897989 ], [ 49.612864398750233, 25.423037766265196 ], [ 49.612864273227693, 25.423037771834569 ], [ 49.612802845798491, 25.423037771834569 ], [ 49.612802720275951, 25.423037766265196 ] ] ] } },
{ "type": "Feature", "properties": { "confidence": 0.74053645, "class": "Class1", "id": 173 }, "geometry": { "type": "Polygon", "coordinates": [ [ [ 49.613033390251232, 25.422231095029066 ], [ 49.613033515773772, 25.422231089459693 ], [ 49.613038748502731, 25.422231089459693 ], [ 49.613039274307646, 25.422231066129985 ], [ 49.61303979504877, 25.422230996365546 ], [ 49.613040305711088, 25.422230880838239 ], [ 49.613040801376634, 25.422230720660657 ], [ 49.613041277271883, 25.4222305173754 ], [ 49.613041728813705, 25.422230272940212 ], [ 49.613042151653502, 25.422229989709141 ], [ 49.613042541719096, 25.422229670409859 ], [ 49.613042895253948, 25.422229318117388 ], [ 49.613043208853313, 25.422228936224499 ], [ 49.613043479497065, 25.422228528409029 ], [ 49.61304370457875, 25.422228098598463 ], [ 49.613043881930722, 25.422227650932111 ], [ 49.61304400984497, 25.422227189721252 ], [ 49.613044087089619, 25.42222671940759 ], [ 49.613044112920761, 25.422226244520505 ], [ 49.613044112920761, 25.422202138761143 ], [ 49.613044119087292, 25.422202025393936 ], [ 49.613044244609831, 25.42220201982456 ], [ 49.613105672039033, 25.42220201982456 ], [ 49.613105797561573, 25.422202025393936 ], [ 49.613105803728104, 25.422202138761143 ], [ 49.613105803728104, 25.422257617688647 ], [ 49.613105797561573, 25.422257731055854 ], [ 49.613105672039033, 25.42225773662523 ], [ 49.613033515773772, 25.42225773662523 ], [ 49.613033390251232, 25.422257731055854 ], [ 49.613033384084702, 25.422257617688647 ], [ 49.613033384084702, 25.422231208396273 ], [ 49.613033390251232, 25.422231095029066 ] ] ] } },
{ "type": "Feature", "properties": { "confidence": 0.73940599, "class": "Class1", "id": 174 }, "geometry": { "type": "Polygon", "coordinates": [ [ [ 49.612529134956432, 25.42114339504251 ], [ 49.612529128789902, 25.421143281675302 ], [ 49.612529128789902, 25.421082957808611 ], [ 49.612529134956432, 25.421082844441404 ], [ 49.612529260478972, 25.421082838872028 ], [ 49.612596052326204, 25.421082838872028 ], [ 49.612596177848744, 25.421082844441404 ], [ 49.612596184015274, 25.421082957808611 ], [ 49.612596184015274, 25.421143281675302 ], [ 49.61259617773085, 25.42114339720991 ], [ 49.612596108362261, 25.421143434761525 ], [ 49.612595649532302, 25.421143713126906 ], [ 49.61259522485333, 25.421144032656578 ], [ 49.612594838834077, 25.421144389958162 ], [ 49.612594495572843, 25.421144781238254 ], [ 49.61259419871395, 25.421145202342714 ], [ 49.612593951409096, 25.421145648800756 ], [ 49.612593756283864, 25.421146115872421 ], [ 49.612593615409871, 25.421146598598906 ], [ 49.612593530282744, 25.421147091855193 ], [ 49.612593501806259, 25.421147590404484 ], [ 49.612593501806259, 25.421148126614494 ], [ 49.612593495639729, 25.421148239981701 ], [ 49.612593370117189, 25.421148245551073 ], [ 49.612537307106017, 25.421148245551073 ], [ 49.612537181583477, 25.421148239981701 ], [ 49.612537168955271, 25.421148007821174 ], [ 49.612537119745113, 25.421147549357375 ], [ 49.612537022551905, 25.421147097186115 ], [ 49.61253687825414, 25.421146655394342 ], [ 49.612536688156034, 25.421146227975179 ], [ 49.612536453975807, 25.421145818791853 ], [ 49.61253617783008, 25.421145431542765 ], [ 49.612535862214798, 25.421145069728063 ], [ 49.612535509982649, 25.421144736618 ], [ 49.612535124317269, 25.42114443522339 ], [ 49.612534708704501, 25.421144168268384 ], [ 49.612534266900859, 25.421143938165855 ], [ 49.61253380289957, 25.421143746995579 ], [ 49.612533320894507, 25.421143596485447 ], [ 49.612532825242269, 25.421143487995842 ], [ 49.612532320422801, 25.421143422507349 ], [ 49.612531810998917, 25.421143400611886 ], [ 49.612529260478972, 25.421143400611886 ], [ 49.612529134956432, 25.42114339504251 ] ] ] } },
{ "type": "Feature", "properties": { "confidence": 0.75377274, "class": "Class1", "id": 175 }, "geometry": { "type": "Polygon", "coordinates": [ [ [ 49.611767387596203, 25.421109480468193 ], [ 49.611767381429672, 25.421109367100986 ], [ 49.611767381429672, 25.421051465703886 ], [ 49.611767387596203, 25.421051352336679 ], [ 49.611767513118743, 25.421051346767303 ], [ 49.611834304965974, 25.421051346767303 ], [ 49.611834430488514, 25.421051352336679 ], [ 49.611834436655045, 25.421051465703886 ], [ 49.611834436655045, 25.421109367100986 ], [ 49.611834430488514, 25.421109480468193 ], [ 49.611834304965974, 25.421109486037565 ], [ 49.611767513118743, 25.421109486037565 ], [ 49.611767387596203, 25.421109480468193 ] ] ] } },
{ "type": "Feature", "properties": { "confidence": 0.73845059, "class": "Class1", "id": 176 }, "geometry": { "type": "Polygon", "coordinates": [ [ [ 49.612942195144726, 25.422938445011834 ], [ 49.612942188978195, 25.422938331644627 ], [ 49.612942188978195, 25.422880430247528 ], [ 49.612942195144726, 25.42288031688032 ], [ 49.612942320667266, 25.422880311310944 ], [ 49.613006430305482, 25.422880311310944 ], [ 49.613006555828022, 25.42288031688032 ], [ 49.613006561994553, 25.422880430247528 ], [ 49.613006561994553, 25.422938331644627 ], [ 49.613006555828022, 25.422938445011834 ], [ 49.613006430305482, 25.422938450581206 ], [ 49.612942320667266, 25.422938450581206 ], [ 49.612942195144726, 25.422938445011834 ] ] ] } },
{ "type": "Feature", "properties": { "confidence": 0.73403722, "class": "Class1", "id": 177 }, "geometry": { "type": "Polygon", "coordinates": [ [ [ 49.611740565506054, 25.422073623366693 ], [ 49.611740559339523, 25.422073509999485 ], [ 49.611740559339523, 25.422013186132794 ], [ 49.611740565506054, 25.422013072765587 ], [ 49.611740691028594, 25.422013067196211 ], [ 49.611807482875825, 25.422013067196211 ], [ 49.611807608398365, 25.422013072765587 ], [ 49.611807614564896, 25.422013186132794 ], [ 49.611807614564896, 25.422073509999485 ], [ 49.611807608398365, 25.422073623366693 ], [ 49.611807482875825, 25.422073628936069 ], [ 49.611740691028594, 25.422073628936069 ], [ 49.611740565506054, 25.422073623366693 ] ] ] } },
{ "type": "Feature", "properties": { "confidence": 0.73216915, "class": "Class1", "id": 178 }, "geometry": { "type": "Polygon", "coordinates": [ [ [ 49.611485755649639, 25.421775659606606 ], [ 49.611485749483109, 25.421775546239395 ], [ 49.611485749483109, 25.421724912251079 ], [ 49.611485755649639, 25.421724798883872 ], [ 49.611485881172179, 25.4217247933145 ], [ 49.611541944183351, 25.4217247933145 ], [ 49.611542069705891, 25.421724798883872 ], [ 49.611542075872421, 25.421724912251079 ], [ 49.611542075872421, 25.421775546239395 ], [ 49.611542069705891, 25.421775659606606 ], [ 49.611541944183351, 25.421775665175979 ], [ 49.611485881172179, 25.421775665175979 ], [ 49.611485755649639, 25.421775659606606 ] ] ] } },
{ "type": "Feature", "properties": { "confidence": 0.72743911, "class": "Class1", "id": 179 }, "geometry": { "type": "Polygon", "coordinates": [ [ [ 49.61220995208366, 25.422526625180815 ], [ 49.61220994591713, 25.422526511813608 ], [ 49.61220994591713, 25.422463765477321 ], [ 49.61220995208366, 25.422463652110114 ], [ 49.6122100776062, 25.422463646540738 ], [ 49.612279551662446, 25.422463646540738 ], [ 49.612279677184986, 25.422463652110114 ], [ 49.612279683351517, 25.422463765477321 ], [ 49.612279683351517, 25.422526511813608 ], [ 49.612279677184986, 25.422526625180815 ], [ 49.612279551662446, 25.422526630750188 ], [ 49.6122100776062, 25.422526630750188 ], [ 49.61220995208366, 25.422526625180815 ] ] ] } },
{ "type": "Feature", "properties": { "confidence": 0.72533619, "class": "Class1", "id": 180 }, "geometry": { "type": "Polygon", "coordinates": [ [ [ 49.61082325002296, 25.421584284508661 ], [ 49.61082324385643, 25.421584171141454 ], [ 49.61082324385643, 25.421526269744355 ], [ 49.61082325002296, 25.421526156377148 ], [ 49.6108233755455, 25.421526150807772 ], [ 49.610887485183717, 25.421526150807772 ], [ 49.610887610706257, 25.421526156377148 ], [ 49.610887616872787, 25.421526269744355 ], [ 49.610887616872787, 25.42153584068615 ], [ 49.610887642703929, 25.421536315573235 ], [ 49.610887719948579, 25.421536785886897 ], [ 49.610887847862827, 25.42153724709776 ], [ 49.610888025214798, 25.421537694764108 ], [ 49.610888250296483, 25.421538124574674 ], [ 49.610888520940236, 25.421538532390144 ], [ 49.610888834539601, 25.421538914283033 ], [ 49.610889188074452, 25.421539266575504 ], [ 49.610889578140046, 25.42153958587479 ], [ 49.610890000979843, 25.421539869105857 ], [ 49.610890452521666, 25.421540113541045 ], [ 49.610890928416914, 25.421540316826302 ], [ 49.61089142408246, 25.421540477003884 ], [ 49.610891934744778, 25.421540592531191 ], [ 49.610892455485903, 25.42154066229563 ], [ 49.610892981290817, 25.421540685625338 ], [ 49.610898214019777, 25.421540685625338 ], [ 49.610898339542317, 25.421540691194711 ], [ 49.610898345708847, 25.421540804561918 ], [ 49.610898345708847, 25.421601128428613 ], [ 49.610898339542317, 25.42160124179582 ], [ 49.610898214019777, 25.421601247365192 ], [ 49.61084483321762, 25.421601247365192 ], [ 49.61084470769508, 25.42160124179582 ], [ 49.610844701528549, 25.421601128428613 ], [ 49.610844701528549, 25.421589135017221 ], [ 49.610844675697408, 25.421588660130137 ], [ 49.610844598452758, 25.421588189816475 ], [ 49.61084447053851, 25.421587728605616 ], [ 49.610844293186538, 25.421587280939264 ], [ 49.610844068104853, 25.421586851128698 ], [ 49.610843797461101, 25.421586443313227 ], [ 49.610843483861736, 25.421586061420339 ], [ 49.610843130326884, 25.421585709127868 ], [ 49.61084274026129, 25.421585389828586 ], [ 49.610842317421493, 25.421585106597515 ], [ 49.610841865879671, 25.421584862162327 ], [ 49.610841389984422, 25.42158465887707 ], [ 49.610840894318876, 25.421584498699488 ], [ 49.610840383656559, 25.421584383172181 ], [ 49.610839862915434, 25.421584313407742 ], [ 49.610839337110519, 25.421584290078034 ], [ 49.6108233755455, 25.421584290078034 ], [ 49.61082325002296, 25.421584284508661 ] ] ] } },
{ "type": "Feature", "properties": { "confidence": 0.72230691, "class": "Class1", "id": 181 }, "geometry": { "type": "Polygon", "coordinates": [ [ [ 49.612373566833568, 25.423025653917225 ], [ 49.612373560667038, 25.423025540550018 ], [ 49.612373560667038, 25.422967639152919 ], [ 49.612373566833568, 25.422967525785712 ], [ 49.612373692356108, 25.422967520216339 ], [ 49.612437801994325, 25.422967520216339 ], [ 49.612437927516865, 25.422967525785712 ], [ 49.612437933683395, 25.422967639152919 ], [ 49.612437933683395, 25.423025540550018 ], [ 49.612437927516865, 25.423025653917225 ], [ 49.612437801994325, 25.423025659486598 ], [ 49.612373692356108, 25.423025659486598 ], [ 49.612373566833568, 25.423025653917225 ] ] ] } },
{ "type": "Feature", "properties": { "confidence": 0.72110009, "class": "Class1", "id": 182 }, "geometry": { "type": "Polygon", "coordinates": [ [ [ 49.612046337333751, 25.422044553731563 ], [ 49.612046331167221, 25.422044440364356 ], [ 49.612046331167221, 25.421986538967257 ], [ 49.612046337333751, 25.42198642560005 ], [ 49.612046462856291, 25.421986420030677 ], [ 49.612110572494508, 25.421986420030677 ], [ 49.612110698017048, 25.42198642560005 ], [ 49.612110704183578, 25.421986538967257 ], [ 49.612110704183578, 25.422044440364356 ], [ 49.612110698017048, 25.422044553731563 ], [ 49.612110572494508, 25.422044559300936 ], [ 49.612046462856291, 25.422044559300936 ], [ 49.612046337333751, 25.422044553731563 ] ] ] } },
{ "type": "Feature", "properties": { "confidence": 0.72092712, "class": "Class1", "id": 183 }, "geometry": { "type": "Polygon", "coordinates": [ [ [ 49.612365520206524, 25.422788251896993 ], [ 49.612365514039993, 25.422788138529782 ], [ 49.612365514039993, 25.422730237132683 ], [ 49.612365520206524, 25.422730123765476 ], [ 49.612365645729064, 25.422730118196103 ], [ 49.612427073158266, 25.422730118196103 ], [ 49.612427198680805, 25.422730123765476 ], [ 49.612427204847336, 25.422730237132683 ], [ 49.612427204847336, 25.422788138529782 ], [ 49.612427198680805, 25.422788251896993 ], [ 49.612427073158266, 25.422788257466365 ], [ 49.612365645729064, 25.422788257466365 ], [ 49.612365520206524, 25.422788251896993 ] ] ] } },
{ "type": "Feature", "properties": { "confidence": 0.71654499, "class": "Class1", "id": 184 }, "geometry": { "type": "Polygon", "coordinates": [ [ [ 49.610608673301769, 25.421925852721447 ], [ 49.610608667135239, 25.42192573935424 ], [ 49.610608667135239, 25.421865415487545 ], [ 49.610608673301769, 25.421865302120338 ], [ 49.610608798824309, 25.421865296550965 ], [ 49.610675590671541, 25.421865296550965 ], [ 49.610675716194081, 25.421865302120338 ], [ 49.610675722360611, 25.421865415487545 ], [ 49.610675722360611, 25.42192573935424 ], [ 49.610675716194081, 25.421925852721447 ], [ 49.610675590671541, 25.42192585829082 ], [ 49.610608798824309, 25.42192585829082 ], [ 49.610608673301769, 25.421925852721447 ] ] ] } },
{ "type": "Feature", "properties": { "confidence": 0.70088863, "class": "Class1", "id": 185 }, "geometry": { "type": "Polygon", "coordinates": [ [ [ 49.611901498046947, 25.422095425593042 ], [ 49.611901491880417, 25.422095312225835 ], [ 49.611901491880417, 25.422032565889548 ], [ 49.611901498046947, 25.422032452522341 ], [ 49.611901623569487, 25.422032446952965 ], [ 49.611971097625734, 25.422032446952965 ], [ 49.611971223148274, 25.422032452522341 ], [ 49.611971229314804, 25.422032565889548 ], [ 49.611971229314804, 25.422095312225835 ], [ 49.611971223148274, 25.422095425593042 ], [ 49.611971097625734, 25.422095431162415 ], [ 49.611901623569487, 25.422095431162415 ], [ 49.611901498046947, 25.422095425593042 ] ] ] } },
{ "type": "Feature", "properties": { "confidence": 0.71372581, "class": "Class1", "id": 186 }, "geometry": { "type": "Polygon", "coordinates": [ [ [ 49.612027561870647, 25.421831376407273 ], [ 49.612027555704117, 25.421831263040065 ], [ 49.612027555704117, 25.421768516703775 ], [ 49.612027561870647, 25.421768403336568 ], [ 49.612027687393187, 25.421768397767195 ], [ 49.612097161449434, 25.421768397767195 ], [ 49.612097286971974, 25.421768403336568 ], [ 49.612097293138504, 25.421768516703775 ], [ 49.612097293138504, 25.421831263040065 ], [ 49.612097286971974, 25.421831376407273 ], [ 49.612097161449434, 25.421831381976645 ], [ 49.612027687393187, 25.421831381976645 ], [ 49.612027561870647, 25.421831376407273 ] ] ] } },
{ "type": "Feature", "properties": { "confidence": 0.71292537, "class": "Class1", "id": 187 }, "geometry": { "type": "Polygon", "coordinates": [ [ [ 49.612934148517681, 25.423074103309109 ], [ 49.612934142351151, 25.423073989941901 ], [ 49.612934142351151, 25.423018511014398 ], [ 49.612934148517681, 25.423018397647191 ], [ 49.612934274040221, 25.423018392077815 ], [ 49.612998383678438, 25.423018392077815 ], [ 49.612998509200978, 25.423018397647191 ], [ 49.612998515367508, 25.423018511014398 ], [ 49.612998515367508, 25.423073989941901 ], [ 49.612998509200978, 25.423074103309109 ], [ 49.612998383678438, 25.423074108878485 ], [ 49.612934274040221, 25.423074108878485 ], [ 49.612934148517681, 25.423074103309109 ] ] ] } },
{ "type": "Feature", "properties": { "confidence": 0.71106249, "class": "Class1", "id": 188 }, "geometry": { "type": "Polygon", "coordinates": [ [ [ 49.612102663723064, 25.421577017099878 ], [ 49.612102657556534, 25.421576903732671 ], [ 49.612102657556534, 25.421519002335572 ], [ 49.612102663723064, 25.421518888968365 ], [ 49.612102789245604, 25.421518883398988 ], [ 49.612166898883821, 25.421518883398988 ], [ 49.612167024406361, 25.421518888968365 ], [ 49.612167030572891, 25.421519002335572 ], [ 49.612167030572891, 25.421576903732671 ], [ 49.612167024406361, 25.421577017099878 ], [ 49.612166898883821, 25.421577022669251 ], [ 49.612102789245604, 25.421577022669251 ], [ 49.612102663723064, 25.421577017099878 ] ] ] } },
{ "type": "Feature", "properties": { "confidence": 0.70891786, "class": "Class1", "id": 189 }, "geometry": { "type": "Polygon", "coordinates": [ [ [ 49.611177301612926, 25.4229941618125 ], [ 49.611177295446396, 25.422994048445293 ], [ 49.611177295446396, 25.42293856951779 ], [ 49.611177301612926, 25.422938456150579 ], [ 49.611177427135466, 25.422938450581206 ], [ 49.611182659864426, 25.422938450581206 ], [ 49.61118318566934, 25.422938427251502 ], [ 49.611183706410465, 25.422938357487059 ], [ 49.611184217072783, 25.422938241959752 ], [ 49.611184712738329, 25.422938081782171 ], [ 49.611185188633577, 25.422937878496914 ], [ 49.6111856401754, 25.422937634061729 ], [ 49.611186063015197, 25.422937350830658 ], [ 49.611186453080791, 25.422937031531372 ], [ 49.611186806615642, 25.422936679238902 ], [ 49.611187120215007, 25.422936297346013 ], [ 49.61118739085876, 25.422935889530542 ], [ 49.611187615940445, 25.422935459719977 ], [ 49.611187793292416, 25.422935012053628 ], [ 49.611187921206664, 25.422934550842765 ], [ 49.611187998451314, 25.422934080529103 ], [ 49.611188024282455, 25.422933605642019 ], [ 49.611188024282455, 25.422926457169815 ], [ 49.611188030448986, 25.422926343802608 ], [ 49.611188155971526, 25.422926338233236 ], [ 49.611230807937623, 25.422926338233236 ], [ 49.611230933460163, 25.422926343802608 ], [ 49.611230939626694, 25.422926457169815 ], [ 49.611230939626694, 25.422933605642019 ], [ 49.611230967207106, 25.422934096305212 ], [ 49.611231049664752, 25.422934581923052 ], [ 49.611231186151727, 25.422935057502063 ], [ 49.611231375264587, 25.422935518151998 ], [ 49.611231615058735, 25.422935959136122 ], [ 49.611231903068429, 25.422936375919914 ], [ 49.611232236332143, 25.422936764217706 ], [ 49.611232611423027, 25.422937120036735 ], [ 49.611233024484115, 25.422937439718215 ], [ 49.611233471268022, 25.422937719974946 ], [ 49.611233947180594, 25.422937957925129 ], [ 49.611234447328144, 25.422938151121986 ], [ 49.6112349665678, 25.422938297578931 ], [ 49.611235499560358, 25.422938395789984 ], [ 49.611236040825204, 25.422938444745267 ], [ 49.611236297878193, 25.422938456150579 ], [ 49.611236304044724, 25.42293856951779 ], [ 49.611236304044724, 25.422994048445293 ], [ 49.611236297878193, 25.4229941618125 ], [ 49.611236172355653, 25.422994167381873 ], [ 49.611177427135466, 25.422994167381873 ], [ 49.611177301612926, 25.4229941618125 ] ] ] } },
{ "type": "Feature", "properties": { "confidence": 0.70505762, "class": "Class1", "id": 190 }, "geometry": { "type": "Polygon", "coordinates": [ [ [ 49.612185812202526, 25.42113612763373 ], [ 49.612185806035995, 25.421136014266519 ], [ 49.612185806035995, 25.421075690399828 ], [ 49.612185812202526, 25.421075577032621 ], [ 49.612185937725066, 25.421075571463248 ], [ 49.612196534872055, 25.421075571463248 ], [ 49.612197044295939, 25.421075549567782 ], [ 49.612197549115407, 25.421075484079289 ], [ 49.612198044767645, 25.421075375589687 ], [ 49.612198526772708, 25.421075225079555 ], [ 49.612198990773997, 25.421075033909279 ], [ 49.61219943257764, 25.421074803806746 ], [ 49.612199848190407, 25.421074536851741 ], [ 49.612200233855788, 25.421074235457134 ], [ 49.612200586087937, 25.421073902347068 ], [ 49.612200901703218, 25.421073540532365 ], [ 49.612201177848945, 25.421073153283277 ], [ 49.612201412029172, 25.421072744099952 ], [ 49.612201602127278, 25.421072316680792 ], [ 49.612201746425043, 25.421071874889016 ], [ 49.612201843618251, 25.421071422717755 ], [ 49.612201892828409, 25.421070964253957 ], [ 49.612201905456615, 25.421070732093433 ], [ 49.612202030979155, 25.421070726524057 ], [ 49.612274187244417, 25.421070726524057 ], [ 49.612274312766957, 25.421070732093433 ], [ 49.612274318933487, 25.42107084546064 ], [ 49.612274318933487, 25.421136014266519 ], [ 49.612274312766957, 25.42113612763373 ], [ 49.612274187244417, 25.421136133203103 ], [ 49.612185937725066, 25.421136133203103 ], [ 49.612185812202526, 25.42113612763373 ] ] ] } },
{ "type": "Feature", "properties": { "confidence": 0.72705764, "class": "Class1", "id": 191 }, "geometry": { "type": "Polygon", "coordinates": [ [ [ 49.61296097060783, 25.423326040146911 ], [ 49.612960964441299, 25.4233259267797 ], [ 49.612960964441299, 25.423270447852197 ], [ 49.61296097060783, 25.42327033448499 ], [ 49.61296109613037, 25.423270328915617 ], [ 49.613022523559572, 25.423270328915617 ], [ 49.613022649082112, 25.42327033448499 ], [ 49.613022655248642, 25.423270447852197 ], [ 49.613022655248642, 25.4233259267797 ], [ 49.613022649082112, 25.423326040146911 ], [ 49.613022523559572, 25.423326045716284 ], [ 49.61296109613037, 25.423326045716284 ], [ 49.61296097060783, 25.423326040146911 ] ] ] } },
{ "type": "Feature", "properties": { "confidence": 0.70319867, "class": "Class1", "id": 192 }, "geometry": { "type": "Polygon", "coordinates": [ [ [ 49.612091934887005, 25.422630791373365 ], [ 49.612091928720474, 25.422630678006158 ], [ 49.612091928720474, 25.422572776609059 ], [ 49.612091934887005, 25.422572663241851 ], [ 49.612092060409545, 25.422572657672479 ], [ 49.612161534465791, 25.422572657672479 ], [ 49.612161659988331, 25.422572663241851 ], [ 49.612161666154861, 25.422572776609059 ], [ 49.612161666154861, 25.422630678006158 ], [ 49.612161659988331, 25.422630791373365 ], [ 49.612161534465791, 25.422630796942741 ], [ 49.612092060409545, 25.422630796942741 ], [ 49.612091934887005, 25.422630791373365 ] ] ] } },
{ "type": "Feature", "properties": { "confidence": 0.70001549, "class": "Class1", "id": 193 }, "geometry": { "type": "Polygon", "coordinates": [ [ [ 49.611362374034954, 25.421945232478201 ], [ 49.611362367868423, 25.421945119110994 ], [ 49.611362367868423, 25.421909019940241 ], [ 49.611362374034954, 25.421908906573034 ], [ 49.611362499557494, 25.421908901003661 ], [ 49.611421244777681, 25.421908901003661 ], [ 49.611421370300221, 25.421908906573034 ], [ 49.611421376466751, 25.421909019940241 ], [ 49.611421376466751, 25.421945119110994 ], [ 49.611421370300221, 25.421945232478201 ], [ 49.611421244777681, 25.421945238047574 ], [ 49.611362499557494, 25.421945238047574 ], [ 49.611362374034954, 25.421945232478201 ] ] ] } },
{ "type": "Feature", "properties": { "confidence": 0.69599777, "class": "Class1", "id": 194 }, "geometry": { "type": "Polygon", "coordinates": [ [ [ 49.611906862464977, 25.421879825799156 ], [ 49.611906856298447, 25.421879712431949 ], [ 49.611906856298447, 25.421814543626066 ], [ 49.611906862464977, 25.421814430258859 ], [ 49.611906987987517, 25.421814424689487 ], [ 49.611979144252778, 25.421814424689487 ], [ 49.611979269775318, 25.421814430258859 ], [ 49.611979275941849, 25.421814543626066 ], [ 49.611979275941849, 25.421879712431949 ], [ 49.611979269775318, 25.421879825799156 ], [ 49.611979144252778, 25.421879831368528 ], [ 49.611906987987517, 25.421879831368528 ], [ 49.611906862464977, 25.421879825799156 ] ] ] } },
{ "type": "Feature", "properties": { "confidence": 0.69519621, "class": "Class1", "id": 195 }, "geometry": { "type": "Polygon", "coordinates": [ [ [ 49.611373102871013, 25.421887093207939 ], [ 49.611373096704483, 25.421886979840732 ], [ 49.611373096704483, 25.42183392338282 ], [ 49.611373102871013, 25.421833810015613 ], [ 49.611373228393553, 25.421833804446241 ], [ 49.61143197361374, 25.421833804446241 ], [ 49.61143209913628, 25.421833810015613 ], [ 49.611432105302811, 25.42183392338282 ], [ 49.611432105302811, 25.421886979840732 ], [ 49.61143209913628, 25.421887093207939 ], [ 49.61143197361374, 25.421887098777312 ], [ 49.611373228393553, 25.421887098777312 ], [ 49.611373102871013, 25.421887093207939 ] ] ] } },
{ "type": "Feature", "properties": { "confidence": 0.69331175, "class": "Class1", "id": 196 }, "geometry": { "type": "Polygon", "coordinates": [ [ [ 49.612682020870281, 25.421371107184367 ], [ 49.612682014703751, 25.42137099381716 ], [ 49.612682014703751, 25.421310669950469 ], [ 49.612682020870281, 25.421310556583261 ], [ 49.612682146392821, 25.421310551013885 ], [ 49.612748938240053, 25.421310551013885 ], [ 49.612749066162387, 25.421310556689736 ], [ 49.612749107740321, 25.421310619340826 ], [ 49.612749415952294, 25.421311033738665 ], [ 49.61274976974223, 25.421311417292625 ], [ 49.612750165354022, 25.421311765930593 ], [ 49.612750598587525, 25.421312075951143 ], [ 49.612751064843195, 25.421312344062851 ], [ 49.612751559170874, 25.421312567419228 ], [ 49.612752076322394, 25.421312743648944 ], [ 49.612752610807256, 25.421312870881 ], [ 49.612753156950937, 25.421312947764598 ], [ 49.61275370895514, 25.421312973483481 ], [ 49.612756984867097, 25.421312973483481 ], [ 49.612757110389637, 25.421312979052853 ], [ 49.612757116556168, 25.421313092420061 ], [ 49.612757116556168, 25.421327389364464 ], [ 49.612757110389637, 25.421327502731671 ], [ 49.612756984867097, 25.421327508301047 ], [ 49.612754434347153, 25.421327508301047 ], [ 49.612753908542238, 25.421327531630752 ], [ 49.612753387801114, 25.421327601395195 ], [ 49.612752877138796, 25.421327716922502 ], [ 49.61275238147325, 25.421327877100083 ], [ 49.612751905578001, 25.42132808038534 ], [ 49.612751454036179, 25.421328324820525 ], [ 49.612751031196382, 25.421328608051596 ], [ 49.612750641130788, 25.421328927350881 ], [ 49.612750287595937, 25.421329279643352 ], [ 49.612749973996571, 25.421329661536241 ], [ 49.612749703352819, 25.421330069351711 ], [ 49.612749478271134, 25.421330499162277 ], [ 49.612749300919162, 25.421330946828625 ], [ 49.612749173004914, 25.421331408039489 ], [ 49.612749095760265, 25.421331878353151 ], [ 49.612749069929123, 25.421332353240235 ], [ 49.612749069929123, 25.42137099381716 ], [ 49.612749063762593, 25.421371107184367 ], [ 49.612748938240053, 25.421371112753743 ], [ 49.612682146392821, 25.421371112753743 ], [ 49.612682020870281, 25.421371107184367 ] ] ] } },
{ "type": "Feature", "properties": { "confidence": 0.69277608, "class": "Class1", "id": 197 }, "geometry": { "type": "Polygon", "coordinates": [ [ [ 49.610903716293407, 25.422071200897101 ], [ 49.610903710126877, 25.422071087529893 ], [ 49.610903710126877, 25.422018031071982 ], [ 49.610903716293407, 25.422017917704775 ], [ 49.610903841815947, 25.422017912135402 ], [ 49.610962587036134, 25.422017912135402 ], [ 49.610962712558674, 25.422017917704775 ], [ 49.610962718725204, 25.422018031071982 ], [ 49.610962718725204, 25.422071087529893 ], [ 49.610962712558674, 25.422071200897101 ], [ 49.610962587036134, 25.422071206466473 ], [ 49.610903841815947, 25.422071206466473 ], [ 49.610903716293407, 25.422071200897101 ] ] ] } },
{ "type": "Feature", "properties": { "confidence": 0.69140112, "class": "Class1", "id": 198 }, "geometry": { "type": "Polygon", "coordinates": [ [ [ 49.611150479522777, 25.4230789482483 ], [ 49.611150473356247, 25.423078834881089 ], [ 49.611150473356247, 25.423020933483993 ], [ 49.611150479522777, 25.423020820116783 ], [ 49.611150605045317, 25.42302081454741 ], [ 49.611183385256439, 25.42302081454741 ], [ 49.611183887232805, 25.423020793288867 ], [ 49.611184384804048, 25.423020729699793 ], [ 49.611184873603698, 25.423020624338221 ], [ 49.61118534934225, 25.423020478128755 ], [ 49.611185807844841, 25.423020292354465 ], [ 49.61118624508785, 25.423020068645631 ], [ 49.611186657234214, 25.423019808965421 ], [ 49.611187040667119, 25.423019515592674 ], [ 49.611187392021726, 25.423019191101908 ], [ 49.611187708214693, 25.423018838340706 ], [ 49.611187986471258, 25.423018460404755 ], [ 49.611188028049192, 25.423018397753669 ], [ 49.611188155971526, 25.423018392077815 ], [ 49.611225443519594, 25.423018392077815 ], [ 49.611225569042134, 25.423018397647191 ], [ 49.611225575208664, 25.423018511014398 ], [ 49.611225575208664, 25.423071567472309 ], [ 49.611225569042134, 25.423071680839517 ], [ 49.611225443519594, 25.423071686408889 ], [ 49.611224849816651, 25.423071686408889 ], [ 49.611224297812448, 25.423071712127772 ], [ 49.611223751668767, 25.42307178901137 ], [ 49.611223217183905, 25.423071916243426 ], [ 49.611222700032386, 25.423072092473141 ], [ 49.611222205704706, 25.423072315829518 ], [ 49.611221739449036, 25.423072583941227 ], [ 49.611221306215533, 25.423072893961777 ], [ 49.611220910603741, 25.423073242599745 ], [ 49.611220556813805, 25.423073626153705 ], [ 49.611220248601832, 25.423074040551544 ], [ 49.611220207023898, 25.423074103202634 ], [ 49.611220079101564, 25.423074108878485 ], [ 49.6111960709095, 25.423074108878485 ], [ 49.611195527636944, 25.42307413378807 ], [ 49.611194989950718, 25.423074208260687 ], [ 49.611194463379682, 25.423074331530561 ], [ 49.611193953338443, 25.423074502330131 ], [ 49.611193465071594, 25.42307471890312 ], [ 49.611193003599858, 25.423074979022569 ], [ 49.611192573668419, 25.423075280013734 ], [ 49.611192179698143, 25.423075618781613 ], [ 49.611191825740121, 25.423075991842744 ], [ 49.611191515434008, 25.423076395361047 ], [ 49.611191251970588, 25.423076825187255 ], [ 49.611191038058983, 25.42307727690158 ], [ 49.611190875898792, 25.423077745859167 ], [ 49.61119076715746, 25.423078227237863 ], [ 49.611190712953146, 25.423078716087772 ], [ 49.61119070032494, 25.4230789482483 ], [ 49.6111905748024, 25.423078953817672 ], [ 49.611150605045317, 25.423078953817672 ], [ 49.611150479522777, 25.4230789482483 ] ] ] } },
{ "type": "Feature", "properties": { "confidence": 0.53778034, "class": "Class1", "id": 199 }, "geometry": { "type": "Polygon", "coordinates": [ [ [ 49.611257767883373, 25.423115285292212 ], [ 49.611257761716843, 25.423115171925005 ], [ 49.611257761716843, 25.423062115467093 ], [ 49.611257767883373, 25.423062002099886 ], [ 49.611257893405913, 25.423061996530514 ], [ 49.611260443925858, 25.423061996530514 ], [ 49.611260969730772, 25.423061973200806 ], [ 49.611261490471897, 25.423061903436363 ], [ 49.611262001134214, 25.423061787909056 ], [ 49.61126249679976, 25.423061627731478 ], [ 49.611262972695009, 25.423061424446217 ], [ 49.611263424236832, 25.423061180011032 ], [ 49.611263847076629, 25.423060896779962 ], [ 49.611264237142223, 25.42306057748068 ], [ 49.611264590677074, 25.423060225188209 ], [ 49.611264904276439, 25.423059843295317 ], [ 49.611265174920192, 25.423059435479846 ], [ 49.611265400001876, 25.42305900566928 ], [ 49.611265577353848, 25.423058558002932 ], [ 49.611265705268096, 25.423058096792069 ], [ 49.611265782512746, 25.423057626478407 ], [ 49.611265808343887, 25.423057151591323 ], [ 49.611265808343887, 25.423047580649527 ], [ 49.611265814628311, 25.423047465114923 ], [ 49.6112658839969, 25.423047427563304 ], [ 49.611266302455498, 25.423047176252517 ], [ 49.611266693040079, 25.423046890679 ], [ 49.611267052323043, 25.423046573348827 ], [ 49.611267377151485, 25.423046227046751 ], [ 49.611267664674848, 25.423045854811765 ], [ 49.611267912369946, 25.423045459910444 ], [ 49.61126811806313, 25.423045045808269 ], [ 49.611268279949307, 25.423044616139222 ], [ 49.611268396607848, 25.423044174673898 ], [ 49.611268467015002, 25.423043725286394 ], [ 49.611268490552902, 25.423043271920349 ], [ 49.611268490552902, 25.423023355953585 ], [ 49.611268496719433, 25.423023242586378 ], [ 49.611268622241973, 25.423023237017006 ], [ 49.611330049671174, 25.423023237017006 ], [ 49.611330175193714, 25.423023242586378 ], [ 49.611330181360245, 25.423023355953585 ], [ 49.611330181360245, 25.423078834881089 ], [ 49.611330175075821, 25.423078950415697 ], [ 49.611330105707232, 25.423078987967315 ], [ 49.611329687248634, 25.423079239278103 ], [ 49.611329296664053, 25.423079524851619 ], [ 49.611328937381089, 25.423079842181789 ], [ 49.611328612552647, 25.423080188483869 ], [ 49.611328325029284, 25.423080560718855 ], [ 49.611328077334186, 25.423080955620176 ], [ 49.611327871641002, 25.42308136972235 ], [ 49.611327709754825, 25.423081799391394 ], [ 49.611327593096284, 25.423082240856722 ], [ 49.61132752268913, 25.423082690244225 ], [ 49.61132749915123, 25.42308314361027 ], [ 49.61132749915123, 25.423103059577034 ], [ 49.611327492984699, 25.423103172944241 ], [ 49.61132736746216, 25.423103178513614 ], [ 49.6113221347332, 25.423103178513614 ], [ 49.611321608928286, 25.423103201843322 ], [ 49.611321088187161, 25.423103271607761 ], [ 49.611320577524843, 25.423103387135068 ], [ 49.611320081859297, 25.42310354731265 ], [ 49.611319605964049, 25.423103750597907 ], [ 49.611319154422226, 25.423103995033095 ], [ 49.611318731582429, 25.423104278264166 ], [ 49.611318341516835, 25.423104597563448 ], [ 49.611317987981984, 25.423104949855919 ], [ 49.611317674382619, 25.423105331748808 ], [ 49.611317403738866, 25.423105739564278 ], [ 49.611317178657181, 25.423106169374844 ], [ 49.61131700130521, 25.423106617041196 ], [ 49.611316873390962, 25.423107078252055 ], [ 49.611316796146312, 25.423107548565717 ], [ 49.61131677031517, 25.423108023452802 ], [ 49.61131677031517, 25.423115171925005 ], [ 49.61131676414864, 25.423115285292212 ], [ 49.6113166386261, 25.423115290861585 ], [ 49.611257893405913, 25.423115290861585 ], [ 49.611257767883373, 25.423115285292212 ] ] ] } },
{ "type": "Feature", "properties": { "confidence": 0.68857682, "class": "Class1", "id": 200 }, "geometry": { "type": "Polygon", "coordinates": [ [ [ 49.612070477214885, 25.422565384694323 ], [ 49.612070471048355, 25.422565271327116 ], [ 49.612070471048355, 25.422541284504334 ], [ 49.612070477214885, 25.422541171137127 ], [ 49.612070602737425, 25.422541165567754 ], [ 49.612140076793672, 25.422541165567754 ], [ 49.612140202316212, 25.422541171137127 ], [ 49.612140208482742, 25.422541284504334 ], [ 49.612140208482742, 25.422565271327116 ], [ 49.612140202316212, 25.422565384694323 ], [ 49.612140076793672, 25.422565390263696 ], [ 49.612070602737425, 25.422565390263696 ], [ 49.612070477214885, 25.422565384694323 ] ] ] } },
{ "type": "Feature", "properties": { "confidence": 0.68553782, "class": "Class1", "id": 201 }, "geometry": { "type": "Polygon", "coordinates": [ [ [ 49.612730300632549, 25.423064413430733 ], [ 49.612730294466019, 25.423064300063526 ], [ 49.612730294466019, 25.423011243605615 ], [ 49.612730300632549, 25.423011130238407 ], [ 49.612730426155089, 25.423011124669035 ], [ 49.612789171375276, 25.423011124669035 ], [ 49.612789296897816, 25.423011130238407 ], [ 49.612789303064346, 25.423011243605615 ], [ 49.612789303064346, 25.423064300063526 ], [ 49.612789296897816, 25.423064413430733 ], [ 49.612789171375276, 25.423064419000106 ], [ 49.612730426155089, 25.423064419000106 ], [ 49.612730300632549, 25.423064413430733 ] ] ] } },
{ "type": "Feature", "properties": { "confidence": 0.68430895, "class": "Class1", "id": 202 }, "geometry": { "type": "Polygon", "coordinates": [ [ [ 49.611823713985515, 25.4213153903837 ], [ 49.611823707818985, 25.421315277016493 ], [ 49.611823707818985, 25.421257375619394 ], [ 49.611823713985515, 25.421257262252187 ], [ 49.611823839508055, 25.421257256682814 ], [ 49.611877220310213, 25.421257256682814 ], [ 49.611877345832752, 25.421257262252187 ], [ 49.611877351999283, 25.421257375619394 ], [ 49.611877351999283, 25.421315277016493 ], [ 49.611877345832752, 25.4213153903837 ], [ 49.611877220310213, 25.421315395953076 ], [ 49.611823839508055, 25.421315395953076 ], [ 49.611823713985515, 25.4213153903837 ] ] ] } },
{ "type": "Feature", "properties": { "confidence": 0.68398488, "class": "Class1", "id": 203 }, "geometry": { "type": "Polygon", "coordinates": [ [ [ 49.612067795005871, 25.421179732086426 ], [ 49.61206778883934, 25.421179618719218 ], [ 49.61206778883934, 25.421121717322119 ], [ 49.612067795005871, 25.421121603954912 ], [ 49.612067920528411, 25.421121598385536 ], [ 49.612129347957612, 25.421121598385536 ], [ 49.612129473480152, 25.421121603954912 ], [ 49.612129479646683, 25.421121717322119 ], [ 49.612129479646683, 25.421179618719218 ], [ 49.612129473480152, 25.421179732086426 ], [ 49.612129347957612, 25.421179737655798 ], [ 49.612067920528411, 25.421179737655798 ], [ 49.612067795005871, 25.421179732086426 ] ] ] } },
{ "type": "Feature", "properties": { "confidence": 0.64957762, "class": "Class1", "id": 204 }, "geometry": { "type": "Polygon", "coordinates": [ [ [ 49.611139750686718, 25.42163515637014 ], [ 49.611139744520187, 25.421635043002933 ], [ 49.611139744520187, 25.421603788771368 ], [ 49.611139750686718, 25.42160367540416 ], [ 49.611140007739706, 25.421603663998848 ], [ 49.611140531643791, 25.421603617395636 ], [ 49.611141047967443, 25.421603524638034 ], [ 49.611141551738193, 25.421603386619338 ], [ 49.61114203810444, 25.421603204668752 ], [ 49.611142502382215, 25.421602980538555 ], [ 49.611142940100279, 25.421602716387245 ], [ 49.611143347043154, 25.421602414758745 ], [ 49.611143719291761, 25.421602078557896 ], [ 49.61114405326115, 25.421601711022504 ], [ 49.611144345735006, 25.421601315692133 ], [ 49.611144593896647, 25.421600896374027 ], [ 49.611144795356147, 25.421600457106454 ], [ 49.611144948173333, 25.421600002119796 ], [ 49.611145050876495, 25.421599535795824 ], [ 49.611145102476542, 25.421599062625496 ], [ 49.611145115104748, 25.421598830464973 ], [ 49.611145240627287, 25.4215988248956 ], [ 49.611233490146638, 25.4215988248956 ], [ 49.611233615669178, 25.421598830464973 ], [ 49.611233621835709, 25.42159894383218 ], [ 49.611233621835709, 25.421654422759687 ], [ 49.611233615669178, 25.421654536126894 ], [ 49.611233490146638, 25.421654541696267 ], [ 49.611188155971526, 25.421654541696267 ], [ 49.611188028049192, 25.421654536020416 ], [ 49.611187986471258, 25.42165447336933 ], [ 49.611187678259284, 25.421654058971491 ], [ 49.611187324469348, 25.421653675417527 ], [ 49.611186928857556, 25.421653326779559 ], [ 49.611186495624054, 25.421653016759009 ], [ 49.611186029368383, 25.421652748647301 ], [ 49.611185535040704, 25.421652525290924 ], [ 49.611185017889184, 25.421652349061208 ], [ 49.611184483404323, 25.421652221829156 ], [ 49.611183937260641, 25.421652144945558 ], [ 49.611183385256439, 25.421652119226671 ], [ 49.611145240627287, 25.421652119226671 ], [ 49.611145115104748, 25.421652113657299 ], [ 49.611145108938217, 25.421652000290091 ], [ 49.611145108938217, 25.4216400068787 ], [ 49.611145084695103, 25.421639546786341 ], [ 49.61114501218487, 25.421639090852523 ], [ 49.61114489206291, 25.421638643198193 ], [ 49.611144725414945, 25.421638207869478 ], [ 49.61114451374722, 25.421637788801085 ], [ 49.611144258972878, 25.421637389780766 ], [ 49.611143963394717, 25.421637014415055 ], [ 49.6111436296843, 25.421636666096695 ], [ 49.611143260857865, 25.421636347973955 ], [ 49.611142860249053, 25.421636062922186 ], [ 49.611142431478761, 25.421635813517828 ], [ 49.611141978422431, 25.421635602015112 ], [ 49.611141505174992, 25.421635430325708 ], [ 49.611141016013896, 25.421635300001427 ], [ 49.611140515360411, 25.421635212220206 ], [ 49.611140007739706, 25.421635167775456 ], [ 49.611139750686718, 25.42163515637014 ] ] ] } },
{ "type": "Feature", "properties": { "confidence": 0.68198758, "class": "Class1", "id": 205 }, "geometry": { "type": "Polygon", "coordinates": [ [ [ 49.611220216957165, 25.421850756164027 ], [ 49.611220210790634, 25.421850642796819 ], [ 49.611220210790634, 25.421795163869312 ], [ 49.611220216957165, 25.421795050502105 ], [ 49.611220342479704, 25.421795044932733 ], [ 49.611281769908906, 25.421795044932733 ], [ 49.611281895431446, 25.421795050502105 ], [ 49.611281901597977, 25.421795163869312 ], [ 49.611281901597977, 25.421850642796819 ], [ 49.611281895431446, 25.421850756164027 ], [ 49.611281769908906, 25.421850761733399 ], [ 49.611220342479704, 25.421850761733399 ], [ 49.611220216957165, 25.421850756164027 ] ] ] } },
{ "type": "Feature", "properties": { "confidence": 0.68197566, "class": "Class1", "id": 206 }, "geometry": { "type": "Polygon", "coordinates": [ [ [ 49.61071327945335, 25.422071200897101 ], [ 49.610713273286819, 25.422071087529893 ], [ 49.610713273286819, 25.422015608602386 ], [ 49.61071327945335, 25.422015495235179 ], [ 49.61071340497589, 25.422015489665807 ], [ 49.610772150196077, 25.422015489665807 ], [ 49.610772275718617, 25.422015495235179 ], [ 49.610772281885147, 25.422015608602386 ], [ 49.610772281885147, 25.422071087529893 ], [ 49.610772275718617, 25.422071200897101 ], [ 49.610772150196077, 25.422071206466473 ], [ 49.61071340497589, 25.422071206466473 ], [ 49.61071327945335, 25.422071200897101 ] ] ] } },
{ "type": "Feature", "properties": { "confidence": 0.68094558, "class": "Class1", "id": 207 }, "geometry": { "type": "Polygon", "coordinates": [ [ [ 49.611381149498058, 25.422015484096434 ], [ 49.611381143331528, 25.422015370729227 ], [ 49.611381143331528, 25.42195989180172 ], [ 49.611381149615951, 25.421959776267112 ], [ 49.61138121898454, 25.421959738715497 ], [ 49.611381677814499, 25.421959460350116 ], [ 49.611382102493472, 25.421959140820444 ], [ 49.611382488512724, 25.421958783518861 ], [ 49.611382831773959, 25.421958392238768 ], [ 49.611383128632852, 25.421957971134308 ], [ 49.611383375937706, 25.421957524676269 ], [ 49.611383571062937, 25.421957057604601 ], [ 49.611383711936931, 25.421956574878116 ], [ 49.611383797064057, 25.421956081621829 ], [ 49.611383825540543, 25.421955583072542 ], [ 49.611383825540543, 25.421950201923345 ], [ 49.611383831707073, 25.421950088556137 ], [ 49.611383957229613, 25.421950082986761 ], [ 49.61144806686783, 25.421950082986761 ], [ 49.61144819239037, 25.421950088556137 ], [ 49.6114481985569, 25.421950201923345 ], [ 49.6114481985569, 25.422008103320444 ], [ 49.61144819239037, 25.422008216687651 ], [ 49.61144806686783, 25.422008222257023 ], [ 49.611445516347885, 25.422008222257023 ], [ 49.611444990542971, 25.422008245586731 ], [ 49.611444469801846, 25.422008315351171 ], [ 49.611443959139528, 25.422008430878478 ], [ 49.611443463473982, 25.422008591056059 ], [ 49.611442987578734, 25.422008794341316 ], [ 49.611442536036911, 25.422009038776505 ], [ 49.611442113197114, 25.422009322007575 ], [ 49.61144172313152, 25.422009641306857 ], [ 49.611441369596669, 25.422009993599328 ], [ 49.611441055997304, 25.422010375492217 ], [ 49.611440785353551, 25.422010783307687 ], [ 49.611440560271866, 25.422011213118253 ], [ 49.611440382919895, 25.422011660784605 ], [ 49.611440255005647, 25.422012121995465 ], [ 49.611440177760997, 25.422012592309127 ], [ 49.611440151929855, 25.422013067196211 ], [ 49.611440151929855, 25.422015370729227 ], [ 49.611440145763325, 25.422015484096434 ], [ 49.611440020240785, 25.422015489665807 ], [ 49.611381275020598, 25.422015489665807 ], [ 49.611381149498058, 25.422015484096434 ] ] ] } },
{ "type": "Feature", "properties": { "confidence": 0.67974269, "class": "Class1", "id": 208 }, "geometry": { "type": "Polygon", "coordinates": [ [ [ 49.612040972915722, 25.422931177603051 ], [ 49.612040966749191, 25.422931064235843 ], [ 49.612040966749191, 25.422878007777932 ], [ 49.612040972915722, 25.422877894410725 ], [ 49.612041098438262, 25.422877888841352 ], [ 49.612099843658449, 25.422877888841352 ], [ 49.612099969180989, 25.422877894410725 ], [ 49.612099975347519, 25.422878007777932 ], [ 49.612099975347519, 25.422931064235843 ], [ 49.612099969180989, 25.422931177603051 ], [ 49.612099843658449, 25.422931183172423 ], [ 49.612041098438262, 25.422931183172423 ], [ 49.612040972915722, 25.422931177603051 ] ] ] } },
{ "type": "Feature", "properties": { "confidence": 0.67955554, "class": "Class1", "id": 209 }, "geometry": { "type": "Polygon", "coordinates": [ [ [ 49.613028025833202, 25.421627888961357 ], [ 49.613028019666672, 25.42162777559415 ], [ 49.613028019666672, 25.421567451727455 ], [ 49.613028025833202, 25.421567338360248 ], [ 49.613028151355742, 25.421567332790875 ], [ 49.613094943202974, 25.421567332790875 ], [ 49.613095068725514, 25.421567338360248 ], [ 49.613095074892044, 25.421567451727455 ], [ 49.613095074892044, 25.42162777559415 ], [ 49.613095068725514, 25.421627888961357 ], [ 49.613094943202974, 25.421627894530729 ], [ 49.613028151355742, 25.421627894530729 ], [ 49.613028025833202, 25.421627888961357 ] ] ] } },
{ "type": "Feature", "properties": { "confidence": 0.67797714, "class": "Class1", "id": 210 }, "geometry": { "type": "Polygon", "coordinates": [ [ [ 49.610809838977886, 25.422172944620058 ], [ 49.610809832811356, 25.422172831252851 ], [ 49.610809832811356, 25.422117352325344 ], [ 49.610809838977886, 25.422117238958137 ], [ 49.610809964500426, 25.422117233388764 ], [ 49.610871391929628, 25.422117233388764 ], [ 49.610871517452168, 25.422117238958137 ], [ 49.610871530080374, 25.422117471118661 ], [ 49.610871584284688, 25.422117959968574 ], [ 49.61087169302602, 25.422118441347269 ], [ 49.610871855186211, 25.422118910304857 ], [ 49.610872069097816, 25.422119362019181 ], [ 49.610872332561236, 25.422119791845386 ], [ 49.610872642867349, 25.422120195363689 ], [ 49.610872996825371, 25.422120568424823 ], [ 49.610873390795646, 25.422120907192703 ], [ 49.610873820727086, 25.422121208183867 ], [ 49.610874282198822, 25.422121468303313 ], [ 49.610874770465671, 25.422121684876306 ], [ 49.61087528050691, 25.422121855675876 ], [ 49.610875807077946, 25.422121978945746 ], [ 49.610876344764172, 25.422122053418367 ], [ 49.610876888036728, 25.422122078327952 ], [ 49.610879438556672, 25.422122078327952 ], [ 49.610879564079212, 25.422122083897325 ], [ 49.610879570245743, 25.422122197264535 ], [ 49.610879570245743, 25.422172831252851 ], [ 49.610879564079212, 25.422172944620058 ], [ 49.610879438556672, 25.422172950189431 ], [ 49.610809964500426, 25.422172950189431 ], [ 49.610809838977886, 25.422172944620058 ] ] ] } },
{ "type": "Feature", "properties": { "confidence": 0.67733747, "class": "Class1", "id": 211 }, "geometry": { "type": "Polygon", "coordinates": [ [ [ 49.610552346912456, 25.42163515637014 ], [ 49.610552340745926, 25.421635043002933 ], [ 49.610552340745926, 25.421603788771368 ], [ 49.610552346912456, 25.42160367540416 ], [ 49.610552472434996, 25.421603669834788 ], [ 49.610613899864198, 25.421603669834788 ], [ 49.610614025386738, 25.42160367540416 ], [ 49.610614031553268, 25.421603788771368 ], [ 49.610614031553268, 25.421635043002933 ], [ 49.610614025386738, 25.42163515637014 ], [ 49.610613899864198, 25.421635161939513 ], [ 49.610552472434996, 25.421635161939513 ], [ 49.610552346912456, 25.42163515637014 ] ] ] } },
{ "type": "Feature", "properties": { "confidence": 0.64551121, "class": "Class1", "id": 212 }, "geometry": { "type": "Polygon", "coordinates": [ [ [ 49.612118756977154, 25.422957824768588 ], [ 49.612118750810623, 25.422957711401381 ], [ 49.612118750810623, 25.422899810004282 ], [ 49.612118756977154, 25.422899696637074 ], [ 49.612118882499693, 25.422899691067698 ], [ 49.612180309928895, 25.422899691067698 ], [ 49.612180435451435, 25.422899696637074 ], [ 49.612180441617966, 25.422899810004282 ], [ 49.612180441617966, 25.422955288931785 ], [ 49.612180435354112, 25.422955404088295 ], [ 49.61218035094047, 25.422955440146755 ], [ 49.612179886662688, 25.422955664276952 ], [ 49.61217944894463, 25.422955928428259 ], [ 49.612179042001756, 25.422956230056762 ], [ 49.612178669753142, 25.422956566257607 ], [ 49.612178335783753, 25.422956933792999 ], [ 49.612178043309896, 25.422957329123374 ], [ 49.612177795148256, 25.42295774844148 ], [ 49.612177755223577, 25.422957824680683 ], [ 49.61217762771988, 25.42295783033796 ], [ 49.612118882499693, 25.42295783033796 ], [ 49.612118756977154, 25.422957824768588 ] ] ] } },
{ "type": "Feature", "properties": { "confidence": 0.67379898, "class": "Class1", "id": 213 }, "geometry": { "type": "Polygon", "coordinates": [ [ [ 49.611271178928448, 25.421649691187703 ], [ 49.611271172761917, 25.421649577820496 ], [ 49.611271172761917, 25.421591676423397 ], [ 49.611271178928448, 25.42159156305619 ], [ 49.611271304450987, 25.421591557486817 ], [ 49.611335414089204, 25.421591557486817 ], [ 49.611335539611744, 25.42159156305619 ], [ 49.611335545778275, 25.421591676423397 ], [ 49.611335545778275, 25.421649577820496 ], [ 49.611335539611744, 25.421649691187703 ], [ 49.611335414089204, 25.421649696757079 ], [ 49.611271304450987, 25.421649696757079 ], [ 49.611271178928448, 25.421649691187703 ] ] ] } },
{ "type": "Feature", "properties": { "confidence": 0.67105907, "class": "Class1", "id": 214 }, "geometry": { "type": "Polygon", "coordinates": [ [ [ 49.611874675956798, 25.421097368120222 ], [ 49.611874669790268, 25.421097254753015 ], [ 49.611874669790268, 25.421039353355916 ], [ 49.611874675956798, 25.421039239988708 ], [ 49.611874801479338, 25.421039234419332 ], [ 49.611912089027406, 25.421039234419332 ], [ 49.611912214549946, 25.421039239988708 ], [ 49.611912220716476, 25.421039353355916 ], [ 49.611912220716476, 25.421097254753015 ], [ 49.611912214549946, 25.421097368120222 ], [ 49.611912089027406, 25.421097373689594 ], [ 49.611874801479338, 25.421097373689594 ], [ 49.611874675956798, 25.421097368120222 ] ] ] } },
{ "type": "Feature", "properties": { "confidence": 0.66982943, "class": "Class1", "id": 215 }, "geometry": { "type": "Polygon", "coordinates": [ [ [ 49.611421382633281, 25.421470428437733 ], [ 49.611421376466751, 25.421470315070525 ], [ 49.611421376466751, 25.421409991203831 ], [ 49.611421382633281, 25.421409877836624 ], [ 49.611421508155821, 25.421409872267251 ], [ 49.611488300003053, 25.421409872267251 ], [ 49.611488425525593, 25.421409877836624 ], [ 49.611488431692123, 25.421409991203831 ], [ 49.611488431692123, 25.421470315070525 ], [ 49.611488425525593, 25.421470428437733 ], [ 49.611488300003053, 25.421470434007105 ], [ 49.611421508155821, 25.421470434007105 ], [ 49.611421382633281, 25.421470428437733 ] ] ] } },
{ "type": "Feature", "properties": { "confidence": 0.66912836, "class": "Class1", "id": 216 }, "geometry": { "type": "Polygon", "coordinates": [ [ [ 49.610911762920452, 25.422206859194375 ], [ 49.610911756753922, 25.422206745827168 ], [ 49.610911756753922, 25.422146421960477 ], [ 49.610911762920452, 25.42214630859327 ], [ 49.610911888442992, 25.422146303023894 ], [ 49.610978680290224, 25.422146303023894 ], [ 49.610978805812763, 25.42214630859327 ], [ 49.610978811979294, 25.422146421960477 ], [ 49.610978811979294, 25.422206745827168 ], [ 49.610978805812763, 25.422206859194375 ], [ 49.610978680290224, 25.422206864763751 ], [ 49.610911888442992, 25.422206864763751 ], [ 49.610911762920452, 25.422206859194375 ] ] ] } },
{ "type": "Feature", "properties": { "confidence": 0.66862839, "class": "Class1", "id": 217 }, "geometry": { "type": "Polygon", "coordinates": [ [ [ 49.611534035411907, 25.421874980859968 ], [ 49.611534029245377, 25.421874867492761 ], [ 49.611534029245377, 25.421816966095662 ], [ 49.611534035411907, 25.421816852728455 ], [ 49.611534160934447, 25.421816847159079 ], [ 49.611584859527589, 25.421816847159079 ], [ 49.611584985050129, 25.421816852728455 ], [ 49.61158499121666, 25.421816966095662 ], [ 49.61158499121666, 25.421874867492761 ], [ 49.611584985050129, 25.421874980859968 ], [ 49.611584859527589, 25.421874986429341 ], [ 49.611534160934447, 25.421874986429341 ], [ 49.611534035411907, 25.421874980859968 ] ] ] } },
{ "type": "Feature", "properties": { "confidence": 0.66862655, "class": "Class1", "id": 218 }, "geometry": { "type": "Polygon", "coordinates": [ [ [ 49.61170033237083, 25.421373529653962 ], [ 49.6117003262043, 25.421373416286755 ], [ 49.6117003262043, 25.421317937359252 ], [ 49.61170033237083, 25.421317823992045 ], [ 49.61170045789337, 25.421317818422668 ], [ 49.611761885322572, 25.421317818422668 ], [ 49.611762010845112, 25.421317823992045 ], [ 49.611762017011642, 25.421317937359252 ], [ 49.611762017011642, 25.421373416286755 ], [ 49.611762010845112, 25.421373529653962 ], [ 49.611761885322572, 25.421373535223335 ], [ 49.61170045789337, 25.421373535223335 ], [ 49.61170033237083, 25.421373529653962 ] ] ] } },
{ "type": "Feature", "properties": { "confidence": 0.66778398, "class": "Class1", "id": 219 }, "geometry": { "type": "Polygon", "coordinates": [ [ [ 49.610815203395916, 25.422449106153799 ], [ 49.610815197229385, 25.422448992786592 ], [ 49.610815197229385, 25.422391091389493 ], [ 49.610815203395916, 25.422390978022285 ], [ 49.610815328918456, 25.422390972452913 ], [ 49.610879438556672, 25.422390972452913 ], [ 49.610879564079212, 25.422390978022285 ], [ 49.610879570245743, 25.422391091389493 ], [ 49.610879570245743, 25.422394050069098 ], [ 49.610879598722228, 25.422394548618385 ], [ 49.610879683849355, 25.422395041874672 ], [ 49.610879824723348, 25.422395524601157 ], [ 49.61088001984858, 25.422395991672822 ], [ 49.610880267153433, 25.422396438130864 ], [ 49.610880564012326, 25.422396859235324 ], [ 49.610880907273561, 25.422397250515417 ], [ 49.610881293292813, 25.422397607817 ], [ 49.610881717971786, 25.422397927346672 ], [ 49.610882176801745, 25.422398205712053 ], [ 49.610882246170334, 25.422398243263668 ], [ 49.610882252454758, 25.422398358798276 ], [ 49.610882252454758, 25.422456260195375 ], [ 49.610882246288227, 25.422456373562582 ], [ 49.610882120765687, 25.422456379131955 ], [ 49.61084483321762, 25.422456379131955 ], [ 49.61084470769508, 25.422456373562582 ], [ 49.610844701528549, 25.422456260195375 ], [ 49.610844701528549, 25.422453956662363 ], [ 49.610844675697408, 25.422453481775278 ], [ 49.610844598452758, 25.422453011461617 ], [ 49.61084447053851, 25.422452550250753 ], [ 49.610844293186538, 25.422452102584405 ], [ 49.610844068104853, 25.422451672773839 ], [ 49.610843797461101, 25.422451264958369 ], [ 49.610843483861736, 25.42245088306548 ], [ 49.610843130326884, 25.422450530773006 ], [ 49.61084274026129, 25.422450211473723 ], [ 49.610842317421493, 25.422449928242653 ], [ 49.610841865879671, 25.422449683807468 ], [ 49.610841389984422, 25.422449480522211 ], [ 49.610840894318876, 25.422449320344629 ], [ 49.610840383656559, 25.422449204817323 ], [ 49.610839862915434, 25.422449135052879 ], [ 49.610839337110519, 25.422449111723171 ], [ 49.610815328918456, 25.422449111723171 ], [ 49.610815203395916, 25.422449106153799 ] ] ] } },
{ "type": "Feature", "properties": { "confidence": 0.66728657, "class": "Class1", "id": 220 }, "geometry": { "type": "Polygon", "coordinates": [ [ [ 49.611544764247967, 25.421787771954577 ], [ 49.611544758081436, 25.42178765858737 ], [ 49.611544758081436, 25.421729757190271 ], [ 49.611544764247967, 25.42172964382306 ], [ 49.611544889770506, 25.421729638253687 ], [ 49.611608999408723, 25.421729638253687 ], [ 49.611609124931263, 25.42172964382306 ], [ 49.611609131097794, 25.421729757190271 ], [ 49.611609131097794, 25.42178765858737 ], [ 49.611609124931263, 25.421787771954577 ], [ 49.611608999408723, 25.421787777523949 ], [ 49.611544889770506, 25.421787777523949 ], [ 49.611544764247967, 25.421787771954577 ] ] ] } },
{ "type": "Feature", "properties": { "confidence": 0.6668328, "class": "Class1", "id": 221 }, "geometry": { "type": "Polygon", "coordinates": [ [ [ 49.612260914054943, 25.423059568491546 ], [ 49.612260907888412, 25.423059455124339 ], [ 49.612260907888412, 25.423001553727239 ], [ 49.612260914054943, 25.423001440360032 ], [ 49.612261039577483, 25.423001434790656 ], [ 49.612322467006685, 25.423001434790656 ], [ 49.612322592529225, 25.423001440360032 ], [ 49.612322598695755, 25.423001553727239 ], [ 49.612322598695755, 25.423059455124339 ], [ 49.612322592529225, 25.423059568491546 ], [ 49.612322467006685, 25.423059574060918 ], [ 49.612261039577483, 25.423059574060918 ], [ 49.612260914054943, 25.423059568491546 ] ] ] } },
{ "type": "Feature", "properties": { "confidence": 0.74666053, "class": "Class1", "id": 222 }, "geometry": { "type": "Polygon", "coordinates": [ [ [ 49.613057530132366, 25.421291165687759 ], [ 49.613057523965836, 25.421291052320552 ], [ 49.613057523965836, 25.421233150923452 ], [ 49.613057530132366, 25.421233037556245 ], [ 49.613057655654906, 25.421233031986873 ], [ 49.613124447502138, 25.421233031986873 ], [ 49.613124573024677, 25.421233037556245 ], [ 49.613124579191208, 25.421233150923452 ], [ 49.613124579191208, 25.421291052320552 ], [ 49.613124573024677, 25.421291165687759 ], [ 49.613124447502138, 25.421291171257131 ], [ 49.613057655654906, 25.421291171257131 ], [ 49.613057530132366, 25.421291165687759 ] ] ] } },
{ "type": "Feature", "properties": { "confidence": 0.66373318, "class": "Class1", "id": 223 }, "geometry": { "type": "Polygon", "coordinates": [ [ [ 49.61183712503059, 25.421220914069526 ], [ 49.611837118864059, 25.421220800702319 ], [ 49.611837118864059, 25.421162899305219 ], [ 49.61183712503059, 25.421162785938012 ], [ 49.61183725055313, 25.42116278036864 ], [ 49.611842483282089, 25.42116278036864 ], [ 49.611843009087004, 25.421162757038932 ], [ 49.611843529828128, 25.421162687274492 ], [ 49.611844040490446, 25.421162571747185 ], [ 49.611844536155992, 25.421162411569604 ], [ 49.611845012051241, 25.421162208284343 ], [ 49.611845463593063, 25.421161963849158 ], [ 49.61184588643286, 25.421161680618088 ], [ 49.611846276498454, 25.421161361318806 ], [ 49.611846630033305, 25.421161009026335 ], [ 49.611846943632671, 25.421160627133442 ], [ 49.611847214276423, 25.421160219317972 ], [ 49.611847439358108, 25.42115978950741 ], [ 49.611847616710079, 25.421159341841058 ], [ 49.611847744624328, 25.421158880630198 ], [ 49.611847821868977, 25.421158410316533 ], [ 49.611847847700119, 25.421157935429449 ], [ 49.611847847700119, 25.421155631896436 ], [ 49.611847853866649, 25.421155518529229 ], [ 49.611847979389189, 25.421155512959857 ], [ 49.611877220310213, 25.421155512959857 ], [ 49.611877345832752, 25.421155518529229 ], [ 49.611877351999283, 25.421155631896436 ], [ 49.611877351999283, 25.421157935429449 ], [ 49.611877377830425, 25.421158410316533 ], [ 49.611877455075074, 25.421158880630198 ], [ 49.611877582989322, 25.421159341841058 ], [ 49.611877760341294, 25.42115978950741 ], [ 49.611877985422979, 25.421160219317972 ], [ 49.611878256066731, 25.421160627133442 ], [ 49.611878569666096, 25.421161009026335 ], [ 49.611878923200948, 25.421161361318806 ], [ 49.611879313266542, 25.421161680618088 ], [ 49.611879736106339, 25.421161963849158 ], [ 49.611880187648161, 25.421162208284343 ], [ 49.61188066354341, 25.421162411569604 ], [ 49.611881159208956, 25.421162571747185 ], [ 49.611881669871273, 25.421162687274492 ], [ 49.611882190612398, 25.421162757038932 ], [ 49.611882716417313, 25.42116278036864 ], [ 49.611901360191347, 25.42116278036864 ], [ 49.611901485713886, 25.421162785938012 ], [ 49.611901491880417, 25.421162899305219 ], [ 49.611901491880417, 25.421167625307827 ], [ 49.611901517711559, 25.421168100194912 ], [ 49.611901594956208, 25.421168570508573 ], [ 49.611901722870456, 25.421169031719437 ], [ 49.611901900222428, 25.421169479385785 ], [ 49.611902125304113, 25.421169909196351 ], [ 49.611902395947865, 25.421170317011821 ], [ 49.61190270954723, 25.42117069890471 ], [ 49.611903063082082, 25.421171051197181 ], [ 49.611903453147676, 25.421171370496467 ], [ 49.611903875987473, 25.421171653727537 ], [ 49.611904327529295, 25.421171898162722 ], [ 49.611904803424544, 25.421172101447979 ], [ 49.61190529909009, 25.421172261625561 ], [ 49.611905809752407, 25.421172377152867 ], [ 49.611906330493532, 25.421172446917311 ], [ 49.611906856298447, 25.421172470247015 ], [ 49.611912089027406, 25.421172470247015 ], [ 49.611912214549946, 25.421172475816391 ], [ 49.611912220716476, 25.421172589183598 ], [ 49.611912220716476, 25.421230490580697 ], [ 49.611912214549946, 25.421230603947905 ], [ 49.611912089027406, 25.421230609517277 ], [ 49.611874801479338, 25.421230609517277 ], [ 49.611874675956798, 25.421230603947905 ], [ 49.611874669790268, 25.421230490580697 ], [ 49.611874669790268, 25.421225764578089 ], [ 49.611874643959126, 25.421225289691005 ], [ 49.611874566714476, 25.421224819377343 ], [ 49.611874438800228, 25.42122435816648 ], [ 49.611874261448257, 25.421223910500132 ], [ 49.611874036366572, 25.421223480689566 ], [ 49.611873765722819, 25.421223072874096 ], [ 49.611873452123454, 25.421222690981207 ], [ 49.611873098588603, 25.421222338688732 ], [ 49.611872708523009, 25.42122201938945 ], [ 49.611872285683212, 25.42122173615838 ], [ 49.61187183414139, 25.421221491723195 ], [ 49.611871358246141, 25.421221288437938 ], [ 49.611870862580595, 25.421221128260356 ], [ 49.611870351918277, 25.421221012733049 ], [ 49.611869831177152, 25.421220942968606 ], [ 49.611869305372238, 25.421220919638902 ], [ 49.61183725055313, 25.421220919638902 ], [ 49.61183712503059, 25.421220914069526 ] ] ] } },
{ "type": "Feature", "properties": { "confidence": 0.6366576, "class": "Class1", "id": 224 }, "geometry": { "type": "Polygon", "coordinates": [ [ [ 49.612172401157451, 25.423083804326236 ], [ 49.612172526679991, 25.42308379875686 ], [ 49.612233954109193, 25.42308379875686 ], [ 49.612234079631733, 25.423083804326236 ], [ 49.612234085798264, 25.423083917693443 ], [ 49.612234085798264, 25.423141819090542 ], [ 49.612234079631733, 25.423141932457749 ], [ 49.612233954109193, 25.423141938027122 ], [ 49.612225313779206, 25.423141938027122 ], [ 49.612224761775003, 25.423141963746005 ], [ 49.612224215631322, 25.423142040629603 ], [ 49.61222368114646, 25.423142167861659 ], [ 49.61222316399494, 25.423142344091374 ], [ 49.612222669667261, 25.423142567447751 ], [ 49.612222203411591, 25.42314283555946 ], [ 49.612221770178088, 25.42314314558001 ], [ 49.612221374566296, 25.423143494217978 ], [ 49.61222102077636, 25.423143877771938 ], [ 49.612220712564387, 25.423144292169777 ], [ 49.612220670986453, 25.423144354820863 ], [ 49.612220543064119, 25.423144360496718 ], [ 49.612175208889006, 25.423144360496718 ], [ 49.61217508138531, 25.42314435483944 ], [ 49.612175041460631, 25.423144278600233 ], [ 49.61217479329899, 25.423143859282128 ], [ 49.612174500825134, 25.423143463951757 ], [ 49.612174166855745, 25.423143096416364 ], [ 49.612173794607131, 25.423142760215516 ], [ 49.612173387664257, 25.423142458587016 ], [ 49.612172949946199, 25.423142194435705 ], [ 49.612172485668417, 25.423141970305508 ], [ 49.612172401254774, 25.423141934247049 ], [ 49.612172394990921, 25.423141819090542 ], [ 49.612172394990921, 25.423083917693443 ], [ 49.612172401157451, 25.423083804326236 ] ] ] } },
{ "type": "Feature", "properties": { "confidence": 0.66196525, "class": "Class1", "id": 225 }, "geometry": { "type": "Polygon", "coordinates": [ [ [ 49.61295024177177, 25.422865770924005 ], [ 49.61295023560524, 25.422865657556798 ], [ 49.61295023560524, 25.422810178629295 ], [ 49.61295024177177, 25.422810065262087 ], [ 49.61295036729431, 25.422810059692711 ], [ 49.613009112514497, 25.422810059692711 ], [ 49.613009238037037, 25.422810065262087 ], [ 49.613009244203568, 25.422810178629295 ], [ 49.613009244203568, 25.422822172040682 ], [ 49.613009270034709, 25.422822646927766 ], [ 49.613009347279359, 25.422823117241432 ], [ 49.613009475193607, 25.422823578452292 ], [ 49.613009652545578, 25.422824026118644 ], [ 49.613009877627263, 25.422824455929206 ], [ 49.613010148271016, 25.422824863744676 ], [ 49.613010461870381, 25.422825245637569 ], [ 49.613010815405232, 25.422825597930039 ], [ 49.613011205470826, 25.422825917229321 ], [ 49.613011628310623, 25.422826200460392 ], [ 49.613012079852446, 25.422826444895577 ], [ 49.613012555747694, 25.422826648180838 ], [ 49.61301305141324, 25.422826808358419 ], [ 49.613013562075558, 25.422826923885726 ], [ 49.613014082816683, 25.422826993650165 ], [ 49.613014608621597, 25.422827016979873 ], [ 49.613017159141542, 25.422827016979873 ], [ 49.613017284664082, 25.422827022549246 ], [ 49.613017290830612, 25.422827135916453 ], [ 49.613017290830612, 25.422875347435177 ], [ 49.613017284664082, 25.422875460802384 ], [ 49.613017159141542, 25.422875466371757 ], [ 49.61295573171234, 25.422875466371757 ], [ 49.6129556061898, 25.422875460802384 ], [ 49.61295560002327, 25.422875347435177 ], [ 49.61295560002327, 25.422870621432569 ], [ 49.612955572442857, 25.422870130769375 ], [ 49.612955489985211, 25.422869645151536 ], [ 49.612955353498236, 25.422869169572525 ], [ 49.612955164385376, 25.422868708922589 ], [ 49.612954924591229, 25.422868267938465 ], [ 49.612954636581534, 25.422867851154674 ], [ 49.612954303317821, 25.422867462856882 ], [ 49.612953928226936, 25.422867107037852 ], [ 49.612953515165849, 25.422866787356373 ], [ 49.612953068381941, 25.422866507099641 ], [ 49.61295259246937, 25.422866269149456 ], [ 49.612952092321819, 25.422866075952598 ], [ 49.612951573082164, 25.422865929495657 ], [ 49.612951040089605, 25.422865831284604 ], [ 49.612950498824759, 25.422865782329321 ], [ 49.61295024177177, 25.422865770924005 ] ] ] } },
{ "type": "Feature", "properties": { "confidence": 0.66023356, "class": "Class1", "id": 226 }, "geometry": { "type": "Polygon", "coordinates": [ [ [ 49.610820567813946, 25.422095425593042 ], [ 49.610820561647415, 25.422095312225835 ], [ 49.610820561647415, 25.422039833298332 ], [ 49.610820567813946, 25.422039719931121 ], [ 49.610820693336485, 25.422039714361748 ], [ 49.610842019319534, 25.422039714361748 ], [ 49.610842528743419, 25.422039692466285 ], [ 49.610843033562887, 25.422039626977792 ], [ 49.610843529215124, 25.422039518488187 ], [ 49.610844011220188, 25.422039367978055 ], [ 49.610844475221477, 25.422039176807779 ], [ 49.610844917025119, 25.42203894670525 ], [ 49.610845332637886, 25.422038679750244 ], [ 49.610845718303267, 25.422038378355634 ], [ 49.610846070535416, 25.422038045245571 ], [ 49.610846386150698, 25.422037683430869 ], [ 49.610846662296424, 25.422037296181781 ], [ 49.610846896476652, 25.422036886998455 ], [ 49.610847086574758, 25.422036459579292 ], [ 49.610847230872523, 25.422036017787519 ], [ 49.610847328065731, 25.422035565616259 ], [ 49.610847377275888, 25.422035107152457 ], [ 49.610847389904094, 25.422034874991933 ], [ 49.610847515426634, 25.422034869422561 ], [ 49.610882120765687, 25.422034869422561 ], [ 49.610882246288227, 25.422034874991933 ], [ 49.610882252454758, 25.42203498835914 ], [ 49.610882252454758, 25.422092889756239 ], [ 49.610882246190904, 25.42209300491275 ], [ 49.610882161777262, 25.422093040971209 ], [ 49.61088169749948, 25.422093265101406 ], [ 49.610881259781422, 25.422093529252717 ], [ 49.610880852838548, 25.422093830881217 ], [ 49.610880480589934, 25.422094167082065 ], [ 49.610880146620545, 25.422094534617457 ], [ 49.610879854146688, 25.422094929947828 ], [ 49.610879605985048, 25.422095349265934 ], [ 49.610879566060369, 25.422095425505141 ], [ 49.610879438556672, 25.422095431162415 ], [ 49.610820693336485, 25.422095431162415 ], [ 49.610820567813946, 25.422095425593042 ] ] ] } },
{ "type": "Feature", "properties": { "confidence": 0.67487222, "class": "Class1", "id": 227 }, "geometry": { "type": "Polygon", "coordinates": [ [ [ 49.613089716640545, 25.422865770924005 ], [ 49.613089710474014, 25.422865657556798 ], [ 49.613089710474014, 25.422812601098887 ], [ 49.613089716640545, 25.422812487731679 ], [ 49.613089842163085, 25.422812482162307 ], [ 49.613151269592286, 25.422812482162307 ], [ 49.613151395114826, 25.422812487731679 ], [ 49.613151401281357, 25.422812601098887 ], [ 49.613151401281357, 25.422865657556798 ], [ 49.613151395114826, 25.422865770924005 ], [ 49.613151269592286, 25.422865776493381 ], [ 49.613089842163085, 25.422865776493381 ], [ 49.613089716640545, 25.422865770924005 ] ] ] } },
{ "type": "Feature", "properties": { "confidence": 0.65800601, "class": "Class1", "id": 228 }, "geometry": { "type": "Polygon", "coordinates": [ [ [ 49.611863947120739, 25.422204436724783 ], [ 49.611863940954208, 25.422204323357576 ], [ 49.611863940954208, 25.422139154551694 ], [ 49.611863947120739, 25.422139041184487 ], [ 49.611864072643279, 25.42213903561511 ], [ 49.611880034208298, 25.42213903561511 ], [ 49.611880560013212, 25.422139012285406 ], [ 49.611881080754337, 25.422138942520963 ], [ 49.611881591416655, 25.422138826993656 ], [ 49.611882087082201, 25.422138666816075 ], [ 49.611882562977449, 25.422138463530818 ], [ 49.611883014519272, 25.422138219095633 ], [ 49.611883437359069, 25.422137935864562 ], [ 49.611883827424663, 25.42213761656528 ], [ 49.611884180959514, 25.422137264272806 ], [ 49.611884494558879, 25.422136882379917 ], [ 49.611884765202632, 25.422136474564446 ], [ 49.611884990284317, 25.422136044753881 ], [ 49.611885167636288, 25.422135597087532 ], [ 49.611885295550536, 25.422135135876669 ], [ 49.611885372795186, 25.422134665563007 ], [ 49.611885398626328, 25.422134190675923 ], [ 49.611885398626328, 25.422124619734127 ], [ 49.611885404792858, 25.42212450636692 ], [ 49.611885530315398, 25.422124500797548 ], [ 49.61195232216263, 25.422124500797548 ], [ 49.611952447685169, 25.42212450636692 ], [ 49.6119524538517, 25.422124619734127 ], [ 49.6119524538517, 25.422182521131226 ], [ 49.611952447685169, 25.422182634498434 ], [ 49.61195232216263, 25.42218264006781 ], [ 49.611939042806625, 25.42218264006781 ], [ 49.611938517001711, 25.422182663397514 ], [ 49.611937996260586, 25.422182733161957 ], [ 49.611937485598268, 25.422182848689264 ], [ 49.611936989932722, 25.422183008866845 ], [ 49.611936514037474, 25.422183212152103 ], [ 49.611936062495651, 25.422183456587288 ], [ 49.611935639655854, 25.422183739818358 ], [ 49.61193524959026, 25.42218405911764 ], [ 49.611934896055409, 25.422184411410115 ], [ 49.611934582456044, 25.422184793303003 ], [ 49.611934311812291, 25.422185201118474 ], [ 49.611934086730606, 25.422185630929039 ], [ 49.611933909378635, 25.422186078595388 ], [ 49.611933781464387, 25.422186539806251 ], [ 49.611933704219737, 25.422187010119913 ], [ 49.611933678388596, 25.422187485006997 ], [ 49.611933678388596, 25.422199478418385 ], [ 49.611933672104172, 25.422199593952993 ], [ 49.611933602735583, 25.422199631504611 ], [ 49.611933143905624, 25.422199909869988 ], [ 49.611932719226651, 25.422200229399664 ], [ 49.611932333207399, 25.422200586701244 ], [ 49.611931989946164, 25.42220097798134 ], [ 49.611931693087271, 25.422201399085797 ], [ 49.611931445782417, 25.422201845543839 ], [ 49.611931250657186, 25.422202312615504 ], [ 49.611931109783193, 25.422202795341988 ], [ 49.611931024656066, 25.422203288598276 ], [ 49.611930996179581, 25.422203787147566 ], [ 49.611930996179581, 25.422204323357576 ], [ 49.61193099001305, 25.422204436724783 ], [ 49.61193086449051, 25.422204442294156 ], [ 49.611864072643279, 25.422204442294156 ], [ 49.611863947120739, 25.422204436724783 ] ] ] } },
{ "type": "Feature", "properties": { "confidence": 0.65755194, "class": "Class1", "id": 229 }, "geometry": { "type": "Polygon", "coordinates": [ [ [ 49.612140214649273, 25.422875460802384 ], [ 49.612140208482742, 25.422875347435177 ], [ 49.612140208482742, 25.422841670734019 ], [ 49.612140214649273, 25.422841557366812 ], [ 49.612140340171813, 25.422841551797436 ], [ 49.612204449810029, 25.422841551797436 ], [ 49.612204575332569, 25.422841557366812 ], [ 49.6122045814991, 25.422841670734019 ], [ 49.6122045814991, 25.422875347435177 ], [ 49.612204575332569, 25.422875460802384 ], [ 49.612204449810029, 25.422875466371757 ], [ 49.612140340171813, 25.422875466371757 ], [ 49.612140214649273, 25.422875460802384 ] ] ] } },
{ "type": "Feature", "properties": { "confidence": 0.65603983, "class": "Class1", "id": 230 }, "geometry": { "type": "Polygon", "coordinates": [ [ [ 49.610761559215618, 25.421821686528894 ], [ 49.610761553049088, 25.421821573161687 ], [ 49.610761553049088, 25.421766094234183 ], [ 49.610761559215618, 25.421765980866976 ], [ 49.610761684738158, 25.4217659752976 ], [ 49.610820429958345, 25.4217659752976 ], [ 49.610820555480885, 25.421765980866976 ], [ 49.610820561647415, 25.421766094234183 ], [ 49.610820561647415, 25.421821573161687 ], [ 49.610820555480885, 25.421821686528894 ], [ 49.610820429958345, 25.42182169209827 ], [ 49.610761684738158, 25.42182169209827 ], [ 49.610761559215618, 25.421821686528894 ] ] ] } },
{ "type": "Feature", "properties": { "confidence": 0.6547994, "class": "Class1", "id": 231 }, "geometry": { "type": "Polygon", "coordinates": [ [ [ 49.612655198780132, 25.423061990961138 ], [ 49.612655192613602, 25.423061877593931 ], [ 49.612655192613602, 25.423006398666427 ], [ 49.612655198780132, 25.42300628529922 ], [ 49.612655324302672, 25.423006279729844 ], [ 49.612716751731874, 25.423006279729844 ], [ 49.612716877254414, 25.42300628529922 ], [ 49.612716883420944, 25.423006398666427 ], [ 49.612716883420944, 25.423061877593931 ], [ 49.612716877254414, 25.423061990961138 ], [ 49.612716751731874, 25.423061996530514 ], [ 49.612655324302672, 25.423061996530514 ], [ 49.612655198780132, 25.423061990961138 ] ] ] } },
{ "type": "Feature", "properties": { "confidence": 0.6547851, "class": "Class1", "id": 232 }, "geometry": { "type": "Polygon", "coordinates": [ [ [ 49.612252861261368, 25.422122197264535 ], [ 49.612252867427898, 25.422122083897325 ], [ 49.612252992950438, 25.422122078327952 ], [ 49.612322467006685, 25.422122078327952 ], [ 49.612322592529225, 25.422122083897325 ], [ 49.612322598695755, 25.422122197264535 ], [ 49.612322598695755, 25.422187366070414 ], [ 49.612322592529225, 25.422187479437621 ], [ 49.612322467006685, 25.422187485006997 ], [ 49.612252992950438, 25.422187485006997 ], [ 49.612252867427898, 25.422187479437621 ], [ 49.612252861261368, 25.422187366070414 ], [ 49.612252861261368, 25.422122197264535 ] ] ] } },
{ "type": "Feature", "properties": { "confidence": 0.65456033, "class": "Class1", "id": 233 }, "geometry": { "type": "Polygon", "coordinates": [ [ [ 49.612223363128734, 25.422926332663863 ], [ 49.612223356962204, 25.422926219296656 ], [ 49.612223356962204, 25.422878007777932 ], [ 49.612223363128734, 25.422877894410725 ], [ 49.612223488651274, 25.422877888841352 ], [ 49.612284916080476, 25.422877888841352 ], [ 49.612285041603016, 25.422877894410725 ], [ 49.612285047769547, 25.422878007777932 ], [ 49.612285047769547, 25.422926219296656 ], [ 49.612285041603016, 25.422926332663863 ], [ 49.612284916080476, 25.422926338233236 ], [ 49.612223488651274, 25.422926338233236 ], [ 49.612223363128734, 25.422926332663863 ] ] ] } },
{ "type": "Feature", "properties": { "confidence": 0.59118426, "class": "Class1", "id": 234 }, "geometry": { "type": "Polygon", "coordinates": [ [ [ 49.612188494411541, 25.422061511018722 ], [ 49.61218848824501, 25.422061397651515 ], [ 49.61218848824501, 25.422003496254415 ], [ 49.612188494411541, 25.422003382887208 ], [ 49.612188619934081, 25.422003377317836 ], [ 49.612252729572297, 25.422003377317836 ], [ 49.612252855094837, 25.422003382887208 ], [ 49.612252861261368, 25.422003496254415 ], [ 49.612252861261368, 25.422061397651515 ], [ 49.612252855094837, 25.422061511018722 ], [ 49.612252729572297, 25.422061516588098 ], [ 49.612188619934081, 25.422061516588098 ], [ 49.612188494411541, 25.422061511018722 ] ] ] } },
{ "type": "Feature", "properties": { "confidence": 0.65170866, "class": "Class1", "id": 235 }, "geometry": { "type": "Polygon", "coordinates": [ [ [ 49.612931466308666, 25.423187959380037 ], [ 49.612931460142136, 25.42318784601283 ], [ 49.612931460142136, 25.423175971538022 ], [ 49.612931466308666, 25.423175858170815 ], [ 49.612931591831206, 25.423175852601442 ], [ 49.612995701469423, 25.423175852601442 ], [ 49.612995826991963, 25.423175858170815 ], [ 49.612995833158493, 25.423175971538022 ], [ 49.612995833158493, 25.423178275071034 ], [ 49.612995858989635, 25.423178749958119 ], [ 49.612995936234284, 25.423179220271781 ], [ 49.612996064148533, 25.423179681482644 ], [ 49.612996241500504, 25.423180129148992 ], [ 49.612996466582189, 25.423180558959558 ], [ 49.612996737225942, 25.423180966775028 ], [ 49.612997050825307, 25.423181348667917 ], [ 49.612997404360158, 25.423181700960392 ], [ 49.612997794425752, 25.423182020259674 ], [ 49.612998217265549, 25.423182303490744 ], [ 49.612998668807371, 25.423182547925929 ], [ 49.61299914470262, 25.423182751211186 ], [ 49.612999640368166, 25.423182911388768 ], [ 49.613000151030484, 25.423183026916075 ], [ 49.613000671771609, 25.423183096680518 ], [ 49.613001197576523, 25.423183120010222 ], [ 49.613006430305482, 25.423183120010222 ], [ 49.613006555828022, 25.423183125579598 ], [ 49.613006561994553, 25.423183238946805 ], [ 49.613006561994553, 25.423238717874309 ], [ 49.613006555828022, 25.423238831241516 ], [ 49.613006430305482, 25.423238836810892 ], [ 49.612939638458251, 25.423238836810892 ], [ 49.612939512935711, 25.423238831241516 ], [ 49.61293950676918, 25.423238717874309 ], [ 49.61293950676918, 25.423192809888601 ], [ 49.612939480938039, 25.423192335001517 ], [ 49.612939403693389, 25.423191864687855 ], [ 49.612939275779141, 25.423191403476991 ], [ 49.612939098427169, 25.423190955810643 ], [ 49.612938873345485, 25.423190526000077 ], [ 49.612938602701732, 25.423190118184607 ], [ 49.612938289102367, 25.423189736291718 ], [ 49.612937935567516, 25.423189383999247 ], [ 49.612937545501921, 25.423189064699962 ], [ 49.612937122662125, 25.423188781468891 ], [ 49.612936671120302, 25.423188537033706 ], [ 49.612936195225053, 25.423188333748449 ], [ 49.612935699559507, 25.423188173570868 ], [ 49.61293518889719, 25.423188058043561 ], [ 49.612934668156065, 25.423187988279118 ], [ 49.612934142351151, 25.423187964949413 ], [ 49.612931591831206, 25.423187964949413 ], [ 49.612931466308666, 25.423187959380037 ] ] ] } },
{ "type": "Feature", "properties": { "confidence": 0.64867723, "class": "Class1", "id": 236 }, "geometry": { "type": "Polygon", "coordinates": [ [ [ 49.612722254005504, 25.421288743218163 ], [ 49.612722247838974, 25.421288629850956 ], [ 49.612722247838974, 25.421228305984265 ], [ 49.612722254005504, 25.421228192617058 ], [ 49.612722379528044, 25.421228187047682 ], [ 49.612786489166261, 25.421228187047682 ], [ 49.612786614688801, 25.421228192617058 ], [ 49.612786620855331, 25.421228305984265 ], [ 49.612786620855331, 25.421286207381364 ], [ 49.612786614591478, 25.421286322537874 ], [ 49.612786530177836, 25.421286358596333 ], [ 49.612786065900053, 25.421286582726527 ], [ 49.612785628181996, 25.421286846877837 ], [ 49.612785221239122, 25.421287148506341 ], [ 49.612784848990508, 25.421287484707186 ], [ 49.612784515021119, 25.421287852242578 ], [ 49.612784222547262, 25.421288247572953 ], [ 49.612783974385621, 25.421288666891055 ], [ 49.612783934460943, 25.421288743130262 ], [ 49.612783806957246, 25.421288748787539 ], [ 49.612722379528044, 25.421288748787539 ], [ 49.612722254005504, 25.421288743218163 ] ] ] } },
{ "type": "Feature", "properties": { "confidence": 0.64862394, "class": "Class1", "id": 237 }, "geometry": { "type": "Polygon", "coordinates": [ [ [ 49.612550592628551, 25.421259673583034 ], [ 49.612550586462021, 25.421259560215827 ], [ 49.612550586462021, 25.42119681387954 ], [ 49.612550592628551, 25.421196700512333 ], [ 49.612550718151091, 25.421196694942957 ], [ 49.612617509998323, 25.421196694942957 ], [ 49.612617635520863, 25.421196700512333 ], [ 49.612617641687393, 25.42119681387954 ], [ 49.612617641687393, 25.421259560215827 ], [ 49.612617635520863, 25.421259673583034 ], [ 49.612617509998323, 25.421259679152406 ], [ 49.612550718151091, 25.421259679152406 ], [ 49.612550592628551, 25.421259673583034 ] ] ] } },
{ "type": "Feature", "properties": { "confidence": 0.64818537, "class": "Class1", "id": 238 }, "geometry": { "type": "Polygon", "coordinates": [ [ [ 49.612971699443889, 25.421451048680979 ], [ 49.612971693277359, 25.421450935313771 ], [ 49.612971693277359, 25.421388188977485 ], [ 49.612971699443889, 25.421388075610274 ], [ 49.612971824966429, 25.421388070040901 ], [ 49.613041299022676, 25.421388070040901 ], [ 49.613041424545216, 25.421388075610274 ], [ 49.613041430711746, 25.421388188977485 ], [ 49.613041430711746, 25.421450935313771 ], [ 49.613041424545216, 25.421451048680979 ], [ 49.613041299022676, 25.421451054250351 ], [ 49.612971824966429, 25.421451054250351 ], [ 49.612971699443889, 25.421451048680979 ] ] ] } },
{ "type": "Feature", "properties": { "confidence": 0.63857472, "class": "Class1", "id": 239 }, "geometry": { "type": "Polygon", "coordinates": [ [ [ 49.611488437858654, 25.42319522678882 ], [ 49.611488431692123, 25.423195113421613 ], [ 49.611488431692123, 25.423137212024514 ], [ 49.611488437858654, 25.423137098657307 ], [ 49.611488563381194, 25.423137093087934 ], [ 49.611528664827347, 25.423137093087934 ], [ 49.611529190632261, 25.423137069758226 ], [ 49.611529711373386, 25.423136999993787 ], [ 49.611530222035704, 25.42313688446648 ], [ 49.61153071770125, 25.423136724288899 ], [ 49.611531193596498, 25.423136521003638 ], [ 49.611531645138321, 25.423136276568453 ], [ 49.611532067978118, 25.423135993337382 ], [ 49.611532458043712, 25.4231356740381 ], [ 49.611532811578563, 25.42313532174563 ], [ 49.611533125177928, 25.423134939852737 ], [ 49.611533395821681, 25.423134532037267 ], [ 49.611533620903366, 25.423134102226705 ], [ 49.611533798255337, 25.423133654560353 ], [ 49.611533926169585, 25.423133193349493 ], [ 49.611534003414235, 25.423132723035827 ], [ 49.611534029245377, 25.423132248148743 ], [ 49.611534029245377, 25.423129944615731 ], [ 49.611534035411907, 25.423129831248524 ], [ 49.611534160934447, 25.423129825679151 ], [ 49.61155803743744, 25.423129825679151 ], [ 49.61155816295998, 25.423129831248524 ], [ 49.611558169126511, 25.423129944615731 ], [ 49.611558169126511, 25.423192690952018 ], [ 49.61155816295998, 25.423192804319228 ], [ 49.61155803743744, 25.423192809888601 ], [ 49.611554761525483, 25.423192809888601 ], [ 49.61155420952128, 25.423192835607484 ], [ 49.611553663377599, 25.423192912491082 ], [ 49.611553128892737, 25.423193039723138 ], [ 49.611552611741217, 25.423193215952853 ], [ 49.611552117413538, 25.423193439309227 ], [ 49.611551651157868, 25.423193707420939 ], [ 49.611551217924365, 25.423194017441489 ], [ 49.611550822312573, 25.423194366079457 ], [ 49.611550468522637, 25.423194749633417 ], [ 49.611550160310664, 25.423195164031256 ], [ 49.61155011873273, 25.423195226682342 ], [ 49.611549990810396, 25.423195232358196 ], [ 49.611488563381194, 25.423195232358196 ], [ 49.611488437858654, 25.42319522678882 ] ] ] } },
{ "type": "Feature", "properties": { "confidence": 0.64705217, "class": "Class1", "id": 240 }, "geometry": { "type": "Polygon", "coordinates": [ [ [ 49.612011468616558, 25.421618199082978 ], [ 49.612011462450027, 25.421618085715771 ], [ 49.612011462450027, 25.421555339379484 ], [ 49.612011468616558, 25.421555226012277 ], [ 49.612011594139098, 25.421555220442904 ], [ 49.612078385986329, 25.421555220442904 ], [ 49.612078511508869, 25.421555226012277 ], [ 49.6120785176754, 25.421555339379484 ], [ 49.6120785176754, 25.421618085715771 ], [ 49.612078511508869, 25.421618199082978 ], [ 49.612078385986329, 25.421618204652354 ], [ 49.612011594139098, 25.421618204652354 ], [ 49.612011468616558, 25.421618199082978 ] ] ] } },
{ "type": "Feature", "properties": { "confidence": 0.64579636, "class": "Class1", "id": 241 }, "geometry": { "type": "Polygon", "coordinates": [ [ [ 49.612368202415539, 25.422688930643627 ], [ 49.612368196249008, 25.42268881727642 ], [ 49.612368196249008, 25.422630915879321 ], [ 49.612368202415539, 25.422630802512113 ], [ 49.612368327938078, 25.422630796942741 ], [ 49.612432437576295, 25.422630796942741 ], [ 49.612432563098835, 25.422630802512113 ], [ 49.612432569265366, 25.422630915879321 ], [ 49.612432569265366, 25.42268881727642 ], [ 49.612432563098835, 25.422688930643627 ], [ 49.612432437576295, 25.422688936213003 ], [ 49.612368327938078, 25.422688936213003 ], [ 49.612368202415539, 25.422688930643627 ] ] ] } },
{ "type": "Feature", "properties": { "confidence": 0.64535511, "class": "Class1", "id": 242 }, "geometry": { "type": "Polygon", "coordinates": [ [ [ 49.611011004654003, 25.421841066285648 ], [ 49.611010998487473, 25.421840952918441 ], [ 49.611010998487473, 25.421785473990937 ], [ 49.611011004654003, 25.42178536062373 ], [ 49.611011130176543, 25.421785355054354 ], [ 49.611072557605745, 25.421785355054354 ], [ 49.611072683128285, 25.42178536062373 ], [ 49.611072689294815, 25.421785473990937 ], [ 49.611072689294815, 25.421840952918441 ], [ 49.611072683128285, 25.421841066285648 ], [ 49.611072557605745, 25.421841071855024 ], [ 49.611011130176543, 25.421841071855024 ], [ 49.611011004654003, 25.421841066285648 ] ] ] } },
{ "type": "Feature", "properties": { "confidence": 0.64506578, "class": "Class1", "id": 243 }, "geometry": { "type": "Polygon", "coordinates": [ [ [ 49.610777652469707, 25.422030018913997 ], [ 49.610777646303177, 25.42202990554679 ], [ 49.610777646303177, 25.421974426619286 ], [ 49.610777652469707, 25.421974313252079 ], [ 49.610777777992247, 25.421974307682703 ], [ 49.610839205421449, 25.421974307682703 ], [ 49.610839330943989, 25.421974313252079 ], [ 49.610839337110519, 25.421974426619286 ], [ 49.610839337110519, 25.42202990554679 ], [ 49.610839330943989, 25.422030018913997 ], [ 49.610839205421449, 25.422030024483373 ], [ 49.610777777992247, 25.422030024483373 ], [ 49.610777652469707, 25.422030018913997 ] ] ] } },
{ "type": "Feature", "properties": { "confidence": 0.64431185, "class": "Class1", "id": 244 }, "geometry": { "type": "Polygon", "coordinates": [ [ [ 49.612217998710705, 25.423347842373257 ], [ 49.612217992544174, 25.42334772900605 ], [ 49.612217992544174, 25.423287405139355 ], [ 49.612217998710705, 25.423287291772148 ], [ 49.612218124233245, 25.423287286202775 ], [ 49.612274187244417, 25.423287286202775 ], [ 49.612274312766957, 25.423287291772148 ], [ 49.612274318933487, 25.423287405139355 ], [ 49.612274318933487, 25.42334772900605 ], [ 49.612274312766957, 25.423347842373257 ], [ 49.612274187244417, 25.42334784794263 ], [ 49.612218124233245, 25.42334784794263 ], [ 49.612217998710705, 25.423347842373257 ] ] ] } },
{ "type": "Feature", "properties": { "confidence": 0.64217943, "class": "Class1", "id": 245 }, "geometry": { "type": "Polygon", "coordinates": [ [ [ 49.612510359493328, 25.422715577809164 ], [ 49.612510353326797, 25.422715464441957 ], [ 49.612510353326797, 25.422659985514453 ], [ 49.612510359493328, 25.422659872147243 ], [ 49.612510485015868, 25.42265986657787 ], [ 49.61257191244507, 25.42265986657787 ], [ 49.61257203796761, 25.422659872147243 ], [ 49.61257204413414, 25.422659985514453 ], [ 49.61257204413414, 25.422715464441957 ], [ 49.61257203796761, 25.422715577809164 ], [ 49.61257191244507, 25.422715583378537 ], [ 49.612510485015868, 25.422715583378537 ], [ 49.612510359493328, 25.422715577809164 ] ] ] } },
{ "type": "Feature", "properties": { "confidence": 0.64108407, "class": "Class1", "id": 246 }, "geometry": { "type": "Polygon", "coordinates": [ [ [ 49.611102199760509, 25.421719942805936 ], [ 49.611102193593979, 25.421719829438729 ], [ 49.611102193593979, 25.421664350511225 ], [ 49.611102199760509, 25.421664237144018 ], [ 49.611102325283049, 25.421664231574642 ], [ 49.611163752712251, 25.421664231574642 ], [ 49.611163878234791, 25.421664237144018 ], [ 49.611163884401321, 25.421664350511225 ], [ 49.611163884401321, 25.421719829438729 ], [ 49.611163878234791, 25.421719942805936 ], [ 49.611163752712251, 25.421719948375312 ], [ 49.611102325283049, 25.421719948375312 ], [ 49.611102199760509, 25.421719942805936 ] ] ] } },
{ "type": "Feature", "properties": { "confidence": 0.70391381, "class": "Class1", "id": 247 }, "geometry": { "type": "Polygon", "coordinates": [ [ [ 49.613210416046215, 25.421690873170807 ], [ 49.613210409879684, 25.421690759803599 ], [ 49.613210409879684, 25.421628013467313 ], [ 49.613210416046215, 25.421627900100106 ], [ 49.613210541568755, 25.421627894530729 ], [ 49.613250511325838, 25.421627894530729 ], [ 49.613250636848377, 25.421627900100106 ], [ 49.613250643014908, 25.421628013467313 ], [ 49.613250643014908, 25.421632739469917 ], [ 49.61325066884605, 25.421633214357001 ], [ 49.613250746090699, 25.421633684670667 ], [ 49.613250874004947, 25.421634145881526 ], [ 49.613251051356919, 25.421634593547878 ], [ 49.613251276438604, 25.421635023358441 ], [ 49.613251547082356, 25.421635431173911 ], [ 49.613251860681721, 25.421635813066803 ], [ 49.613252214216573, 25.421636165359274 ], [ 49.613252604282167, 25.421636484658556 ], [ 49.613253027121964, 25.421636767889627 ], [ 49.613253478663786, 25.421637012324812 ], [ 49.613253954559035, 25.421637215610073 ], [ 49.613254450224581, 25.421637375787654 ], [ 49.613254960886898, 25.421637491314961 ], [ 49.613255481628023, 25.4216375610794 ], [ 49.613256007432938, 25.421637584409108 ], [ 49.613288062252046, 25.421637584409108 ], [ 49.613288187774586, 25.421637589978481 ], [ 49.613288193941116, 25.421637703345688 ], [ 49.613288193941116, 25.421688337334004 ], [ 49.613288187774586, 25.421688450701211 ], [ 49.613288062252046, 25.421688456270587 ], [ 49.613255282040924, 25.421688456270587 ], [ 49.613254780064558, 25.421688477529131 ], [ 49.613254282493315, 25.421688541118204 ], [ 49.613253793693666, 25.421688646479776 ], [ 49.613253317955113, 25.421688792689242 ], [ 49.613252859452523, 25.421688978463532 ], [ 49.613252422209513, 25.421689202172367 ], [ 49.61325201006315, 25.421689461852576 ], [ 49.613251626630245, 25.421689755225323 ], [ 49.613251275275637, 25.42169007971609 ], [ 49.61325095908267, 25.421690432477291 ], [ 49.613250680826106, 25.421690810413242 ], [ 49.613250639248172, 25.421690873064328 ], [ 49.613250511325838, 25.421690878740179 ], [ 49.613210541568755, 25.421690878740179 ], [ 49.613210416046215, 25.421690873170807 ] ] ] } },
{ "type": "Feature", "properties": { "confidence": 0.63949931, "class": "Class1", "id": 248 }, "geometry": { "type": "Polygon", "coordinates": [ [ [ 49.611888087001873, 25.423081370717892 ], [ 49.611888080835342, 25.423081257350685 ], [ 49.611888080835342, 25.423023355953585 ], [ 49.611888087001873, 25.423023242586378 ], [ 49.611888212524413, 25.423023237017006 ], [ 49.61195232216263, 25.423023237017006 ], [ 49.611952447685169, 25.423023242586378 ], [ 49.6119524538517, 25.423023355953585 ], [ 49.6119524538517, 25.423081257350685 ], [ 49.611952447685169, 25.423081370717892 ], [ 49.61195232216263, 25.423081376287268 ], [ 49.611888212524413, 25.423081376287268 ], [ 49.611888087001873, 25.423081370717892 ] ] ] } },
{ "type": "Feature", "properties": { "confidence": 0.63779056, "class": "Class1", "id": 249 }, "geometry": { "type": "Polygon", "coordinates": [ [ [ 49.612885868755413, 25.423013541569254 ], [ 49.612885862588882, 25.423013428202047 ], [ 49.612885862588882, 25.422957949274544 ], [ 49.612885868755413, 25.422957835907333 ], [ 49.612885994277953, 25.42295783033796 ], [ 49.612907188571931, 25.42295783033796 ], [ 49.612907314094471, 25.422957835907333 ], [ 49.612907320261002, 25.422957949274544 ], [ 49.612907320261002, 25.423013428202047 ], [ 49.612907314094471, 25.423013541569254 ], [ 49.612907188571931, 25.423013547138627 ], [ 49.612885994277953, 25.423013547138627 ], [ 49.612885868755413, 25.423013541569254 ] ] ] } },
{ "type": "Feature", "properties": { "confidence": 0.63514811, "class": "Class1", "id": 250 }, "geometry": { "type": "Polygon", "coordinates": [ [ [ 49.611880040374828, 25.421320235322888 ], [ 49.611880034208298, 25.421320121955681 ], [ 49.611880034208298, 25.421262220558582 ], [ 49.611880040374828, 25.421262107191374 ], [ 49.611880165897368, 25.421262101622002 ], [ 49.6119469577446, 25.421262101622002 ], [ 49.61194708326714, 25.421262107191374 ], [ 49.61194708943367, 25.421262220558582 ], [ 49.61194708943367, 25.421320121955681 ], [ 49.61194708326714, 25.421320235322888 ], [ 49.6119469577446, 25.421320240892264 ], [ 49.611880165897368, 25.421320240892264 ], [ 49.611880040374828, 25.421320235322888 ] ] ] } },
{ "type": "Feature", "properties": { "confidence": 0.63411391, "class": "Class1", "id": 251 }, "geometry": { "type": "Polygon", "coordinates": [ [ [ 49.61307094117744, 25.421465583498545 ], [ 49.61307093501091, 25.421465470131334 ], [ 49.61307093501091, 25.421405146264643 ], [ 49.61307094117744, 25.421405032897436 ], [ 49.61307106669998, 25.42140502732806 ], [ 49.613140540756227, 25.42140502732806 ], [ 49.613140666278767, 25.421405032897436 ], [ 49.613140672445297, 25.421405146264643 ], [ 49.613140672445297, 25.421465470131334 ], [ 49.613140666278767, 25.421465583498545 ], [ 49.613140540756227, 25.421465589067918 ], [ 49.61307106669998, 25.421465589067918 ], [ 49.61307094117744, 25.421465583498545 ] ] ] } },
{ "type": "Feature", "properties": { "confidence": 0.63305253, "class": "Class1", "id": 252 }, "geometry": { "type": "Polygon", "coordinates": [ [ [ 49.610608673301769, 25.421438936333008 ], [ 49.610608667135239, 25.421438822965801 ], [ 49.610608667135239, 25.421383344038293 ], [ 49.610608673301769, 25.421383230671086 ], [ 49.610608798824309, 25.421383225101714 ], [ 49.610672908462526, 25.421383225101714 ], [ 49.610673033985066, 25.421383230671086 ], [ 49.610673040151596, 25.421383344038293 ], [ 49.610673040151596, 25.421438822965801 ], [ 49.610673033985066, 25.421438936333008 ], [ 49.610672908462526, 25.42143894190238 ], [ 49.610608798824309, 25.42143894190238 ], [ 49.610608673301769, 25.421438936333008 ] ] ] } },
{ "type": "Feature", "properties": { "confidence": 0.63295078, "class": "Class1", "id": 253 }, "geometry": { "type": "Polygon", "coordinates": [ [ [ 49.612295782772136, 25.421819264059302 ], [ 49.612295776605606, 25.421819150692095 ], [ 49.612295776605606, 25.421753981886212 ], [ 49.612295782772136, 25.421753868519005 ], [ 49.612295908294676, 25.421753862949629 ], [ 49.612365382350923, 25.421753862949629 ], [ 49.612365507873463, 25.421753868519005 ], [ 49.612365514039993, 25.421753981886212 ], [ 49.612365514039993, 25.421819150692095 ], [ 49.612365507873463, 25.421819264059302 ], [ 49.612365382350923, 25.421819269628674 ], [ 49.612295908294676, 25.421819269628674 ], [ 49.612295782772136, 25.421819264059302 ] ] ] } },
{ "type": "Feature", "properties": { "confidence": 0.63244426, "class": "Class1", "id": 254 }, "geometry": { "type": "Polygon", "coordinates": [ [ [ 49.611265814510418, 25.421782927015386 ], [ 49.611265808343887, 25.421782813648178 ], [ 49.611265808343887, 25.421729757190271 ], [ 49.611265814510418, 25.42172964382306 ], [ 49.611265940032958, 25.421729638253687 ], [ 49.611324685253145, 25.421729638253687 ], [ 49.611324810775685, 25.42172964382306 ], [ 49.611324816942215, 25.421729757190271 ], [ 49.611324816942215, 25.421782813648178 ], [ 49.611324810775685, 25.421782927015386 ], [ 49.611324685253145, 25.421782932584762 ], [ 49.611265940032958, 25.421782932584762 ], [ 49.611265814510418, 25.421782927015386 ] ] ] } },
{ "type": "Feature", "properties": { "confidence": 0.63197231, "class": "Class1", "id": 255 }, "geometry": { "type": "Polygon", "coordinates": [ [ [ 49.611365056243969, 25.421814419120111 ], [ 49.611365050077438, 25.421814305752903 ], [ 49.611365050077438, 25.4217588268254 ], [ 49.611365056243969, 25.421758713458193 ], [ 49.611365181766509, 25.42175870788882 ], [ 49.611423926986696, 25.42175870788882 ], [ 49.611424052509236, 25.421758713458193 ], [ 49.611424058675766, 25.4217588268254 ], [ 49.611424058675766, 25.421814305752903 ], [ 49.611424052509236, 25.421814419120111 ], [ 49.611423926986696, 25.421814424689487 ], [ 49.611365181766509, 25.421814424689487 ], [ 49.611365056243969, 25.421814419120111 ] ] ] } },
{ "type": "Feature", "properties": { "confidence": 0.62849581, "class": "Class1", "id": 256 }, "geometry": { "type": "Polygon", "coordinates": [ [ [ 49.61121217033012, 25.421937965069418 ], [ 49.611212164163589, 25.421937851702211 ], [ 49.611212164163589, 25.421882372774704 ], [ 49.61121217033012, 25.421882259407496 ], [ 49.61121229585266, 25.421882253838124 ], [ 49.611273723281862, 25.421882253838124 ], [ 49.611273848804402, 25.421882259407496 ], [ 49.611273854970932, 25.421882372774704 ], [ 49.611273854970932, 25.421937851702211 ], [ 49.611273848804402, 25.421937965069418 ], [ 49.611273723281862, 25.42193797063879 ], [ 49.61121229585266, 25.42193797063879 ], [ 49.61121217033012, 25.421937965069418 ] ] ] } },
{ "type": "Feature", "properties": { "confidence": 0.62019575, "class": "Class1", "id": 257 }, "geometry": { "type": "Polygon", "coordinates": [ [ [ 49.612177765575481, 25.421988836930897 ], [ 49.612177759408951, 25.42198872356369 ], [ 49.612177759408951, 25.421947779453749 ], [ 49.612177765575481, 25.421947666086542 ], [ 49.612177891098021, 25.421947660517169 ], [ 49.612196534872055, 25.421947660517169 ], [ 49.612197060676969, 25.421947637187461 ], [ 49.612197581418094, 25.421947567423022 ], [ 49.612198092080412, 25.421947451895715 ], [ 49.612198587745958, 25.421947291718133 ], [ 49.612199063641206, 25.421947088432873 ], [ 49.612199515183029, 25.421946843997688 ], [ 49.612199938022826, 25.421946560766617 ], [ 49.61220032808842, 25.421946241467335 ], [ 49.612200681623271, 25.421945889174864 ], [ 49.612200995222636, 25.421945507281972 ], [ 49.612201265866389, 25.421945099466502 ], [ 49.612201490948074, 25.421944669655939 ], [ 49.612201668300045, 25.421944221989587 ], [ 49.612201796214293, 25.421943760778728 ], [ 49.612201873458943, 25.421943290465062 ], [ 49.612201899290085, 25.421942815577978 ], [ 49.612201899290085, 25.421935667105778 ], [ 49.612201905456615, 25.421935553738571 ], [ 49.612202030979155, 25.421935548169198 ], [ 49.612266140617372, 25.421935548169198 ], [ 49.612266266139912, 25.421935553738571 ], [ 49.612266272306442, 25.421935667105778 ], [ 49.612266272306442, 25.421993568502877 ], [ 49.612266266139912, 25.421993681870084 ], [ 49.612266140617372, 25.421993687439457 ], [ 49.612202030979155, 25.421993687439457 ], [ 49.612201903056821, 25.421993681763606 ], [ 49.612201861478887, 25.42199361911252 ], [ 49.612201553266914, 25.421993204714681 ], [ 49.612201199476978, 25.421992821160721 ], [ 49.612200803865186, 25.421992472522753 ], [ 49.612200370631683, 25.4219921625022 ], [ 49.612199904376013, 25.421991894390491 ], [ 49.612199410048333, 25.421991671034114 ], [ 49.612198892896814, 25.421991494804402 ], [ 49.612198358411952, 25.421991367572346 ], [ 49.612197812268271, 25.421991290688748 ], [ 49.612197260264068, 25.421991264969865 ], [ 49.612196666561125, 25.421991264969865 ], [ 49.612196538638791, 25.421991259294014 ], [ 49.612196497060857, 25.421991196642928 ], [ 49.612196188848884, 25.421990782245086 ], [ 49.612195835058948, 25.421990398691126 ], [ 49.612195439447156, 25.421990050053157 ], [ 49.612195006213653, 25.421989740032608 ], [ 49.612194539957983, 25.421989471920899 ], [ 49.612194045630304, 25.421989248564522 ], [ 49.612193528478784, 25.421989072334807 ], [ 49.612192993993922, 25.421988945102751 ], [ 49.612192447850241, 25.421988868219152 ], [ 49.612191895846038, 25.421988842500269 ], [ 49.612177891098021, 25.421988842500269 ], [ 49.612177765575481, 25.421988836930897 ] ] ] } },
{ "type": "Feature", "properties": { "confidence": 0.6474579, "class": "Class1", "id": 258 }, "geometry": { "type": "Polygon", "coordinates": [ [ [ 49.612427211013866, 25.42113612763373 ], [ 49.612427204847336, 25.421136014266519 ], [ 49.612427204847336, 25.42107084546064 ], [ 49.612427211013866, 25.421070732093433 ], [ 49.612427336536406, 25.421070726524057 ], [ 49.612499492801668, 25.421070726524057 ], [ 49.612499618324208, 25.421070732093433 ], [ 49.612499624490738, 25.42107084546064 ], [ 49.612499624490738, 25.421136014266519 ], [ 49.612499618324208, 25.42113612763373 ], [ 49.612499492801668, 25.421136133203103 ], [ 49.612427336536406, 25.421136133203103 ], [ 49.612427211013866, 25.42113612763373 ] ] ] } },
{ "type": "Feature", "properties": { "confidence": 0.62683249, "class": "Class1", "id": 259 }, "geometry": { "type": "Polygon", "coordinates": [ [ [ 49.612598872390819, 25.422688930643627 ], [ 49.612598866224289, 25.42268881727642 ], [ 49.612598866224289, 25.422630915879321 ], [ 49.612598872390819, 25.422630802512113 ], [ 49.612598997913359, 25.422630796942741 ], [ 49.612665789760591, 25.422630796942741 ], [ 49.612665915283131, 25.422630802512113 ], [ 49.612665921449661, 25.422630915879321 ], [ 49.612665921449661, 25.42268881727642 ], [ 49.612665915283131, 25.422688930643627 ], [ 49.612665789760591, 25.422688936213003 ], [ 49.612598997913359, 25.422688936213003 ], [ 49.612598872390819, 25.422688930643627 ] ] ] } },
{ "type": "Feature", "properties": { "confidence": 0.62653208, "class": "Class1", "id": 260 }, "geometry": { "type": "Polygon", "coordinates": [ [ [ 49.611147797313762, 25.421921007782259 ], [ 49.611147791147232, 25.421920894415049 ], [ 49.611147791147232, 25.421865415487545 ], [ 49.611147797313762, 25.421865302120338 ], [ 49.611147922836302, 25.421865296550965 ], [ 49.611187892593385, 25.421865296550965 ], [ 49.611188018115925, 25.421865302120338 ], [ 49.611188024282455, 25.421865415487545 ], [ 49.611188024282455, 25.421920894415049 ], [ 49.611188018115925, 25.421921007782259 ], [ 49.611187892593385, 25.421921013351632 ], [ 49.611147922836302, 25.421921013351632 ], [ 49.611147797313762, 25.421921007782259 ] ] ] } },
{ "type": "Feature", "properties": { "confidence": 0.62549853, "class": "Class1", "id": 261 }, "geometry": { "type": "Polygon", "coordinates": [ [ [ 49.612116074768139, 25.422235928829508 ], [ 49.612116068601608, 25.422235815462301 ], [ 49.612116068601608, 25.422177914065202 ], [ 49.612116074865462, 25.422177798908692 ], [ 49.612116159279104, 25.422177762850232 ], [ 49.612116623556886, 25.422177538720035 ], [ 49.612117061274944, 25.422177274568725 ], [ 49.612117468217818, 25.422176972940225 ], [ 49.612117840466432, 25.422176636739376 ], [ 49.612118174435821, 25.422176269203984 ], [ 49.612118466909678, 25.422175873873613 ], [ 49.612118715071318, 25.422175454555507 ], [ 49.612118754995997, 25.4221753783163 ], [ 49.612118882499693, 25.422175372659026 ], [ 49.612185674346925, 25.422175372659026 ], [ 49.612185799869465, 25.422175378228399 ], [ 49.612185806035995, 25.422175491595606 ], [ 49.612185806035995, 25.422235815462301 ], [ 49.612185799869465, 25.422235928829508 ], [ 49.612185674346925, 25.422235934398881 ], [ 49.612116200290679, 25.422235934398881 ], [ 49.612116074768139, 25.422235928829508 ] ] ] } },
{ "type": "Feature", "properties": { "confidence": 0.54688489, "class": "Class1", "id": 262 }, "geometry": { "type": "Polygon", "coordinates": [ [ [ 49.611660099235607, 25.422616256555802 ], [ 49.611660093069077, 25.422616143188595 ], [ 49.611660093069077, 25.422560664261088 ], [ 49.611660099235607, 25.422560550893881 ], [ 49.611660224758147, 25.422560545324508 ], [ 49.611721652187349, 25.422560545324508 ], [ 49.611721777709889, 25.422560550893881 ], [ 49.611721783876419, 25.422560664261088 ], [ 49.611721783876419, 25.4225629677941 ], [ 49.611721809707561, 25.422563442681184 ], [ 49.611721886952211, 25.42256391299485 ], [ 49.611722014866459, 25.422564374205709 ], [ 49.61172219221843, 25.422564821872061 ], [ 49.611722417300115, 25.422565251682624 ], [ 49.611722687943868, 25.422565659498094 ], [ 49.611723001543233, 25.422566041390986 ], [ 49.611723355078084, 25.422566393683457 ], [ 49.611723745143678, 25.422566712982739 ], [ 49.611724167983475, 25.42256699621381 ], [ 49.611724619525297, 25.422567240648995 ], [ 49.611725095420546, 25.422567443934255 ], [ 49.611725591086092, 25.422567604111837 ], [ 49.61172610174841, 25.422567719639144 ], [ 49.611726622489535, 25.422567789403583 ], [ 49.611727148294449, 25.422567812733291 ], [ 49.611729698814393, 25.422567812733291 ], [ 49.611729824336933, 25.422567818302664 ], [ 49.611729830503464, 25.422567931669871 ], [ 49.611729830503464, 25.422601608371028 ], [ 49.611729824336933, 25.422601721738236 ], [ 49.611729698814393, 25.422601727307608 ], [ 49.611727148294449, 25.422601727307608 ], [ 49.611726622489535, 25.422601750637316 ], [ 49.61172610174841, 25.422601820401756 ], [ 49.611725591086092, 25.422601935929062 ], [ 49.611725095420546, 25.422602096106644 ], [ 49.611724619525297, 25.422602299391905 ], [ 49.611724167983475, 25.42260254382709 ], [ 49.611723745143678, 25.42260282705816 ], [ 49.611723355078084, 25.422603146357442 ], [ 49.611723001543233, 25.422603498649913 ], [ 49.611722687943868, 25.422603880542805 ], [ 49.611722417300115, 25.422604288358276 ], [ 49.61172219221843, 25.422604718168838 ], [ 49.611722014866459, 25.42260516583519 ], [ 49.611721886952211, 25.42260562704605 ], [ 49.611721809707561, 25.422606097359715 ], [ 49.611721783876419, 25.422606572246799 ], [ 49.611721783876419, 25.422616143188595 ], [ 49.611721777709889, 25.422616256555802 ], [ 49.611721652187349, 25.422616262125175 ], [ 49.611660224758147, 25.422616262125175 ], [ 49.611660099235607, 25.422616256555802 ] ] ] } },
{ "type": "Feature", "properties": { "confidence": 0.60971165, "class": "Class1", "id": 263 }, "geometry": { "type": "Polygon", "coordinates": [ [ [ 49.612188494411541, 25.423025653917225 ], [ 49.61218848824501, 25.423025540550018 ], [ 49.61218848824501, 25.422970061622514 ], [ 49.612188494411541, 25.422969948255304 ], [ 49.612188619934081, 25.422969942685931 ], [ 49.612263458408357, 25.422969942685931 ], [ 49.612263583930897, 25.422969948255304 ], [ 49.612263590097427, 25.422970061622514 ], [ 49.612263590097427, 25.423025540550018 ], [ 49.612263583930897, 25.423025653917225 ], [ 49.612263458408357, 25.423025659486598 ], [ 49.612255543470383, 25.423025659486598 ], [ 49.612255017665468, 25.423025682816306 ], [ 49.612254496924344, 25.423025752580745 ], [ 49.612253986262026, 25.423025868108052 ], [ 49.61225349059648, 25.423026028285634 ], [ 49.612253014701231, 25.423026231570894 ], [ 49.612252563159409, 25.423026476006079 ], [ 49.612252140319612, 25.42302675923715 ], [ 49.612251750254018, 25.423027078536432 ], [ 49.612251396719167, 25.423027430828903 ], [ 49.612251083119801, 25.423027812721795 ], [ 49.612250812476049, 25.423028220537265 ], [ 49.612250587394364, 25.423028650347828 ], [ 49.612250410042392, 25.42302909801418 ], [ 49.612250282128144, 25.423029559225039 ], [ 49.612250204883495, 25.423030029538705 ], [ 49.612250179052353, 25.423030504425789 ], [ 49.612250179052353, 25.423035230428393 ], [ 49.612250172885823, 25.4230353437956 ], [ 49.612250047363283, 25.423035349364977 ], [ 49.612220806442259, 25.423035349364977 ], [ 49.612220680919719, 25.4230353437956 ], [ 49.612220674753189, 25.423035230428393 ], [ 49.612220674753189, 25.423030504425789 ], [ 49.612220648922047, 25.423030029538705 ], [ 49.612220571677398, 25.423029559225039 ], [ 49.61222044376315, 25.42302909801418 ], [ 49.612220266411178, 25.423028650347828 ], [ 49.612220041329493, 25.423028220537265 ], [ 49.612219770685741, 25.423027812721795 ], [ 49.612219457086375, 25.423027430828903 ], [ 49.612219103551524, 25.423027078536432 ], [ 49.61221871348593, 25.42302675923715 ], [ 49.612218290646133, 25.423026476006079 ], [ 49.612217839104311, 25.423026231570894 ], [ 49.612217363209062, 25.423026028285634 ], [ 49.612216867543516, 25.423025868108052 ], [ 49.612216356881198, 25.423025752580745 ], [ 49.612215836140074, 25.423025682816306 ], [ 49.612215310335159, 25.423025659486598 ], [ 49.612188619934081, 25.423025659486598 ], [ 49.612188494411541, 25.423025653917225 ] ] ] } },
{ "type": "Feature", "properties": { "confidence": 0.62422991, "class": "Class1", "id": 264 }, "geometry": { "type": "Polygon", "coordinates": [ [ [ 49.612239456382824, 25.421390486941121 ], [ 49.612239450216293, 25.421390373573914 ], [ 49.612239450216293, 25.421330049707223 ], [ 49.612239456382824, 25.421329936340015 ], [ 49.612239581905364, 25.421329930770639 ], [ 49.61230369154358, 25.421329930770639 ], [ 49.61230381706612, 25.421329936340015 ], [ 49.612303823232651, 25.421330049707223 ], [ 49.612303823232651, 25.421390373573914 ], [ 49.61230381706612, 25.421390486941121 ], [ 49.61230369154358, 25.421390492510497 ], [ 49.612239581905364, 25.421390492510497 ], [ 49.612239456382824, 25.421390486941121 ] ] ] } },
{ "type": "Feature", "properties": { "confidence": 0.62323356, "class": "Class1", "id": 265 }, "geometry": { "type": "Polygon", "coordinates": [ [ [ 49.612899279800487, 25.422456373562582 ], [ 49.612899273633957, 25.422456260195375 ], [ 49.612899273633957, 25.422400781267871 ], [ 49.612899279800487, 25.422400667900661 ], [ 49.612899405323027, 25.422400662331288 ], [ 49.612960832752229, 25.422400662331288 ], [ 49.612960958274769, 25.422400667900661 ], [ 49.612960964441299, 25.422400781267871 ], [ 49.612960964441299, 25.422456260195375 ], [ 49.612960958274769, 25.422456373562582 ], [ 49.612960832752229, 25.422456379131955 ], [ 49.612899405323027, 25.422456379131955 ], [ 49.612899279800487, 25.422456373562582 ] ] ] } },
{ "type": "Feature", "properties": { "confidence": 0.62300873, "class": "Class1", "id": 266 }, "geometry": { "type": "Polygon", "coordinates": [ [ [ 49.612180447784496, 25.421724787745127 ], [ 49.612180441617966, 25.421724674377916 ], [ 49.612180441617966, 25.42166192804163 ], [ 49.612180447784496, 25.421661814674422 ], [ 49.612180573307036, 25.42166180910505 ], [ 49.612220543064119, 25.42166180910505 ], [ 49.612220668586659, 25.421661814674422 ], [ 49.612220674753189, 25.42166192804163 ], [ 49.612220674753189, 25.421724674377916 ], [ 49.612220668586659, 25.421724787745127 ], [ 49.612220543064119, 25.4217247933145 ], [ 49.612180573307036, 25.4217247933145 ], [ 49.612180447784496, 25.421724787745127 ] ] ] } },
{ "type": "Feature", "properties": { "confidence": 0.62244254, "class": "Class1", "id": 267 }, "geometry": { "type": "Polygon", "coordinates": [ [ [ 49.613226509300304, 25.422143874984926 ], [ 49.613226503133774, 25.422143761617718 ], [ 49.613226503133774, 25.422083437751027 ], [ 49.613226509300304, 25.42208332438382 ], [ 49.613226634822844, 25.422083318814444 ], [ 49.613250511325838, 25.422083318814444 ], [ 49.613250636848377, 25.42208332438382 ], [ 49.613250643014908, 25.422083437751027 ], [ 49.613250643014908, 25.422143761617718 ], [ 49.613250636848377, 25.422143874984926 ], [ 49.613250511325838, 25.422143880554302 ], [ 49.613226634822844, 25.422143880554302 ], [ 49.613226509300304, 25.422143874984926 ] ] ] } },
{ "type": "Feature", "properties": { "confidence": 0.62240285, "class": "Class1", "id": 268 }, "geometry": { "type": "Polygon", "coordinates": [ [ [ 49.612242138591839, 25.423137087518558 ], [ 49.612242132425308, 25.423136974151351 ], [ 49.612242132425308, 25.423079072754252 ], [ 49.612242138591839, 25.423078959387045 ], [ 49.612242264114379, 25.423078953817672 ], [ 49.61230905596161, 25.423078953817672 ], [ 49.61230918148415, 25.423078959387045 ], [ 49.612309187650681, 25.423079072754252 ], [ 49.612309187650681, 25.423136974151351 ], [ 49.61230918148415, 25.423137087518558 ], [ 49.61230905596161, 25.423137093087934 ], [ 49.612242264114379, 25.423137093087934 ], [ 49.612242138591839, 25.423137087518558 ] ] ] } },
{ "type": "Feature", "properties": { "confidence": 0.62200081, "class": "Class1", "id": 269 }, "geometry": { "type": "Polygon", "coordinates": [ [ [ 49.610750830379558, 25.421489808194487 ], [ 49.610750824213028, 25.421489694827279 ], [ 49.610750824213028, 25.421434215899772 ], [ 49.610750830379558, 25.421434102532565 ], [ 49.610750955902098, 25.421434096963193 ], [ 49.610815065540315, 25.421434096963193 ], [ 49.610815191062855, 25.421434102532565 ], [ 49.610815197229385, 25.421434215899772 ], [ 49.610815197229385, 25.421489694827279 ], [ 49.610815191062855, 25.421489808194487 ], [ 49.610815065540315, 25.421489813763859 ], [ 49.610750955902098, 25.421489813763859 ], [ 49.610750830379558, 25.421489808194487 ] ] ] } },
{ "type": "Feature", "properties": { "confidence": 0.6206246, "class": "Class1", "id": 270 }, "geometry": { "type": "Polygon", "coordinates": [ [ [ 49.613170182910991, 25.422870615863193 ], [ 49.613170176744461, 25.422870502495986 ], [ 49.613170176744461, 25.422815023568482 ], [ 49.613170182910991, 25.422814910201275 ], [ 49.613170308433531, 25.422814904631903 ], [ 49.613231735862733, 25.422814904631903 ], [ 49.613231861385273, 25.422814910201275 ], [ 49.613231867551804, 25.422815023568482 ], [ 49.613231867551804, 25.422870502495986 ], [ 49.613231861385273, 25.422870615863193 ], [ 49.613231735862733, 25.422870621432569 ], [ 49.613170308433531, 25.422870621432569 ], [ 49.613170182910991, 25.422870615863193 ] ] ] } },
{ "type": "Feature", "properties": { "confidence": 0.62040412, "class": "Class1", "id": 271 }, "geometry": { "type": "Polygon", "coordinates": [ [ [ 49.610565757957531, 25.421574594630282 ], [ 49.610565751791, 25.421574481263075 ], [ 49.610565751791, 25.421519002335572 ], [ 49.610565757957531, 25.421518888968365 ], [ 49.610565883480071, 25.421518883398988 ], [ 49.610624628700258, 25.421518883398988 ], [ 49.610624754222798, 25.421518888968365 ], [ 49.610624760389328, 25.421519002335572 ], [ 49.610624760389328, 25.421574481263075 ], [ 49.610624754222798, 25.421574594630282 ], [ 49.610624628700258, 25.421574600199659 ], [ 49.610565883480071, 25.421574600199659 ], [ 49.610565757957531, 25.421574594630282 ] ] ] } },
{ "type": "Feature", "properties": { "confidence": 0.61899436, "class": "Class1", "id": 272 }, "geometry": { "type": "Polygon", "coordinates": [ [ [ 49.610753512588573, 25.421124015285756 ], [ 49.610753506422043, 25.421123901918548 ], [ 49.610753506422043, 25.421068422991045 ], [ 49.610753512588573, 25.421068309623838 ], [ 49.610753638111113, 25.421068304054465 ], [ 49.61081774774933, 25.421068304054465 ], [ 49.61081787327187, 25.421068309623838 ], [ 49.6108178794384, 25.421068422991045 ], [ 49.6108178794384, 25.421123901918548 ], [ 49.61081787327187, 25.421124015285756 ], [ 49.61081774774933, 25.421124020855132 ], [ 49.610753638111113, 25.421124020855132 ], [ 49.610753512588573, 25.421124015285756 ] ] ] } },
{ "type": "Feature", "properties": { "confidence": 0.59507102, "class": "Class1", "id": 273 }, "geometry": { "type": "Polygon", "coordinates": [ [ [ 49.611150479522777, 25.422151142393709 ], [ 49.611150473356247, 25.422151029026502 ], [ 49.611150473356247, 25.422095550098998 ], [ 49.611150479522777, 25.422095436731791 ], [ 49.611150605045317, 25.422095431162415 ], [ 49.611214714683534, 25.422095431162415 ], [ 49.611214840206074, 25.422095436731791 ], [ 49.611214846372604, 25.422095550098998 ], [ 49.611214846372604, 25.422151029026502 ], [ 49.611214840206074, 25.422151142393709 ], [ 49.611214714683534, 25.422151147963085 ], [ 49.611150605045317, 25.422151147963085 ], [ 49.611150479522777, 25.422151142393709 ] ] ] } },
{ "type": "Feature", "properties": { "confidence": 0.61702144, "class": "Class1", "id": 274 }, "geometry": { "type": "Polygon", "coordinates": [ [ [ 49.610504067150188, 25.421099790589814 ], [ 49.610504060983658, 25.421099677222607 ], [ 49.610504060983658, 25.421044198295103 ], [ 49.610504067150188, 25.421044084927896 ], [ 49.610504192672728, 25.42104407935852 ], [ 49.610528069175722, 25.42104407935852 ], [ 49.610528194698261, 25.421044084927896 ], [ 49.610528200864792, 25.421044198295103 ], [ 49.610528200864792, 25.421099677222607 ], [ 49.610528194698261, 25.421099790589814 ], [ 49.610528069175722, 25.42109979615919 ], [ 49.610504192672728, 25.42109979615919 ], [ 49.610504067150188, 25.421099790589814 ] ] ] } },
{ "type": "Feature", "properties": { "confidence": 0.6154511, "class": "Class1", "id": 275 }, "geometry": { "type": "Polygon", "coordinates": [ [ [ 49.610906398502422, 25.421271785931005 ], [ 49.610906392335892, 25.421271672563797 ], [ 49.610906392335892, 25.421213771166698 ], [ 49.610906398502422, 25.421213657799491 ], [ 49.610906524024962, 25.421213652230119 ], [ 49.610973315872194, 25.421213652230119 ], [ 49.610973441394734, 25.421213657799491 ], [ 49.610973447561264, 25.421213771166698 ], [ 49.610973447561264, 25.421271672563797 ], [ 49.610973441394734, 25.421271785931005 ], [ 49.610973315872194, 25.421271791500377 ], [ 49.610906524024962, 25.421271791500377 ], [ 49.610906398502422, 25.421271785931005 ] ] ] } },
{ "type": "Feature", "properties": { "confidence": 0.61490661, "class": "Class1", "id": 276 }, "geometry": { "type": "Polygon", "coordinates": [ [ [ 49.613095081058574, 25.422744647444294 ], [ 49.613095074892044, 25.422744534077086 ], [ 49.613095074892044, 25.422686632679987 ], [ 49.613095081058574, 25.42268651931278 ], [ 49.613095206581114, 25.422686513743407 ], [ 49.613161998428346, 25.422686513743407 ], [ 49.613162123950886, 25.42268651931278 ], [ 49.613162130117416, 25.422686632679987 ], [ 49.613162130117416, 25.422744534077086 ], [ 49.613162123950886, 25.422744647444294 ], [ 49.613161998428346, 25.42274465301367 ], [ 49.613095206581114, 25.42274465301367 ], [ 49.613095081058574, 25.422744647444294 ] ] ] } },
{ "type": "Feature", "properties": { "confidence": 0.6143471, "class": "Class1", "id": 277 }, "geometry": { "type": "Polygon", "coordinates": [ [ [ 49.610509431568218, 25.421448626211383 ], [ 49.610509425401688, 25.421448512844176 ], [ 49.610509425401688, 25.421393033916672 ], [ 49.610509431568218, 25.421392920549465 ], [ 49.610509557090758, 25.421392914980089 ], [ 49.61057098451996, 25.421392914980089 ], [ 49.6105711100425, 25.421392920549465 ], [ 49.61057111620903, 25.421393033916672 ], [ 49.61057111620903, 25.421448512844176 ], [ 49.6105711100425, 25.421448626211383 ], [ 49.61057098451996, 25.421448631780759 ], [ 49.610509557090758, 25.421448631780759 ], [ 49.610509431568218, 25.421448626211383 ] ] ] } },
{ "type": "Feature", "properties": { "confidence": 0.6078521, "class": "Class1", "id": 278 }, "geometry": { "type": "Polygon", "coordinates": [ [ [ 49.611660099235607, 25.42163515637014 ], [ 49.611660093069077, 25.421635043002933 ], [ 49.611660093069077, 25.421608633710559 ], [ 49.611660099235607, 25.421608520343352 ], [ 49.611660224758147, 25.421608514773975 ], [ 49.611724334396364, 25.421608514773975 ], [ 49.611724459918904, 25.421608520343352 ], [ 49.611724466085434, 25.421608633710559 ], [ 49.611724466085434, 25.421635043002933 ], [ 49.611724459918904, 25.42163515637014 ], [ 49.611724334396364, 25.421635161939513 ], [ 49.611660224758147, 25.421635161939513 ], [ 49.611660099235607, 25.42163515637014 ] ] ] } },
{ "type": "Feature", "properties": { "confidence": 0.60621947, "class": "Class1", "id": 279 }, "geometry": { "type": "Polygon", "coordinates": [ [ [ 49.611493802276684, 25.42169814057959 ], [ 49.611493796110153, 25.421698027212383 ], [ 49.611493796110153, 25.421630435936905 ], [ 49.611493802276684, 25.421630322569698 ], [ 49.611493927799224, 25.421630317000325 ], [ 49.611533897556306, 25.421630317000325 ], [ 49.611534023078846, 25.421630322569698 ], [ 49.611534029245377, 25.421630435936905 ], [ 49.611534029245377, 25.421637584409108 ], [ 49.611534055076518, 25.421638059296193 ], [ 49.611534132321168, 25.421638529609854 ], [ 49.611534260235416, 25.421638990820714 ], [ 49.611534437587387, 25.421639438487066 ], [ 49.611534662669072, 25.421639868297632 ], [ 49.611534933312825, 25.421640276113102 ], [ 49.61153524691219, 25.421640658005991 ], [ 49.611535600447041, 25.421641010298462 ], [ 49.611535990512635, 25.421641329597747 ], [ 49.611536413352432, 25.421641612828815 ], [ 49.611536864894255, 25.421641857264003 ], [ 49.611537340789504, 25.42164206054926 ], [ 49.611537836455049, 25.421642220726842 ], [ 49.611538347117367, 25.421642336254148 ], [ 49.611538867858492, 25.421642406018588 ], [ 49.611539393663406, 25.421642429348296 ], [ 49.611552673019411, 25.421642429348296 ], [ 49.61155279854195, 25.421642434917668 ], [ 49.611552804708481, 25.421642548284876 ], [ 49.611552804708481, 25.421698027212383 ], [ 49.61155279854195, 25.42169814057959 ], [ 49.611552673019411, 25.421698146148962 ], [ 49.611493927799224, 25.421698146148962 ], [ 49.611493802276684, 25.42169814057959 ] ] ] } },
{ "type": "Feature", "properties": { "confidence": 0.6055941, "class": "Class1", "id": 280 }, "geometry": { "type": "Polygon", "coordinates": [ [ [ 49.610675728527141, 25.421998526809272 ], [ 49.610675722360611, 25.421998413442065 ], [ 49.610675722360611, 25.421942934514561 ], [ 49.610675728527141, 25.421942821147354 ], [ 49.610675854049681, 25.421942815577978 ], [ 49.610734599269868, 25.421942815577978 ], [ 49.610734724792408, 25.421942821147354 ], [ 49.610734730958939, 25.421942934514561 ], [ 49.610734730958939, 25.421998413442065 ], [ 49.610734724792408, 25.421998526809272 ], [ 49.610734599269868, 25.421998532378648 ], [ 49.610675854049681, 25.421998532378648 ], [ 49.610675728527141, 25.421998526809272 ] ] ] } },
{ "type": "Feature", "properties": { "confidence": 0.60558915, "class": "Class1", "id": 281 }, "geometry": { "type": "Polygon", "coordinates": [ [ [ 49.612773215976787, 25.422003371748463 ], [ 49.612773209810257, 25.422003258381253 ], [ 49.612773209810257, 25.421921132288212 ], [ 49.612773215976787, 25.421921018921005 ], [ 49.612773341499327, 25.421921013351632 ], [ 49.612861591018678, 25.421921013351632 ], [ 49.612861716541218, 25.421921018921005 ], [ 49.612861722707748, 25.421921132288212 ], [ 49.612861722707748, 25.422003258381253 ], [ 49.612861716541218, 25.422003371748463 ], [ 49.612861591018678, 25.422003377317836 ], [ 49.612773341499327, 25.422003377317836 ], [ 49.612773215976787, 25.422003371748463 ] ] ] } },
{ "type": "Feature", "properties": { "confidence": 0.60461617, "class": "Class1", "id": 282 }, "geometry": { "type": "Polygon", "coordinates": [ [ [ 49.611134386268688, 25.421584284508661 ], [ 49.611134380102158, 25.421584171141454 ], [ 49.611134380102158, 25.421528692213947 ], [ 49.611134386268688, 25.42152857884674 ], [ 49.611134511791228, 25.421528573277367 ], [ 49.6111905748024, 25.421528573277367 ], [ 49.61119070032494, 25.42152857884674 ], [ 49.61119070649147, 25.421528692213947 ], [ 49.61119070649147, 25.421584171141454 ], [ 49.61119070032494, 25.421584284508661 ], [ 49.6111905748024, 25.421584290078034 ], [ 49.611134511791228, 25.421584290078034 ], [ 49.611134386268688, 25.421584284508661 ] ] ] } },
{ "type": "Feature", "properties": { "confidence": 0.60448182, "class": "Class1", "id": 283 }, "geometry": { "type": "Polygon", "coordinates": [ [ [ 49.611021733490063, 25.422851247245188 ], [ 49.611021859012602, 25.422851241675815 ], [ 49.611080604232789, 25.422851241675815 ], [ 49.611080729755329, 25.422851247245188 ], [ 49.61108073592186, 25.422851360612395 ], [ 49.61108073592186, 25.42286093155419 ], [ 49.611080763502272, 25.422861422217384 ], [ 49.611080845959918, 25.422861907835223 ], [ 49.611080982446893, 25.422862383414234 ], [ 49.611081171559753, 25.42286284406417 ], [ 49.611081411353901, 25.422863285048294 ], [ 49.611081699363595, 25.422863701832089 ], [ 49.611082032627309, 25.422864090129877 ], [ 49.611082407718193, 25.422864445948907 ], [ 49.611082820779281, 25.422864765630386 ], [ 49.611083267563188, 25.422865045887121 ], [ 49.61108374347576, 25.422865283837304 ], [ 49.61108424362331, 25.422865477034161 ], [ 49.611084762862966, 25.422865623491106 ], [ 49.611085295855524, 25.422865721702156 ], [ 49.61108583712037, 25.422865770657438 ], [ 49.611086094173359, 25.422865782062754 ], [ 49.61108610033989, 25.422865895429961 ], [ 49.61108610033989, 25.422921374357465 ], [ 49.611086094173359, 25.422921487724672 ], [ 49.611085968650819, 25.422921493294048 ], [ 49.611024541221617, 25.422921493294048 ], [ 49.611024415699077, 25.422921487724672 ], [ 49.611024409532547, 25.422921374357465 ], [ 49.611024409532547, 25.422879656164355 ], [ 49.611024385994646, 25.42287920279831 ], [ 49.611024315587493, 25.422878753410806 ], [ 49.611024198928952, 25.422878311945482 ], [ 49.611024037042775, 25.422877882276435 ], [ 49.611023831349591, 25.42287746817426 ], [ 49.611023583654493, 25.422877073272939 ], [ 49.61102329613113, 25.422876701037953 ], [ 49.611022971302688, 25.422876354735877 ], [ 49.611022612019724, 25.422876037405704 ], [ 49.611022221435142, 25.422875751832187 ], [ 49.611021802976545, 25.4228755005214 ], [ 49.611021733607956, 25.422875462969781 ], [ 49.611021727323532, 25.422875347435177 ], [ 49.611021727323532, 25.422851360612395 ], [ 49.611021733490063, 25.422851247245188 ] ] ] } },
{ "type": "Feature", "properties": { "confidence": 0.60385305, "class": "Class1", "id": 284 }, "geometry": { "type": "Polygon", "coordinates": [ [ [ 49.611456251350475, 25.42163515637014 ], [ 49.611456245183945, 25.421635043002933 ], [ 49.611456245183945, 25.421577141605834 ], [ 49.611456251350475, 25.421577028238627 ], [ 49.611456376873015, 25.421577022669251 ], [ 49.611525850929262, 25.421577022669251 ], [ 49.611525976451802, 25.421577028238627 ], [ 49.611525982618332, 25.421577141605834 ], [ 49.611525982618332, 25.421635043002933 ], [ 49.611525976451802, 25.42163515637014 ], [ 49.611525850929262, 25.421635161939513 ], [ 49.611456376873015, 25.421635161939513 ], [ 49.611456251350475, 25.42163515637014 ] ] ] } },
{ "type": "Feature", "properties": { "confidence": 0.60196054, "class": "Class1", "id": 285 }, "geometry": { "type": "Polygon", "coordinates": [ [ [ 49.612282371727062, 25.422708310400381 ], [ 49.612282365560532, 25.422708197033174 ], [ 49.612282365560532, 25.422645450696887 ], [ 49.612282371727062, 25.42264533732968 ], [ 49.612282497249602, 25.422645331760304 ], [ 49.612351971305849, 25.422645331760304 ], [ 49.612352096828388, 25.42264533732968 ], [ 49.612352102994919, 25.422645450696887 ], [ 49.612352102994919, 25.422708197033174 ], [ 49.612352096828388, 25.422708310400381 ], [ 49.612351971305849, 25.422708315969754 ], [ 49.612282497249602, 25.422708315969754 ], [ 49.612282371727062, 25.422708310400381 ] ] ] } },
{ "type": "Feature", "properties": { "confidence": 0.60133821, "class": "Class1", "id": 286 }, "geometry": { "type": "Polygon", "coordinates": [ [ [ 49.612314558235241, 25.421695718109994 ], [ 49.61231455206871, 25.421695604742787 ], [ 49.61231455206871, 25.4216328584065 ], [ 49.612314558235241, 25.421632745039293 ], [ 49.612314683757781, 25.421632739469917 ], [ 49.612386840023042, 25.421632739469917 ], [ 49.612386965545582, 25.421632745039293 ], [ 49.612386971712112, 25.4216328584065 ], [ 49.612386971712112, 25.421695604742787 ], [ 49.612386965545582, 25.421695718109994 ], [ 49.612386840023042, 25.42169572367937 ], [ 49.612314683757781, 25.42169572367937 ], [ 49.612314558235241, 25.421695718109994 ] ] ] } },
{ "type": "Feature", "properties": { "confidence": 0.60101742, "class": "Class1", "id": 287 }, "geometry": { "type": "Polygon", "coordinates": [ [ [ 49.612834906881453, 25.422541169347824 ], [ 49.612834991295095, 25.422541133289368 ], [ 49.612835455572878, 25.422540909159171 ], [ 49.612835893290935, 25.42254064500786 ], [ 49.612836300233809, 25.422540343379357 ], [ 49.612836672482423, 25.422540007178512 ], [ 49.612837006451812, 25.422539639643119 ], [ 49.612837298925669, 25.422539244312745 ], [ 49.61283754708731, 25.422538824994643 ], [ 49.612837587011988, 25.422538748755436 ], [ 49.612837714515685, 25.422538743098158 ], [ 49.612901824153901, 25.422538743098158 ], [ 49.612901949676441, 25.422538748667534 ], [ 49.612901955842972, 25.422538862034742 ], [ 49.612901955842972, 25.422563622940693 ], [ 49.612901984319457, 25.42256412148998 ], [ 49.612902069446584, 25.422564614746268 ], [ 49.612902210320577, 25.422565097472752 ], [ 49.612902405445809, 25.422565564544417 ], [ 49.612902652750662, 25.422566011002459 ], [ 49.612902949609555, 25.422566432106919 ], [ 49.61290329287079, 25.422566823387012 ], [ 49.612903678890042, 25.422567180688596 ], [ 49.612904103569015, 25.422567500218268 ], [ 49.612904562398974, 25.422567778583648 ], [ 49.612904631767563, 25.422567816135263 ], [ 49.612904638051987, 25.422567931669871 ], [ 49.612904638051987, 25.422616143188595 ], [ 49.612904631885456, 25.422616256555802 ], [ 49.612904506362916, 25.422616262125175 ], [ 49.612851125560759, 25.422616262125175 ], [ 49.612851000038219, 25.422616256555802 ], [ 49.612850993871689, 25.422616143188595 ], [ 49.612850993871689, 25.422601727307608 ], [ 49.612850968040547, 25.422601252420524 ], [ 49.612850890795897, 25.422600782106862 ], [ 49.612850762881649, 25.422600320896002 ], [ 49.612850585529678, 25.42259987322965 ], [ 49.612850360447993, 25.422599443419085 ], [ 49.61285008980424, 25.422599035603614 ], [ 49.612849776204875, 25.422598653710725 ], [ 49.612849422670024, 25.422598301418255 ], [ 49.61284903260443, 25.422597982118972 ], [ 49.612848609764633, 25.422597698887902 ], [ 49.61284815822281, 25.422597454452713 ], [ 49.612847682327562, 25.422597251167456 ], [ 49.612847186662016, 25.422597090989875 ], [ 49.612846675999698, 25.422596975462568 ], [ 49.612846155258573, 25.422596905698128 ], [ 49.612845629453659, 25.422596882368421 ], [ 49.612837714515685, 25.422596882368421 ], [ 49.612837588993145, 25.422596876799048 ], [ 49.612837582826614, 25.422596763431841 ], [ 49.612837582826614, 25.422569580056294 ], [ 49.612837554350129, 25.422569081507007 ], [ 49.612837469223003, 25.422568588250716 ], [ 49.612837328349009, 25.422568105524235 ], [ 49.612837133223778, 25.422567638452566 ], [ 49.612836885918924, 25.422567191994528 ], [ 49.612836589060031, 25.422566770890068 ], [ 49.612836245798796, 25.422566379609975 ], [ 49.612835859779544, 25.422566022308391 ], [ 49.612835435100571, 25.422565702778716 ], [ 49.612834976270612, 25.422565424413339 ], [ 49.612834906902023, 25.42256538686172 ], [ 49.612834900617599, 25.422565271327116 ], [ 49.612834900617599, 25.422541284504334 ], [ 49.612834906881453, 25.422541169347824 ] ] ] } },
{ "type": "Feature", "properties": { "confidence": 0.5774942, "class": "Class1", "id": 288 }, "geometry": { "type": "Polygon", "coordinates": [ [ [ 49.61183176061256, 25.423258222137019 ], [ 49.6118318861351, 25.423258216567646 ], [ 49.611914771236421, 25.423258216567646 ], [ 49.611914896758961, 25.423258222137019 ], [ 49.611914902925491, 25.423258335504226 ], [ 49.611914902925491, 25.4233259267797 ], [ 49.611914896758961, 25.423326040146911 ], [ 49.611914771236421, 25.423326045716284 ], [ 49.611911495324463, 25.423326045716284 ], [ 49.611910943320261, 25.423326071435167 ], [ 49.61191039717658, 25.423326148318765 ], [ 49.611909862691718, 25.423326275550821 ], [ 49.611909345540198, 25.423326451780532 ], [ 49.611908851212519, 25.423326675136909 ], [ 49.611908384956848, 25.423326943248618 ], [ 49.611907951723346, 25.423327253269171 ], [ 49.611907556111554, 25.42332760190714 ], [ 49.611907202321618, 25.4233279854611 ], [ 49.611906894109644, 25.423328399858939 ], [ 49.61190685253171, 25.423328462510025 ], [ 49.611906724609376, 25.423328468185876 ], [ 49.611834568344115, 25.423328468185876 ], [ 49.611834442821575, 25.423328462616503 ], [ 49.611834436655045, 25.423328349249296 ], [ 49.611834436655045, 25.423322968100099 ], [ 49.611834413117144, 25.423322514734053 ], [ 49.61183434270999, 25.42332206534655 ], [ 49.61183422605145, 25.423321623881222 ], [ 49.611834064165272, 25.423321194212178 ], [ 49.611833858472089, 25.423320780110004 ], [ 49.611833610776991, 25.423320385208683 ], [ 49.611833323253627, 25.423320012973697 ], [ 49.611832998425186, 25.42331966667162 ], [ 49.611832639142222, 25.423319349341448 ], [ 49.61183224855764, 25.423319063767931 ], [ 49.611831830099042, 25.423318812457143 ], [ 49.611831760730453, 25.423318774905525 ], [ 49.61183175444603, 25.423318659370921 ], [ 49.61183175444603, 25.423258335504226 ], [ 49.61183176061256, 25.423258222137019 ] ] ] } },
{ "type": "Feature", "properties": { "confidence": 0.59866351, "class": "Class1", "id": 289 }, "geometry": { "type": "Polygon", "coordinates": [ [ [ 49.613148725238872, 25.422257742194603 ], [ 49.613148850761412, 25.42225773662523 ], [ 49.613207595981599, 25.42225773662523 ], [ 49.613207721504139, 25.422257742194603 ], [ 49.61320772767067, 25.42225785556181 ], [ 49.61320772767067, 25.422310912019721 ], [ 49.613207721504139, 25.422311025386929 ], [ 49.613207595981599, 25.422311030956301 ], [ 49.613148850761412, 25.422311030956301 ], [ 49.613148725238872, 25.422311025386929 ], [ 49.613148719072342, 25.422310912019721 ], [ 49.613148719072342, 25.42225785556181 ], [ 49.613148725238872, 25.422257742194603 ] ] ] } },
{ "type": "Feature", "properties": { "confidence": 0.59832233, "class": "Class1", "id": 290 }, "geometry": { "type": "Polygon", "coordinates": [ [ [ 49.61234138032539, 25.421492230664079 ], [ 49.612341374158859, 25.421492117296872 ], [ 49.612341374158859, 25.42143179343018 ], [ 49.61234138032539, 25.421431680062973 ], [ 49.61234150584793, 25.421431674493597 ], [ 49.612408297695161, 25.421431674493597 ], [ 49.612408423217701, 25.421431680062973 ], [ 49.612408429384232, 25.42143179343018 ], [ 49.612408429384232, 25.421492117296872 ], [ 49.612408423217701, 25.421492230664079 ], [ 49.612408297695161, 25.421492236233455 ], [ 49.61234150584793, 25.421492236233455 ], [ 49.61234138032539, 25.421492230664079 ] ] ] } },
{ "type": "Feature", "properties": { "confidence": 0.50461471, "class": "Class1", "id": 291 }, "geometry": { "type": "Polygon", "coordinates": [ [ [ 49.611987328735424, 25.423108017883429 ], [ 49.611987322568893, 25.423107904516222 ], [ 49.611987322568893, 25.423047580649527 ], [ 49.611987328735424, 25.42304746728232 ], [ 49.611987454257964, 25.423047461712947 ], [ 49.612051563896181, 25.423047461712947 ], [ 49.61205168941872, 25.42304746728232 ], [ 49.612051695585251, 25.423047580649527 ], [ 49.612051695585251, 25.423107904516222 ], [ 49.61205168941872, 25.423108017883429 ], [ 49.612051563896181, 25.423108023452802 ], [ 49.611987454257964, 25.423108023452802 ], [ 49.611987328735424, 25.423108017883429 ] ] ] } },
{ "type": "Feature", "properties": { "confidence": 0.59425372, "class": "Class1", "id": 292 }, "geometry": { "type": "Polygon", "coordinates": [ [ [ 49.613221144882274, 25.421308122974917 ], [ 49.613221138715744, 25.42130800960771 ], [ 49.613221138715744, 25.421250108210611 ], [ 49.613221144882274, 25.421249994843404 ], [ 49.613221270404814, 25.421249989274031 ], [ 49.613250511325838, 25.421249989274031 ], [ 49.613250636848377, 25.421249994843404 ], [ 49.613250643014908, 25.421250108210611 ], [ 49.613250643014908, 25.42130800960771 ], [ 49.613250636848377, 25.421308122974917 ], [ 49.613250511325838, 25.421308128544293 ], [ 49.613221270404814, 25.421308128544293 ], [ 49.613221144882274, 25.421308122974917 ] ] ] } },
{ "type": "Feature", "properties": { "confidence": 0.59391612, "class": "Class1", "id": 293 }, "geometry": { "type": "Polygon", "coordinates": [ [ [ 49.61159572621925, 25.421216069130338 ], [ 49.611595720052719, 25.421215955763131 ], [ 49.611595720052719, 25.421160476835627 ], [ 49.61159572621925, 25.421160363468417 ], [ 49.611595851741789, 25.421160357899044 ], [ 49.611657279170991, 25.421160357899044 ], [ 49.611657404693531, 25.421160363468417 ], [ 49.611657410860062, 25.421160476835627 ], [ 49.611657410860062, 25.421215955763131 ], [ 49.611657404693531, 25.421216069130338 ], [ 49.611657279170991, 25.421216074699711 ], [ 49.611595851741789, 25.421216074699711 ], [ 49.61159572621925, 25.421216069130338 ] ] ] } },
{ "type": "Feature", "properties": { "confidence": 0.59092283, "class": "Class1", "id": 294 }, "geometry": { "type": "Polygon", "coordinates": [ [ [ 49.610715961662365, 25.421913740373476 ], [ 49.610715955495834, 25.421913627006269 ], [ 49.610715955495834, 25.421858148078762 ], [ 49.610715961662365, 25.421858034711555 ], [ 49.610716087184905, 25.421858029142182 ], [ 49.610777514614107, 25.421858029142182 ], [ 49.610777640136646, 25.421858034711555 ], [ 49.610777646303177, 25.421858148078762 ], [ 49.610777646303177, 25.421913627006269 ], [ 49.610777640136646, 25.421913740373476 ], [ 49.610777514614107, 25.421913745942849 ], [ 49.610716087184905, 25.421913745942849 ], [ 49.610715961662365, 25.421913740373476 ] ] ] } },
{ "type": "Feature", "properties": { "confidence": 0.59024918, "class": "Class1", "id": 295 }, "geometry": { "type": "Polygon", "coordinates": [ [ [ 49.610726690498424, 25.421732055153907 ], [ 49.610726684331894, 25.4217319417867 ], [ 49.610726684331894, 25.4216740403896 ], [ 49.610726690498424, 25.421673927022393 ], [ 49.610726816020964, 25.421673921453021 ], [ 49.610788243450166, 25.421673921453021 ], [ 49.610788368972706, 25.421673927022393 ], [ 49.610788375139236, 25.4216740403896 ], [ 49.610788375139236, 25.4217319417867 ], [ 49.610788368972706, 25.421732055153907 ], [ 49.610788243450166, 25.421732060723283 ], [ 49.610726816020964, 25.421732060723283 ], [ 49.610726690498424, 25.421732055153907 ] ] ] } },
{ "type": "Feature", "properties": { "confidence": 0.55929452, "class": "Class1", "id": 296 }, "geometry": { "type": "Polygon", "coordinates": [ [ [ 49.613223827091289, 25.422320715265304 ], [ 49.613223820924759, 25.422320601898097 ], [ 49.613223820924759, 25.422265122970593 ], [ 49.613223827209183, 25.422265007435985 ], [ 49.613223896577772, 25.42226496988437 ], [ 49.613224355407731, 25.42226469151899 ], [ 49.613224780086703, 25.422264371989318 ], [ 49.613225166105956, 25.422264014687734 ], [ 49.61322550936719, 25.422263623407641 ], [ 49.613225806226083, 25.422263202303181 ], [ 49.613226053530937, 25.422262755845139 ], [ 49.613226248656169, 25.422262288773474 ], [ 49.613226389530162, 25.42226180604699 ], [ 49.613226474657289, 25.422261312790702 ], [ 49.613226503133774, 25.422260814241415 ], [ 49.613226503133774, 25.42225785556181 ], [ 49.613226509300304, 25.422257742194603 ], [ 49.613226634822844, 25.42225773662523 ], [ 49.613288062252046, 25.42225773662523 ], [ 49.613288187774586, 25.422257742194603 ], [ 49.613288193941116, 25.42225785556181 ], [ 49.613288193941116, 25.422303644610938 ], [ 49.613288187774586, 25.422303757978145 ], [ 49.613288062252046, 25.422303763547518 ], [ 49.613253325223923, 25.422303763547518 ], [ 49.613252799419008, 25.422303786877226 ], [ 49.613252278677884, 25.422303856641669 ], [ 49.613251768015566, 25.422303972168976 ], [ 49.61325127235002, 25.422304132346554 ], [ 49.613250796454771, 25.422304335631814 ], [ 49.613250344912949, 25.422304580066999 ], [ 49.613249922073152, 25.42230486329807 ], [ 49.613249532007558, 25.422305182597352 ], [ 49.613249178472707, 25.422305534889823 ], [ 49.613248864873341, 25.422305916782715 ], [ 49.613248594229589, 25.422306324598186 ], [ 49.613248369147904, 25.422306754408751 ], [ 49.613248191795932, 25.4223072020751 ], [ 49.613248063881684, 25.422307663285963 ], [ 49.613247986637035, 25.422308133599625 ], [ 49.613247960805893, 25.422308608486709 ], [ 49.613247960805893, 25.422320601898097 ], [ 49.613247954639363, 25.422320715265304 ], [ 49.613247829116823, 25.42232072083468 ], [ 49.613223952613829, 25.42232072083468 ], [ 49.613223827091289, 25.422320715265304 ] ] ] } },
{ "type": "Feature", "properties": { "confidence": 0.58803535, "class": "Class1", "id": 297 }, "geometry": { "type": "Polygon", "coordinates": [ [ [ 49.612534499374462, 25.422923910194267 ], [ 49.612534493207932, 25.42292379682706 ], [ 49.612534493207932, 25.422878007777932 ], [ 49.612534499374462, 25.422877894410725 ], [ 49.612534624897002, 25.422877888841352 ], [ 49.612542539834976, 25.422877888841352 ], [ 49.61254306563989, 25.422877865511644 ], [ 49.612543586381015, 25.422877795747205 ], [ 49.612544097043333, 25.422877680219898 ], [ 49.612544592708879, 25.422877520042316 ], [ 49.612545068604128, 25.422877316757056 ], [ 49.61254552014595, 25.422877072321871 ], [ 49.612545942985747, 25.4228767890908 ], [ 49.612546333051341, 25.422876469791518 ], [ 49.612546686586192, 25.422876117499047 ], [ 49.612547000185558, 25.422875735606155 ], [ 49.61254727082931, 25.422875327790685 ], [ 49.612547495910995, 25.422874897980122 ], [ 49.612547673262966, 25.42287445031377 ], [ 49.612547801177215, 25.422873989102911 ], [ 49.612547878421864, 25.422873518789245 ], [ 49.612547904253006, 25.422873043902161 ], [ 49.612547904253006, 25.422841670734019 ], [ 49.612547910419536, 25.422841557366812 ], [ 49.612548035942076, 25.422841551797436 ], [ 49.61256131529808, 25.422841551797436 ], [ 49.612561841102995, 25.422841528467732 ], [ 49.61256236184412, 25.422841458703289 ], [ 49.612562872506437, 25.422841343175982 ], [ 49.612563368171983, 25.4228411829984 ], [ 49.612563844067232, 25.422840979713143 ], [ 49.612564295609054, 25.422840735277958 ], [ 49.612564718448851, 25.422840452046888 ], [ 49.612565108514445, 25.422840132747602 ], [ 49.612565462049297, 25.422839780455131 ], [ 49.612565775648662, 25.422839398562243 ], [ 49.612566046292415, 25.422838990746772 ], [ 49.612566271374099, 25.422838560936206 ], [ 49.612566448726071, 25.422838113269858 ], [ 49.612566576640319, 25.422837652058995 ], [ 49.612566653884969, 25.422837181745333 ], [ 49.61256667971611, 25.422836706858249 ], [ 49.61256667971611, 25.422827135916453 ], [ 49.612566685882641, 25.422827022549246 ], [ 49.612566811405181, 25.422827016979873 ], [ 49.612625556625368, 25.422827016979873 ], [ 49.612625682147907, 25.422827022549246 ], [ 49.612625688314438, 25.422827135916453 ], [ 49.612625688314438, 25.422875347435177 ], [ 49.612625682147907, 25.422875460802384 ], [ 49.612625556625368, 25.422875466371757 ], [ 49.612620323896408, 25.422875466371757 ], [ 49.612619798091494, 25.422875489701465 ], [ 49.612619277350369, 25.422875559465904 ], [ 49.612618766688051, 25.422875674993211 ], [ 49.612618271022505, 25.422875835170792 ], [ 49.612617795127257, 25.422876038456049 ], [ 49.612617343585434, 25.422876282891238 ], [ 49.612616920745637, 25.422876566122305 ], [ 49.612616530680043, 25.422876885421591 ], [ 49.612616177145192, 25.422877237714061 ], [ 49.612615863545827, 25.42287761960695 ], [ 49.612615592902074, 25.422878027422421 ], [ 49.612615367820389, 25.422878457232986 ], [ 49.612615190468418, 25.422878904899338 ], [ 49.61261506255417, 25.422879366110198 ], [ 49.61261498530952, 25.42287983642386 ], [ 49.612614959478378, 25.422880311310944 ], [ 49.612614959478378, 25.422899572131119 ], [ 49.612614953311848, 25.422899685498326 ], [ 49.612614827789308, 25.422899691067698 ], [ 49.612604230642319, 25.422899691067698 ], [ 49.612603704837404, 25.422899714397406 ], [ 49.61260318409628, 25.422899784161846 ], [ 49.612602673433962, 25.422899899689153 ], [ 49.612602177768416, 25.422900059866734 ], [ 49.612601701873167, 25.422900263151991 ], [ 49.612601250331345, 25.42290050758718 ], [ 49.612600827491548, 25.42290079081825 ], [ 49.612600437425954, 25.422901110117532 ], [ 49.612600083891103, 25.422901462410003 ], [ 49.612599770291737, 25.422901844302892 ], [ 49.612599499647985, 25.422902252118366 ], [ 49.6125992745663, 25.422902681928928 ], [ 49.612599097214328, 25.42290312959528 ], [ 49.61259896930008, 25.42290359080614 ], [ 49.612598892055431, 25.422904061119802 ], [ 49.612598866224289, 25.422904536006886 ], [ 49.612598866224289, 25.422911684479089 ], [ 49.612598860057759, 25.422911797846297 ], [ 49.612598734535219, 25.422911803415669 ], [ 49.61256667971611, 25.422911803415669 ], [ 49.612566153911196, 25.422911826745377 ], [ 49.612565633170071, 25.422911896509817 ], [ 49.612565122507753, 25.422912012037123 ], [ 49.612564626842207, 25.422912172214705 ], [ 49.612564150946959, 25.422912375499966 ], [ 49.612563699405136, 25.422912619935151 ], [ 49.612563276565339, 25.422912903166221 ], [ 49.612562886499745, 25.422913222465503 ], [ 49.612562532964894, 25.422913574757974 ], [ 49.612562219365529, 25.422913956650866 ], [ 49.612561948721776, 25.422914364466337 ], [ 49.612561723640091, 25.422914794276899 ], [ 49.61256154628812, 25.422915241943251 ], [ 49.612561418373872, 25.422915703154111 ], [ 49.612561341129222, 25.422916173467776 ], [ 49.61256131529808, 25.42291664835486 ], [ 49.61256131529808, 25.42292379682706 ], [ 49.61256130913155, 25.422923910194267 ], [ 49.61256118360901, 25.42292391576364 ], [ 49.612534624897002, 25.42292391576364 ], [ 49.612534499374462, 25.422923910194267 ] ] ] } },
{ "type": "Feature", "properties": { "confidence": 0.5873915, "class": "Class1", "id": 298 }, "geometry": { "type": "Polygon", "coordinates": [ [ [ 49.613124585357738, 25.42160124179582 ], [ 49.613124579191208, 25.421601128428613 ], [ 49.613124579191208, 25.421540804561918 ], [ 49.613124585357738, 25.421540691194711 ], [ 49.613124710880278, 25.421540685625338 ], [ 49.61319150272751, 25.421540685625338 ], [ 49.61319162825005, 25.421540691194711 ], [ 49.61319163441658, 25.421540804561918 ], [ 49.61319163441658, 25.421601128428613 ], [ 49.61319162825005, 25.42160124179582 ], [ 49.61319150272751, 25.421601247365192 ], [ 49.613124710880278, 25.421601247365192 ], [ 49.613124585357738, 25.42160124179582 ] ] ] } },
{ "type": "Feature", "properties": { "confidence": 0.5868659, "class": "Class1", "id": 299 }, "geometry": { "type": "Polygon", "coordinates": [ [ [ 49.611496484485698, 25.421855601103214 ], [ 49.611496478319168, 25.421855487736007 ], [ 49.611496478319168, 25.421807276217283 ], [ 49.611496484485698, 25.421807162850076 ], [ 49.611496610008238, 25.421807157280703 ], [ 49.611531215347291, 25.421807157280703 ], [ 49.611531340869831, 25.421807162850076 ], [ 49.611531347036362, 25.421807276217283 ], [ 49.611531347036362, 25.421855487736007 ], [ 49.611531340869831, 25.421855601103214 ], [ 49.611531215347291, 25.421855606672587 ], [ 49.611496610008238, 25.421855606672587 ], [ 49.611496484485698, 25.421855601103214 ] ] ] } },
{ "type": "Feature", "properties": { "confidence": 0.58654356, "class": "Class1", "id": 300 }, "geometry": { "type": "Polygon", "coordinates": [ [ [ 49.612561321464611, 25.422785829427397 ], [ 49.61256131529808, 25.42278571606019 ], [ 49.61256131529808, 25.422730237132683 ], [ 49.612561321464611, 25.422730123765476 ], [ 49.612561446987151, 25.422730118196103 ], [ 49.612612145580293, 25.422730118196103 ], [ 49.612612271102833, 25.422730123765476 ], [ 49.612612277269363, 25.422730237132683 ], [ 49.612612277269363, 25.42278571606019 ], [ 49.612612271102833, 25.422785829427397 ], [ 49.612612145580293, 25.42278583499677 ], [ 49.612561446987151, 25.42278583499677 ], [ 49.612561321464611, 25.422785829427397 ] ] ] } },
{ "type": "Feature", "properties": { "confidence": 0.58459312, "class": "Class1", "id": 301 }, "geometry": { "type": "Polygon", "coordinates": [ [ [ 49.6129556061898, 25.42343989621784 ], [ 49.61295560002327, 25.423439782850629 ], [ 49.61295560002327, 25.423384303923125 ], [ 49.6129556061898, 25.423384190555918 ], [ 49.61295573171234, 25.423384184986546 ], [ 49.613017159141542, 25.423384184986546 ], [ 49.613017284664082, 25.423384190555918 ], [ 49.613017290830612, 25.423384303923125 ], [ 49.613017290830612, 25.423439782850629 ], [ 49.613017284664082, 25.42343989621784 ], [ 49.613017159141542, 25.423439901787212 ], [ 49.61295573171234, 25.423439901787212 ], [ 49.6129556061898, 25.42343989621784 ] ] ] } },
{ "type": "Feature", "properties": { "confidence": 0.53004479, "class": "Class1", "id": 302 }, "geometry": { "type": "Polygon", "coordinates": [ [ [ 49.612279689518047, 25.421591551917444 ], [ 49.612279683351517, 25.421591438550237 ], [ 49.612279683351517, 25.421531114683543 ], [ 49.612279689518047, 25.421531001316335 ], [ 49.612279815040587, 25.421530995746963 ], [ 49.612317959669738, 25.421530995746963 ], [ 49.612318511673941, 25.421530970028076 ], [ 49.612319057817622, 25.421530893144478 ], [ 49.612319592302484, 25.421530765912426 ], [ 49.612320109454004, 25.42153058968271 ], [ 49.612320603781683, 25.421530366326333 ], [ 49.612321070037353, 25.421530098214625 ], [ 49.612321503270856, 25.421529788194071 ], [ 49.612321898882648, 25.421529439556107 ], [ 49.612322252672584, 25.421529056002143 ], [ 49.612322560884557, 25.421528641604304 ], [ 49.612322602462491, 25.421528578953218 ], [ 49.612322730384825, 25.421528573277367 ], [ 49.612394886650087, 25.421528573277367 ], [ 49.612395012172627, 25.42152857884674 ], [ 49.612395018339157, 25.421528692213947 ], [ 49.612395018339157, 25.421591438550237 ], [ 49.612395012172627, 25.421591551917444 ], [ 49.612394886650087, 25.421591557486817 ], [ 49.612279815040587, 25.421591557486817 ], [ 49.612279689518047, 25.421591551917444 ] ] ] } },
{ "type": "Feature", "properties": { "confidence": 0.5810979, "class": "Class1", "id": 303 }, "geometry": { "type": "Polygon", "coordinates": [ [ [ 49.610683775154186, 25.421799884302548 ], [ 49.610683768987656, 25.42179977093534 ], [ 49.610683768987656, 25.421746714477429 ], [ 49.610683775154186, 25.421746601110222 ], [ 49.610683900676726, 25.421746595540846 ], [ 49.610742645896913, 25.421746595540846 ], [ 49.610742771419453, 25.421746601110222 ], [ 49.610742777585983, 25.421746714477429 ], [ 49.610742777585983, 25.42179977093534 ], [ 49.610742771419453, 25.421799884302548 ], [ 49.610742645896913, 25.42179988987192 ], [ 49.610683900676726, 25.42179988987192 ], [ 49.610683775154186, 25.421799884302548 ] ] ] } },
{ "type": "Feature", "properties": { "confidence": 0.57980651, "class": "Class1", "id": 304 }, "geometry": { "type": "Polygon", "coordinates": [ [ [ 49.61295024177177, 25.422211715272311 ], [ 49.61295036729431, 25.422211709702939 ], [ 49.613019841350557, 25.422211709702939 ], [ 49.613019966873097, 25.422211715272311 ], [ 49.613019973039627, 25.422211828639519 ], [ 49.613019973039627, 25.422255195219055 ], [ 49.613019966775774, 25.422255310375565 ], [ 49.613019882362131, 25.422255346434021 ], [ 49.613019418084349, 25.422255570564218 ], [ 49.613018980366292, 25.422255834715529 ], [ 49.613018573423417, 25.422256136344032 ], [ 49.613018201174803, 25.422256472544877 ], [ 49.613017867205414, 25.422256840080269 ], [ 49.613017574731558, 25.422257235410644 ], [ 49.613017326569917, 25.422257654728746 ], [ 49.613017286645238, 25.422257730967953 ], [ 49.613017159141542, 25.42225773662523 ], [ 49.612953049503325, 25.42225773662523 ], [ 49.612952921999629, 25.422257730967953 ], [ 49.61295288207495, 25.422257654728746 ], [ 49.612952633913309, 25.422257235410644 ], [ 49.612952341439453, 25.422256840080269 ], [ 49.612952007470064, 25.422256472544877 ], [ 49.612951635221449, 25.422256136344032 ], [ 49.612951228278575, 25.422255834715529 ], [ 49.612950790560518, 25.422255570564218 ], [ 49.612950326282736, 25.422255346434021 ], [ 49.612950241869093, 25.422255310375565 ], [ 49.61295023560524, 25.422255195219055 ], [ 49.61295023560524, 25.422211828639519 ], [ 49.61295024177177, 25.422211715272311 ] ] ] } },
{ "type": "Feature", "properties": { "confidence": 0.53916049, "class": "Class1", "id": 305 }, "geometry": { "type": "Polygon", "coordinates": [ [ [ 49.611134386268688, 25.422768872140239 ], [ 49.611134380102158, 25.422768758773028 ], [ 49.611134380102158, 25.422713279845524 ], [ 49.611134386268688, 25.422713166478317 ], [ 49.611134643321677, 25.422713155073001 ], [ 49.611135184586523, 25.422713106117719 ], [ 49.611135717579081, 25.422713007906669 ], [ 49.611136236818737, 25.422712861449725 ], [ 49.611136736966287, 25.422712668252867 ], [ 49.611137212878859, 25.422712430302685 ], [ 49.611137659662766, 25.42271215004595 ], [ 49.611138072723854, 25.42271183036447 ], [ 49.611138447814739, 25.422711474545441 ], [ 49.611138781078452, 25.422711086247652 ], [ 49.611139069088146, 25.422710669463857 ], [ 49.611139308882294, 25.422710228479733 ], [ 49.611139497995154, 25.422709767829801 ], [ 49.611139634482129, 25.422709292250786 ], [ 49.611139716939775, 25.422708806632947 ], [ 49.611139744520187, 25.422708315969754 ], [ 49.611139744520187, 25.422698745027958 ], [ 49.611139750686718, 25.422698631660751 ], [ 49.611139876209258, 25.422698626091378 ], [ 49.6111905748024, 25.422698626091378 ], [ 49.61119070032494, 25.422698631660751 ], [ 49.61119070649147, 25.422698745027958 ], [ 49.61119070649147, 25.422708315969754 ], [ 49.611190734071883, 25.422708806632947 ], [ 49.611190816529529, 25.422709292250786 ], [ 49.611190953016504, 25.422709767829801 ], [ 49.611191142129364, 25.422710228479733 ], [ 49.611191381923511, 25.422710669463857 ], [ 49.611191669933206, 25.422711086247652 ], [ 49.611192003196919, 25.422711474545441 ], [ 49.611192378287804, 25.42271183036447 ], [ 49.611192791348891, 25.42271215004595 ], [ 49.611193238132799, 25.422712430302685 ], [ 49.61119371404537, 25.422712668252867 ], [ 49.611194214192921, 25.422712861449725 ], [ 49.611194733432576, 25.422713007906669 ], [ 49.611195266425135, 25.422713106117719 ], [ 49.611195807689981, 25.422713155073001 ], [ 49.61119606474297, 25.422713166478317 ], [ 49.6111960709095, 25.422713279845524 ], [ 49.6111960709095, 25.422768758773028 ], [ 49.61119606474297, 25.422768872140239 ], [ 49.61119593922043, 25.422768877709611 ], [ 49.611134511791228, 25.422768877709611 ], [ 49.611134386268688, 25.422768872140239 ] ] ] } },
{ "type": "Feature", "properties": { "confidence": 0.57843655, "class": "Class1", "id": 306 }, "geometry": { "type": "Polygon", "coordinates": [ [ [ 49.61221531650169, 25.421530990177587 ], [ 49.612215310335159, 25.42153087681038 ], [ 49.612215310335159, 25.42147297541328 ], [ 49.61221531650169, 25.421472862046073 ], [ 49.61221544202423, 25.421472856476701 ], [ 49.612279551662446, 25.421472856476701 ], [ 49.612279677184986, 25.421472862046073 ], [ 49.612279683351517, 25.42147297541328 ], [ 49.612279683351517, 25.42153087681038 ], [ 49.612279677184986, 25.421530990177587 ], [ 49.612279551662446, 25.421530995746963 ], [ 49.61221544202423, 25.421530995746963 ], [ 49.61221531650169, 25.421530990177587 ] ] ] } },
{ "type": "Feature", "properties": { "confidence": 0.57801163, "class": "Class1", "id": 307 }, "geometry": { "type": "Polygon", "coordinates": [ [ [ 49.613229191509319, 25.421591551917444 ], [ 49.613229185342789, 25.421591438550237 ], [ 49.613229185342789, 25.421533537153138 ], [ 49.613229191509319, 25.421533423785931 ], [ 49.613229317031859, 25.421533418216555 ], [ 49.613247829116823, 25.421533418216555 ], [ 49.613247954639363, 25.421533423785931 ], [ 49.613247960805893, 25.421533537153138 ], [ 49.613247960805893, 25.421591438550237 ], [ 49.613247954639363, 25.421591551917444 ], [ 49.613247829116823, 25.421591557486817 ], [ 49.613229317031859, 25.421591557486817 ], [ 49.613229191509319, 25.421591551917444 ] ] ] } },
{ "type": "Feature", "properties": { "confidence": 0.5513767, "class": "Class1", "id": 308 }, "geometry": { "type": "Polygon", "coordinates": [ [ [ 49.612971699443889, 25.422182634498434 ], [ 49.612971693277359, 25.422182521131226 ], [ 49.612971693277359, 25.422122197264535 ], [ 49.612971699443889, 25.422122083897325 ], [ 49.612971824966429, 25.422122078327952 ], [ 49.613038616813661, 25.422122078327952 ], [ 49.613038742336201, 25.422122083897325 ], [ 49.613038748502731, 25.422122197264535 ], [ 49.613038748502731, 25.422182521131226 ], [ 49.613038742336201, 25.422182634498434 ], [ 49.613038616813661, 25.42218264006781 ], [ 49.612971824966429, 25.42218264006781 ], [ 49.612971699443889, 25.422182634498434 ] ] ] } },
{ "type": "Feature", "properties": { "confidence": 0.57618546, "class": "Class1", "id": 309 }, "geometry": { "type": "Polygon", "coordinates": [ [ [ 49.612547910419536, 25.422788251896993 ], [ 49.612547904253006, 25.422788138529782 ], [ 49.612547904253006, 25.422730237132683 ], [ 49.612547910419536, 25.422730123765476 ], [ 49.612548035942076, 25.422730118196103 ], [ 49.61256118360901, 25.422730118196103 ], [ 49.61256130913155, 25.422730123765476 ], [ 49.61256131529808, 25.422730237132683 ], [ 49.61256131529808, 25.422788138529782 ], [ 49.61256130913155, 25.422788251896993 ], [ 49.61256118360901, 25.422788257466365 ], [ 49.612548035942076, 25.422788257466365 ], [ 49.612547910419536, 25.422788251896993 ] ] ] } },
{ "type": "Feature", "properties": { "confidence": 0.62528259, "class": "Class1", "id": 310 }, "geometry": { "type": "Polygon", "coordinates": [ [ [ 49.610530889240337, 25.421155507390484 ], [ 49.610530883073807, 25.421155394023273 ], [ 49.610530883073807, 25.421095070156582 ], [ 49.610530889240337, 25.421094956789375 ], [ 49.610531014762877, 25.421094951219999 ], [ 49.610597806610109, 25.421094951219999 ], [ 49.610597932132649, 25.421094956789375 ], [ 49.610597938299179, 25.421095070156582 ], [ 49.610597938299179, 25.421155394023273 ], [ 49.610597932132649, 25.421155507390484 ], [ 49.610597806610109, 25.421155512959857 ], [ 49.610531014762877, 25.421155512959857 ], [ 49.610530889240337, 25.421155507390484 ] ] ] } },
{ "type": "Feature", "properties": { "confidence": 0.57517189, "class": "Class1", "id": 311 }, "geometry": { "type": "Polygon", "coordinates": [ [ [ 49.612791991439892, 25.422446683684203 ], [ 49.612791985273361, 25.422446570316996 ], [ 49.612791985273361, 25.422386246450305 ], [ 49.612791991439892, 25.422386133083098 ], [ 49.612792116962432, 25.422386127513722 ], [ 49.612858908809663, 25.422386127513722 ], [ 49.612859034332203, 25.422386133083098 ], [ 49.612859040498734, 25.422386246450305 ], [ 49.612859040498734, 25.422446570316996 ], [ 49.612859034332203, 25.422446683684203 ], [ 49.612858908809663, 25.422446689253579 ], [ 49.612792116962432, 25.422446689253579 ], [ 49.612791991439892, 25.422446683684203 ] ] ] } },
{ "type": "Feature", "properties": { "confidence": 0.57384902, "class": "Class1", "id": 312 }, "geometry": { "type": "Polygon", "coordinates": [ [ [ 49.612188494411541, 25.421477695846516 ], [ 49.61218848824501, 25.421477582479309 ], [ 49.61218848824501, 25.42141968108221 ], [ 49.612188494411541, 25.421419567714999 ], [ 49.612188619934081, 25.421419562145626 ], [ 49.612217860855104, 25.421419562145626 ], [ 49.612217986377644, 25.421419567714999 ], [ 49.612217992544174, 25.42141968108221 ], [ 49.612217992544174, 25.421477582479309 ], [ 49.612217986377644, 25.421477695846516 ], [ 49.612217860855104, 25.421477701415888 ], [ 49.612188619934081, 25.421477701415888 ], [ 49.612188494411541, 25.421477695846516 ] ] ] } },
{ "type": "Feature", "properties": { "confidence": 0.57343978, "class": "Class1", "id": 313 }, "geometry": { "type": "Polygon", "coordinates": [ [ [ 49.61221531650169, 25.421749012441069 ], [ 49.612215310335159, 25.421748899073862 ], [ 49.612215310335159, 25.421693420146354 ], [ 49.61221531650169, 25.421693306779147 ], [ 49.61221544202423, 25.421693301209775 ], [ 49.612279551662446, 25.421693301209775 ], [ 49.612279677184986, 25.421693306779147 ], [ 49.612279683351517, 25.421693420146354 ], [ 49.612279683351517, 25.421748899073862 ], [ 49.612279677184986, 25.421749012441069 ], [ 49.612279551662446, 25.421749018010441 ], [ 49.61221544202423, 25.421749018010441 ], [ 49.61221531650169, 25.421749012441069 ] ] ] } },
{ "type": "Feature", "properties": { "confidence": 0.57286352, "class": "Class1", "id": 314 }, "geometry": { "type": "Polygon", "coordinates": [ [ [ 49.610986864772869, 25.42150434301205 ], [ 49.610986858606339, 25.421504229644842 ], [ 49.610986858606339, 25.421443905778151 ], [ 49.610986864772869, 25.421443792410944 ], [ 49.610986990295409, 25.421443786841568 ], [ 49.611051099933626, 25.421443786841568 ], [ 49.611051225456166, 25.421443792410944 ], [ 49.611051231622696, 25.421443905778151 ], [ 49.611051231622696, 25.421504229644842 ], [ 49.611051225456166, 25.42150434301205 ], [ 49.611051099933626, 25.421504348581426 ], [ 49.610986990295409, 25.421504348581426 ], [ 49.610986864772869, 25.42150434301205 ] ] ] } },
{ "type": "Feature", "properties": { "confidence": 0.55639791, "class": "Class1", "id": 315 }, "geometry": { "type": "Polygon", "coordinates": [ [ [ 49.611778116432262, 25.421601252934568 ], [ 49.611778241954802, 25.421601247365192 ], [ 49.611845033802034, 25.421601247365192 ], [ 49.61184516130573, 25.42160125302247 ], [ 49.611845201230409, 25.421601329261676 ], [ 49.61184544939205, 25.421601748579782 ], [ 49.611845741865906, 25.421602143910153 ], [ 49.611846075835295, 25.421602511445546 ], [ 49.611846448083909, 25.421602847646394 ], [ 49.611846855026783, 25.421603149274894 ], [ 49.611847292744841, 25.421603413426205 ], [ 49.611847757022623, 25.421603637556402 ], [ 49.611847841436266, 25.421603673614861 ], [ 49.611847847700119, 25.421603788771368 ], [ 49.611847847700119, 25.421630972146914 ], [ 49.611847876176604, 25.421631470696205 ], [ 49.611847961303731, 25.421631963952493 ], [ 49.611848102177724, 25.421632446678974 ], [ 49.611848297302956, 25.421632913750642 ], [ 49.61184854460781, 25.421633360208684 ], [ 49.611848841466703, 25.42163378131314 ], [ 49.611849184727937, 25.421634172593233 ], [ 49.611849570747189, 25.421634529894817 ], [ 49.611849995426162, 25.421634849424493 ], [ 49.611850454256121, 25.42163512778987 ], [ 49.61185052362471, 25.421635165341488 ], [ 49.611850529909134, 25.421635280876096 ], [ 49.611850529909134, 25.421671380046845 ], [ 49.611850523742604, 25.421671493414053 ], [ 49.611850398220064, 25.421671498983425 ], [ 49.611783606372832, 25.421671498983425 ], [ 49.611783480850292, 25.421671493414053 ], [ 49.611783474683762, 25.421671380046845 ], [ 49.611783474683762, 25.42166842136724 ], [ 49.611783446207276, 25.421667922817953 ], [ 49.61178336108015, 25.421667429561666 ], [ 49.611783220206156, 25.421666946835181 ], [ 49.611783025080925, 25.421666479763516 ], [ 49.611782777776071, 25.421666033305474 ], [ 49.611782480917178, 25.421665612201014 ], [ 49.611782137655943, 25.421665220920922 ], [ 49.611781751636691, 25.421664863619338 ], [ 49.611781326957718, 25.421664544089666 ], [ 49.611780868127759, 25.421664265724285 ], [ 49.61178079875917, 25.42166422817267 ], [ 49.611780792474747, 25.421664112638062 ], [ 49.611780792474747, 25.421639351732111 ], [ 49.611780763998262, 25.421638853182824 ], [ 49.611780678871135, 25.421638359926533 ], [ 49.611780537997141, 25.421637877200052 ], [ 49.61178034287191, 25.421637410128383 ], [ 49.611780095567056, 25.421636963670345 ], [ 49.611779798708163, 25.421636542565885 ], [ 49.611779455446928, 25.421636151285792 ], [ 49.611779069427676, 25.421635793984208 ], [ 49.611778644748703, 25.421635474454533 ], [ 49.611778185918745, 25.421635196089156 ], [ 49.611778116550155, 25.421635158537537 ], [ 49.611778110265732, 25.421635043002933 ], [ 49.611778110265732, 25.421601366301775 ], [ 49.611778116432262, 25.421601252934568 ] ] ] } },
{ "type": "Feature", "properties": { "confidence": 0.50904816, "class": "Class1", "id": 316 }, "geometry": { "type": "Polygon", "coordinates": [ [ [ 49.612067795005871, 25.422126917697767 ], [ 49.61206778883934, 25.42212680433056 ], [ 49.61206778883934, 25.422068902933461 ], [ 49.612067795005871, 25.422068789566254 ], [ 49.612067920528411, 25.422068783996881 ], [ 49.612129347957612, 25.422068783996881 ], [ 49.612129473480152, 25.422068789566254 ], [ 49.612129479646683, 25.422068902933461 ], [ 49.612129479646683, 25.42212680433056 ], [ 49.612129473480152, 25.422126917697767 ], [ 49.612129347957612, 25.42212692326714 ], [ 49.612067920528411, 25.42212692326714 ], [ 49.612067795005871, 25.422126917697767 ] ] ] } },
{ "type": "Feature", "properties": { "confidence": 0.56952649, "class": "Class1", "id": 317 }, "geometry": { "type": "Polygon", "coordinates": [ [ [ 49.612958288398815, 25.422257742194603 ], [ 49.612958413921355, 25.42225773662523 ], [ 49.613025205768587, 25.42225773662523 ], [ 49.613025331291126, 25.422257742194603 ], [ 49.613025337457657, 25.42225785556181 ], [ 49.613025337457657, 25.422308489550126 ], [ 49.613025331291126, 25.422308602917333 ], [ 49.613025205768587, 25.422308608486709 ], [ 49.612958413921355, 25.422308608486709 ], [ 49.612958288398815, 25.422308602917333 ], [ 49.612958282232285, 25.422308489550126 ], [ 49.612958282232285, 25.42225785556181 ], [ 49.612958288398815, 25.422257742194603 ] ] ] } },
{ "type": "Feature", "properties": { "confidence": 0.56728822, "class": "Class1", "id": 318 }, "geometry": { "type": "Polygon", "coordinates": [ [ [ 49.611295318809582, 25.421693295640402 ], [ 49.611295312643051, 25.421693182273192 ], [ 49.611295312643051, 25.421637703345688 ], [ 49.611295318809582, 25.421637589978481 ], [ 49.611295444332121, 25.421637584409108 ], [ 49.611362236179353, 25.421637584409108 ], [ 49.611362361701893, 25.421637589978481 ], [ 49.611362367868423, 25.421637703345688 ], [ 49.611362367868423, 25.421693182273192 ], [ 49.611362361701893, 25.421693295640402 ], [ 49.611362236179353, 25.421693301209775 ], [ 49.611295444332121, 25.421693301209775 ], [ 49.611295318809582, 25.421693295640402 ] ] ] } },
{ "type": "Feature", "properties": { "confidence": 0.56685913, "class": "Class1", "id": 319 }, "geometry": { "type": "Polygon", "coordinates": [ [ [ 49.61271420737846, 25.421119170346568 ], [ 49.612714201211929, 25.421119056979361 ], [ 49.612714201211929, 25.42105873311267 ], [ 49.61271420737846, 25.421058619745462 ], [ 49.612714332901, 25.421058614176086 ], [ 49.612781124748231, 25.421058614176086 ], [ 49.612781250270771, 25.421058619745462 ], [ 49.612781256437302, 25.42105873311267 ], [ 49.612781256437302, 25.421119056979361 ], [ 49.612781250270771, 25.421119170346568 ], [ 49.612781124748231, 25.421119175915944 ], [ 49.612714332901, 25.421119175915944 ], [ 49.61271420737846, 25.421119170346568 ] ] ] } },
{ "type": "Feature", "properties": { "confidence": 0.56649715, "class": "Class1", "id": 320 }, "geometry": { "type": "Polygon", "coordinates": [ [ [ 49.612880504337383, 25.421155507390484 ], [ 49.612880498170853, 25.421155394023273 ], [ 49.612880498170853, 25.421097492626178 ], [ 49.612880504337383, 25.421097379258967 ], [ 49.612880629859923, 25.421097373689594 ], [ 49.612907188571931, 25.421097373689594 ], [ 49.612907314094471, 25.421097379258967 ], [ 49.612907320261002, 25.421097492626178 ], [ 49.612907320261002, 25.421155394023273 ], [ 49.612907314094471, 25.421155507390484 ], [ 49.612907188571931, 25.421155512959857 ], [ 49.612880629859923, 25.421155512959857 ], [ 49.612880504337383, 25.421155507390484 ] ] ] } },
{ "type": "Feature", "properties": { "confidence": 0.56542015, "class": "Class1", "id": 321 }, "geometry": { "type": "Polygon", "coordinates": [ [ [ 49.61321846267326, 25.422025173974809 ], [ 49.613218456506729, 25.422025060607602 ], [ 49.613218456506729, 25.421955046862532 ], [ 49.61321846267326, 25.421954933495325 ], [ 49.613218588195799, 25.421954927925952 ], [ 49.613250511325838, 25.421954927925952 ], [ 49.613250636848377, 25.421954933495325 ], [ 49.613250643014908, 25.421955046862532 ], [ 49.613250643014908, 25.422012948259631 ], [ 49.613250636730484, 25.422013063794239 ], [ 49.613250567361895, 25.422013101345854 ], [ 49.613250108531936, 25.422013379711235 ], [ 49.613249683852963, 25.422013699240907 ], [ 49.613249297833711, 25.422014056542491 ], [ 49.613248954572477, 25.422014447822583 ], [ 49.613248657713584, 25.422014868927043 ], [ 49.61324841040873, 25.422015315385085 ], [ 49.613248215283498, 25.42201578245675 ], [ 49.613248074409505, 25.422016265183235 ], [ 49.613247989282378, 25.422016758439522 ], [ 49.613247960805893, 25.422017256988809 ], [ 49.613247960805893, 25.422025060607602 ], [ 49.613247954639363, 25.422025173974809 ], [ 49.613247829116823, 25.422025179544182 ], [ 49.613218588195799, 25.422025179544182 ], [ 49.61321846267326, 25.422025173974809 ] ] ] } },
{ "type": "Feature", "properties": { "confidence": 0.56415719, "class": "Class1", "id": 322 }, "geometry": { "type": "Polygon", "coordinates": [ [ [ 49.611188030448986, 25.422211704133566 ], [ 49.611188024282455, 25.422211590766359 ], [ 49.611188024282455, 25.422151266899665 ], [ 49.611188030448986, 25.422151153532457 ], [ 49.611188155971526, 25.422151147963085 ], [ 49.611222761310579, 25.422151147963085 ], [ 49.611222886833119, 25.422151153532457 ], [ 49.611222892999649, 25.422151266899665 ], [ 49.611222892999649, 25.422211590766359 ], [ 49.611222886833119, 25.422211704133566 ], [ 49.611222761310579, 25.422211709702939 ], [ 49.611188155971526, 25.422211709702939 ], [ 49.611188030448986, 25.422211704133566 ] ] ] } },
{ "type": "Feature", "properties": { "confidence": 0.56204617, "class": "Class1", "id": 323 }, "geometry": { "type": "Polygon", "coordinates": [ [ [ 49.612842953411175, 25.421310545444513 ], [ 49.612842947244644, 25.421310432077306 ], [ 49.612842947244644, 25.421247685741019 ], [ 49.612842953411175, 25.421247572373812 ], [ 49.612843078933714, 25.421247566804436 ], [ 49.612909870780946, 25.421247566804436 ], [ 49.612909996303486, 25.421247572373812 ], [ 49.612910002470016, 25.421247685741019 ], [ 49.612910002470016, 25.421310432077306 ], [ 49.612909996303486, 25.421310545444513 ], [ 49.612909870780946, 25.421310551013885 ], [ 49.612843078933714, 25.421310551013885 ], [ 49.612842953411175, 25.421310545444513 ] ] ] } },
{ "type": "Feature", "properties": { "confidence": 0.56109279, "class": "Class1", "id": 324 }, "geometry": { "type": "Polygon", "coordinates": [ [ [ 49.613132631984783, 25.421998526809272 ], [ 49.613132625818253, 25.421998413442065 ], [ 49.613132625818253, 25.421940512044966 ], [ 49.613132631984783, 25.421940398677759 ], [ 49.613132757507323, 25.421940393108386 ], [ 49.61319686714554, 25.421940393108386 ], [ 49.61319699266808, 25.421940398677759 ], [ 49.61319699883461, 25.421940512044966 ], [ 49.61319699883461, 25.421998413442065 ], [ 49.61319699266808, 25.421998526809272 ], [ 49.61319686714554, 25.421998532378648 ], [ 49.613132757507323, 25.421998532378648 ], [ 49.613132631984783, 25.421998526809272 ] ] ] } },
{ "type": "Feature", "properties": { "confidence": 0.56065887, "class": "Class1", "id": 325 }, "geometry": { "type": "Polygon", "coordinates": [ [ [ 49.61071327945335, 25.421409866697875 ], [ 49.610713273286819, 25.421409753330668 ], [ 49.610713273286819, 25.421351851933569 ], [ 49.61071327945335, 25.421351738566361 ], [ 49.61071340497589, 25.421351732996989 ], [ 49.610777514614107, 25.421351732996989 ], [ 49.610777640136646, 25.421351738566361 ], [ 49.610777646303177, 25.421351851933569 ], [ 49.610777646303177, 25.421409753330668 ], [ 49.610777640136646, 25.421409866697875 ], [ 49.610777514614107, 25.421409872267251 ], [ 49.61071340497589, 25.421409872267251 ], [ 49.61071327945335, 25.421409866697875 ] ] ] } },
{ "type": "Feature", "properties": { "confidence": 0.56005073, "class": "Class1", "id": 326 }, "geometry": { "type": "Polygon", "coordinates": [ [ [ 49.610911762920452, 25.421872558390373 ], [ 49.610911756753922, 25.421872445023165 ], [ 49.610911756753922, 25.421814543626066 ], [ 49.610911762920452, 25.421814430258859 ], [ 49.610911888442992, 25.421814424689487 ], [ 49.610975998081209, 25.421814424689487 ], [ 49.610976123603749, 25.421814430258859 ], [ 49.610976129770279, 25.421814543626066 ], [ 49.610976129770279, 25.421872445023165 ], [ 49.610976123603749, 25.421872558390373 ], [ 49.610975998081209, 25.421872563959749 ], [ 49.610911888442992, 25.421872563959749 ], [ 49.610911762920452, 25.421872558390373 ] ] ] } },
{ "type": "Feature", "properties": { "confidence": 0.55895752, "class": "Class1", "id": 327 }, "geometry": { "type": "Polygon", "coordinates": [ [ [ 49.612180447784496, 25.422168099680871 ], [ 49.612180441617966, 25.42216798631366 ], [ 49.612180441617966, 25.422107662446969 ], [ 49.612180447784496, 25.422107549079762 ], [ 49.612180573307036, 25.422107543510386 ], [ 49.612217860855104, 25.422107543510386 ], [ 49.612217986377644, 25.422107549079762 ], [ 49.612217992544174, 25.422107662446969 ], [ 49.612217992544174, 25.42216798631366 ], [ 49.612217986377644, 25.422168099680871 ], [ 49.612217860855104, 25.422168105250243 ], [ 49.612180573307036, 25.422168105250243 ], [ 49.612180447784496, 25.422168099680871 ] ] ] } },
{ "type": "Feature", "properties": { "confidence": 0.55663955, "class": "Class1", "id": 328 }, "geometry": { "type": "Polygon", "coordinates": [ [ [ 49.611163890567852, 25.422424881457857 ], [ 49.611163884401321, 25.42242476809065 ], [ 49.611163884401321, 25.422364444223955 ], [ 49.611163890567852, 25.422364330856748 ], [ 49.611164016090392, 25.422364325287376 ], [ 49.611228125728609, 25.422364325287376 ], [ 49.611228251251148, 25.422364330856748 ], [ 49.611228257417679, 25.422364444223955 ], [ 49.611228257417679, 25.422422345621055 ], [ 49.611228251251148, 25.422422458988262 ], [ 49.611228125728609, 25.422422464557638 ], [ 49.611192663308472, 25.422422464557638 ], [ 49.61119211130427, 25.422422490276521 ], [ 49.611191565160588, 25.422422567160119 ], [ 49.611191030675727, 25.422422694392175 ], [ 49.611190513524207, 25.422422870621887 ], [ 49.611190019196528, 25.422423093978264 ], [ 49.611189552940857, 25.422423362089972 ], [ 49.611189119707355, 25.422423672110526 ], [ 49.611188724095562, 25.42242402074849 ], [ 49.611188370305626, 25.422424404302454 ], [ 49.611188062093653, 25.422424818700293 ], [ 49.611188020515719, 25.422424881351379 ], [ 49.611187892593385, 25.42242488702723 ], [ 49.611164016090392, 25.42242488702723 ], [ 49.611163890567852, 25.422424881457857 ] ] ] } },
{ "type": "Feature", "properties": { "confidence": 0.55447763, "class": "Class1", "id": 329 }, "geometry": { "type": "Polygon", "coordinates": [ [ [ 49.611922955719066, 25.423008696630067 ], [ 49.611922949552536, 25.42300858326286 ], [ 49.611922949552536, 25.422945836926569 ], [ 49.611922955719066, 25.422945723559362 ], [ 49.611923081241606, 25.42294571798999 ], [ 49.611987190879823, 25.42294571798999 ], [ 49.61198731838352, 25.422945723647267 ], [ 49.611987358308198, 25.42294579988647 ], [ 49.611987606469839, 25.422946219204576 ], [ 49.611987898943696, 25.422946614534951 ], [ 49.611988232913085, 25.422946982070343 ], [ 49.611988605161699, 25.422947318271188 ], [ 49.611989012104573, 25.422947619899691 ], [ 49.61198944982263, 25.422947884050998 ], [ 49.611989914100413, 25.422948108181195 ], [ 49.611989998514055, 25.422948144239655 ], [ 49.611990004777908, 25.422948259396165 ], [ 49.611990004777908, 25.42300858326286 ], [ 49.611989998611378, 25.423008696630067 ], [ 49.611989873088838, 25.423008702199439 ], [ 49.611923081241606, 25.423008702199439 ], [ 49.611922955719066, 25.423008696630067 ] ] ] } },
{ "type": "Feature", "properties": { "confidence": 0.55369806, "class": "Class1", "id": 330 }, "geometry": { "type": "Polygon", "coordinates": [ [ [ 49.610906398502422, 25.421397754349904 ], [ 49.610906392335892, 25.421397640982697 ], [ 49.610906392335892, 25.421339739585598 ], [ 49.610906398502422, 25.421339626218391 ], [ 49.610906524024962, 25.421339620649018 ], [ 49.610970633663179, 25.421339620649018 ], [ 49.610970759185719, 25.421339626218391 ], [ 49.610970765352249, 25.421339739585598 ], [ 49.610970765352249, 25.421397640982697 ], [ 49.610970759185719, 25.421397754349904 ], [ 49.610970633663179, 25.42139775991928 ], [ 49.610906524024962, 25.42139775991928 ], [ 49.610906398502422, 25.421397754349904 ] ] ] } },
{ "type": "Feature", "properties": { "confidence": 0.55238312, "class": "Class1", "id": 331 }, "geometry": { "type": "Polygon", "coordinates": [ [ [ 49.612982428279949, 25.422499978015278 ], [ 49.612982422113419, 25.422499864648071 ], [ 49.612982422113419, 25.422441963250971 ], [ 49.612982428279949, 25.422441849883764 ], [ 49.612982553802489, 25.422441844314392 ], [ 49.613043981231691, 25.422441844314392 ], [ 49.613044106754231, 25.422441849883764 ], [ 49.613044112920761, 25.422441963250971 ], [ 49.613044112920761, 25.422499864648071 ], [ 49.613044106754231, 25.422499978015278 ], [ 49.613043981231691, 25.42249998358465 ], [ 49.612982553802489, 25.42249998358465 ], [ 49.612982428279949, 25.422499978015278 ] ] ] } },
{ "type": "Feature", "properties": { "confidence": 0.55133325, "class": "Class1", "id": 332 }, "geometry": { "type": "Polygon", "coordinates": [ [ [ 49.61234138032539, 25.421388064471529 ], [ 49.612341374158859, 25.421387951104322 ], [ 49.612341374158859, 25.421327627237627 ], [ 49.61234138032539, 25.42132751387042 ], [ 49.61234150584793, 25.421327508301047 ], [ 49.612408297695161, 25.421327508301047 ], [ 49.612408423217701, 25.42132751387042 ], [ 49.612408429384232, 25.421327627237627 ], [ 49.612408429384232, 25.421387951104322 ], [ 49.612408423217701, 25.421388064471529 ], [ 49.612408297695161, 25.421388070040901 ], [ 49.61234150584793, 25.421388070040901 ], [ 49.61234138032539, 25.421388064471529 ] ] ] } },
{ "type": "Feature", "properties": { "confidence": 0.51964056, "class": "Class1", "id": 333 }, "geometry": { "type": "Polygon", "coordinates": [ [ [ 49.61196855327232, 25.423185536910445 ], [ 49.611968547105789, 25.423185423543238 ], [ 49.611968547105789, 25.423171126598834 ], [ 49.61196855327232, 25.423171013231627 ], [ 49.611968678794859, 25.423171007662251 ], [ 49.612038152851106, 25.423171007662251 ], [ 49.612038278373646, 25.423171013231627 ], [ 49.612038284540176, 25.423171126598834 ], [ 49.612038284540176, 25.423185423543238 ], [ 49.612038278373646, 25.423185536910445 ], [ 49.612038152851106, 25.423185542479818 ], [ 49.611968678794859, 25.423185542479818 ], [ 49.61196855327232, 25.423185536910445 ] ] ] } },
{ "type": "Feature", "properties": { "confidence": 0.54971671, "class": "Class1", "id": 334 }, "geometry": { "type": "Polygon", "coordinates": [ [ [ 49.610557711330486, 25.421349304958021 ], [ 49.610557705163956, 25.421349191590814 ], [ 49.610557705163956, 25.421325204768035 ], [ 49.610557711330486, 25.421325091400824 ], [ 49.610557836853026, 25.421325085831452 ], [ 49.610619264282228, 25.421325085831452 ], [ 49.610619389804768, 25.421325091400824 ], [ 49.610619395971298, 25.421325204768035 ], [ 49.610619395971298, 25.421349191590814 ], [ 49.610619389804768, 25.421349304958021 ], [ 49.610619264282228, 25.421349310527393 ], [ 49.610557836853026, 25.421349310527393 ], [ 49.610557711330486, 25.421349304958021 ] ] ] } },
{ "type": "Feature", "properties": { "confidence": 0.54926491, "class": "Class1", "id": 335 }, "geometry": { "type": "Polygon", "coordinates": [ [ [ 49.611485755649639, 25.423495613018506 ], [ 49.611485749483109, 25.423495499651299 ], [ 49.611485749483109, 25.423466667889329 ], [ 49.611485755649639, 25.423466554522122 ], [ 49.611485881172179, 25.423466548952749 ], [ 49.611528664827347, 25.423466548952749 ], [ 49.611529208099903, 25.423466524043164 ], [ 49.611529745786129, 25.423466449570544 ], [ 49.611530272357165, 25.423466326300673 ], [ 49.611530782398404, 25.423466155501099 ], [ 49.611531270665253, 25.423465938928111 ], [ 49.611531732136989, 25.423465678808665 ], [ 49.611532162068428, 25.423465377817497 ], [ 49.611532556038703, 25.423465039049621 ], [ 49.611532909996725, 25.423464665988487 ], [ 49.611533220302839, 25.423464262470183 ], [ 49.611533483766259, 25.423463832643979 ], [ 49.611533697677864, 25.423463380929654 ], [ 49.611533859838055, 25.423462911972063 ], [ 49.611533968579387, 25.423462430593371 ], [ 49.611534022783701, 25.423461941743458 ], [ 49.611534035411907, 25.423461709582934 ], [ 49.611534160934447, 25.423461704013558 ], [ 49.611552673019411, 25.423461704013558 ], [ 49.61155279854195, 25.423461709582934 ], [ 49.611552804708481, 25.423461822950141 ], [ 49.611552804708481, 25.423495499651299 ], [ 49.61155279854195, 25.423495613018506 ], [ 49.611552673019411, 25.423495618587879 ], [ 49.611485881172179, 25.423495618587879 ], [ 49.611485755649639, 25.423495613018506 ] ] ] } },
{ "type": "Feature", "properties": { "confidence": 0.54615998, "class": "Class1", "id": 336 }, "geometry": { "type": "Polygon", "coordinates": [ [ [ 49.613221144882274, 25.422480598258524 ], [ 49.613221138715744, 25.422480484891317 ], [ 49.613221138715744, 25.422425005963813 ], [ 49.613221144882274, 25.422424892596606 ], [ 49.613221270404814, 25.42242488702723 ], [ 49.613247829116823, 25.42242488702723 ], [ 49.613247954639363, 25.422424892596606 ], [ 49.613247960805893, 25.422425005963813 ], [ 49.613247960805893, 25.422480484891317 ], [ 49.613247954639363, 25.422480598258524 ], [ 49.613247829116823, 25.422480603827896 ], [ 49.613221270404814, 25.422480603827896 ], [ 49.613221144882274, 25.422480598258524 ] ] ] } },
{ "type": "Feature", "properties": { "confidence": 0.5453155, "class": "Class1", "id": 337 }, "geometry": { "type": "Polygon", "coordinates": [ [ [ 49.612684703079296, 25.423187959380037 ], [ 49.612684696912766, 25.42318784601283 ], [ 49.612684696912766, 25.423173549068427 ], [ 49.612684703079296, 25.423173435701219 ], [ 49.612684828601836, 25.423173430131847 ], [ 49.612743573822023, 25.423173430131847 ], [ 49.612743699344563, 25.423173435701219 ], [ 49.612743705511093, 25.423173549068427 ], [ 49.612743705511093, 25.42318784601283 ], [ 49.612743699344563, 25.423187959380037 ], [ 49.612743573822023, 25.423187964949413 ], [ 49.612684828601836, 25.423187964949413 ], [ 49.612684703079296, 25.423187959380037 ] ] ] } },
{ "type": "Feature", "properties": { "confidence": 0.54451233, "class": "Class1", "id": 338 }, "geometry": { "type": "Polygon", "coordinates": [ [ [ 49.612142896858288, 25.421358994836396 ], [ 49.612142890691757, 25.421358881469189 ], [ 49.612142890691757, 25.421327627237627 ], [ 49.612142896858288, 25.42132751387042 ], [ 49.612143022380828, 25.421327508301047 ], [ 49.612204449810029, 25.421327508301047 ], [ 49.612204575332569, 25.42132751387042 ], [ 49.6122045814991, 25.421327627237627 ], [ 49.6122045814991, 25.421358881469189 ], [ 49.612204575332569, 25.421358994836396 ], [ 49.612204449810029, 25.421359000405772 ], [ 49.612143022380828, 25.421359000405772 ], [ 49.612142896858288, 25.421358994836396 ] ] ] } },
{ "type": "Feature", "properties": { "confidence": 0.54400098, "class": "Class1", "id": 339 }, "geometry": { "type": "Polygon", "coordinates": [ [ [ 49.612252867427898, 25.422412769109886 ], [ 49.612252861261368, 25.422412655742679 ], [ 49.612252861261368, 25.422352331875985 ], [ 49.612252867427898, 25.422352218508777 ], [ 49.612252992950438, 25.422352212939405 ], [ 49.612322467006685, 25.422352212939405 ], [ 49.612322592529225, 25.422352218508777 ], [ 49.612322598695755, 25.422352331875985 ], [ 49.612322598695755, 25.422412655742679 ], [ 49.612322592529225, 25.422412769109886 ], [ 49.612322467006685, 25.422412774679259 ], [ 49.612252992950438, 25.422412774679259 ], [ 49.612252867427898, 25.422412769109886 ] ] ] } },
{ "type": "Feature", "properties": { "confidence": 0.54258227, "class": "Class1", "id": 340 }, "geometry": { "type": "Polygon", "coordinates": [ [ [ 49.612000739780498, 25.422117227819392 ], [ 49.612000733613968, 25.422117114452181 ], [ 49.612000733613968, 25.422061635524678 ], [ 49.612000739780498, 25.42206152215747 ], [ 49.612000865303038, 25.422061516588098 ], [ 49.612059610523225, 25.422061516588098 ], [ 49.612059736045765, 25.42206152215747 ], [ 49.612059742212296, 25.422061635524678 ], [ 49.612059742212296, 25.422117114452181 ], [ 49.612059736045765, 25.422117227819392 ], [ 49.612059610523225, 25.422117233388764 ], [ 49.612000865303038, 25.422117233388764 ], [ 49.612000739780498, 25.422117227819392 ] ] ] } },
{ "type": "Feature", "properties": { "confidence": 0.54176956, "class": "Class1", "id": 341 }, "geometry": { "type": "Polygon", "coordinates": [ [ [ 49.612134850231243, 25.421455893620166 ], [ 49.612134844064713, 25.421455780252959 ], [ 49.612134844064713, 25.421400301325455 ], [ 49.612134850231243, 25.421400187958248 ], [ 49.612134975753783, 25.421400182388872 ], [ 49.612199085392, 25.421400182388872 ], [ 49.61219921091454, 25.421400187958248 ], [ 49.61219921708107, 25.421400301325455 ], [ 49.61219921708107, 25.421455780252959 ], [ 49.61219921091454, 25.421455893620166 ], [ 49.612199085392, 25.421455899189539 ], [ 49.612134975753783, 25.421455899189539 ], [ 49.612134850231243, 25.421455893620166 ] ] ] } },
{ "type": "Feature", "properties": { "confidence": 0.5377599, "class": "Class1", "id": 342 }, "geometry": { "type": "Polygon", "coordinates": [ [ [ 49.612220680919719, 25.421664226005269 ], [ 49.612220674753189, 25.421664112638062 ], [ 49.612220674753189, 25.421603788771368 ], [ 49.612220680919719, 25.42160367540416 ], [ 49.612220806442259, 25.421603669834788 ], [ 49.612274187244417, 25.421603669834788 ], [ 49.612274312766957, 25.42160367540416 ], [ 49.612274318933487, 25.421603788771368 ], [ 49.612274318933487, 25.421664112638062 ], [ 49.612274312766957, 25.421664226005269 ], [ 49.612274187244417, 25.421664231574642 ], [ 49.612220806442259, 25.421664231574642 ], [ 49.612220680919719, 25.421664226005269 ] ] ] } },
{ "type": "Feature", "properties": { "confidence": 0.52282965, "class": "Class1", "id": 343 }, "geometry": { "type": "Polygon", "coordinates": [ [ [ 49.611960506645275, 25.42320735027554 ], [ 49.611960632167815, 25.423207344706167 ], [ 49.612038152851106, 25.423207344706167 ], [ 49.612038278373646, 25.42320735027554 ], [ 49.612038284540176, 25.423207463642747 ], [ 49.612038284540176, 25.423275054918221 ], [ 49.612038278373646, 25.423275168285432 ], [ 49.612038152851106, 25.423275173854805 ], [ 49.61196331437683, 25.423275173854805 ], [ 49.611963186873133, 25.423275168197527 ], [ 49.611963146948455, 25.423275091958324 ], [ 49.611962898786814, 25.423274672640218 ], [ 49.611962606312957, 25.423274277309844 ], [ 49.611962272343568, 25.423273909774451 ], [ 49.611961900094954, 25.423273573573606 ], [ 49.61196149315208, 25.423273271945103 ], [ 49.611961055434023, 25.423273007793792 ], [ 49.61196059115624, 25.423272783663599 ], [ 49.611960506742598, 25.423272747605139 ], [ 49.611960500478745, 25.423272632448629 ], [ 49.611960500478745, 25.423207463642747 ], [ 49.611960506645275, 25.42320735027554 ] ] ] } },
{ "type": "Feature", "properties": { "confidence": 0.53746057, "class": "Class1", "id": 344 }, "geometry": { "type": "Polygon", "coordinates": [ [ [ 49.610943949428631, 25.421099790589814 ], [ 49.6109439432621, 25.421099677222607 ], [ 49.6109439432621, 25.421041775825508 ], [ 49.610943949428631, 25.4210416624583 ], [ 49.610944074951171, 25.421041656888928 ], [ 49.611010866798402, 25.421041656888928 ], [ 49.611010992320942, 25.4210416624583 ], [ 49.611010998487473, 25.421041775825508 ], [ 49.611010998487473, 25.421099677222607 ], [ 49.611010992320942, 25.421099790589814 ], [ 49.611010866798402, 25.42109979615919 ], [ 49.610944074951171, 25.42109979615919 ], [ 49.610943949428631, 25.421099790589814 ] ] ] } },
{ "type": "Feature", "properties": { "confidence": 0.53731036, "class": "Class1", "id": 345 }, "geometry": { "type": "Polygon", "coordinates": [ [ [ 49.61319700500114, 25.422744647444294 ], [ 49.61319699883461, 25.422744534077086 ], [ 49.61319699883461, 25.422689055149583 ], [ 49.61319700500114, 25.422688941782376 ], [ 49.61319713052368, 25.422688936213003 ], [ 49.613247829116823, 25.422688936213003 ], [ 49.613247954639363, 25.422688941782376 ], [ 49.613247960805893, 25.422689055149583 ], [ 49.613247960805893, 25.422744534077086 ], [ 49.613247954639363, 25.422744647444294 ], [ 49.613247829116823, 25.42274465301367 ], [ 49.61319713052368, 25.42274465301367 ], [ 49.61319700500114, 25.422744647444294 ] ] ] } },
{ "type": "Feature", "properties": { "confidence": 0.58026773, "class": "Class1", "id": 346 }, "geometry": { "type": "Polygon", "coordinates": [ [ [ 49.613172865120006, 25.422255308586262 ], [ 49.613172858953476, 25.422255195219055 ], [ 49.613172858953476, 25.422238475805056 ], [ 49.613172865217329, 25.422238360648546 ], [ 49.613172949630972, 25.422238324590086 ], [ 49.613173413908754, 25.422238100459893 ], [ 49.613173851626811, 25.422237836308582 ], [ 49.613174258569686, 25.422237534680079 ], [ 49.6131746308183, 25.422237198479234 ], [ 49.613174964787689, 25.422236830943842 ], [ 49.613175257261545, 25.422236435613467 ], [ 49.613175505423186, 25.422236016295365 ], [ 49.613175545347865, 25.422235940056158 ], [ 49.613175672851561, 25.422235934398881 ], [ 49.613237100280763, 25.422235934398881 ], [ 49.61323722778446, 25.422235940056158 ], [ 49.613237267709138, 25.422236016295365 ], [ 49.613237515870779, 25.422236435613467 ], [ 49.613237808344635, 25.422236830943842 ], [ 49.613238142314025, 25.422237198479234 ], [ 49.613238514562639, 25.422237534680079 ], [ 49.613238921505513, 25.422237836308582 ], [ 49.61323935922357, 25.422238100459893 ], [ 49.613239823501353, 25.422238324590086 ], [ 49.613239907914995, 25.422238360648546 ], [ 49.613239914178848, 25.422238475805056 ], [ 49.613239914178848, 25.422255195219055 ], [ 49.613239908012318, 25.422255308586262 ], [ 49.613239782489778, 25.422255314155635 ], [ 49.613172990642546, 25.422255314155635 ], [ 49.613172865120006, 25.422255308586262 ] ] ] } },
{ "type": "Feature", "properties": { "confidence": 0.53375232, "class": "Class1", "id": 347 }, "geometry": { "type": "Polygon", "coordinates": [ [ [ 49.612802720275951, 25.42296024723818 ], [ 49.612802714109421, 25.422960133870973 ], [ 49.612802714109421, 25.422904654943469 ], [ 49.612802720275951, 25.422904541576262 ], [ 49.612802845798491, 25.422904536006886 ], [ 49.612866955436708, 25.422904536006886 ], [ 49.612867080959248, 25.422904541576262 ], [ 49.612867087125778, 25.422904654943469 ], [ 49.612867087125778, 25.422960133870973 ], [ 49.612867080959248, 25.42296024723818 ], [ 49.612866955436708, 25.422960252807556 ], [ 49.612802845798491, 25.422960252807556 ], [ 49.612802720275951, 25.42296024723818 ] ] ] } },
{ "type": "Feature", "properties": { "confidence": 0.53362507, "class": "Class1", "id": 348 }, "geometry": { "type": "Polygon", "coordinates": [ [ [ 49.612802720275951, 25.42117730961683 ], [ 49.612802714109421, 25.421177196249623 ], [ 49.612802714109421, 25.421119294852524 ], [ 49.612802720275951, 25.421119181485317 ], [ 49.612802845798491, 25.421119175915944 ], [ 49.612866955436708, 25.421119175915944 ], [ 49.612867080959248, 25.421119181485317 ], [ 49.612867087125778, 25.421119294852524 ], [ 49.612867087125778, 25.421177196249623 ], [ 49.612867080959248, 25.42117730961683 ], [ 49.612866955436708, 25.421177315186203 ], [ 49.612802845798491, 25.421177315186203 ], [ 49.612802720275951, 25.42117730961683 ] ] ] } },
{ "type": "Feature", "properties": { "confidence": 0.53292429, "class": "Class1", "id": 349 }, "geometry": { "type": "Polygon", "coordinates": [ [ [ 49.612378931251598, 25.422904530437513 ], [ 49.612378925085068, 25.422904417070306 ], [ 49.612378925085068, 25.422878007777932 ], [ 49.612378931251598, 25.422877894410725 ], [ 49.612379056774138, 25.422877888841352 ], [ 49.61243511978531, 25.422877888841352 ], [ 49.61243524530785, 25.422877894410725 ], [ 49.61243525147438, 25.422878007777932 ], [ 49.61243525147438, 25.422904417070306 ], [ 49.61243524530785, 25.422904530437513 ], [ 49.61243511978531, 25.422904536006886 ], [ 49.612379056774138, 25.422904536006886 ], [ 49.612378931251598, 25.422904530437513 ] ] ] } },
{ "type": "Feature", "properties": { "confidence": 0.5325529, "class": "Class1", "id": 350 }, "geometry": { "type": "Polygon", "coordinates": [ [ [ 49.613038754669262, 25.422073623366693 ], [ 49.613038748502731, 25.422073509999485 ], [ 49.613038748502731, 25.422018031071982 ], [ 49.613038754669262, 25.422017917704775 ], [ 49.613038880191802, 25.422017912135402 ], [ 49.613097625411989, 25.422017912135402 ], [ 49.613097750934529, 25.422017917704775 ], [ 49.613097757101059, 25.422018031071982 ], [ 49.613097757101059, 25.422073509999485 ], [ 49.613097750934529, 25.422073623366693 ], [ 49.613097625411989, 25.422073628936069 ], [ 49.613038880191802, 25.422073628936069 ], [ 49.613038754669262, 25.422073623366693 ] ] ] } },
{ "type": "Feature", "properties": { "confidence": 0.53253973, "class": "Class1", "id": 351 }, "geometry": { "type": "Polygon", "coordinates": [ [ [ 49.612180447784496, 25.42163515637014 ], [ 49.612180441617966, 25.421635043002933 ], [ 49.612180441617966, 25.421611056180151 ], [ 49.612180447784496, 25.421610942812944 ], [ 49.612180573307036, 25.421610937243571 ], [ 49.612217860855104, 25.421610937243571 ], [ 49.612217986377644, 25.421610942812944 ], [ 49.612217992544174, 25.421611056180151 ], [ 49.612217992544174, 25.421635043002933 ], [ 49.612217986377644, 25.42163515637014 ], [ 49.612217860855104, 25.421635161939513 ], [ 49.612180573307036, 25.421635161939513 ], [ 49.612180447784496, 25.42163515637014 ] ] ] } },
{ "type": "Feature", "properties": { "confidence": 0.53111511, "class": "Class1", "id": 352 }, "geometry": { "type": "Polygon", "coordinates": [ [ [ 49.610887623039318, 25.42199610433968 ], [ 49.610887616872787, 25.421995990972473 ], [ 49.610887616872787, 25.421942934514561 ], [ 49.610887623039318, 25.421942821147354 ], [ 49.610887748561858, 25.421942815577978 ], [ 49.610946493782045, 25.421942815577978 ], [ 49.610946619304585, 25.421942821147354 ], [ 49.610946625471115, 25.421942934514561 ], [ 49.610946625471115, 25.421995990972473 ], [ 49.610946619304585, 25.42199610433968 ], [ 49.610946493782045, 25.421996109909053 ], [ 49.610887748561858, 25.421996109909053 ], [ 49.610887623039318, 25.42199610433968 ] ] ] } },
{ "type": "Feature", "properties": { "confidence": 0.53092092, "class": "Class1", "id": 353 }, "geometry": { "type": "Polygon", "coordinates": [ [ [ 49.612040972915722, 25.423032921326008 ], [ 49.612040966749191, 25.423032807958801 ], [ 49.612040966749191, 25.422977329031294 ], [ 49.612040972915722, 25.422977215664087 ], [ 49.612041098438262, 25.422977210094714 ], [ 49.612105208076478, 25.422977210094714 ], [ 49.612105333599018, 25.422977215664087 ], [ 49.612105339765549, 25.422977329031294 ], [ 49.612105339765549, 25.423032807958801 ], [ 49.612105333599018, 25.423032921326008 ], [ 49.612105208076478, 25.423032926895381 ], [ 49.612041098438262, 25.423032926895381 ], [ 49.612040972915722, 25.423032921326008 ] ] ] } },
{ "type": "Feature", "properties": { "confidence": 0.53054649, "class": "Class1", "id": 354 }, "geometry": { "type": "Polygon", "coordinates": [ [ [ 49.610860800949169, 25.421329925201267 ], [ 49.610860794782639, 25.42132981183406 ], [ 49.610860794782639, 25.421274332906556 ], [ 49.610860800949169, 25.421274219539345 ], [ 49.610860926471709, 25.421274213969973 ], [ 49.610922353900911, 25.421274213969973 ], [ 49.610922479423451, 25.421274219539345 ], [ 49.610922485589981, 25.421274332906556 ], [ 49.610922485589981, 25.42132981183406 ], [ 49.610922479423451, 25.421329925201267 ], [ 49.610922353900911, 25.421329930770639 ], [ 49.610860926471709, 25.421329930770639 ], [ 49.610860800949169, 25.421329925201267 ] ] ] } },
{ "type": "Feature", "properties": { "confidence": 0.52979016, "class": "Class1", "id": 355 }, "geometry": { "type": "Polygon", "coordinates": [ [ [ 49.612220680919719, 25.422625946434177 ], [ 49.612220674753189, 25.42262583306697 ], [ 49.612220674753189, 25.422565509200279 ], [ 49.612220680919719, 25.422565395833068 ], [ 49.612220806442259, 25.422565390263696 ], [ 49.612258093990327, 25.422565390263696 ], [ 49.612258219512867, 25.422565395833068 ], [ 49.612258225679398, 25.422565509200279 ], [ 49.612258225679398, 25.42262583306697 ], [ 49.612258219512867, 25.422625946434177 ], [ 49.612258093990327, 25.422625952003553 ], [ 49.612220806442259, 25.422625952003553 ], [ 49.612220680919719, 25.422625946434177 ] ] ] } },
{ "type": "Feature", "properties": { "confidence": 0.63963163, "class": "Class1", "id": 356 }, "geometry": { "type": "Polygon", "coordinates": [ [ [ 49.612982428279949, 25.422570229633511 ], [ 49.612982422113419, 25.422570116266304 ], [ 49.612982422113419, 25.422509792399609 ], [ 49.612982428279949, 25.422509679032402 ], [ 49.612982685332938, 25.422509667627086 ], [ 49.612983209237022, 25.422509621023877 ], [ 49.612983725560674, 25.422509528266271 ], [ 49.612984229331424, 25.42250939024758 ], [ 49.612984715697671, 25.422509208296994 ], [ 49.612985179975446, 25.422508984166797 ], [ 49.612985617693511, 25.422508720015486 ], [ 49.612986024636385, 25.422508418386982 ], [ 49.612986396884992, 25.422508082186138 ], [ 49.612986730854381, 25.422507714650745 ], [ 49.612987023328238, 25.422507319320374 ], [ 49.612987271489878, 25.422506900002269 ], [ 49.612987472949378, 25.422506460734692 ], [ 49.612987625766564, 25.422506005748037 ], [ 49.612987728469726, 25.422505539424066 ], [ 49.612987780069773, 25.422505066253738 ], [ 49.612987792697979, 25.422504834093214 ], [ 49.612987918220519, 25.422504828523842 ], [ 49.613049345649721, 25.422504828523842 ], [ 49.61304947117226, 25.422504834093214 ], [ 49.613049477338791, 25.422504947460421 ], [ 49.613049477338791, 25.422560426387925 ], [ 49.613049471054367, 25.422560541922532 ], [ 49.613049401685778, 25.422560579474151 ], [ 49.613048942855819, 25.422560857839528 ], [ 49.613048518176846, 25.422561177369204 ], [ 49.613048132157594, 25.422561534670784 ], [ 49.61304778889636, 25.42256192595088 ], [ 49.613047492037467, 25.422562347055337 ], [ 49.613047244732613, 25.422562793513379 ], [ 49.613047049607381, 25.422563260585044 ], [ 49.613046908733388, 25.422563743311528 ], [ 49.613046823606261, 25.422564236567815 ], [ 49.613046795129776, 25.422564735117106 ], [ 49.613046795129776, 25.422570116266304 ], [ 49.613046788963246, 25.422570229633511 ], [ 49.613046663440706, 25.422570235202883 ], [ 49.612982553802489, 25.422570235202883 ], [ 49.612982428279949, 25.422570229633511 ] ] ] } },
{ "type": "Feature", "properties": { "confidence": 0.52718747, "class": "Class1", "id": 357 }, "geometry": { "type": "Polygon", "coordinates": [ [ [ 49.612427211013866, 25.423498035488098 ], [ 49.612427204847336, 25.423497922120891 ], [ 49.612427204847336, 25.423481202706895 ], [ 49.612427211013866, 25.423481089339688 ], [ 49.612427336536406, 25.423481083770312 ], [ 49.612496810592653, 25.423481083770312 ], [ 49.612496936115193, 25.423481089339688 ], [ 49.612496942281723, 25.423481202706895 ], [ 49.612496942281723, 25.423497922120891 ], [ 49.612496936115193, 25.423498035488098 ], [ 49.612496810592653, 25.423498041057474 ], [ 49.612427336536406, 25.423498041057474 ], [ 49.612427211013866, 25.423498035488098 ] ] ] } },
{ "type": "Feature", "properties": { "confidence": 0.5257355, "class": "Class1", "id": 358 }, "geometry": { "type": "Polygon", "coordinates": [ [ [ 49.612030244079662, 25.421511610420833 ], [ 49.612030237913132, 25.421511497053626 ], [ 49.612030237913132, 25.421451173186934 ], [ 49.612030244079662, 25.421451059819727 ], [ 49.612030369602202, 25.421451054250351 ], [ 49.612097161449434, 25.421451054250351 ], [ 49.612097286971974, 25.421451059819727 ], [ 49.612097293138504, 25.421451173186934 ], [ 49.612097293138504, 25.421511497053626 ], [ 49.612097286971974, 25.421511610420833 ], [ 49.612097161449434, 25.421511615990209 ], [ 49.612030369602202, 25.421511615990209 ], [ 49.612030244079662, 25.421511610420833 ] ] ] } },
{ "type": "Feature", "properties": { "confidence": 0.5256744, "class": "Class1", "id": 359 }, "geometry": { "type": "Polygon", "coordinates": [ [ [ 49.612521088329387, 25.423495613018506 ], [ 49.612521082162857, 25.423495499651299 ], [ 49.612521082162857, 25.423461822950141 ], [ 49.612521088329387, 25.423461709582934 ], [ 49.612521213851927, 25.423461704013558 ], [ 49.61256118360901, 25.423461704013558 ], [ 49.61256130913155, 25.423461709582934 ], [ 49.61256131529808, 25.423461822950141 ], [ 49.61256131529808, 25.423495499651299 ], [ 49.61256130913155, 25.423495613018506 ], [ 49.61256118360901, 25.423495618587879 ], [ 49.612521213851927, 25.423495618587879 ], [ 49.612521088329387, 25.423495613018506 ] ] ] } },
{ "type": "Feature", "properties": { "confidence": 0.52447939, "class": "Class1", "id": 360 }, "geometry": { "type": "Polygon", "coordinates": [ [ [ 49.612424528804851, 25.422877883271976 ], [ 49.612424522638321, 25.422877769904769 ], [ 49.612424522638321, 25.422868317899557 ], [ 49.612424528804851, 25.42286820453235 ], [ 49.612424654327391, 25.422868198962973 ], [ 49.612486081756593, 25.422868198962973 ], [ 49.612486207279133, 25.42286820453235 ], [ 49.612486213445663, 25.422868317899557 ], [ 49.612486213445663, 25.422877769904769 ], [ 49.612486207279133, 25.422877883271976 ], [ 49.612486081756593, 25.422877888841352 ], [ 49.612424654327391, 25.422877888841352 ], [ 49.612424528804851, 25.422877883271976 ] ] ] } },
{ "type": "Feature", "properties": { "confidence": 0.52404553, "class": "Class1", "id": 361 }, "geometry": { "type": "Polygon", "coordinates": [ [ [ 49.612971699443889, 25.42156005981272 ], [ 49.612971693277359, 25.421559946445509 ], [ 49.612971693277359, 25.421497200109222 ], [ 49.612971699443889, 25.421497086742015 ], [ 49.612971824966429, 25.421497081172642 ], [ 49.613041299022676, 25.421497081172642 ], [ 49.613041424545216, 25.421497086742015 ], [ 49.613041430711746, 25.421497200109222 ], [ 49.613041430711746, 25.421559946445509 ], [ 49.613041424545216, 25.42156005981272 ], [ 49.613041299022676, 25.421560065382092 ], [ 49.612971824966429, 25.421560065382092 ], [ 49.612971699443889, 25.42156005981272 ] ] ] } },
{ "type": "Feature", "properties": { "confidence": 0.52342081, "class": "Class1", "id": 362 }, "geometry": { "type": "Polygon", "coordinates": [ [ [ 49.610938585010601, 25.42163515637014 ], [ 49.61093857884407, 25.421635043002933 ], [ 49.61093857884407, 25.421615901119342 ], [ 49.610938585010601, 25.421615787752131 ], [ 49.610938710533141, 25.421615782182759 ], [ 49.611002820171358, 25.421615782182759 ], [ 49.611002945693897, 25.421615787752131 ], [ 49.611002951860428, 25.421615901119342 ], [ 49.611002951860428, 25.421635043002933 ], [ 49.611002945693897, 25.42163515637014 ], [ 49.611002820171358, 25.421635161939513 ], [ 49.610938710533141, 25.421635161939513 ], [ 49.610938585010601, 25.42163515637014 ] ] ] } },
{ "type": "Feature", "properties": { "confidence": 0.52339154, "class": "Class1", "id": 363 }, "geometry": { "type": "Polygon", "coordinates": [ [ [ 49.610981500354839, 25.421688450701211 ], [ 49.610981494188309, 25.421688337334004 ], [ 49.610981494188309, 25.4216328584065 ], [ 49.610981500354839, 25.421632745039293 ], [ 49.610981625877379, 25.421632739469917 ], [ 49.611043053306581, 25.421632739469917 ], [ 49.611043178829121, 25.421632745039293 ], [ 49.611043184995651, 25.4216328584065 ], [ 49.611043184995651, 25.421688337334004 ], [ 49.611043178829121, 25.421688450701211 ], [ 49.611043053306581, 25.421688456270587 ], [ 49.610981625877379, 25.421688456270587 ], [ 49.610981500354839, 25.421688450701211 ] ] ] } },
{ "type": "Feature", "properties": { "confidence": 0.52252126, "class": "Class1", "id": 364 }, "geometry": { "type": "Polygon", "coordinates": [ [ [ 49.612220680919719, 25.421468005968137 ], [ 49.612220674753189, 25.42146789260093 ], [ 49.612220674753189, 25.421409991203831 ], [ 49.612220680919719, 25.421409877836624 ], [ 49.612220806442259, 25.421409872267251 ], [ 49.612260776199342, 25.421409872267251 ], [ 49.612260901721882, 25.421409877836624 ], [ 49.612260907888412, 25.421409991203831 ], [ 49.612260907888412, 25.42146789260093 ], [ 49.612260901721882, 25.421468005968137 ], [ 49.612260776199342, 25.42146801153751 ], [ 49.612220806442259, 25.42146801153751 ], [ 49.612220680919719, 25.421468005968137 ] ] ] } },
{ "type": "Feature", "properties": { "confidence": 0.52227116, "class": "Class1", "id": 365 }, "geometry": { "type": "Polygon", "coordinates": [ [ [ 49.610646224227978, 25.422189901907217 ], [ 49.610646218061447, 25.42218978854001 ], [ 49.610646218061447, 25.422131887142911 ], [ 49.610646224227978, 25.422131773775703 ], [ 49.610646349750517, 25.422131768206331 ], [ 49.610713141597749, 25.422131768206331 ], [ 49.610713267120289, 25.422131773775703 ], [ 49.610713273286819, 25.422131887142911 ], [ 49.610713273286819, 25.42218978854001 ], [ 49.610713267120289, 25.422189901907217 ], [ 49.610713141597749, 25.422189907476589 ], [ 49.610646349750517, 25.422189907476589 ], [ 49.610646224227978, 25.422189901907217 ] ] ] } },
{ "type": "Feature", "properties": { "confidence": 0.64713091, "class": "Class1", "id": 366 }, "geometry": { "type": "Polygon", "coordinates": [ [ [ 49.611539399829937, 25.421305700505325 ], [ 49.611539393663406, 25.421305587138118 ], [ 49.611539393663406, 25.421242840801831 ], [ 49.611539399829937, 25.42124272743462 ], [ 49.611539525352477, 25.421242721865248 ], [ 49.611606317199708, 25.421242721865248 ], [ 49.611606442722248, 25.42124272743462 ], [ 49.611606455350454, 25.421242959595148 ], [ 49.611606509554768, 25.421243448445058 ], [ 49.611606618296101, 25.421243929823753 ], [ 49.611606780456292, 25.42124439878134 ], [ 49.611606994367897, 25.421244850495665 ], [ 49.611607257831317, 25.421245280321873 ], [ 49.61160756813743, 25.421245683840176 ], [ 49.611607922095452, 25.421246056901307 ], [ 49.611608316065727, 25.421246395669186 ], [ 49.611608745997167, 25.421246696660351 ], [ 49.611609207468902, 25.4212469567798 ], [ 49.611609695735751, 25.421247173352789 ], [ 49.611610205776991, 25.421247344152359 ], [ 49.611610732348026, 25.421247467422234 ], [ 49.611611270034253, 25.42124754189485 ], [ 49.611611813306808, 25.421247566804436 ], [ 49.611614363826753, 25.421247566804436 ], [ 49.611614489349293, 25.421247572373812 ], [ 49.611614495515823, 25.421247685741019 ], [ 49.611614495515823, 25.42130800960771 ], [ 49.611614489349293, 25.421308122974917 ], [ 49.611614363826753, 25.421308128544293 ], [ 49.611547571979521, 25.421308128544293 ], [ 49.611547444057187, 25.421308122868442 ], [ 49.611547402479253, 25.421308060217353 ], [ 49.61154709426728, 25.421307645819514 ], [ 49.611546740477344, 25.421307262265554 ], [ 49.611546344865552, 25.421306913627586 ], [ 49.611545911632049, 25.421306603607036 ], [ 49.611545445376379, 25.421306335495327 ], [ 49.6115449510487, 25.42130611213895 ], [ 49.61154443389718, 25.421305935909235 ], [ 49.611543899412318, 25.421305808677179 ], [ 49.611543353268637, 25.421305731793581 ], [ 49.611542801264434, 25.421305706074698 ], [ 49.611539525352477, 25.421305706074698 ], [ 49.611539399829937, 25.421305700505325 ] ] ] } },
{ "type": "Feature", "properties": { "confidence": 0.52059972, "class": "Class1", "id": 367 }, "geometry": { "type": "Polygon", "coordinates": [ [ [ 49.613148725238872, 25.421412289167471 ], [ 49.613148719072342, 25.421412175800263 ], [ 49.613148719072342, 25.42135669687276 ], [ 49.613148725238872, 25.421356583505549 ], [ 49.613148850761412, 25.421356577936177 ], [ 49.613210278190614, 25.421356577936177 ], [ 49.613210403713154, 25.421356583505549 ], [ 49.613210409879684, 25.42135669687276 ], [ 49.613210409879684, 25.421412175800263 ], [ 49.613210403713154, 25.421412289167471 ], [ 49.613210278190614, 25.421412294736843 ], [ 49.613148850761412, 25.421412294736843 ], [ 49.613148725238872, 25.421412289167471 ] ] ] } },
{ "type": "Feature", "properties": { "confidence": 0.52037328, "class": "Class1", "id": 368 }, "geometry": { "type": "Polygon", "coordinates": [ [ [ 49.610504067150188, 25.421312967914108 ], [ 49.610504060983658, 25.421312854546901 ], [ 49.610504060983658, 25.42125979808899 ], [ 49.610504067150188, 25.421259684721782 ], [ 49.610504192672728, 25.421259679152406 ], [ 49.610557573474885, 25.421259679152406 ], [ 49.610557698997425, 25.421259684721782 ], [ 49.610557705163956, 25.42125979808899 ], [ 49.610557705163956, 25.421312854546901 ], [ 49.610557698997425, 25.421312967914108 ], [ 49.610557573474885, 25.421312973483481 ], [ 49.610504192672728, 25.421312973483481 ], [ 49.610504067150188, 25.421312967914108 ] ] ] } },
{ "type": "Feature", "properties": { "confidence": 0.5189721, "class": "Class1", "id": 369 }, "geometry": { "type": "Polygon", "coordinates": [ [ [ 49.612652516571117, 25.423468965852969 ], [ 49.612652510404587, 25.423468852485762 ], [ 49.612652510404587, 25.423408528619067 ], [ 49.612652516571117, 25.42340841525186 ], [ 49.612652642093657, 25.423408409682487 ], [ 49.612719433940889, 25.423408409682487 ], [ 49.612719559463429, 25.42340841525186 ], [ 49.612719565629959, 25.423408528619067 ], [ 49.612719565629959, 25.423468852485762 ], [ 49.612719559463429, 25.423468965852969 ], [ 49.612719433940889, 25.423468971422341 ], [ 49.612652642093657, 25.423468971422341 ], [ 49.612652516571117, 25.423468965852969 ] ] ] } },
{ "type": "Feature", "properties": { "confidence": 0.5162738, "class": "Class1", "id": 370 }, "geometry": { "type": "Polygon", "coordinates": [ [ [ 49.610847389904094, 25.421749012441069 ], [ 49.610847383737564, 25.421748899073862 ], [ 49.610847383737564, 25.421690997676762 ], [ 49.610847389904094, 25.421690884309555 ], [ 49.610847515426634, 25.421690878740179 ], [ 49.610863345302583, 25.421690878740179 ], [ 49.610863470825123, 25.421690884309555 ], [ 49.610863476991653, 25.421690997676762 ], [ 49.610863476991653, 25.421748899073862 ], [ 49.610863470825123, 25.421749012441069 ], [ 49.610863345302583, 25.421749018010441 ], [ 49.610847515426634, 25.421749018010441 ], [ 49.610847389904094, 25.421749012441069 ] ] ] } },
{ "type": "Feature", "properties": { "confidence": 0.5151009, "class": "Class1", "id": 371 }, "geometry": { "type": "Polygon", "coordinates": [ [ [ 49.613038754669262, 25.422257742194603 ], [ 49.613038880191802, 25.42225773662523 ], [ 49.613097625411989, 25.42225773662523 ], [ 49.613097750934529, 25.422257742194603 ], [ 49.613097757101059, 25.42225785556181 ], [ 49.613097757101059, 25.422274574975809 ], [ 49.613097750934529, 25.422274688343016 ], [ 49.613097625411989, 25.422274693912389 ], [ 49.613038880191802, 25.422274693912389 ], [ 49.613038754669262, 25.422274688343016 ], [ 49.613038748502731, 25.422274574975809 ], [ 49.613038748502731, 25.42225785556181 ], [ 49.613038754669262, 25.422257742194603 ] ] ] } },
{ "type": "Feature", "properties": { "confidence": 0.51477504, "class": "Class1", "id": 372 }, "geometry": { "type": "Polygon", "coordinates": [ [ [ 49.611719107833935, 25.422252886116667 ], [ 49.611719101667404, 25.422252772749459 ], [ 49.611719101667404, 25.422192448882765 ], [ 49.611719107833935, 25.422192335515557 ], [ 49.611719233356474, 25.422192329946185 ], [ 49.611791389621736, 25.422192329946185 ], [ 49.611791515144276, 25.422192335515557 ], [ 49.611791521310806, 25.422192448882765 ], [ 49.611791521310806, 25.422252772749459 ], [ 49.611791515144276, 25.422252886116667 ], [ 49.611791389621736, 25.422252891686039 ], [ 49.611719233356474, 25.422252891686039 ], [ 49.611719107833935, 25.422252886116667 ] ] ] } },
{ "type": "Feature", "properties": { "confidence": 0.51309717, "class": "Class1", "id": 373 }, "geometry": { "type": "Polygon", "coordinates": [ [ [ 49.611914909092022, 25.421443781272195 ], [ 49.611914902925491, 25.421443667904988 ], [ 49.611914902925491, 25.421385766507889 ], [ 49.611914909092022, 25.421385653140682 ], [ 49.611915034614562, 25.421385647571309 ], [ 49.611979144252778, 25.421385647571309 ], [ 49.611979269775318, 25.421385653140682 ], [ 49.611979275941849, 25.421385766507889 ], [ 49.611979275941849, 25.421443667904988 ], [ 49.611979269775318, 25.421443781272195 ], [ 49.611979144252778, 25.421443786841568 ], [ 49.611915034614562, 25.421443786841568 ], [ 49.611914909092022, 25.421443781272195 ] ] ] } },
{ "type": "Feature", "properties": { "confidence": 0.52301353, "class": "Class1", "id": 374 }, "geometry": { "type": "Polygon", "coordinates": [ [ [ 49.613009250370098, 25.423185536910445 ], [ 49.613009244203568, 25.423185423543238 ], [ 49.613009244203568, 25.423129944615731 ], [ 49.613009250370098, 25.423129831248524 ], [ 49.613009375892638, 25.423129825679151 ], [ 49.613073485530855, 25.423129825679151 ], [ 49.613073611053395, 25.423129831248524 ], [ 49.613073617219925, 25.423129944615731 ], [ 49.613073617219925, 25.423185423543238 ], [ 49.613073611053395, 25.423185536910445 ], [ 49.613073485530855, 25.423185542479818 ], [ 49.613009375892638, 25.423185542479818 ], [ 49.613009250370098, 25.423185536910445 ] ] ] } },
{ "type": "Feature", "properties": { "confidence": 0.51173806, "class": "Class1", "id": 375 }, "geometry": { "type": "Polygon", "coordinates": [ [ [ 49.612220680919719, 25.422565384694323 ], [ 49.612220674753189, 25.422565271327116 ], [ 49.612220674753189, 25.422546129443525 ], [ 49.612220680919719, 25.422546016076314 ], [ 49.612220806442259, 25.422546010506942 ], [ 49.612268822826387, 25.422546010506942 ], [ 49.612268948348927, 25.422546016076314 ], [ 49.612268954515457, 25.422546129443525 ], [ 49.612268954515457, 25.422565271327116 ], [ 49.612268948348927, 25.422565384694323 ], [ 49.612268822826387, 25.422565390263696 ], [ 49.612220806442259, 25.422565390263696 ], [ 49.612220680919719, 25.422565384694323 ] ] ] } },
{ "type": "Feature", "properties": { "confidence": 0.51142418, "class": "Class1", "id": 376 }, "geometry": { "type": "Polygon", "coordinates": [ [ [ 49.61145356914146, 25.421925852721447 ], [ 49.61145356297493, 25.42192573935424 ], [ 49.61145356297493, 25.421872682896328 ], [ 49.61145356914146, 25.421872569529121 ], [ 49.611453694664, 25.421872563959749 ], [ 49.611515122093202, 25.421872563959749 ], [ 49.611515247615742, 25.421872569529121 ], [ 49.611515253782272, 25.421872682896328 ], [ 49.611515253782272, 25.42192573935424 ], [ 49.611515247615742, 25.421925852721447 ], [ 49.611515122093202, 25.42192585829082 ], [ 49.611453694664, 25.42192585829082 ], [ 49.61145356914146, 25.421925852721447 ] ] ] } },
{ "type": "Feature", "properties": { "confidence": 0.51085228, "class": "Class1", "id": 377 }, "geometry": { "type": "Polygon", "coordinates": [ [ [ 49.611531353202892, 25.42163515637014 ], [ 49.611531347036362, 25.421635043002933 ], [ 49.611531347036362, 25.421577141605834 ], [ 49.611531353202892, 25.421577028238627 ], [ 49.611531478725432, 25.421577022669251 ], [ 49.611552673019411, 25.421577022669251 ], [ 49.61155279854195, 25.421577028238627 ], [ 49.611552804708481, 25.421577141605834 ], [ 49.611552804708481, 25.421635043002933 ], [ 49.61155279854195, 25.42163515637014 ], [ 49.611552673019411, 25.421635161939513 ], [ 49.611531478725432, 25.421635161939513 ], [ 49.611531353202892, 25.42163515637014 ] ] ] } },
{ "type": "Feature", "properties": { "confidence": 0.51024771, "class": "Class1", "id": 378 }, "geometry": { "type": "Polygon", "coordinates": [ [ [ 49.611233628002239, 25.421543102525558 ], [ 49.611233621835709, 25.42154298915835 ], [ 49.611233621835709, 25.421485087761251 ], [ 49.611233628002239, 25.421484974394044 ], [ 49.611233753524779, 25.421484968824672 ], [ 49.611297863162996, 25.421484968824672 ], [ 49.611297988685536, 25.421484974394044 ], [ 49.611297994852066, 25.421485087761251 ], [ 49.611297994852066, 25.42154298915835 ], [ 49.611297988685536, 25.421543102525558 ], [ 49.611297863162996, 25.421543108094934 ], [ 49.611233753524779, 25.421543108094934 ], [ 49.611233628002239, 25.421543102525558 ] ] ] } },
{ "type": "Feature", "properties": { "confidence": 0.50949126, "class": "Class1", "id": 379 }, "geometry": { "type": "Polygon", "coordinates": [ [ [ 49.611638641563488, 25.422080890775476 ], [ 49.611638635396957, 25.422080777408269 ], [ 49.611638635396957, 25.422020453541577 ], [ 49.611638641563488, 25.42202034017437 ], [ 49.611638767086028, 25.422020334604994 ], [ 49.611708241142274, 25.422020334604994 ], [ 49.611708366664814, 25.42202034017437 ], [ 49.611708372831345, 25.422020453541577 ], [ 49.611708372831345, 25.422080777408269 ], [ 49.611708366664814, 25.422080890775476 ], [ 49.611708241142274, 25.422080896344852 ], [ 49.611638767086028, 25.422080896344852 ], [ 49.611638641563488, 25.422080890775476 ] ] ] } },
{ "type": "Feature", "properties": { "confidence": 0.50948054, "class": "Class1", "id": 380 }, "geometry": { "type": "Polygon", "coordinates": [ [ [ 49.612545228210521, 25.423379334477982 ], [ 49.612545222043991, 25.423379221110775 ], [ 49.612545222043991, 25.423314052304892 ], [ 49.612545228210521, 25.423313938937685 ], [ 49.612545353733061, 25.423313933368313 ], [ 49.612563865818025, 25.423313933368313 ], [ 49.612563991340565, 25.423313938937685 ], [ 49.612563997507095, 25.423314052304892 ], [ 49.612563997507095, 25.423379221110775 ], [ 49.612563991340565, 25.423379334477982 ], [ 49.612563865818025, 25.423379340047354 ], [ 49.612545353733061, 25.423379340047354 ], [ 49.612545228210521, 25.423379334477982 ] ] ] } },
{ "type": "Feature", "properties": { "confidence": 0.50681156, "class": "Class1", "id": 381 }, "geometry": { "type": "Polygon", "coordinates": [ [ [ 49.610643542018963, 25.421656958596486 ], [ 49.610643535852432, 25.421656845229279 ], [ 49.610643535852432, 25.421603788771368 ], [ 49.610643542018963, 25.42160367540416 ], [ 49.610643667541503, 25.421603669834788 ], [ 49.610705094970704, 25.421603669834788 ], [ 49.610705220493244, 25.42160367540416 ], [ 49.610705226659775, 25.421603788771368 ], [ 49.610705226659775, 25.421656845229279 ], [ 49.610705220493244, 25.421656958596486 ], [ 49.610705094970704, 25.421656964165862 ], [ 49.610643667541503, 25.421656964165862 ], [ 49.610643542018963, 25.421656958596486 ] ] ] } },
{ "type": "Feature", "properties": { "confidence": 0.50616449, "class": "Class1", "id": 382 }, "geometry": { "type": "Polygon", "coordinates": [ [ [ 49.611367738452984, 25.42163515637014 ], [ 49.611367732286453, 25.421635043002933 ], [ 49.611367732286453, 25.421603788771368 ], [ 49.611367738452984, 25.42160367540416 ], [ 49.611367863975524, 25.421603669834788 ], [ 49.61143197361374, 25.421603669834788 ], [ 49.61143209913628, 25.42160367540416 ], [ 49.611432105302811, 25.421603788771368 ], [ 49.611432105302811, 25.421635043002933 ], [ 49.61143209913628, 25.42163515637014 ], [ 49.61143197361374, 25.421635161939513 ], [ 49.611367863975524, 25.421635161939513 ], [ 49.611367738452984, 25.42163515637014 ] ] ] } },
{ "type": "Feature", "properties": { "confidence": 0.50588155, "class": "Class1", "id": 383 }, "geometry": { "type": "Polygon", "coordinates": [ [ [ 49.61220458766563, 25.421567327221499 ], [ 49.6122045814991, 25.421567213854292 ], [ 49.6122045814991, 25.421509312457193 ], [ 49.61220458766563, 25.421509199089986 ], [ 49.61220471318817, 25.421509193520613 ], [ 49.612217860855104, 25.421509193520613 ], [ 49.612217986377644, 25.421509199089986 ], [ 49.612217992544174, 25.421509312457193 ], [ 49.612217992544174, 25.421567213854292 ], [ 49.612217986377644, 25.421567327221499 ], [ 49.612217860855104, 25.421567332790875 ], [ 49.61220471318817, 25.421567332790875 ], [ 49.61220458766563, 25.421567327221499 ] ] ] } },
{ "type": "Feature", "properties": { "confidence": 0.504704, "class": "Class1", "id": 384 }, "geometry": { "type": "Polygon", "coordinates": [ [ [ 49.612274325100017, 25.422877883271976 ], [ 49.612274318933487, 25.422877769904769 ], [ 49.612274318933487, 25.422829558386049 ], [ 49.612274325100017, 25.422829445018841 ], [ 49.612274450622557, 25.422829439449465 ], [ 49.612341242469789, 25.422829439449465 ], [ 49.612341367992329, 25.422829445018841 ], [ 49.612341374158859, 25.422829558386049 ], [ 49.612341374158859, 25.422877769904769 ], [ 49.612341367992329, 25.422877883271976 ], [ 49.612341242469789, 25.422877888841352 ], [ 49.612274450622557, 25.422877888841352 ], [ 49.612274325100017, 25.422877883271976 ] ] ] } },
{ "type": "Feature", "properties": { "confidence": 0.50292236, "class": "Class1", "id": 385 }, "geometry": { "type": "Polygon", "coordinates": [ [ [ 49.612663245407177, 25.421128860224947 ], [ 49.612663239240646, 25.42112874685774 ], [ 49.612663239240646, 25.421066000521449 ], [ 49.612663245407177, 25.421065887154242 ], [ 49.612663370929717, 25.42106588158487 ], [ 49.612732844985963, 25.42106588158487 ], [ 49.612732970508503, 25.421065887154242 ], [ 49.612732976675034, 25.421066000521449 ], [ 49.612732976675034, 25.42112874685774 ], [ 49.612732970508503, 25.421128860224947 ], [ 49.612732844985963, 25.421128865794319 ], [ 49.612663370929717, 25.421128865794319 ], [ 49.612663245407177, 25.421128860224947 ] ] ] } },
{ "type": "Feature", "properties": { "confidence": 0.72943527, "class": "Class1", "id": 386 }, "geometry": { "type": "Polygon", "coordinates": [ [ [ 49.613261378017498, 25.422255308586262 ], [ 49.613261371850967, 25.422255195219055 ], [ 49.613261371850967, 25.422202138761143 ], [ 49.613261378017498, 25.422202025393936 ], [ 49.613261503540038, 25.42220201982456 ], [ 49.61332293096924, 25.42220201982456 ], [ 49.61332305649178, 25.422202025393936 ], [ 49.61332306265831, 25.422202138761143 ], [ 49.61332306265831, 25.422255195219055 ], [ 49.61332305649178, 25.422255308586262 ], [ 49.61332293096924, 25.422255314155635 ], [ 49.613261503540038, 25.422255314155635 ], [ 49.613261378017498, 25.422255308586262 ] ] ] } },
{ "type": "Feature", "properties": { "confidence": 0.71141326, "class": "Class1", "id": 387 }, "geometry": { "type": "Polygon", "coordinates": [ [ [ 49.613258695808483, 25.421613354143791 ], [ 49.613258689641953, 25.421613240776583 ], [ 49.613258689641953, 25.421555339379484 ], [ 49.613258695808483, 25.421555226012277 ], [ 49.613258821331023, 25.421555220442904 ], [ 49.61332293096924, 25.421555220442904 ], [ 49.61332305649178, 25.421555226012277 ], [ 49.61332306265831, 25.421555339379484 ], [ 49.61332306265831, 25.421613240776583 ], [ 49.61332305649178, 25.421613354143791 ], [ 49.61332293096924, 25.421613359713167 ], [ 49.613258821331023, 25.421613359713167 ], [ 49.613258695808483, 25.421613354143791 ] ] ] } },
{ "type": "Feature", "properties": { "confidence": 0.69680077, "class": "Class1", "id": 388 }, "geometry": { "type": "Polygon", "coordinates": [ [ [ 49.613301611152721, 25.421436513863412 ], [ 49.613301604986191, 25.421436400496205 ], [ 49.613301604986191, 25.421380921568701 ], [ 49.613301611152721, 25.421380808201494 ], [ 49.613301736675261, 25.421380802632118 ], [ 49.613363164104463, 25.421380802632118 ], [ 49.613363289627003, 25.421380808201494 ], [ 49.613363295793533, 25.421380921568701 ], [ 49.613363295793533, 25.421436400496205 ], [ 49.613363289627003, 25.421436513863412 ], [ 49.613363164104463, 25.421436519432785 ], [ 49.613301736675261, 25.421436519432785 ], [ 49.613301611152721, 25.421436513863412 ] ] ] } },
{ "type": "Feature", "properties": { "confidence": 0.67782742, "class": "Class1", "id": 389 }, "geometry": { "type": "Polygon", "coordinates": [ [ [ 49.61332843324287, 25.421727210214719 ], [ 49.61332842707634, 25.421727096847512 ], [ 49.61332842707634, 25.421669195450413 ], [ 49.61332843324287, 25.421669082083206 ], [ 49.61332855876541, 25.421669076513833 ], [ 49.613392668403627, 25.421669076513833 ], [ 49.613392793926167, 25.421669082083206 ], [ 49.613392800092697, 25.421669195450413 ], [ 49.613392800092697, 25.421727096847512 ], [ 49.613392793926167, 25.421727210214719 ], [ 49.613392668403627, 25.421727215784095 ], [ 49.61332855876541, 25.421727215784095 ], [ 49.61332843324287, 25.421727210214719 ] ] ] } },
{ "type": "Feature", "properties": { "confidence": 0.63223517, "class": "Class1", "id": 390 }, "geometry": { "type": "Polygon", "coordinates": [ [ [ 49.613044119087292, 25.421998526809272 ], [ 49.613044112920761, 25.421998413442065 ], [ 49.613044112920761, 25.421940512044966 ], [ 49.613044119087292, 25.421940398677759 ], [ 49.613044244609831, 25.421940393108386 ], [ 49.613108354248048, 25.421940393108386 ], [ 49.613108479770588, 25.421940398677759 ], [ 49.613108485937119, 25.421940512044966 ], [ 49.613108485937119, 25.421998413442065 ], [ 49.613108479770588, 25.421998526809272 ], [ 49.613108354248048, 25.421998532378648 ], [ 49.613044244609831, 25.421998532378648 ], [ 49.613044119087292, 25.421998526809272 ] ] ] } },
{ "type": "Feature", "properties": { "confidence": 0.62960738, "class": "Class1", "id": 391 }, "geometry": { "type": "Polygon", "coordinates": [ [ [ 49.613395488468242, 25.421579439569474 ], [ 49.613395482301712, 25.421579326202263 ], [ 49.613395482301712, 25.421521424805167 ], [ 49.613395488468242, 25.421521311437957 ], [ 49.613395613990782, 25.421521305868584 ], [ 49.613457041419984, 25.421521305868584 ], [ 49.613457166942524, 25.421521311437957 ], [ 49.613457173109055, 25.421521424805167 ], [ 49.613457173109055, 25.421579326202263 ], [ 49.613457166942524, 25.421579439569474 ], [ 49.613457041419984, 25.421579445138846 ], [ 49.613395613990782, 25.421579445138846 ], [ 49.613395488468242, 25.421579439569474 ] ] ] } },
{ "type": "Feature", "properties": { "confidence": 0.61756146, "class": "Class1", "id": 392 }, "geometry": { "type": "Polygon", "coordinates": [ [ [ 49.6132077338372, 25.421811996650518 ], [ 49.61320772767067, 25.421811883283311 ], [ 49.61320772767067, 25.421753981886212 ], [ 49.6132077338372, 25.421753868519005 ], [ 49.61320785935974, 25.421753862949629 ], [ 49.613269286788942, 25.421753862949629 ], [ 49.613269412311482, 25.421753868519005 ], [ 49.613269418478012, 25.421753981886212 ], [ 49.613269418478012, 25.421811883283311 ], [ 49.613269412311482, 25.421811996650518 ], [ 49.613269286788942, 25.421812002219891 ], [ 49.61320785935974, 25.421812002219891 ], [ 49.6132077338372, 25.421811996650518 ] ] ] } },
{ "type": "Feature", "properties": { "confidence": 0.6116721, "class": "Class1", "id": 393 }, "geometry": { "type": "Polygon", "coordinates": [ [ [ 49.613325751033855, 25.421233026417497 ], [ 49.613325744867325, 25.421232913050289 ], [ 49.613325744867325, 25.421177434122786 ], [ 49.613325751033855, 25.421177320755579 ], [ 49.613325876556395, 25.421177315186203 ], [ 49.613387303985597, 25.421177315186203 ], [ 49.613387429508137, 25.421177320755579 ], [ 49.613387435674667, 25.421177434122786 ], [ 49.613387435674667, 25.421232913050289 ], [ 49.613387429508137, 25.421233026417497 ], [ 49.613387303985597, 25.421233031986873 ], [ 49.613325876556395, 25.421233031986873 ], [ 49.613325751033855, 25.421233026417497 ] ] ] } },
{ "type": "Feature", "properties": { "confidence": 0.60165185, "class": "Class1", "id": 394 }, "geometry": { "type": "Polygon", "coordinates": [ [ [ 49.612947559562755, 25.421993681870084 ], [ 49.612947553396225, 25.421993568502877 ], [ 49.612947553396225, 25.421930822166591 ], [ 49.612947559562755, 25.421930708799383 ], [ 49.612947685085295, 25.421930703230007 ], [ 49.613017159141542, 25.421930703230007 ], [ 49.613017284664082, 25.421930708799383 ], [ 49.613017290830612, 25.421930822166591 ], [ 49.613017290830612, 25.421993568502877 ], [ 49.613017284664082, 25.421993681870084 ], [ 49.613017159141542, 25.421993687439457 ], [ 49.612947685085295, 25.421993687439457 ], [ 49.612947559562755, 25.421993681870084 ] ] ] } },
{ "type": "Feature", "properties": { "confidence": 0.56796092, "class": "Class1", "id": 395 }, "geometry": { "type": "Polygon", "coordinates": [ [ [ 49.613277471271587, 25.421351727427616 ], [ 49.613277465105057, 25.421351614060406 ], [ 49.613277465105057, 25.421325204768035 ], [ 49.613277471271587, 25.421325091400824 ], [ 49.613277596794127, 25.421325085831452 ], [ 49.613341706432344, 25.421325085831452 ], [ 49.613341831954884, 25.421325091400824 ], [ 49.613341838121414, 25.421325204768035 ], [ 49.613341838121414, 25.421351614060406 ], [ 49.613341831954884, 25.421351727427616 ], [ 49.613341706432344, 25.421351732996989 ], [ 49.613277596794127, 25.421351732996989 ], [ 49.613277471271587, 25.421351727427616 ] ] ] } },
{ "type": "Feature", "properties": { "confidence": 0.55340374, "class": "Class1", "id": 396 }, "geometry": { "type": "Polygon", "coordinates": [ [ [ 49.613374030796123, 25.421431668924225 ], [ 49.613374024629593, 25.421431555557017 ], [ 49.613374024629593, 25.42137607662951 ], [ 49.613374030796123, 25.421375963262303 ], [ 49.613374156318663, 25.421375957692931 ], [ 49.613435583747865, 25.421375957692931 ], [ 49.613435709270405, 25.421375963262303 ], [ 49.613435715436935, 25.42137607662951 ], [ 49.613435715436935, 25.421431555557017 ], [ 49.613435709270405, 25.421431668924225 ], [ 49.613435583747865, 25.421431674493597 ], [ 49.613374156318663, 25.421431674493597 ], [ 49.613374030796123, 25.421431668924225 ] ] ] } },
{ "type": "Feature", "properties": { "confidence": 0.55006033, "class": "Class1", "id": 397 }, "geometry": { "type": "Polygon", "coordinates": [ [ [ 49.613390124050213, 25.421349304958021 ], [ 49.613390117883682, 25.421349191590814 ], [ 49.613390117883682, 25.421327627237627 ], [ 49.613390124050213, 25.42132751387042 ], [ 49.613390381103201, 25.421327502465104 ], [ 49.613390888723906, 25.42132745802035 ], [ 49.613391389377391, 25.42132737023913 ], [ 49.613391878538486, 25.421327239914852 ], [ 49.613392351785926, 25.421327068225448 ], [ 49.613392804842256, 25.421326856722732 ], [ 49.613393233612548, 25.421326607318374 ], [ 49.61339363422136, 25.421326322266605 ], [ 49.613394003047794, 25.421326004143864 ], [ 49.613394336758212, 25.421325655825505 ], [ 49.613394632336373, 25.421325280459794 ], [ 49.613394887110715, 25.421324881439475 ], [ 49.61339509877844, 25.421324462371082 ], [ 49.613395265426405, 25.421324027042367 ], [ 49.613395385548365, 25.421323579388037 ], [ 49.613395458058598, 25.421323123454219 ], [ 49.613395482301712, 25.421322663361856 ], [ 49.613395482301712, 25.421286445254527 ], [ 49.613395488468242, 25.42128633188732 ], [ 49.613395613990782, 25.421286326317944 ], [ 49.613457041419984, 25.421286326317944 ], [ 49.613457166942524, 25.42128633188732 ], [ 49.613457173109055, 25.421286445254527 ], [ 49.613457173109055, 25.42134192418203 ], [ 49.613457166942524, 25.421342037549238 ], [ 49.613456909889535, 25.421342048954553 ], [ 49.613456402268831, 25.421342093399307 ], [ 49.613455901615346, 25.421342181180528 ], [ 49.61345541245425, 25.421342311504805 ], [ 49.613454939206811, 25.421342483194209 ], [ 49.613454486150481, 25.421342694696925 ], [ 49.613454057380189, 25.421342944101287 ], [ 49.613453656771377, 25.421343229153052 ], [ 49.613453287944942, 25.421343547275793 ], [ 49.613452954234525, 25.421343895594152 ], [ 49.613452658656364, 25.421344270959864 ], [ 49.613452403882022, 25.421344669980183 ], [ 49.613452192214297, 25.421345089048575 ], [ 49.613452025566332, 25.421345524377291 ], [ 49.613451905444371, 25.42134597203162 ], [ 49.613451832934139, 25.421346427965439 ], [ 49.613451808691025, 25.421346888057801 ], [ 49.613451808691025, 25.421349191590814 ], [ 49.613451802524494, 25.421349304958021 ], [ 49.613451677001954, 25.421349310527393 ], [ 49.613390249572753, 25.421349310527393 ], [ 49.613390124050213, 25.421349304958021 ] ] ] } },
{ "type": "Feature", "properties": { "confidence": 0.5490728, "class": "Class1", "id": 398 }, "geometry": { "type": "Polygon", "coordinates": [ [ [ 49.613306975570751, 25.421150662451293 ], [ 49.613306969404221, 25.421150549084086 ], [ 49.613306969404221, 25.421087802747799 ], [ 49.613306975570751, 25.421087689380592 ], [ 49.613307101093291, 25.421087683811219 ], [ 49.613376575149537, 25.421087683811219 ], [ 49.613376700672077, 25.421087689380592 ], [ 49.613376706838608, 25.421087802747799 ], [ 49.613376706838608, 25.421150549084086 ], [ 49.613376700672077, 25.421150662451293 ], [ 49.613376575149537, 25.421150668020669 ], [ 49.613307101093291, 25.421150668020669 ], [ 49.613306975570751, 25.421150662451293 ] ] ] } },
{ "type": "Feature", "properties": { "confidence": 0.54901385, "class": "Class1", "id": 399 }, "geometry": { "type": "Polygon", "coordinates": [ [ [ 49.612993157116009, 25.421860446042402 ], [ 49.612993150949478, 25.421860332675195 ], [ 49.612993150949478, 25.421795163869312 ], [ 49.612993157116009, 25.421795050502105 ], [ 49.612993282638548, 25.421795044932733 ], [ 49.61306543890381, 25.421795044932733 ], [ 49.61306556442635, 25.421795050502105 ], [ 49.61306557059288, 25.421795163869312 ], [ 49.61306557059288, 25.421860332675195 ], [ 49.61306556442635, 25.421860446042402 ], [ 49.61306543890381, 25.421860451611774 ], [ 49.612993282638548, 25.421860451611774 ], [ 49.612993157116009, 25.421860446042402 ] ] ] } },
{ "type": "Feature", "properties": { "confidence": 0.52771217, "class": "Class1", "id": 400 }, "geometry": { "type": "Polygon", "coordinates": [ [ [ 49.612920737472606, 25.421390486941121 ], [ 49.612920731306076, 25.421390373573914 ], [ 49.612920731306076, 25.421332472176815 ], [ 49.612920737472606, 25.421332358809607 ], [ 49.612920862995146, 25.421332353240235 ], [ 49.612982290424348, 25.421332353240235 ], [ 49.612982415946888, 25.421332358809607 ], [ 49.612982422113419, 25.421332472176815 ], [ 49.612982422113419, 25.421390373573914 ], [ 49.612982415946888, 25.421390486941121 ], [ 49.612982290424348, 25.421390492510497 ], [ 49.612920862995146, 25.421390492510497 ], [ 49.612920737472606, 25.421390486941121 ] ] ] } },
{ "type": "Feature", "properties": { "confidence": 0.51722038, "class": "Class1", "id": 401 }, "geometry": { "type": "Polygon", "coordinates": [ [ [ 49.613274789062572, 25.421945232478201 ], [ 49.613274782896042, 25.421945119110994 ], [ 49.613274782896042, 25.421928399696995 ], [ 49.613274789062572, 25.421928286329788 ], [ 49.613274914585112, 25.421928280760415 ], [ 49.613344388641359, 25.421928280760415 ], [ 49.613344514163899, 25.421928286329788 ], [ 49.613344520330429, 25.421928399696995 ], [ 49.613344520330429, 25.421945119110994 ], [ 49.613344514163899, 25.421945232478201 ], [ 49.613344388641359, 25.421945238047574 ], [ 49.613274914585112, 25.421945238047574 ], [ 49.613274789062572, 25.421945232478201 ] ] ] } },
{ "type": "Feature", "properties": { "confidence": 0.51425284, "class": "Class1", "id": 402 }, "geometry": { "type": "Polygon", "coordinates": [ [ [ 49.612982428279949, 25.421228181478309 ], [ 49.612982422113419, 25.421228068111102 ], [ 49.612982422113419, 25.421167744244407 ], [ 49.612982428279949, 25.4211676308772 ], [ 49.612982553802489, 25.421167625307827 ], [ 49.613046663440706, 25.421167625307827 ], [ 49.613046788963246, 25.4211676308772 ], [ 49.613046795129776, 25.421167744244407 ], [ 49.613046795129776, 25.421228068111102 ], [ 49.613046788963246, 25.421228181478309 ], [ 49.613046663440706, 25.421228187047682 ], [ 49.612982553802489, 25.421228187047682 ], [ 49.612982428279949, 25.421228181478309 ] ] ] } },
{ "type": "Feature", "properties": { "confidence": 0.80227059, "class": "Class1", "id": 403 }, "geometry": { "type": "Polygon", "coordinates": [ [ [ 49.612301147190166, 25.420787292012161 ], [ 49.612301141023636, 25.420787178644954 ], [ 49.612301141023636, 25.420734122187042 ], [ 49.612301147190166, 25.420734008819835 ], [ 49.612301272712706, 25.420734003250459 ], [ 49.612360017932893, 25.420734003250459 ], [ 49.612360143455433, 25.420734008819835 ], [ 49.612360149621964, 25.420734122187042 ], [ 49.612360149621964, 25.420787178644954 ], [ 49.612360143455433, 25.420787292012161 ], [ 49.612360017932893, 25.420787297581533 ], [ 49.612301272712706, 25.420787297581533 ], [ 49.612301147190166, 25.420787292012161 ] ] ] } },
{ "type": "Feature", "properties": { "confidence": 0.79142988, "class": "Class1", "id": 404 }, "geometry": { "type": "Polygon", "coordinates": [ [ [ 49.612311876026226, 25.420855121160798 ], [ 49.612311869859695, 25.420855007793591 ], [ 49.612311869859695, 25.42080195133568 ], [ 49.612311876026226, 25.420801837968472 ], [ 49.612312001548766, 25.4208018323991 ], [ 49.612370746768953, 25.4208018323991 ], [ 49.612370872291493, 25.420801837968472 ], [ 49.612370878458023, 25.42080195133568 ], [ 49.612370878458023, 25.420855007793591 ], [ 49.612370872291493, 25.420855121160798 ], [ 49.612370746768953, 25.420855126730171 ], [ 49.612312001548766, 25.420855126730171 ], [ 49.612311876026226, 25.420855121160798 ] ] ] } },
{ "type": "Feature", "properties": { "confidence": 0.77547568, "class": "Class1", "id": 405 }, "geometry": { "type": "Polygon", "coordinates": [ [ [ 49.612220680919719, 25.42078244707297 ], [ 49.612220674753189, 25.420782333705763 ], [ 49.612220674753189, 25.420726854778259 ], [ 49.612220680919719, 25.420726741411052 ], [ 49.612220806442259, 25.420726735841679 ], [ 49.612279551662446, 25.420726735841679 ], [ 49.612279677184986, 25.420726741411052 ], [ 49.612279683351517, 25.420726854778259 ], [ 49.612279683351517, 25.420782333705763 ], [ 49.612279677184986, 25.42078244707297 ], [ 49.612279551662446, 25.420782452642346 ], [ 49.612220806442259, 25.420782452642346 ], [ 49.612220680919719, 25.42078244707297 ] ] ] } },
{ "type": "Feature", "properties": { "confidence": 0.74561048, "class": "Class1", "id": 406 }, "geometry": { "type": "Polygon", "coordinates": [ [ [ 49.610651588646007, 25.421041651319555 ], [ 49.610651582479477, 25.421041537952345 ], [ 49.610651582479477, 25.420983636555246 ], [ 49.61065158874333, 25.420983521398739 ], [ 49.610651673156973, 25.42098348534028 ], [ 49.610652137434755, 25.420983261210083 ], [ 49.610652575152812, 25.420982997058772 ], [ 49.610652982095687, 25.420982695430272 ], [ 49.610653354344301, 25.420982359229424 ], [ 49.61065368831369, 25.420981991694031 ], [ 49.610653980787546, 25.42098159636366 ], [ 49.610654228949187, 25.420981177045554 ], [ 49.610654268873866, 25.420981100806348 ], [ 49.610654396377562, 25.42098109514907 ], [ 49.610726552642824, 25.42098109514907 ], [ 49.610726678165364, 25.420981100718446 ], [ 49.610726684331894, 25.420981214085653 ], [ 49.610726684331894, 25.421017313256403 ], [ 49.610726678165364, 25.42101742662361 ], [ 49.610726552642824, 25.421017432192986 ], [ 49.610724002122879, 25.421017432192986 ], [ 49.610723476317965, 25.421017455522691 ], [ 49.61072295557684, 25.421017525287134 ], [ 49.610722444914522, 25.421017640814441 ], [ 49.610721949248976, 25.421017800992022 ], [ 49.610721473353728, 25.421018004277279 ], [ 49.610721021811905, 25.421018248712464 ], [ 49.610720598972108, 25.421018531943535 ], [ 49.610720208906514, 25.42101885124282 ], [ 49.610719855371663, 25.421019203535291 ], [ 49.610719541772298, 25.42101958542818 ], [ 49.610719271128545, 25.42101999324365 ], [ 49.61071904604686, 25.421020423054216 ], [ 49.610718868694889, 25.421020870720564 ], [ 49.610718740780641, 25.421021331931428 ], [ 49.610718663535991, 25.42102180224509 ], [ 49.610718637704849, 25.421022277132174 ], [ 49.610718637704849, 25.421041537952345 ], [ 49.610718631538319, 25.421041651319555 ], [ 49.610718506015779, 25.421041656888928 ], [ 49.610651714168547, 25.421041656888928 ], [ 49.610651588646007, 25.421041651319555 ] ] ] } },
{ "type": "Feature", "properties": { "confidence": 0.73983067, "class": "Class1", "id": 407 }, "geometry": { "type": "Polygon", "coordinates": [ [ [ 49.612700796333385, 25.420872078447957 ], [ 49.612700790166855, 25.42087196508075 ], [ 49.612700790166855, 25.420816486153246 ], [ 49.612700796333385, 25.420816372786039 ], [ 49.612700921855925, 25.420816367216663 ], [ 49.612762349285127, 25.420816367216663 ], [ 49.612762474807667, 25.420816372786039 ], [ 49.612762480974197, 25.420816486153246 ], [ 49.612762480974197, 25.42087196508075 ], [ 49.612762474807667, 25.420872078447957 ], [ 49.612762349285127, 25.420872084017333 ], [ 49.612700921855925, 25.420872084017333 ], [ 49.612700796333385, 25.420872078447957 ] ] ] } },
{ "type": "Feature", "properties": { "confidence": 0.7132194, "class": "Class1", "id": 408 }, "geometry": { "type": "Polygon", "coordinates": [ [ [ 49.612022197452617, 25.420840586343232 ], [ 49.612022191286087, 25.420840472976025 ], [ 49.612022191286087, 25.420780149109333 ], [ 49.612022197452617, 25.420780035742126 ], [ 49.612022322975157, 25.42078003017275 ], [ 49.612086432613374, 25.42078003017275 ], [ 49.612086558135914, 25.420780035742126 ], [ 49.612086564302444, 25.420780149109333 ], [ 49.612086564302444, 25.420838050506433 ], [ 49.612086558038591, 25.420838165662943 ], [ 49.612086473624949, 25.420838201721399 ], [ 49.612086009347166, 25.420838425851596 ], [ 49.612085571629109, 25.420838690002906 ], [ 49.612085164686235, 25.42083899163141 ], [ 49.612084792437621, 25.420839327832255 ], [ 49.612084458468232, 25.420839695367647 ], [ 49.612084165994375, 25.420840090698018 ], [ 49.612083917832734, 25.420840510016124 ], [ 49.612083877908056, 25.420840586255331 ], [ 49.612083750404359, 25.420840591912608 ], [ 49.612022322975157, 25.420840591912608 ], [ 49.612022197452617, 25.420840586343232 ] ] ] } },
{ "type": "Feature", "properties": { "confidence": 0.7073307, "class": "Class1", "id": 409 }, "geometry": { "type": "Polygon", "coordinates": [ [ [ 49.61257205030067, 25.420663746062854 ], [ 49.61257204413414, 25.420663632695646 ], [ 49.61257204413414, 25.420605731298547 ], [ 49.61257205030067, 25.42060561793134 ], [ 49.61257217582321, 25.420605612361967 ], [ 49.612636285461427, 25.420605612361967 ], [ 49.612636410983967, 25.42060561793134 ], [ 49.612636417150497, 25.420605731298547 ], [ 49.612636417150497, 25.420663632695646 ], [ 49.612636410983967, 25.420663746062854 ], [ 49.612636285461427, 25.42066375163223 ], [ 49.61257217582321, 25.42066375163223 ], [ 49.61257205030067, 25.420663746062854 ] ] ] } },
{ "type": "Feature", "properties": { "confidence": 0.70346171, "class": "Class1", "id": 410 }, "geometry": { "type": "Polygon", "coordinates": [ [ [ 49.612816131321026, 25.420876923387148 ], [ 49.612816125154495, 25.420876810019937 ], [ 49.612816125154495, 25.420818908622842 ], [ 49.612816131321026, 25.420818795255631 ], [ 49.612816256843566, 25.420818789686258 ], [ 49.612883048690797, 25.420818789686258 ], [ 49.612883174213337, 25.420818795255631 ], [ 49.612883180379868, 25.420818908622842 ], [ 49.612883180379868, 25.420876810019937 ], [ 49.612883174213337, 25.420876923387148 ], [ 49.612883048690797, 25.42087692895652 ], [ 49.612816256843566, 25.42087692895652 ], [ 49.612816131321026, 25.420876923387148 ] ] ] } },
{ "type": "Feature", "properties": { "confidence": 0.67861611, "class": "Class1", "id": 411 }, "geometry": { "type": "Polygon", "coordinates": [ [ [ 49.612140214649273, 25.420704928045957 ], [ 49.612140208482742, 25.42070481467875 ], [ 49.612140208482742, 25.420649335751243 ], [ 49.612140214649273, 25.420649222384036 ], [ 49.612140340171813, 25.420649216814663 ], [ 49.612140933874755, 25.420649216814663 ], [ 49.612141485878958, 25.42064919109578 ], [ 49.612142032022639, 25.420649114212182 ], [ 49.612142566507501, 25.420648986980126 ], [ 49.612143083659021, 25.420648810750411 ], [ 49.6121435779867, 25.420648587394034 ], [ 49.61214404424237, 25.420648319282325 ], [ 49.612144477475873, 25.420648009261775 ], [ 49.612144873087665, 25.420647660623807 ], [ 49.612145226877601, 25.420647277069847 ], [ 49.612145535089574, 25.420646862672008 ], [ 49.612145576667508, 25.420646800020918 ], [ 49.612145704589842, 25.420646794345068 ], [ 49.612209814228059, 25.420646794345068 ], [ 49.612209939750599, 25.420646799914444 ], [ 49.61220994591713, 25.420646913281651 ], [ 49.61220994591713, 25.42070481467875 ], [ 49.612209939750599, 25.420704928045957 ], [ 49.612209814228059, 25.42070493361533 ], [ 49.612140340171813, 25.42070493361533 ], [ 49.612140214649273, 25.420704928045957 ] ] ] } },
{ "type": "Feature", "properties": { "confidence": 0.66569716, "class": "Class1", "id": 412 }, "geometry": { "type": "Polygon", "coordinates": [ [ [ 49.612148261276317, 25.420845431282423 ], [ 49.612148255109787, 25.420845317915212 ], [ 49.612148255109787, 25.420792261457304 ], [ 49.612148261276317, 25.420792148090097 ], [ 49.612148386798857, 25.420792142520721 ], [ 49.612207132019044, 25.420792142520721 ], [ 49.612207257541584, 25.420792148090097 ], [ 49.612207263708115, 25.420792261457304 ], [ 49.612207263708115, 25.420845317915212 ], [ 49.612207257541584, 25.420845431282423 ], [ 49.612207132019044, 25.420845436851796 ], [ 49.612148386798857, 25.420845436851796 ], [ 49.612148261276317, 25.420845431282423 ] ] ] } },
{ "type": "Feature", "properties": { "confidence": 0.65336561, "class": "Class1", "id": 413 }, "geometry": { "type": "Polygon", "coordinates": [ [ [ 49.612362837997509, 25.420685548289203 ], [ 49.612362831830978, 25.420685434921996 ], [ 49.612362831830978, 25.420629955994489 ], [ 49.612362837997509, 25.420629842627282 ], [ 49.612362963520049, 25.420629837057909 ], [ 49.612424390949251, 25.420629837057909 ], [ 49.612424516471791, 25.420629842627282 ], [ 49.612424522638321, 25.420629955994489 ], [ 49.612424522638321, 25.420685434921996 ], [ 49.612424516471791, 25.420685548289203 ], [ 49.612424390949251, 25.420685553858576 ], [ 49.612362963520049, 25.420685553858576 ], [ 49.612362837997509, 25.420685548289203 ] ] ] } },
{ "type": "Feature", "properties": { "confidence": 0.64882022, "class": "Class1", "id": 414 }, "geometry": { "type": "Polygon", "coordinates": [ [ [ 49.611880040374828, 25.420833318934449 ], [ 49.611880034208298, 25.420833205567241 ], [ 49.611880034208298, 25.420777726639738 ], [ 49.611880040374828, 25.420777613272531 ], [ 49.611880165897368, 25.420777607703158 ], [ 49.61194159332657, 25.420777607703158 ], [ 49.61194171884911, 25.420777613272531 ], [ 49.61194172501564, 25.420777726639738 ], [ 49.61194172501564, 25.420833205567241 ], [ 49.61194171884911, 25.420833318934449 ], [ 49.61194159332657, 25.420833324503825 ], [ 49.611880165897368, 25.420833324503825 ], [ 49.611880040374828, 25.420833318934449 ] ] ] } },
{ "type": "Feature", "properties": { "confidence": 0.64292395, "class": "Class1", "id": 415 }, "geometry": { "type": "Polygon", "coordinates": [ [ [ 49.611955142227245, 25.420777602133782 ], [ 49.611955136060715, 25.420777488766575 ], [ 49.611955136060715, 25.420722009839071 ], [ 49.611955142227245, 25.420721896471864 ], [ 49.611955267749785, 25.420721890902488 ], [ 49.612016695178987, 25.420721890902488 ], [ 49.612016820701527, 25.420721896471864 ], [ 49.612016826868057, 25.420722009839071 ], [ 49.612016826868057, 25.420777488766575 ], [ 49.612016820701527, 25.420777602133782 ], [ 49.612016695178987, 25.420777607703158 ], [ 49.611955267749785, 25.420777607703158 ], [ 49.611955142227245, 25.420777602133782 ] ] ] } },
{ "type": "Feature", "properties": { "confidence": 0.63702792, "class": "Class1", "id": 416 }, "geometry": { "type": "Polygon", "coordinates": [ [ [ 49.611839807239605, 25.420758222377028 ], [ 49.611839801073074, 25.420758109009821 ], [ 49.611839801073074, 25.420707475021505 ], [ 49.611839807239605, 25.420707361654298 ], [ 49.611839932762145, 25.420707356084925 ], [ 49.611855894327164, 25.420707356084925 ], [ 49.611856420132078, 25.420707332755217 ], [ 49.611856940873203, 25.420707262990778 ], [ 49.611857451535521, 25.420707147463471 ], [ 49.611857947201067, 25.42070698728589 ], [ 49.611858423096315, 25.420706784000629 ], [ 49.611858874638138, 25.420706539565444 ], [ 49.611859297477935, 25.420706256334373 ], [ 49.611859687543529, 25.420705937035091 ], [ 49.61186004107838, 25.42070558474262 ], [ 49.611860354677745, 25.420705202849728 ], [ 49.611860625321498, 25.420704795034258 ], [ 49.611860850403183, 25.420704365223695 ], [ 49.611861027755154, 25.420703917557343 ], [ 49.611861155669402, 25.420703456346484 ], [ 49.611861232914052, 25.420702986032818 ], [ 49.611861258745193, 25.420702511145734 ], [ 49.611861258745193, 25.420692940203939 ], [ 49.611861264911724, 25.420692826836731 ], [ 49.611861390434264, 25.420692821267359 ], [ 49.611922817863466, 25.420692821267359 ], [ 49.611922943386006, 25.420692826836731 ], [ 49.611922949552536, 25.420692940203939 ], [ 49.611922949552536, 25.420700088676142 ], [ 49.611922975383678, 25.420700563563226 ], [ 49.611923052628327, 25.420701033876888 ], [ 49.611923180542576, 25.420701495087751 ], [ 49.611923357894547, 25.4207019427541 ], [ 49.611923582976232, 25.420702372564666 ], [ 49.611923853619984, 25.420702780380136 ], [ 49.61192416721935, 25.420703162273025 ], [ 49.611924520754201, 25.420703514565496 ], [ 49.611924910819795, 25.420703833864781 ], [ 49.611925333659592, 25.420704117095852 ], [ 49.611925785201414, 25.420704361531037 ], [ 49.611926261096663, 25.420704564816294 ], [ 49.611926756762209, 25.420704724993875 ], [ 49.611927267424527, 25.420704840521182 ], [ 49.611927788165652, 25.420704910285622 ], [ 49.611928313970566, 25.42070493361533 ], [ 49.61193622890854, 25.42070493361533 ], [ 49.61193635443108, 25.420704939184702 ], [ 49.61193636059761, 25.420705052551913 ], [ 49.61193636059761, 25.420738729253067 ], [ 49.61193635443108, 25.420738842620274 ], [ 49.61193622890854, 25.42073884818965 ], [ 49.611928313970566, 25.42073884818965 ], [ 49.611927788165652, 25.420738871519355 ], [ 49.611927267424527, 25.420738941283798 ], [ 49.611926756762209, 25.420739056811104 ], [ 49.611926261096663, 25.420739216988686 ], [ 49.611925785201414, 25.420739420273943 ], [ 49.611925333659592, 25.420739664709128 ], [ 49.611924910819795, 25.420739947940199 ], [ 49.611924520754201, 25.420740267239484 ], [ 49.61192416721935, 25.420740619531955 ], [ 49.611923853619984, 25.420741001424844 ], [ 49.611923582976232, 25.420741409240314 ], [ 49.611923357894547, 25.42074183905088 ], [ 49.611923180542576, 25.420742286717228 ], [ 49.611923052628327, 25.420742747928092 ], [ 49.611922975383678, 25.420743218241753 ], [ 49.611922949552536, 25.420743693128838 ], [ 49.611922949552536, 25.420750841601038 ], [ 49.611922943386006, 25.420750954968245 ], [ 49.611922817863466, 25.420750960537621 ], [ 49.611880034208298, 25.420750960537621 ], [ 49.611879508403383, 25.420750983867325 ], [ 49.611878987662259, 25.420751053631768 ], [ 49.611878476999941, 25.420751169159075 ], [ 49.611877981334395, 25.420751329336657 ], [ 49.611877505439146, 25.420751532621914 ], [ 49.611877053897324, 25.420751777057099 ], [ 49.611876631057527, 25.420752060288169 ], [ 49.611876240991933, 25.420752379587455 ], [ 49.611875887457082, 25.420752731879926 ], [ 49.611875573857716, 25.420753113772815 ], [ 49.611875303213964, 25.420753521588285 ], [ 49.611875078132279, 25.420753951398851 ], [ 49.611874900780307, 25.420754399065199 ], [ 49.611874772866059, 25.420754860276062 ], [ 49.61187469562141, 25.420755330589724 ], [ 49.611874669790268, 25.420755805476809 ], [ 49.611874669790268, 25.420758109009821 ], [ 49.611874663623738, 25.420758222377028 ], [ 49.611874538101198, 25.420758227946404 ], [ 49.611839932762145, 25.420758227946404 ], [ 49.611839807239605, 25.420758222377028 ] ] ] } },
{ "type": "Feature", "properties": { "confidence": 0.63107181, "class": "Class1", "id": 417 }, "geometry": { "type": "Polygon", "coordinates": [ [ [ 49.613154089656902, 25.420915682900652 ], [ 49.613154083490372, 25.420915569533445 ], [ 49.613154083490372, 25.420850400727566 ], [ 49.613154089656902, 25.420850287360356 ], [ 49.613154215179442, 25.420850281790983 ], [ 49.613223689235689, 25.420850281790983 ], [ 49.613223814758229, 25.420850287360356 ], [ 49.613223820924759, 25.420850400727566 ], [ 49.613223820924759, 25.420915569533445 ], [ 49.613223814758229, 25.420915682900652 ], [ 49.613223689235689, 25.420915688470028 ], [ 49.613154215179442, 25.420915688470028 ], [ 49.613154089656902, 25.420915682900652 ] ] ] } },
{ "type": "Feature", "properties": { "confidence": 0.6164816, "class": "Class1", "id": 418 }, "geometry": { "type": "Polygon", "coordinates": [ [ [ 49.612137532440258, 25.421325080262079 ], [ 49.612137526273727, 25.421324966894872 ], [ 49.612137526273727, 25.421296135132902 ], [ 49.612137532440258, 25.421296021765695 ], [ 49.612137657962798, 25.421296016196322 ], [ 49.612199085392, 25.421296016196322 ], [ 49.61219921091454, 25.421296021765695 ], [ 49.61219921708107, 25.421296135132902 ], [ 49.61219921708107, 25.421324966894872 ], [ 49.61219921091454, 25.421325080262079 ], [ 49.612199085392, 25.421325085831452 ], [ 49.612137657962798, 25.421325085831452 ], [ 49.612137532440258, 25.421325080262079 ] ] ] } },
{ "type": "Feature", "properties": { "confidence": 0.61635035, "class": "Class1", "id": 419 }, "geometry": { "type": "Polygon", "coordinates": [ [ [ 49.612920737472606, 25.420666168532449 ], [ 49.612920731306076, 25.420666055165242 ], [ 49.612920731306076, 25.420610576237735 ], [ 49.612920737472606, 25.420610462870528 ], [ 49.612920862995146, 25.420610457301155 ], [ 49.612982290424348, 25.420610457301155 ], [ 49.612982415946888, 25.420610462870528 ], [ 49.612982422113419, 25.420610576237735 ], [ 49.612982422113419, 25.420666055165242 ], [ 49.612982415946888, 25.420666168532449 ], [ 49.612982290424348, 25.420666174101822 ], [ 49.612920862995146, 25.420666174101822 ], [ 49.612920737472606, 25.420666168532449 ] ] ] } },
{ "type": "Feature", "properties": { "confidence": 0.61150378, "class": "Class1", "id": 420 }, "geometry": { "type": "Polygon", "coordinates": [ [ [ 49.612298464981151, 25.42071946286352 ], [ 49.612298458814621, 25.420719349496313 ], [ 49.612298458814621, 25.420666293038405 ], [ 49.612298464981151, 25.420666179671198 ], [ 49.612298590503691, 25.420666174101822 ], [ 49.612357335723878, 25.420666174101822 ], [ 49.612357461246418, 25.420666179671198 ], [ 49.612357467412949, 25.420666293038405 ], [ 49.612357467412949, 25.420719349496313 ], [ 49.612357461246418, 25.42071946286352 ], [ 49.612357335723878, 25.420719468432896 ], [ 49.612298590503691, 25.420719468432896 ], [ 49.612298464981151, 25.42071946286352 ] ] ] } },
{ "type": "Feature", "properties": { "confidence": 0.61044985, "class": "Class1", "id": 421 }, "geometry": { "type": "Polygon", "coordinates": [ [ [ 49.612781262603832, 25.420736420150682 ], [ 49.612781256437302, 25.420736306783475 ], [ 49.612781256437302, 25.420707475021505 ], [ 49.612781262603832, 25.420707361654298 ], [ 49.612781388126372, 25.420707356084925 ], [ 49.612783938646317, 25.420707356084925 ], [ 49.612784464451231, 25.420707332755217 ], [ 49.612784985192356, 25.420707262990778 ], [ 49.612785495854673, 25.420707147463471 ], [ 49.612785991520219, 25.42070698728589 ], [ 49.612786467415468, 25.420706784000629 ], [ 49.612786918957291, 25.420706539565444 ], [ 49.612787341797087, 25.420706256334373 ], [ 49.612787731862682, 25.420705937035091 ], [ 49.612788085397533, 25.42070558474262 ], [ 49.612788398996898, 25.420705202849728 ], [ 49.612788669640651, 25.420704795034258 ], [ 49.612788894722335, 25.420704365223695 ], [ 49.612789072074307, 25.420703917557343 ], [ 49.612789199988555, 25.420703456346484 ], [ 49.612789277233205, 25.420702986032818 ], [ 49.612789303064346, 25.420702511145734 ], [ 49.612789303064346, 25.420673560447185 ], [ 49.612789309230877, 25.420673447079977 ], [ 49.612789434753417, 25.420673441510605 ], [ 49.612850862182619, 25.420673441510605 ], [ 49.612850987705158, 25.420673447079977 ], [ 49.612850993871689, 25.420673560447185 ], [ 49.612850993871689, 25.420729039374692 ], [ 49.612850987705158, 25.420729152741899 ], [ 49.61285073065217, 25.420729164147215 ], [ 49.612850189387323, 25.420729213102497 ], [ 49.612849656394765, 25.420729311313547 ], [ 49.612849137155109, 25.420729457770491 ], [ 49.612848637007559, 25.420729650967349 ], [ 49.612848161094988, 25.420729888917531 ], [ 49.61284771431108, 25.420730169174266 ], [ 49.612847301249992, 25.420730488855746 ], [ 49.612846926159108, 25.420730844674775 ], [ 49.612846592895394, 25.420731232972564 ], [ 49.6128463048857, 25.420731649756359 ], [ 49.612846065091553, 25.420732090740483 ], [ 49.612845875978692, 25.420732551390415 ], [ 49.612845739491718, 25.42073302696943 ], [ 49.612845657034072, 25.420733512587269 ], [ 49.612845629453659, 25.420734003250459 ], [ 49.612845629453659, 25.420736306783475 ], [ 49.612845623287129, 25.420736420150682 ], [ 49.612845497764589, 25.420736425720055 ], [ 49.612781388126372, 25.420736425720055 ], [ 49.612781262603832, 25.420736420150682 ] ] ] } },
{ "type": "Feature", "properties": { "confidence": 0.60907799, "class": "Class1", "id": 422 }, "geometry": { "type": "Polygon", "coordinates": [ [ [ 49.612636423317028, 25.420709772985145 ], [ 49.612636417150497, 25.420709659617938 ], [ 49.612636417150497, 25.420659025629622 ], [ 49.612636423317028, 25.420658912262414 ], [ 49.612636548839568, 25.420658906693038 ], [ 49.61269261185074, 25.420658906693038 ], [ 49.61269273737328, 25.420658912262414 ], [ 49.61269274353981, 25.420659025629622 ], [ 49.61269274353981, 25.420709659617938 ], [ 49.61269273737328, 25.420709772985145 ], [ 49.61269261185074, 25.420709778554517 ], [ 49.612636548839568, 25.420709778554517 ], [ 49.612636423317028, 25.420709772985145 ] ] ] } },
{ "type": "Feature", "properties": { "confidence": 0.60234791, "class": "Class1", "id": 423 }, "geometry": { "type": "Polygon", "coordinates": [ [ [ 49.612732982841564, 25.420644366306099 ], [ 49.612732976675034, 25.420644252938892 ], [ 49.612732976675034, 25.420586351541793 ], [ 49.612732982841564, 25.420586238174586 ], [ 49.612733108364104, 25.420586232605213 ], [ 49.612794535793306, 25.420586232605213 ], [ 49.612794661315846, 25.420586238174586 ], [ 49.612794667482376, 25.420586351541793 ], [ 49.612794667482376, 25.420644252938892 ], [ 49.612794661315846, 25.420644366306099 ], [ 49.612794535793306, 25.420644371875476 ], [ 49.612733108364104, 25.420644371875476 ], [ 49.612732982841564, 25.420644366306099 ] ] ] } },
{ "type": "Feature", "properties": { "confidence": 0.50530219, "class": "Class1", "id": 424 }, "geometry": { "type": "Polygon", "coordinates": [ [ [ 49.611598408428264, 25.420733997681086 ], [ 49.611598402261734, 25.420733884313879 ], [ 49.611598402261734, 25.420678405386376 ], [ 49.611598408428264, 25.420678292019169 ], [ 49.611598533950804, 25.420678286449792 ], [ 49.611659961380006, 25.420678286449792 ], [ 49.611660086902546, 25.420678292019169 ], [ 49.611660093069077, 25.420678405386376 ], [ 49.611660093069077, 25.420702511145734 ], [ 49.611660120649489, 25.420703001808928 ], [ 49.611660203107135, 25.420703487426767 ], [ 49.61166033959411, 25.420703963005781 ], [ 49.61166052870697, 25.420704423655714 ], [ 49.611660768501118, 25.420704864639838 ], [ 49.611661056510812, 25.420705281423633 ], [ 49.611661389774525, 25.420705669721421 ], [ 49.61166176486541, 25.420706025540451 ], [ 49.611662177926497, 25.42070634522193 ], [ 49.611662624710405, 25.420706625478665 ], [ 49.611663100622977, 25.420706863428848 ], [ 49.611663600770527, 25.420707056625705 ], [ 49.611664120010182, 25.42070720308265 ], [ 49.611664653002741, 25.420707301293699 ], [ 49.611665194267587, 25.420707350248982 ], [ 49.611665451320576, 25.420707361654298 ], [ 49.611665457487106, 25.420707475021505 ], [ 49.611665457487106, 25.420731461844284 ], [ 49.611665451320576, 25.420731575211494 ], [ 49.611665325798036, 25.420731580780867 ], [ 49.611664732095093, 25.420731580780867 ], [ 49.611664180090891, 25.42073160649975 ], [ 49.611663633947209, 25.420731683383348 ], [ 49.611663099462348, 25.420731810615404 ], [ 49.611662582310828, 25.420731986845116 ], [ 49.611662087983149, 25.420732210201493 ], [ 49.611661621727478, 25.420732478313202 ], [ 49.611661188493976, 25.420732788333755 ], [ 49.611660792882184, 25.420733136971723 ], [ 49.611660439092248, 25.420733520525683 ], [ 49.611660130880274, 25.420733934923522 ], [ 49.61166008930234, 25.420733997574608 ], [ 49.611659961380006, 25.420734003250459 ], [ 49.611598533950804, 25.420734003250459 ], [ 49.611598408428264, 25.420733997681086 ] ] ] } },
{ "type": "Feature", "properties": { "confidence": 0.58729047, "class": "Class1", "id": 425 }, "geometry": { "type": "Polygon", "coordinates": [ [ [ 49.612271642891002, 25.420939907596598 ], [ 49.612271636724472, 25.420939794229387 ], [ 49.612271636724472, 25.420879470362696 ], [ 49.612271642891002, 25.420879356995489 ], [ 49.612271768413542, 25.420879351426116 ], [ 49.612338560260774, 25.420879351426116 ], [ 49.612338685783314, 25.420879356995489 ], [ 49.612338691949844, 25.420879470362696 ], [ 49.612338691949844, 25.420939794229387 ], [ 49.612338685783314, 25.420939907596598 ], [ 49.612338560260774, 25.42093991316597 ], [ 49.612271768413542, 25.42093991316597 ], [ 49.612271642891002, 25.420939907596598 ] ] ] } },
{ "type": "Feature", "properties": { "confidence": 0.58672929, "class": "Class1", "id": 426 }, "geometry": { "type": "Polygon", "coordinates": [ [ [ 49.612625694480968, 25.420876923387148 ], [ 49.612625688314438, 25.420876810019937 ], [ 49.612625688314438, 25.420823753562029 ], [ 49.612625694480968, 25.420823640194822 ], [ 49.612625820003508, 25.420823634625446 ], [ 49.612684565223695, 25.420823634625446 ], [ 49.612684690746235, 25.420823640194822 ], [ 49.612684696912766, 25.420823753562029 ], [ 49.612684696912766, 25.420876810019937 ], [ 49.612684690746235, 25.420876923387148 ], [ 49.612684565223695, 25.42087692895652 ], [ 49.612625820003508, 25.42087692895652 ], [ 49.612625694480968, 25.420876923387148 ] ] ] } },
{ "type": "Feature", "properties": { "confidence": 0.58492333, "class": "Class1", "id": 427 }, "geometry": { "type": "Polygon", "coordinates": [ [ [ 49.612907326427532, 25.420784869542565 ], [ 49.612907320261002, 25.420784756175358 ], [ 49.612907320261002, 25.420726854778259 ], [ 49.612907326427532, 25.420726741411052 ], [ 49.612907451950072, 25.420726735841679 ], [ 49.61294473949814, 25.420726735841679 ], [ 49.61294486502068, 25.420726741411052 ], [ 49.61294487118721, 25.420726854778259 ], [ 49.61294487118721, 25.420736425720055 ], [ 49.612944897018352, 25.420736900607139 ], [ 49.612944974263002, 25.420737370920801 ], [ 49.61294510217725, 25.420737832131664 ], [ 49.612945279529221, 25.420738279798012 ], [ 49.612945504610906, 25.420738709608578 ], [ 49.612945775254659, 25.420739117424048 ], [ 49.612946088854024, 25.420739499316937 ], [ 49.612946442388875, 25.420739851609408 ], [ 49.612946832454469, 25.420740170908694 ], [ 49.612947255294266, 25.420740454139764 ], [ 49.612947706836088, 25.420740698574949 ], [ 49.612948182731337, 25.420740901860206 ], [ 49.612948678396883, 25.420741062037788 ], [ 49.612949189059201, 25.420741177565095 ], [ 49.612949709800326, 25.420741247329538 ], [ 49.61295023560524, 25.420741270659242 ], [ 49.612979608215333, 25.420741270659242 ], [ 49.612979733737873, 25.420741276228618 ], [ 49.612979739904404, 25.420741389595825 ], [ 49.612979739904404, 25.420801713462517 ], [ 49.612979733737873, 25.420801826829724 ], [ 49.612979608215333, 25.4208018323991 ], [ 49.612915498577117, 25.4208018323991 ], [ 49.612915373054577, 25.420801826829724 ], [ 49.612915366888046, 25.420801713462517 ], [ 49.612915366888046, 25.420789720051129 ], [ 49.612915341056905, 25.420789245164045 ], [ 49.612915263812255, 25.420788774850383 ], [ 49.612915135898007, 25.42078831363952 ], [ 49.612914958546035, 25.420787865973171 ], [ 49.612914733464351, 25.420787436162605 ], [ 49.612914462820598, 25.420787028347135 ], [ 49.612914149221233, 25.420786646454246 ], [ 49.612913795686381, 25.420786294161772 ], [ 49.612913405620787, 25.42078597486249 ], [ 49.61291298278099, 25.420785691631419 ], [ 49.612912531239168, 25.420785447196234 ], [ 49.612912055343919, 25.420785243910977 ], [ 49.612911559678373, 25.420785083733396 ], [ 49.612911049016056, 25.420784968206089 ], [ 49.612910528274931, 25.420784898441646 ], [ 49.612910002470016, 25.420784875111938 ], [ 49.612907451950072, 25.420784875111938 ], [ 49.612907326427532, 25.420784869542565 ] ] ] } },
{ "type": "Feature", "properties": { "confidence": 0.5821026, "class": "Class1", "id": 428 }, "geometry": { "type": "Polygon", "coordinates": [ [ [ 49.612561321464611, 25.420949597474973 ], [ 49.61256131529808, 25.420949484107766 ], [ 49.61256131529808, 25.420889160241071 ], [ 49.612561321464611, 25.420889046873864 ], [ 49.612561446987151, 25.420889041304491 ], [ 49.612606781162263, 25.420889041304491 ], [ 49.612606906684803, 25.420889046873864 ], [ 49.612606912851334, 25.420889160241071 ], [ 49.612606912851334, 25.420949484107766 ], [ 49.612606906684803, 25.420949597474973 ], [ 49.612606781162263, 25.420949603044345 ], [ 49.612561446987151, 25.420949603044345 ], [ 49.612561321464611, 25.420949597474973 ] ] ] } },
{ "type": "Feature", "properties": { "confidence": 0.56996346, "class": "Class1", "id": 429 }, "geometry": { "type": "Polygon", "coordinates": [ [ [ 49.612888550964428, 25.420765489785811 ], [ 49.612888544797897, 25.420765376418604 ], [ 49.612888544797897, 25.420709897491101 ], [ 49.612888550964428, 25.420709784123893 ], [ 49.612888676486968, 25.420709778554517 ], [ 49.612907188571931, 25.420709778554517 ], [ 49.612907314094471, 25.420709784123893 ], [ 49.612907320261002, 25.420709897491101 ], [ 49.612907320261002, 25.420765376418604 ], [ 49.612907314094471, 25.420765489785811 ], [ 49.612907188571931, 25.420765495355187 ], [ 49.612888676486968, 25.420765495355187 ], [ 49.612888550964428, 25.420765489785811 ] ] ] } },
{ "type": "Feature", "properties": { "confidence": 0.55708283, "class": "Class1", "id": 430 }, "geometry": { "type": "Polygon", "coordinates": [ [ [ 49.612564003673626, 25.420864811039174 ], [ 49.612563997507095, 25.420864697671966 ], [ 49.612563997507095, 25.420811641214058 ], [ 49.612564003673626, 25.420811527846851 ], [ 49.612564129196166, 25.420811522277475 ], [ 49.612601416744234, 25.420811522277475 ], [ 49.612601542266773, 25.420811527846851 ], [ 49.612601548433304, 25.420811641214058 ], [ 49.612601548433304, 25.420864697671966 ], [ 49.612601542266773, 25.420864811039174 ], [ 49.612601416744234, 25.42086481660855 ], [ 49.612564129196166, 25.42086481660855 ], [ 49.612564003673626, 25.420864811039174 ] ] ] } },
{ "type": "Feature", "properties": { "confidence": 0.55576479, "class": "Class1", "id": 431 }, "geometry": { "type": "Polygon", "coordinates": [ [ [ 49.613065576759411, 25.420772757194595 ], [ 49.61306557059288, 25.420772643827387 ], [ 49.61306557059288, 25.420709897491101 ], [ 49.613065576759411, 25.420709784123893 ], [ 49.613065702281951, 25.420709778554517 ], [ 49.613132494129182, 25.420709778554517 ], [ 49.613132619651722, 25.420709784123893 ], [ 49.613132625818253, 25.420709897491101 ], [ 49.613132625818253, 25.420772643827387 ], [ 49.613132619651722, 25.420772757194595 ], [ 49.613132494129182, 25.420772762763967 ], [ 49.613065702281951, 25.420772762763967 ], [ 49.613065576759411, 25.420772757194595 ] ] ] } },
{ "type": "Feature", "properties": { "confidence": 0.55037165, "class": "Class1", "id": 432 }, "geometry": { "type": "Polygon", "coordinates": [ [ [ 49.612671292034221, 25.420634676427724 ], [ 49.612671285867691, 25.420634563060517 ], [ 49.612671285867691, 25.420581506602606 ], [ 49.612671292034221, 25.420581393235398 ], [ 49.612671417556761, 25.420581387666026 ], [ 49.612730162776948, 25.420581387666026 ], [ 49.612730288299488, 25.420581393235398 ], [ 49.612730294466019, 25.420581506602606 ], [ 49.612730294466019, 25.420634563060517 ], [ 49.612730288299488, 25.420634676427724 ], [ 49.612730162776948, 25.420634681997097 ], [ 49.612671417556761, 25.420634681997097 ], [ 49.612671292034221, 25.420634676427724 ] ] ] } },
{ "type": "Feature", "properties": { "confidence": 0.54035068, "class": "Class1", "id": 433 }, "geometry": { "type": "Polygon", "coordinates": [ [ [ 49.61282417794807, 25.42065647865407 ], [ 49.61282417178154, 25.420656365286863 ], [ 49.61282417178154, 25.420605731298547 ], [ 49.61282417794807, 25.42060561793134 ], [ 49.61282430347061, 25.420605612361967 ], [ 49.612883048690797, 25.420605612361967 ], [ 49.612883174213337, 25.42060561793134 ], [ 49.612883180379868, 25.420605731298547 ], [ 49.612883180379868, 25.420656365286863 ], [ 49.612883174213337, 25.42065647865407 ], [ 49.612883048690797, 25.420656484223446 ], [ 49.61282430347061, 25.420656484223446 ], [ 49.61282417794807, 25.42065647865407 ] ] ] } },
{ "type": "Feature", "properties": { "confidence": 0.53917801, "class": "Class1", "id": 434 }, "geometry": { "type": "Polygon", "coordinates": [ [ [ 49.611499166694713, 25.420750954968245 ], [ 49.611499160528183, 25.420750841601038 ], [ 49.611499160528183, 25.420695362673534 ], [ 49.611499166694713, 25.420695249306327 ], [ 49.611499292217253, 25.420695243736954 ], [ 49.611560719646455, 25.420695243736954 ], [ 49.611560845168995, 25.420695249306327 ], [ 49.611560851335526, 25.420695362673534 ], [ 49.611560851335526, 25.420750841601038 ], [ 49.611560845051102, 25.420750957135645 ], [ 49.611560775682513, 25.420750994687261 ], [ 49.611560357223915, 25.420751245998051 ], [ 49.611559966639334, 25.420751531571565 ], [ 49.611559607356369, 25.420751848901737 ], [ 49.611559282527928, 25.420752195203818 ], [ 49.611558995004565, 25.420752567438804 ], [ 49.611558747309466, 25.420752962340124 ], [ 49.611558541616283, 25.420753376442299 ], [ 49.611558379730106, 25.420753806111342 ], [ 49.611558263071565, 25.420754247576671 ], [ 49.611558192664411, 25.420754696964174 ], [ 49.611558169126511, 25.420755150330219 ], [ 49.611558169126511, 25.420758109009821 ], [ 49.61155816295998, 25.420758222377028 ], [ 49.61155803743744, 25.420758227946404 ], [ 49.611531478725432, 25.420758227946404 ], [ 49.611531353202892, 25.420758222377028 ], [ 49.611531347036362, 25.420758109009821 ], [ 49.611531347036362, 25.420755805476809 ], [ 49.61153132120522, 25.420755330589724 ], [ 49.61153124396057, 25.420754860276062 ], [ 49.611531116046322, 25.420754399065199 ], [ 49.611530938694351, 25.420753951398851 ], [ 49.611530713612666, 25.420753521588285 ], [ 49.611530442968913, 25.420753113772815 ], [ 49.611530129369548, 25.420752731879926 ], [ 49.611529775834697, 25.420752379587455 ], [ 49.611529385769103, 25.420752060288169 ], [ 49.611528962929306, 25.420751777057099 ], [ 49.611528511387483, 25.420751532621914 ], [ 49.611528035492235, 25.420751329336657 ], [ 49.611527539826689, 25.420751169159075 ], [ 49.611527029164371, 25.420751053631768 ], [ 49.611526508423246, 25.420750983867325 ], [ 49.611525982618332, 25.420750960537621 ], [ 49.611499292217253, 25.420750960537621 ], [ 49.611499166694713, 25.420750954968245 ] ] ] } },
{ "type": "Feature", "properties": { "confidence": 0.5322805, "class": "Class1", "id": 435 }, "geometry": { "type": "Polygon", "coordinates": [ [ [ 49.612231409755779, 25.420850276221611 ], [ 49.612231403589249, 25.420850162854403 ], [ 49.612231403589249, 25.420799528866088 ], [ 49.612231409755779, 25.420799415498877 ], [ 49.612231535278319, 25.420799409929504 ], [ 49.612284916080476, 25.420799409929504 ], [ 49.612285041603016, 25.420799415498877 ], [ 49.612285047769547, 25.420799528866088 ], [ 49.612285047769547, 25.420850162854403 ], [ 49.612285041603016, 25.420850276221611 ], [ 49.612284916080476, 25.420850281790983 ], [ 49.612231535278319, 25.420850281790983 ], [ 49.612231409755779, 25.420850276221611 ] ] ] } },
{ "type": "Feature", "properties": { "confidence": 0.52640152, "class": "Class1", "id": 436 }, "geometry": { "type": "Polygon", "coordinates": [ [ [ 49.612891233173443, 25.420598339383812 ], [ 49.612891227006912, 25.420598226016601 ], [ 49.612891227006912, 25.420542747089097 ], [ 49.612891233173443, 25.42054263372189 ], [ 49.612891358695983, 25.420542628152518 ], [ 49.612907188571931, 25.420542628152518 ], [ 49.612907314094471, 25.42054263372189 ], [ 49.612907320261002, 25.420542747089097 ], [ 49.612907320261002, 25.420598226016601 ], [ 49.612907314094471, 25.420598339383812 ], [ 49.612907188571931, 25.420598344953184 ], [ 49.612891358695983, 25.420598344953184 ], [ 49.612891233173443, 25.420598339383812 ] ] ] } },
{ "type": "Feature", "properties": { "confidence": 0.52373433, "class": "Class1", "id": 437 }, "geometry": { "type": "Polygon", "coordinates": [ [ [ 49.612156307903362, 25.420920527839844 ], [ 49.612156301736832, 25.420920414472636 ], [ 49.612156301736832, 25.420860090605942 ], [ 49.612156307903362, 25.420859977238734 ], [ 49.612156433425902, 25.420859971669362 ], [ 49.612223225273134, 25.420859971669362 ], [ 49.612223350795674, 25.420859977238734 ], [ 49.612223356962204, 25.420860090605942 ], [ 49.612223356962204, 25.420920414472636 ], [ 49.612223350795674, 25.420920527839844 ], [ 49.612223225273134, 25.420920533409216 ], [ 49.612156433425902, 25.420920533409216 ], [ 49.612156307903362, 25.420920527839844 ] ] ] } },
{ "type": "Feature", "properties": { "confidence": 0.51871192, "class": "Class1", "id": 438 }, "geometry": { "type": "Polygon", "coordinates": [ [ [ 49.611949777809215, 25.420692815697986 ], [ 49.611949771642685, 25.420692702330779 ], [ 49.611949771642685, 25.420632378464084 ], [ 49.611949777809215, 25.420632265096877 ], [ 49.611949903331755, 25.420632259527505 ], [ 49.612014012969972, 25.420632259527505 ], [ 49.612014138492512, 25.420632265096877 ], [ 49.612014144659042, 25.420632378464084 ], [ 49.612014144659042, 25.420692702330779 ], [ 49.612014138492512, 25.420692815697986 ], [ 49.612014012969972, 25.420692821267359 ], [ 49.611949903331755, 25.420692821267359 ], [ 49.611949777809215, 25.420692815697986 ] ] ] } },
{ "type": "Feature", "properties": { "confidence": 0.51772368, "class": "Class1", "id": 439 }, "geometry": { "type": "Polygon", "coordinates": [ [ [ 49.612625694480968, 25.420799404360132 ], [ 49.612625688314438, 25.420799290992925 ], [ 49.612625688314438, 25.420743812065417 ], [ 49.612625694480968, 25.42074369869821 ], [ 49.612625820003508, 25.420743693128838 ], [ 49.61268724743271, 25.420743693128838 ], [ 49.61268737295525, 25.42074369869821 ], [ 49.61268737912178, 25.420743812065417 ], [ 49.61268737912178, 25.420799290992925 ], [ 49.61268737295525, 25.420799404360132 ], [ 49.61268724743271, 25.420799409929504 ], [ 49.612625820003508, 25.420799409929504 ], [ 49.612625694480968, 25.420799404360132 ] ] ] } },
{ "type": "Feature", "properties": { "confidence": 0.51576519, "class": "Class1", "id": 440 }, "geometry": { "type": "Polygon", "coordinates": [ [ [ 49.613028025833202, 25.421327502731671 ], [ 49.613028019666672, 25.421327389364464 ], [ 49.613028019666672, 25.421315514889656 ], [ 49.613028025833202, 25.421315401522449 ], [ 49.613028151355742, 25.421315395953076 ], [ 49.613094943202974, 25.421315395953076 ], [ 49.613095068725514, 25.421315401522449 ], [ 49.613095074892044, 25.421315514889656 ], [ 49.613095074892044, 25.421327389364464 ], [ 49.613095068725514, 25.421327502731671 ], [ 49.613094943202974, 25.421327508301047 ], [ 49.613028151355742, 25.421327508301047 ], [ 49.613028025833202, 25.421327502731671 ] ] ] } },
{ "type": "Feature", "properties": { "confidence": 0.5114491, "class": "Class1", "id": 441 }, "geometry": { "type": "Polygon", "coordinates": [ [ [ 49.612376249042583, 25.420731575211494 ], [ 49.612376242876053, 25.420731461844284 ], [ 49.612376242876053, 25.420707475021505 ], [ 49.612376249042583, 25.420707361654298 ], [ 49.612376374565123, 25.420707356084925 ], [ 49.61244048420334, 25.420707356084925 ], [ 49.61244060972588, 25.420707361654298 ], [ 49.61244061589241, 25.420707475021505 ], [ 49.61244061589241, 25.420731461844284 ], [ 49.61244060972588, 25.420731575211494 ], [ 49.61244048420334, 25.420731580780867 ], [ 49.612376374565123, 25.420731580780867 ], [ 49.612376249042583, 25.420731575211494 ] ] ] } }
]
}
