{
"type": "FeatureCollection",
"name": "069be34f-e04d-497c-bfbd-9fe7d10fa656",
"crs": { "type": "name", "properties": { "name": "urn:ogc:def:crs:OGC:1.3:CRS84" } },
"features": [
{ "type": "Feature", "properties": { "class": "Class1", "id": 0 }, "geometry": { "type": "Polygon", "coordinates": [ [ [ 44.732304, 20.479955022488756 ], [ 44.732304, 20.479775112443779 ], [ 44.732112, 20.479775112443779 ], [ 44.732112, 20.479415292353824 ], [ 44.732304, 20.479415292353824 ], [ 44.732496, 20.479415292353824 ], [ 44.732496, 20.479235382308847 ], [ 44.732784, 20.479235382308847 ], [ 44.732784, 20.47905547226387 ], [ 44.73288, 20.47905547226387 ], [ 44.733072, 20.47905547226387 ], [ 44.733072, 20.478875562218892 ], [ 44.733264, 20.478875562218892 ], [ 44.733648, 20.478875562218892 ], [ 44.733648, 20.478695652173915 ], [ 44.73384, 20.478695652173915 ], [ 44.73384, 20.478515742128938 ], [ 44.734032, 20.478515742128938 ], [ 44.734224, 20.478515742128938 ], [ 44.734224, 20.478335832083957 ], [ 44.734224, 20.478245877061468 ], [ 44.73432, 20.478245877061468 ], [ 44.73432, 20.478155922038979 ], [ 44.734512, 20.478155922038979 ], [ 44.734512, 20.478065967016491 ], [ 44.734608, 20.478065967016491 ], [ 44.7348, 20.478065967016491 ], [ 44.7348, 20.478155922038979 ], [ 44.734992, 20.478155922038979 ], [ 44.734992, 20.478245877061468 ], [ 44.734992, 20.478515742128938 ], [ 44.735184, 20.478515742128938 ], [ 44.735184, 20.478695652173915 ], [ 44.735376, 20.478695652173915 ], [ 44.735376, 20.478875562218892 ], [ 44.735376, 20.47905547226387 ], [ 44.735568, 20.47905547226387 ], [ 44.735568, 20.479235382308847 ], [ 44.73576, 20.479235382308847 ], [ 44.73576, 20.479415292353824 ], [ 44.73576, 20.479595202398801 ], [ 44.735568, 20.479595202398801 ], [ 44.735568, 20.479775112443779 ], [ 44.735376, 20.479775112443779 ], [ 44.735376, 20.479955022488756 ], [ 44.732304, 20.479955022488756 ] ] ] } },
{ "type": "Feature", "properties": { "class": "Class1", "id": 1 }, "geometry": { "type": "Polygon", "coordinates": [ [ [ 44.738064, 20.47743628185907 ], [ 44.738256, 20.47743628185907 ], [ 44.738256, 20.477526236881559 ], [ 44.738448, 20.477526236881559 ], [ 44.738448, 20.477706146926536 ], [ 44.738448, 20.477886056971514 ], [ 44.73864, 20.477886056971514 ], [ 44.73864, 20.478065967016491 ], [ 44.73864, 20.478335832083957 ], [ 44.738832, 20.478335832083957 ], [ 44.738832, 20.478515742128938 ], [ 44.738832, 20.478695652173915 ], [ 44.739024, 20.478695652173915 ], [ 44.739024, 20.478875562218892 ], [ 44.739024, 20.47905547226387 ], [ 44.739216, 20.47905547226387 ], [ 44.739216, 20.479235382308847 ], [ 44.739216, 20.479415292353824 ], [ 44.739408, 20.479415292353824 ], [ 44.739408, 20.479595202398801 ], [ 44.739408, 20.479775112443779 ], [ 44.739408, 20.479955022488756 ], [ 44.738256, 20.479955022488756 ], [ 44.738256, 20.479775112443779 ], [ 44.738256, 20.479595202398801 ], [ 44.738064, 20.479595202398801 ], [ 44.738064, 20.479415292353824 ], [ 44.737968, 20.479415292353824 ], [ 44.737968, 20.479235382308847 ], [ 44.737776, 20.479235382308847 ], [ 44.737776, 20.47905547226387 ], [ 44.73768, 20.47905547226387 ], [ 44.73768, 20.477796101949025 ], [ 44.73768, 20.477616191904048 ], [ 44.737776, 20.477616191904048 ], [ 44.737776, 20.47743628185907 ], [ 44.737968, 20.47743628185907 ], [ 44.738064, 20.47743628185907 ] ] ] } },
{ "type": "Feature", "properties": { "class": "Class1", "id": 2 }, "geometry": { "type": "Polygon", "coordinates": [ [ [ 44.708496, 20.479955022488756 ], [ 44.708496, 20.479775112443779 ], [ 44.7084, 20.479775112443779 ], [ 44.7084, 20.479415292353824 ], [ 44.708496, 20.479415292353824 ], [ 44.708496, 20.479235382308847 ], [ 44.708688, 20.479235382308847 ], [ 44.708688, 20.47905547226387 ], [ 44.70888, 20.47905547226387 ], [ 44.70888, 20.478875562218892 ], [ 44.70888, 20.478515742128938 ], [ 44.709072, 20.478515742128938 ], [ 44.709072, 20.478335832083957 ], [ 44.709072, 20.478245877061468 ], [ 44.709264, 20.478245877061468 ], [ 44.709264, 20.478065967016491 ], [ 44.709264, 20.477976011994002 ], [ 44.709456, 20.477976011994002 ], [ 44.709456, 20.477886056971514 ], [ 44.709456, 20.477796101949025 ], [ 44.709648, 20.477796101949025 ], [ 44.709648, 20.477706146926536 ], [ 44.709648, 20.477616191904048 ], [ 44.70984, 20.477616191904048 ], [ 44.70984, 20.477526236881559 ], [ 44.70984, 20.47743628185907 ], [ 44.709936, 20.47743628185907 ], [ 44.710128, 20.47743628185907 ], [ 44.710128, 20.477256371814093 ], [ 44.710224, 20.477256371814093 ], [ 44.710416, 20.477256371814093 ], [ 44.710416, 20.477076461769116 ], [ 44.711376, 20.477076461769116 ], [ 44.711376, 20.477256371814093 ], [ 44.711664, 20.477256371814093 ], [ 44.711856, 20.477256371814093 ], [ 44.711856, 20.47743628185907 ], [ 44.711952, 20.47743628185907 ], [ 44.712144, 20.47743628185907 ], [ 44.712144, 20.477526236881559 ], [ 44.712336, 20.477526236881559 ], [ 44.712336, 20.477616191904048 ], [ 44.712336, 20.477706146926536 ], [ 44.712528, 20.477706146926536 ], [ 44.712528, 20.477886056971514 ], [ 44.712528, 20.477976011994002 ], [ 44.71272, 20.477976011994002 ], [ 44.71272, 20.478155922038979 ], [ 44.71272, 20.478335832083957 ], [ 44.712912, 20.478335832083957 ], [ 44.712912, 20.478695652173915 ], [ 44.712912, 20.478875562218892 ], [ 44.713104, 20.478875562218892 ], [ 44.713104, 20.47905547226387 ], [ 44.713296, 20.47905547226387 ], [ 44.713296, 20.479235382308847 ], [ 44.713296, 20.479415292353824 ], [ 44.713392, 20.479415292353824 ], [ 44.713392, 20.479595202398801 ], [ 44.713584, 20.479595202398801 ], [ 44.713584, 20.479775112443779 ], [ 44.713584, 20.479955022488756 ], [ 44.708496, 20.479955022488756 ] ] ] } },
{ "type": "Feature", "properties": { "class": "Class1", "id": 3 }, "geometry": { "type": "Polygon", "coordinates": [ [ [ 44.71848, 20.478245877061468 ], [ 44.71848, 20.478155922038979 ], [ 44.718288, 20.478155922038979 ], [ 44.718288, 20.478065967016491 ], [ 44.718288, 20.477886056971514 ], [ 44.718096, 20.477886056971514 ], [ 44.718096, 20.477706146926536 ], [ 44.718096, 20.477616191904048 ], [ 44.718, 20.477616191904048 ], [ 44.718, 20.47743628185907 ], [ 44.717808, 20.47743628185907 ], [ 44.717712, 20.47743628185907 ], [ 44.717712, 20.477256371814093 ], [ 44.717712, 20.477076461769116 ], [ 44.71752, 20.477076461769116 ], [ 44.71752, 20.475997001499252 ], [ 44.717712, 20.475997001499252 ], [ 44.717712, 20.475817091454275 ], [ 44.717712, 20.475637181409297 ], [ 44.717808, 20.475637181409297 ], [ 44.718, 20.475637181409297 ], [ 44.718, 20.47545727136432 ], [ 44.718096, 20.47545727136432 ], [ 44.718096, 20.475277361319343 ], [ 44.718288, 20.475277361319343 ], [ 44.718288, 20.475097451274362 ], [ 44.71848, 20.475097451274362 ], [ 44.71848, 20.475007496251873 ], [ 44.718672, 20.475007496251873 ], [ 44.718672, 20.474917541229384 ], [ 44.719056, 20.474917541229384 ], [ 44.719056, 20.475007496251873 ], [ 44.719056, 20.475277361319343 ], [ 44.719248, 20.475277361319343 ], [ 44.719248, 20.475997001499252 ], [ 44.719248, 20.476356821589206 ], [ 44.71944, 20.476356821589206 ], [ 44.71944, 20.476716641679161 ], [ 44.71944, 20.476896551724138 ], [ 44.719536, 20.476896551724138 ], [ 44.719536, 20.477256371814093 ], [ 44.719728, 20.477256371814093 ], [ 44.719728, 20.47743628185907 ], [ 44.719824, 20.47743628185907 ], [ 44.719824, 20.477616191904048 ], [ 44.719824, 20.477796101949025 ], [ 44.720016, 20.477796101949025 ], [ 44.720016, 20.478245877061468 ], [ 44.71848, 20.478245877061468 ] ] ] } },
{ "type": "Feature", "properties": { "class": "Class1", "id": 4 }, "geometry": { "type": "Polygon", "coordinates": [ [ [ 44.720016, 20.478155922038979 ], [ 44.720016, 20.477796101949025 ], [ 44.719824, 20.477796101949025 ], [ 44.719824, 20.477616191904048 ], [ 44.719824, 20.47743628185907 ], [ 44.719728, 20.47743628185907 ], [ 44.719728, 20.477256371814093 ], [ 44.719536, 20.477256371814093 ], [ 44.719536, 20.476896551724138 ], [ 44.71944, 20.476896551724138 ], [ 44.71944, 20.476716641679161 ], [ 44.71944, 20.476356821589206 ], [ 44.719248, 20.476356821589206 ], [ 44.719248, 20.475997001499252 ], [ 44.719248, 20.475277361319343 ], [ 44.719056, 20.475277361319343 ], [ 44.719056, 20.475007496251873 ], [ 44.719056, 20.474827586206896 ], [ 44.720208, 20.474827586206896 ], [ 44.720208, 20.474917541229384 ], [ 44.7204, 20.474917541229384 ], [ 44.7204, 20.475007496251873 ], [ 44.7204, 20.475097451274362 ], [ 44.720592, 20.475097451274362 ], [ 44.720592, 20.475277361319343 ], [ 44.720784, 20.475277361319343 ], [ 44.720784, 20.47545727136432 ], [ 44.720976, 20.47545727136432 ], [ 44.720976, 20.475817091454275 ], [ 44.720976, 20.475997001499252 ], [ 44.721168, 20.475997001499252 ], [ 44.721168, 20.476356821589206 ], [ 44.721168, 20.476896551724138 ], [ 44.721168, 20.477256371814093 ], [ 44.720976, 20.477256371814093 ], [ 44.720976, 20.47743628185907 ], [ 44.720976, 20.477526236881559 ], [ 44.720784, 20.477526236881559 ], [ 44.720784, 20.477616191904048 ], [ 44.720784, 20.477706146926536 ], [ 44.720592, 20.477706146926536 ], [ 44.720592, 20.477886056971514 ], [ 44.720592, 20.477976011994002 ], [ 44.7204, 20.477976011994002 ], [ 44.7204, 20.478065967016491 ], [ 44.720208, 20.478065967016491 ], [ 44.720208, 20.478155922038979 ], [ 44.720016, 20.478155922038979 ] ] ] } },
{ "type": "Feature", "properties": { "class": "Class1", "id": 5 }, "geometry": { "type": "Polygon", "coordinates": [ [ [ 44.731344, 20.476716641679161 ], [ 44.731344, 20.476536731634184 ], [ 44.731152, 20.476536731634184 ], [ 44.731152, 20.476356821589206 ], [ 44.731056, 20.476356821589206 ], [ 44.731056, 20.476176911544229 ], [ 44.730864, 20.476176911544229 ], [ 44.730768, 20.476176911544229 ], [ 44.730768, 20.475997001499252 ], [ 44.730768, 20.475097451274362 ], [ 44.730768, 20.475007496251873 ], [ 44.730864, 20.475007496251873 ], [ 44.730864, 20.474917541229384 ], [ 44.731152, 20.474917541229384 ], [ 44.731152, 20.474827586206896 ], [ 44.731152, 20.474737631184407 ], [ 44.731344, 20.474737631184407 ], [ 44.731344, 20.474647676161918 ], [ 44.731536, 20.474647676161918 ], [ 44.731536, 20.47455772113943 ], [ 44.732304, 20.47455772113943 ], [ 44.732304, 20.474647676161918 ], [ 44.732496, 20.474647676161918 ], [ 44.732496, 20.474737631184407 ], [ 44.732592, 20.474737631184407 ], [ 44.732592, 20.474827586206896 ], [ 44.732784, 20.474827586206896 ], [ 44.732784, 20.474917541229384 ], [ 44.73288, 20.474917541229384 ], [ 44.73288, 20.475097451274362 ], [ 44.73288, 20.475277361319343 ], [ 44.733072, 20.475277361319343 ], [ 44.733072, 20.47545727136432 ], [ 44.733072, 20.475637181409297 ], [ 44.733264, 20.475637181409297 ], [ 44.733264, 20.476176911544229 ], [ 44.733072, 20.476176911544229 ], [ 44.733072, 20.476356821589206 ], [ 44.73288, 20.476356821589206 ], [ 44.732784, 20.476356821589206 ], [ 44.732784, 20.476536731634184 ], [ 44.732496, 20.476536731634184 ], [ 44.732496, 20.476716641679161 ], [ 44.731344, 20.476716641679161 ] ] ] } },
{ "type": "Feature", "properties": { "class": "Class1", "id": 6 }, "geometry": { "type": "Polygon", "coordinates": [ [ [ 44.72472, 20.478245877061468 ], [ 44.72472, 20.475817091454275 ], [ 44.724624, 20.475817091454275 ], [ 44.724624, 20.474017991004498 ], [ 44.725008, 20.474017991004498 ], [ 44.7252, 20.474017991004498 ], [ 44.7252, 20.474197901049475 ], [ 44.725392, 20.474197901049475 ], [ 44.725392, 20.474377811094453 ], [ 44.725584, 20.474377811094453 ], [ 44.725584, 20.474467766116941 ], [ 44.725776, 20.474467766116941 ], [ 44.725776, 20.47455772113943 ], [ 44.725776, 20.474647676161918 ], [ 44.725968, 20.474647676161918 ], [ 44.725968, 20.474827586206896 ], [ 44.725968, 20.475007496251873 ], [ 44.72616, 20.475007496251873 ], [ 44.72616, 20.475277361319343 ], [ 44.72616, 20.47545727136432 ], [ 44.726352, 20.47545727136432 ], [ 44.726352, 20.476716641679161 ], [ 44.72616, 20.476716641679161 ], [ 44.72616, 20.476896551724138 ], [ 44.72616, 20.477076461769116 ], [ 44.725968, 20.477076461769116 ], [ 44.725968, 20.477256371814093 ], [ 44.725776, 20.477256371814093 ], [ 44.725776, 20.47743628185907 ], [ 44.725776, 20.477526236881559 ], [ 44.725584, 20.477526236881559 ], [ 44.725584, 20.477616191904048 ], [ 44.725584, 20.477706146926536 ], [ 44.725392, 20.477706146926536 ], [ 44.725392, 20.477796101949025 ], [ 44.725392, 20.477886056971514 ], [ 44.7252, 20.477886056971514 ], [ 44.7252, 20.477976011994002 ], [ 44.725008, 20.477976011994002 ], [ 44.725008, 20.478065967016491 ], [ 44.725008, 20.478155922038979 ], [ 44.724912, 20.478155922038979 ], [ 44.724912, 20.478245877061468 ], [ 44.72472, 20.478245877061468 ] ] ] } },
{ "type": "Feature", "properties": { "class": "Class1", "id": 7 }, "geometry": { "type": "Polygon", "coordinates": [ [ [ 44.721936, 20.477256371814093 ], [ 44.721936, 20.477076461769116 ], [ 44.721936, 20.476896551724138 ], [ 44.721744, 20.476896551724138 ], [ 44.721744, 20.476716641679161 ], [ 44.721744, 20.476536731634184 ], [ 44.721552, 20.476536731634184 ], [ 44.721552, 20.47545727136432 ], [ 44.721744, 20.47545727136432 ], [ 44.721744, 20.475277361319343 ], [ 44.721936, 20.475277361319343 ], [ 44.721936, 20.475007496251873 ], [ 44.722128, 20.475007496251873 ], [ 44.722128, 20.474917541229384 ], [ 44.722128, 20.474827586206896 ], [ 44.72232, 20.474827586206896 ], [ 44.72232, 20.474737631184407 ], [ 44.72232, 20.474647676161918 ], [ 44.722512, 20.474647676161918 ], [ 44.722512, 20.47455772113943 ], [ 44.722512, 20.474467766116941 ], [ 44.722704, 20.474467766116941 ], [ 44.722704, 20.474377811094453 ], [ 44.722896, 20.474377811094453 ], [ 44.722896, 20.474197901049475 ], [ 44.723184, 20.474197901049475 ], [ 44.723184, 20.474017991004498 ], [ 44.72328, 20.474017991004498 ], [ 44.72328, 20.473838080959521 ], [ 44.723472, 20.473838080959521 ], [ 44.723664, 20.473838080959521 ], [ 44.724048, 20.473838080959521 ], [ 44.724048, 20.474017991004498 ], [ 44.724624, 20.474017991004498 ], [ 44.724624, 20.475817091454275 ], [ 44.724432, 20.475817091454275 ], [ 44.724432, 20.475997001499252 ], [ 44.72424, 20.475997001499252 ], [ 44.724048, 20.475997001499252 ], [ 44.724048, 20.476176911544229 ], [ 44.723856, 20.476176911544229 ], [ 44.723664, 20.476176911544229 ], [ 44.723664, 20.476356821589206 ], [ 44.723472, 20.476356821589206 ], [ 44.723472, 20.476536731634184 ], [ 44.72328, 20.476536731634184 ], [ 44.72328, 20.476716641679161 ], [ 44.723184, 20.476716641679161 ], [ 44.722992, 20.476716641679161 ], [ 44.722992, 20.476896551724138 ], [ 44.722896, 20.476896551724138 ], [ 44.722896, 20.477076461769116 ], [ 44.722704, 20.477076461769116 ], [ 44.722704, 20.477256371814093 ], [ 44.721936, 20.477256371814093 ] ] ] } },
{ "type": "Feature", "properties": { "class": "Class1", "id": 8 }, "geometry": { "type": "Polygon", "coordinates": [ [ [ 44.726736, 20.472938530734634 ], [ 44.726736, 20.472578710644679 ], [ 44.72664, 20.472578710644679 ], [ 44.72664, 20.472398800599702 ], [ 44.726448, 20.472398800599702 ], [ 44.726448, 20.472218890554725 ], [ 44.726352, 20.472218890554725 ], [ 44.726352, 20.47095952023988 ], [ 44.72664, 20.47095952023988 ], [ 44.72664, 20.471139430284857 ], [ 44.726736, 20.471139430284857 ], [ 44.726736, 20.471229385307346 ], [ 44.726928, 20.471229385307346 ], [ 44.726928, 20.471319340329835 ], [ 44.726928, 20.471409295352323 ], [ 44.72712, 20.471409295352323 ], [ 44.72712, 20.471499250374812 ], [ 44.72712, 20.471589205397301 ], [ 44.727312, 20.471589205397301 ], [ 44.727312, 20.471679160419789 ], [ 44.727504, 20.471679160419789 ], [ 44.727504, 20.471769115442278 ], [ 44.727696, 20.471769115442278 ], [ 44.727696, 20.471859070464767 ], [ 44.727888, 20.471859070464767 ], [ 44.727888, 20.471949025487255 ], [ 44.72808, 20.471949025487255 ], [ 44.72808, 20.472038980509744 ], [ 44.728176, 20.472038980509744 ], [ 44.728176, 20.472218890554725 ], [ 44.72808, 20.472218890554725 ], [ 44.72808, 20.472398800599702 ], [ 44.727888, 20.472398800599702 ], [ 44.727696, 20.472398800599702 ], [ 44.727696, 20.472578710644679 ], [ 44.727504, 20.472578710644679 ], [ 44.727504, 20.472758620689657 ], [ 44.727312, 20.472758620689657 ], [ 44.72712, 20.472758620689657 ], [ 44.72712, 20.472938530734634 ], [ 44.726736, 20.472938530734634 ] ] ] } },
{ "type": "Feature", "properties": { "class": "Class1", "id": 9 }, "geometry": { "type": "Polygon", "coordinates": [ [ [ 44.732304, 20.470419790104948 ], [ 44.732304, 20.470059970014994 ], [ 44.732112, 20.470059970014994 ], [ 44.732112, 20.469880059970016 ], [ 44.73192, 20.469880059970016 ], [ 44.73192, 20.469700149925039 ], [ 44.73192, 20.469520239880062 ], [ 44.731728, 20.469520239880062 ], [ 44.731728, 20.469160419790107 ], [ 44.731728, 20.468800599700149 ], [ 44.731536, 20.468800599700149 ], [ 44.731536, 20.468530734632683 ], [ 44.731536, 20.468260869565217 ], [ 44.731344, 20.468260869565217 ], [ 44.731344, 20.468170914542728 ], [ 44.731536, 20.468170914542728 ], [ 44.731536, 20.467991004497751 ], [ 44.731728, 20.467991004497751 ], [ 44.731728, 20.46808095952024 ], [ 44.732112, 20.46808095952024 ], [ 44.732112, 20.468170914542728 ], [ 44.732112, 20.468260869565217 ], [ 44.732304, 20.468260869565217 ], [ 44.732304, 20.468350824587706 ], [ 44.732304, 20.468440779610194 ], [ 44.732496, 20.468440779610194 ], [ 44.732496, 20.468530734632683 ], [ 44.732496, 20.468620689655172 ], [ 44.732592, 20.468620689655172 ], [ 44.732592, 20.46871064467766 ], [ 44.732784, 20.46871064467766 ], [ 44.732784, 20.468800599700149 ], [ 44.73288, 20.468800599700149 ], [ 44.73288, 20.46898050974513 ], [ 44.73288, 20.469160419790107 ], [ 44.733072, 20.469160419790107 ], [ 44.733072, 20.469340329835084 ], [ 44.733264, 20.469340329835084 ], [ 44.733264, 20.469520239880062 ], [ 44.733264, 20.469700149925039 ], [ 44.733456, 20.469700149925039 ], [ 44.733456, 20.469880059970016 ], [ 44.733648, 20.469880059970016 ], [ 44.733648, 20.470059970014994 ], [ 44.733456, 20.470059970014994 ], [ 44.733456, 20.470239880059971 ], [ 44.733264, 20.470239880059971 ], [ 44.733264, 20.470419790104948 ], [ 44.73288, 20.470419790104948 ], [ 44.732304, 20.470419790104948 ] ] ] } },
{ "type": "Feature", "properties": { "class": "Class1", "id": 10 }, "geometry": { "type": "Polygon", "coordinates": [ [ [ 44.72472, 20.470419790104948 ], [ 44.72472, 20.467001499250376 ], [ 44.724912, 20.467001499250376 ], [ 44.724912, 20.467181409295353 ], [ 44.725008, 20.467181409295353 ], [ 44.725008, 20.467361319340331 ], [ 44.725008, 20.467541229385308 ], [ 44.7252, 20.467541229385308 ], [ 44.7252, 20.467721139430285 ], [ 44.725392, 20.467721139430285 ], [ 44.725392, 20.467991004497751 ], [ 44.725392, 20.468350824587706 ], [ 44.725584, 20.468350824587706 ], [ 44.725584, 20.469160419790107 ], [ 44.725392, 20.469160419790107 ], [ 44.725392, 20.469520239880062 ], [ 44.725392, 20.469700149925039 ], [ 44.7252, 20.469700149925039 ], [ 44.7252, 20.469880059970016 ], [ 44.7252, 20.470059970014994 ], [ 44.725008, 20.470059970014994 ], [ 44.725008, 20.470239880059971 ], [ 44.724912, 20.470239880059971 ], [ 44.724912, 20.470419790104948 ], [ 44.72472, 20.470419790104948 ] ] ] } },
{ "type": "Feature", "properties": { "class": "Class1", "id": 11 }, "geometry": { "type": "Polygon", "coordinates": [ [ [ 44.72664, 20.468350824587706 ], [ 44.72664, 20.468260869565217 ], [ 44.726448, 20.468260869565217 ], [ 44.726448, 20.468170914542728 ], [ 44.72664, 20.468170914542728 ], [ 44.72664, 20.46808095952024 ], [ 44.726736, 20.46808095952024 ], [ 44.726736, 20.467991004497751 ], [ 44.726736, 20.467901049475262 ], [ 44.726928, 20.467901049475262 ], [ 44.726928, 20.467721139430285 ], [ 44.72712, 20.467721139430285 ], [ 44.72712, 20.467541229385308 ], [ 44.727312, 20.467541229385308 ], [ 44.727312, 20.467361319340331 ], [ 44.727504, 20.467361319340331 ], [ 44.727504, 20.467181409295353 ], [ 44.727696, 20.467181409295353 ], [ 44.727888, 20.467181409295353 ], [ 44.727888, 20.467001499250376 ], [ 44.728176, 20.467001499250376 ], [ 44.729808, 20.467001499250376 ], [ 44.730096, 20.467001499250376 ], [ 44.730096, 20.467181409295353 ], [ 44.730192, 20.467181409295353 ], [ 44.730384, 20.467181409295353 ], [ 44.730384, 20.467361319340331 ], [ 44.730576, 20.467361319340331 ], [ 44.730576, 20.467541229385308 ], [ 44.730768, 20.467541229385308 ], [ 44.730768, 20.467721139430285 ], [ 44.730864, 20.467721139430285 ], [ 44.730864, 20.467901049475262 ], [ 44.731056, 20.467901049475262 ], [ 44.731152, 20.467901049475262 ], [ 44.731152, 20.467991004497751 ], [ 44.731152, 20.46808095952024 ], [ 44.731344, 20.46808095952024 ], [ 44.731344, 20.468170914542728 ], [ 44.731344, 20.468260869565217 ], [ 44.731344, 20.468350824587706 ], [ 44.72664, 20.468350824587706 ] ] ] } },
{ "type": "Feature", "properties": { "class": "Class1", "id": 12 }, "geometry": { "type": "Polygon", "coordinates": [ [ [ 44.73624, 20.473658170914543 ], [ 44.73624, 20.473478260869566 ], [ 44.736048, 20.473478260869566 ], [ 44.736048, 20.473298350824589 ], [ 44.735952, 20.473298350824589 ], [ 44.735952, 20.473118440779611 ], [ 44.735952, 20.472938530734634 ], [ 44.73576, 20.472938530734634 ], [ 44.73576, 20.472758620689657 ], [ 44.73576, 20.472578710644679 ], [ 44.735568, 20.472578710644679 ], [ 44.735568, 20.472398800599702 ], [ 44.735376, 20.472398800599702 ], [ 44.735376, 20.472218890554725 ], [ 44.735376, 20.472038980509744 ], [ 44.735184, 20.472038980509744 ], [ 44.735184, 20.471859070464767 ], [ 44.735184, 20.471769115442278 ], [ 44.734992, 20.471769115442278 ], [ 44.734992, 20.471679160419789 ], [ 44.734992, 20.471499250374812 ], [ 44.7348, 20.471499250374812 ], [ 44.7348, 20.471409295352323 ], [ 44.7348, 20.471229385307346 ], [ 44.734608, 20.471229385307346 ], [ 44.734608, 20.471139430284857 ], [ 44.734608, 20.47095952023988 ], [ 44.734512, 20.47095952023988 ], [ 44.734512, 20.470779610194903 ], [ 44.73432, 20.470779610194903 ], [ 44.73432, 20.470599700149926 ], [ 44.734224, 20.470599700149926 ], [ 44.734224, 20.470419790104948 ], [ 44.734224, 20.470239880059971 ], [ 44.734032, 20.470239880059971 ], [ 44.734032, 20.470059970014994 ], [ 44.734032, 20.469880059970016 ], [ 44.73384, 20.469880059970016 ], [ 44.73384, 20.469700149925039 ], [ 44.733648, 20.469700149925039 ], [ 44.733648, 20.469520239880062 ], [ 44.733456, 20.469520239880062 ], [ 44.733456, 20.469340329835084 ], [ 44.733456, 20.469160419790107 ], [ 44.733264, 20.469160419790107 ], [ 44.733264, 20.46898050974513 ], [ 44.733072, 20.46898050974513 ], [ 44.733072, 20.46871064467766 ], [ 44.733072, 20.468530734632683 ], [ 44.73288, 20.468530734632683 ], [ 44.73288, 20.468440779610194 ], [ 44.73288, 20.468350824587706 ], [ 44.732784, 20.468350824587706 ], [ 44.732784, 20.468260869565217 ], [ 44.732592, 20.468260869565217 ], [ 44.732592, 20.467721139430285 ], [ 44.73288, 20.467721139430285 ], [ 44.733072, 20.467721139430285 ], [ 44.733072, 20.467541229385308 ], [ 44.733264, 20.467541229385308 ], [ 44.733456, 20.467541229385308 ], [ 44.733456, 20.467361319340331 ], [ 44.73384, 20.467361319340331 ], [ 44.734032, 20.467361319340331 ], [ 44.734032, 20.467181409295353 ], [ 44.734224, 20.467181409295353 ], [ 44.73432, 20.467181409295353 ], [ 44.73432, 20.467001499250376 ], [ 44.734608, 20.467001499250376 ], [ 44.7348, 20.467001499250376 ], [ 44.7348, 20.466821589205399 ], [ 44.734992, 20.466821589205399 ], [ 44.735184, 20.466821589205399 ], [ 44.735184, 20.466641679160421 ], [ 44.735376, 20.466641679160421 ], [ 44.735568, 20.466641679160421 ], [ 44.735568, 20.466461769115444 ], [ 44.73576, 20.466461769115444 ], [ 44.73576, 20.466281859070467 ], [ 44.736336, 20.466281859070467 ], [ 44.736336, 20.466461769115444 ], [ 44.73672, 20.466461769115444 ], [ 44.736912, 20.466461769115444 ], [ 44.736912, 20.473658170914543 ], [ 44.73624, 20.473658170914543 ] ] ] } },
{ "type": "Feature", "properties": { "class": "Class1", "id": 13 }, "geometry": { "type": "Polygon", "coordinates": [ [ [ 44.7204, 20.468350824587706 ], [ 44.7204, 20.468260869565217 ], [ 44.7204, 20.467901049475262 ], [ 44.7204, 20.467721139430285 ], [ 44.720592, 20.467721139430285 ], [ 44.720592, 20.467541229385308 ], [ 44.720784, 20.467541229385308 ], [ 44.720784, 20.467361319340331 ], [ 44.720784, 20.467181409295353 ], [ 44.720976, 20.467181409295353 ], [ 44.720976, 20.467001499250376 ], [ 44.721168, 20.467001499250376 ], [ 44.721168, 20.466821589205399 ], [ 44.721264, 20.466821589205399 ], [ 44.721456, 20.466821589205399 ], [ 44.721456, 20.466641679160421 ], [ 44.721552, 20.466641679160421 ], [ 44.721744, 20.466641679160421 ], [ 44.721744, 20.466461769115444 ], [ 44.721936, 20.466461769115444 ], [ 44.722128, 20.466461769115444 ], [ 44.722128, 20.466281859070467 ], [ 44.722512, 20.466281859070467 ], [ 44.722704, 20.466281859070467 ], [ 44.723856, 20.466281859070467 ], [ 44.723856, 20.466461769115444 ], [ 44.724048, 20.466461769115444 ], [ 44.72424, 20.466461769115444 ], [ 44.72424, 20.466641679160421 ], [ 44.724432, 20.466641679160421 ], [ 44.724432, 20.466821589205399 ], [ 44.724624, 20.466821589205399 ], [ 44.724624, 20.467181409295353 ], [ 44.724432, 20.467181409295353 ], [ 44.724432, 20.467361319340331 ], [ 44.72424, 20.467361319340331 ], [ 44.72424, 20.467541229385308 ], [ 44.724048, 20.467541229385308 ], [ 44.724048, 20.467721139430285 ], [ 44.723856, 20.467721139430285 ], [ 44.723856, 20.467901049475262 ], [ 44.723664, 20.467901049475262 ], [ 44.723664, 20.467991004497751 ], [ 44.723664, 20.46808095952024 ], [ 44.723472, 20.46808095952024 ], [ 44.723472, 20.468170914542728 ], [ 44.723472, 20.468260869565217 ], [ 44.72328, 20.468260869565217 ], [ 44.72328, 20.468350824587706 ], [ 44.7204, 20.468350824587706 ] ] ] } },
{ "type": "Feature", "properties": { "class": "Class1", "id": 14 }, "geometry": { "type": "Polygon", "coordinates": [ [ [ 44.718672, 20.46871064467766 ], [ 44.718672, 20.467721139430285 ], [ 44.718864, 20.467721139430285 ], [ 44.718864, 20.467541229385308 ], [ 44.719056, 20.467541229385308 ], [ 44.719056, 20.467361319340331 ], [ 44.719248, 20.467361319340331 ], [ 44.719248, 20.467181409295353 ], [ 44.71944, 20.467181409295353 ], [ 44.71944, 20.467001499250376 ], [ 44.719536, 20.467001499250376 ], [ 44.719536, 20.466821589205399 ], [ 44.719728, 20.466821589205399 ], [ 44.719824, 20.466821589205399 ], [ 44.719824, 20.466641679160421 ], [ 44.720016, 20.466641679160421 ], [ 44.720016, 20.466461769115444 ], [ 44.720208, 20.466461769115444 ], [ 44.720208, 20.466281859070467 ], [ 44.7204, 20.466281859070467 ], [ 44.7204, 20.466101949025489 ], [ 44.720592, 20.466101949025489 ], [ 44.720784, 20.466101949025489 ], [ 44.720784, 20.465922038980512 ], [ 44.720976, 20.465922038980512 ], [ 44.721168, 20.465922038980512 ], [ 44.721168, 20.465742128935531 ], [ 44.721168, 20.465652173913043 ], [ 44.721456, 20.465652173913043 ], [ 44.721456, 20.465562218890554 ], [ 44.721552, 20.465562218890554 ], [ 44.721552, 20.465472263868065 ], [ 44.722512, 20.465472263868065 ], [ 44.722512, 20.465562218890554 ], [ 44.722896, 20.465562218890554 ], [ 44.722896, 20.465652173913043 ], [ 44.722992, 20.465652173913043 ], [ 44.722992, 20.465562218890554 ], [ 44.723184, 20.465562218890554 ], [ 44.723184, 20.465652173913043 ], [ 44.72328, 20.465652173913043 ], [ 44.72328, 20.465922038980512 ], [ 44.723472, 20.465922038980512 ], [ 44.723472, 20.466101949025489 ], [ 44.723184, 20.466101949025489 ], [ 44.722704, 20.466101949025489 ], [ 44.722704, 20.466281859070467 ], [ 44.722512, 20.466281859070467 ], [ 44.722128, 20.466281859070467 ], [ 44.722128, 20.466461769115444 ], [ 44.721936, 20.466461769115444 ], [ 44.721744, 20.466461769115444 ], [ 44.721744, 20.466641679160421 ], [ 44.721552, 20.466641679160421 ], [ 44.721456, 20.466641679160421 ], [ 44.721456, 20.466821589205399 ], [ 44.721264, 20.466821589205399 ], [ 44.721168, 20.466821589205399 ], [ 44.721168, 20.467001499250376 ], [ 44.720976, 20.467001499250376 ], [ 44.720976, 20.467181409295353 ], [ 44.720784, 20.467181409295353 ], [ 44.720784, 20.467541229385308 ], [ 44.720592, 20.467541229385308 ], [ 44.720592, 20.467721139430285 ], [ 44.7204, 20.467721139430285 ], [ 44.7204, 20.467901049475262 ], [ 44.7204, 20.468260869565217 ], [ 44.720208, 20.468260869565217 ], [ 44.720208, 20.468620689655172 ], [ 44.720208, 20.46871064467766 ], [ 44.718672, 20.46871064467766 ] ] ] } },
{ "type": "Feature", "properties": { "class": "Class1", "id": 15 }, "geometry": { "type": "Polygon", "coordinates": [ [ [ 44.714064, 20.468350824587706 ], [ 44.714064, 20.468170914542728 ], [ 44.714064, 20.467991004497751 ], [ 44.713872, 20.467991004497751 ], [ 44.713872, 20.467721139430285 ], [ 44.713872, 20.467541229385308 ], [ 44.71368, 20.467541229385308 ], [ 44.71368, 20.467181409295353 ], [ 44.71368, 20.467001499250376 ], [ 44.713584, 20.467001499250376 ], [ 44.713584, 20.465922038980512 ], [ 44.71368, 20.465922038980512 ], [ 44.71368, 20.465742128935531 ], [ 44.714064, 20.465742128935531 ], [ 44.714064, 20.465652173913043 ], [ 44.715024, 20.465652173913043 ], [ 44.715024, 20.465562218890554 ], [ 44.715792, 20.465562218890554 ], [ 44.715792, 20.465472263868065 ], [ 44.716752, 20.465472263868065 ], [ 44.716752, 20.465562218890554 ], [ 44.717136, 20.465562218890554 ], [ 44.717136, 20.465652173913043 ], [ 44.717328, 20.465652173913043 ], [ 44.717328, 20.465742128935531 ], [ 44.717328, 20.465922038980512 ], [ 44.71752, 20.465922038980512 ], [ 44.717712, 20.465922038980512 ], [ 44.717712, 20.466101949025489 ], [ 44.717808, 20.466101949025489 ], [ 44.717808, 20.466281859070467 ], [ 44.718, 20.466281859070467 ], [ 44.718096, 20.466281859070467 ], [ 44.718096, 20.466461769115444 ], [ 44.718288, 20.466461769115444 ], [ 44.718288, 20.466641679160421 ], [ 44.71848, 20.466641679160421 ], [ 44.71848, 20.466821589205399 ], [ 44.71848, 20.467001499250376 ], [ 44.718672, 20.467001499250376 ], [ 44.718672, 20.46808095952024 ], [ 44.718672, 20.468260869565217 ], [ 44.71848, 20.468260869565217 ], [ 44.71848, 20.468350824587706 ], [ 44.714064, 20.468350824587706 ] ] ] } },
{ "type": "Feature", "properties": { "class": "Class1", "id": 16 }, "geometry": { "type": "Polygon", "coordinates": [ [ [ 44.712336, 20.465562218890554 ], [ 44.712336, 20.462683658170917 ], [ 44.712528, 20.462683658170917 ], [ 44.712528, 20.462863568215894 ], [ 44.71272, 20.462863568215894 ], [ 44.71272, 20.463043478260872 ], [ 44.712912, 20.463043478260872 ], [ 44.712912, 20.463223388305849 ], [ 44.712912, 20.463403298350826 ], [ 44.713104, 20.463403298350826 ], [ 44.713104, 20.463583208395804 ], [ 44.713104, 20.464662668665667 ], [ 44.713104, 20.464932533733133 ], [ 44.712912, 20.464932533733133 ], [ 44.712912, 20.465112443778111 ], [ 44.712912, 20.465292353823088 ], [ 44.71272, 20.465292353823088 ], [ 44.71272, 20.465382308845577 ], [ 44.71272, 20.465472263868065 ], [ 44.712528, 20.465472263868065 ], [ 44.712528, 20.465562218890554 ], [ 44.712336, 20.465562218890554 ] ] ] } },
{ "type": "Feature", "properties": { "class": "Class1", "id": 17 }, "geometry": { "type": "Polygon", "coordinates": [ [ [ 44.717328, 20.465112443778111 ], [ 44.717328, 20.465022488755622 ], [ 44.717136, 20.465022488755622 ], [ 44.717136, 20.464932533733133 ], [ 44.716944, 20.464932533733133 ], [ 44.716944, 20.464842578710645 ], [ 44.716752, 20.464842578710645 ], [ 44.716752, 20.464662668665667 ], [ 44.71656, 20.464662668665667 ], [ 44.716368, 20.464662668665667 ], [ 44.716368, 20.46448275862069 ], [ 44.716272, 20.46448275862069 ], [ 44.71608, 20.46448275862069 ], [ 44.71608, 20.464302848575713 ], [ 44.715984, 20.464302848575713 ], [ 44.715792, 20.464302848575713 ], [ 44.715792, 20.464122938530735 ], [ 44.7156, 20.464122938530735 ], [ 44.7156, 20.463943028485758 ], [ 44.715408, 20.463943028485758 ], [ 44.715408, 20.463763118440781 ], [ 44.715408, 20.463583208395804 ], [ 44.715216, 20.463583208395804 ], [ 44.715216, 20.463403298350826 ], [ 44.715216, 20.463223388305849 ], [ 44.715024, 20.463223388305849 ], [ 44.715024, 20.463043478260872 ], [ 44.714832, 20.463043478260872 ], [ 44.714832, 20.462863568215894 ], [ 44.714832, 20.462143928035982 ], [ 44.714832, 20.462053973013493 ], [ 44.716272, 20.462053973013493 ], [ 44.716272, 20.461964017991004 ], [ 44.71752, 20.461964017991004 ], [ 44.71752, 20.462053973013493 ], [ 44.717712, 20.462053973013493 ], [ 44.717712, 20.462143928035982 ], [ 44.717712, 20.462413793103448 ], [ 44.717808, 20.462413793103448 ], [ 44.717808, 20.462863568215894 ], [ 44.718, 20.462863568215894 ], [ 44.718, 20.463043478260872 ], [ 44.718096, 20.463043478260872 ], [ 44.718096, 20.463403298350826 ], [ 44.718096, 20.463763118440781 ], [ 44.718288, 20.463763118440781 ], [ 44.718288, 20.464302848575713 ], [ 44.718288, 20.464842578710645 ], [ 44.71848, 20.464842578710645 ], [ 44.71848, 20.465022488755622 ], [ 44.718288, 20.465022488755622 ], [ 44.718288, 20.465112443778111 ], [ 44.717328, 20.465112443778111 ] ] ] } },
{ "type": "Feature", "properties": { "class": "Class1", "id": 18 }, "geometry": { "type": "Polygon", "coordinates": [ [ [ 44.721936, 20.464302848575713 ], [ 44.721936, 20.464842578710645 ], [ 44.721744, 20.464842578710645 ], [ 44.721744, 20.464662668665667 ], [ 44.721552, 20.464662668665667 ], [ 44.721552, 20.461874062968516 ], [ 44.721744, 20.461874062968516 ], [ 44.721744, 20.462143928035982 ], [ 44.721744, 20.462503748125936 ], [ 44.721936, 20.462503748125936 ], [ 44.721936, 20.462683658170917 ], [ 44.721936, 20.462863568215894 ], [ 44.722128, 20.462863568215894 ], [ 44.722128, 20.463043478260872 ], [ 44.72232, 20.463043478260872 ], [ 44.72232, 20.463223388305849 ], [ 44.722512, 20.463223388305849 ], [ 44.722512, 20.463403298350826 ], [ 44.722704, 20.463403298350826 ], [ 44.722704, 20.463583208395804 ], [ 44.72424, 20.463583208395804 ], [ 44.72424, 20.463403298350826 ], [ 44.724432, 20.463403298350826 ], [ 44.724624, 20.463403298350826 ], [ 44.724624, 20.466101949025489 ], [ 44.724048, 20.466101949025489 ], [ 44.724048, 20.465922038980512 ], [ 44.723856, 20.465922038980512 ], [ 44.723472, 20.465922038980512 ], [ 44.723472, 20.465742128935531 ], [ 44.72328, 20.465742128935531 ], [ 44.72328, 20.465652173913043 ], [ 44.723184, 20.465652173913043 ], [ 44.723184, 20.465562218890554 ], [ 44.722992, 20.465562218890554 ], [ 44.722992, 20.465472263868065 ], [ 44.722896, 20.465472263868065 ], [ 44.722896, 20.465382308845577 ], [ 44.722704, 20.465382308845577 ], [ 44.722704, 20.465202398800599 ], [ 44.722704, 20.465112443778111 ], [ 44.722512, 20.465112443778111 ], [ 44.722512, 20.464842578710645 ], [ 44.722512, 20.464662668665667 ], [ 44.72232, 20.464662668665667 ], [ 44.72232, 20.46448275862069 ], [ 44.722128, 20.46448275862069 ], [ 44.722128, 20.464302848575713 ], [ 44.721936, 20.464302848575713 ] ] ] } },
{ "type": "Feature", "properties": { "class": "Class1", "id": 19 }, "geometry": { "type": "Polygon", "coordinates": [ [ [ 44.718864, 20.465382308845577 ], [ 44.718864, 20.465292353823088 ], [ 44.718672, 20.465292353823088 ], [ 44.718672, 20.465202398800599 ], [ 44.71848, 20.465202398800599 ], [ 44.71848, 20.465112443778111 ], [ 44.71848, 20.464842578710645 ], [ 44.718288, 20.464842578710645 ], [ 44.718288, 20.464302848575713 ], [ 44.718288, 20.463763118440781 ], [ 44.718096, 20.463763118440781 ], [ 44.718096, 20.463403298350826 ], [ 44.718096, 20.463043478260872 ], [ 44.718, 20.463043478260872 ], [ 44.718, 20.462863568215894 ], [ 44.717808, 20.462863568215894 ], [ 44.717808, 20.462413793103448 ], [ 44.717712, 20.462413793103448 ], [ 44.717712, 20.461964017991004 ], [ 44.717808, 20.461964017991004 ], [ 44.717808, 20.461874062968516 ], [ 44.719056, 20.461874062968516 ], [ 44.719056, 20.461784107946027 ], [ 44.720784, 20.461784107946027 ], [ 44.720784, 20.461694152923538 ], [ 44.721168, 20.461694152923538 ], [ 44.721168, 20.461784107946027 ], [ 44.721264, 20.461784107946027 ], [ 44.721264, 20.464932533733133 ], [ 44.721168, 20.464932533733133 ], [ 44.721168, 20.465112443778111 ], [ 44.720976, 20.465112443778111 ], [ 44.720976, 20.465202398800599 ], [ 44.720976, 20.465292353823088 ], [ 44.720784, 20.465292353823088 ], [ 44.720784, 20.465382308845577 ], [ 44.718864, 20.465382308845577 ] ] ] } },
{ "type": "Feature", "properties": { "class": "Class1", "id": 20 }, "geometry": { "type": "Polygon", "coordinates": [ [ [ 44.70024, 20.479595202398801 ], [ 44.70024, 20.479415292353824 ], [ 44.700048, 20.479415292353824 ], [ 44.700048, 20.460344827586209 ], [ 44.70024, 20.460344827586209 ], [ 44.70024, 20.460164917541231 ], [ 44.700624, 20.460164917541231 ], [ 44.700816, 20.460164917541231 ], [ 44.700816, 20.459985007496254 ], [ 44.701008, 20.459985007496254 ], [ 44.7012, 20.459985007496254 ], [ 44.7012, 20.459805097451277 ], [ 44.701776, 20.459805097451277 ], [ 44.70216, 20.459805097451277 ], [ 44.70216, 20.459985007496254 ], [ 44.702544, 20.459985007496254 ], [ 44.702736, 20.459985007496254 ], [ 44.702736, 20.460164917541231 ], [ 44.702928, 20.460164917541231 ], [ 44.703216, 20.460164917541231 ], [ 44.703216, 20.460344827586209 ], [ 44.703312, 20.460344827586209 ], [ 44.703504, 20.460344827586209 ], [ 44.703504, 20.460524737631186 ], [ 44.703696, 20.460524737631186 ], [ 44.703888, 20.460524737631186 ], [ 44.703888, 20.460704647676163 ], [ 44.704272, 20.460704647676163 ], [ 44.704464, 20.460704647676163 ], [ 44.704464, 20.46088455772114 ], [ 44.704656, 20.46088455772114 ], [ 44.704752, 20.46088455772114 ], [ 44.704752, 20.461064467766118 ], [ 44.704944, 20.461064467766118 ], [ 44.70504, 20.461064467766118 ], [ 44.70504, 20.461244377811095 ], [ 44.705232, 20.461244377811095 ], [ 44.705424, 20.461244377811095 ], [ 44.705424, 20.461424287856072 ], [ 44.705616, 20.461424287856072 ], [ 44.705808, 20.461424287856072 ], [ 44.705808, 20.46160419790105 ], [ 44.706, 20.46160419790105 ], [ 44.706672, 20.46160419790105 ], [ 44.706672, 20.461694152923538 ], [ 44.707152, 20.461694152923538 ], [ 44.707152, 20.461784107946027 ], [ 44.707728, 20.461784107946027 ], [ 44.707728, 20.461874062968516 ], [ 44.70792, 20.461874062968516 ], [ 44.70792, 20.461964017991004 ], [ 44.708208, 20.461964017991004 ], [ 44.708208, 20.462053973013493 ], [ 44.7084, 20.462053973013493 ], [ 44.7084, 20.462323838080959 ], [ 44.708496, 20.462323838080959 ], [ 44.708496, 20.462863568215894 ], [ 44.708496, 20.463403298350826 ], [ 44.708688, 20.463403298350826 ], [ 44.708688, 20.464122938530735 ], [ 44.708688, 20.464662668665667 ], [ 44.70888, 20.464662668665667 ], [ 44.70888, 20.465202398800599 ], [ 44.70888, 20.466101949025489 ], [ 44.709072, 20.466101949025489 ], [ 44.709072, 20.466641679160421 ], [ 44.70888, 20.466641679160421 ], [ 44.70888, 20.467001499250376 ], [ 44.708688, 20.467001499250376 ], [ 44.708496, 20.467001499250376 ], [ 44.708496, 20.467181409295353 ], [ 44.708208, 20.467181409295353 ], [ 44.708112, 20.467181409295353 ], [ 44.708112, 20.467361319340331 ], [ 44.707728, 20.467361319340331 ], [ 44.707344, 20.467361319340331 ], [ 44.707344, 20.467541229385308 ], [ 44.707152, 20.467541229385308 ], [ 44.707152, 20.467721139430285 ], [ 44.70696, 20.467721139430285 ], [ 44.70696, 20.467901049475262 ], [ 44.707152, 20.467901049475262 ], [ 44.707152, 20.467991004497751 ], [ 44.707152, 20.468260869565217 ], [ 44.707344, 20.468260869565217 ], [ 44.707344, 20.468440779610194 ], [ 44.707344, 20.468620689655172 ], [ 44.707536, 20.468620689655172 ], [ 44.707536, 20.46871064467766 ], [ 44.707536, 20.46898050974513 ], [ 44.707728, 20.46898050974513 ], [ 44.707728, 20.469160419790107 ], [ 44.70792, 20.469160419790107 ], [ 44.70792, 20.469340329835084 ], [ 44.708112, 20.469340329835084 ], [ 44.708112, 20.469520239880062 ], [ 44.708208, 20.469520239880062 ], [ 44.708208, 20.469700149925039 ], [ 44.7084, 20.469700149925039 ], [ 44.7084, 20.469880059970016 ], [ 44.708496, 20.469880059970016 ], [ 44.708496, 20.470059970014994 ], [ 44.708496, 20.470239880059971 ], [ 44.708688, 20.470239880059971 ], [ 44.708688, 20.470419790104948 ], [ 44.70888, 20.470419790104948 ], [ 44.70888, 20.470599700149926 ], [ 44.70888, 20.470779610194903 ], [ 44.709072, 20.470779610194903 ], [ 44.709072, 20.471139430284857 ], [ 44.709072, 20.471589205397301 ], [ 44.709264, 20.471589205397301 ], [ 44.709264, 20.472218890554725 ], [ 44.709264, 20.472938530734634 ], [ 44.709456, 20.472938530734634 ], [ 44.709456, 20.47455772113943 ], [ 44.709264, 20.47455772113943 ], [ 44.709264, 20.475097451274362 ], [ 44.709264, 20.47545727136432 ], [ 44.709072, 20.47545727136432 ], [ 44.709072, 20.475817091454275 ], [ 44.709072, 20.475997001499252 ], [ 44.70888, 20.475997001499252 ], [ 44.70888, 20.476176911544229 ], [ 44.708688, 20.476176911544229 ], [ 44.708688, 20.476356821589206 ], [ 44.708496, 20.476356821589206 ], [ 44.708208, 20.476356821589206 ], [ 44.708208, 20.476536731634184 ], [ 44.708112, 20.476536731634184 ], [ 44.70792, 20.476536731634184 ], [ 44.70792, 20.476716641679161 ], [ 44.707536, 20.476716641679161 ], [ 44.707344, 20.476716641679161 ], [ 44.707344, 20.476896551724138 ], [ 44.707152, 20.476896551724138 ], [ 44.707152, 20.477076461769116 ], [ 44.70696, 20.477076461769116 ], [ 44.706768, 20.477076461769116 ], [ 44.706768, 20.477256371814093 ], [ 44.706672, 20.477256371814093 ], [ 44.70648, 20.477256371814093 ], [ 44.70648, 20.47743628185907 ], [ 44.706384, 20.47743628185907 ], [ 44.706192, 20.47743628185907 ], [ 44.706192, 20.477526236881559 ], [ 44.706, 20.477526236881559 ], [ 44.706, 20.477796101949025 ], [ 44.706384, 20.477796101949025 ], [ 44.706384, 20.477886056971514 ], [ 44.70648, 20.477886056971514 ], [ 44.70648, 20.477976011994002 ], [ 44.706672, 20.477976011994002 ], [ 44.706672, 20.478065967016491 ], [ 44.706768, 20.478065967016491 ], [ 44.706768, 20.478155922038979 ], [ 44.706768, 20.478245877061468 ], [ 44.70696, 20.478245877061468 ], [ 44.70696, 20.478515742128938 ], [ 44.70696, 20.478695652173915 ], [ 44.70696, 20.478875562218892 ], [ 44.706768, 20.478875562218892 ], [ 44.706768, 20.47905547226387 ], [ 44.706672, 20.47905547226387 ], [ 44.706384, 20.47905547226387 ], [ 44.706384, 20.479235382308847 ], [ 44.706192, 20.479235382308847 ], [ 44.706192, 20.479415292353824 ], [ 44.706, 20.479415292353824 ], [ 44.705808, 20.479415292353824 ], [ 44.705808, 20.479595202398801 ], [ 44.70024, 20.479595202398801 ] ] ] } },
{ "type": "Feature", "properties": { "class": "Class1", "id": 21 }, "geometry": { "type": "Polygon", "coordinates": [ [ [ 44.714832, 20.462053973013493 ], [ 44.714832, 20.461964017991004 ], [ 44.71464, 20.461964017991004 ], [ 44.71464, 20.461874062968516 ], [ 44.71464, 20.461424287856072 ], [ 44.714832, 20.461424287856072 ], [ 44.714832, 20.461064467766118 ], [ 44.714832, 20.46088455772114 ], [ 44.715024, 20.46088455772114 ], [ 44.715024, 20.460704647676163 ], [ 44.715024, 20.460524737631186 ], [ 44.715216, 20.460524737631186 ], [ 44.715216, 20.460344827586209 ], [ 44.715216, 20.460164917541231 ], [ 44.715408, 20.460164917541231 ], [ 44.715408, 20.459985007496254 ], [ 44.7156, 20.459985007496254 ], [ 44.7156, 20.459805097451277 ], [ 44.715792, 20.459805097451277 ], [ 44.715792, 20.459625187406299 ], [ 44.715984, 20.459625187406299 ], [ 44.71608, 20.459625187406299 ], [ 44.71608, 20.459445277361318 ], [ 44.716272, 20.459445277361318 ], [ 44.716272, 20.45935532233883 ], [ 44.716368, 20.45935532233883 ], [ 44.716368, 20.459265367316341 ], [ 44.71656, 20.459265367316341 ], [ 44.71656, 20.459175412293853 ], [ 44.716752, 20.459175412293853 ], [ 44.716752, 20.459085457271364 ], [ 44.717136, 20.459085457271364 ], [ 44.717136, 20.458995502248875 ], [ 44.717328, 20.458995502248875 ], [ 44.717328, 20.458905547226387 ], [ 44.717712, 20.458905547226387 ], [ 44.717712, 20.458815592203898 ], [ 44.717808, 20.458815592203898 ], [ 44.717808, 20.458725637181409 ], [ 44.718, 20.458725637181409 ], [ 44.718, 20.458815592203898 ], [ 44.718096, 20.458815592203898 ], [ 44.718096, 20.458725637181409 ], [ 44.71848, 20.458725637181409 ], [ 44.71848, 20.458635682158921 ], [ 44.718864, 20.458635682158921 ], [ 44.718864, 20.458725637181409 ], [ 44.719056, 20.458725637181409 ], [ 44.719056, 20.458815592203898 ], [ 44.719248, 20.458815592203898 ], [ 44.719248, 20.458905547226387 ], [ 44.719248, 20.458995502248875 ], [ 44.71944, 20.458995502248875 ], [ 44.71944, 20.459085457271364 ], [ 44.71944, 20.459175412293853 ], [ 44.719536, 20.459175412293853 ], [ 44.719536, 20.459265367316341 ], [ 44.719728, 20.459265367316341 ], [ 44.719728, 20.45935532233883 ], [ 44.719824, 20.45935532233883 ], [ 44.719824, 20.459445277361318 ], [ 44.720016, 20.459445277361318 ], [ 44.720016, 20.459625187406299 ], [ 44.720208, 20.459625187406299 ], [ 44.720208, 20.459805097451277 ], [ 44.7204, 20.459805097451277 ], [ 44.7204, 20.459985007496254 ], [ 44.720592, 20.459985007496254 ], [ 44.720592, 20.460164917541231 ], [ 44.720784, 20.460164917541231 ], [ 44.720784, 20.460344827586209 ], [ 44.720784, 20.460524737631186 ], [ 44.720976, 20.460524737631186 ], [ 44.720976, 20.460704647676163 ], [ 44.720976, 20.46088455772114 ], [ 44.721168, 20.46088455772114 ], [ 44.721168, 20.461064467766118 ], [ 44.721168, 20.461694152923538 ], [ 44.720784, 20.461694152923538 ], [ 44.720784, 20.461784107946027 ], [ 44.719056, 20.461784107946027 ], [ 44.719056, 20.461874062968516 ], [ 44.71848, 20.461874062968516 ], [ 44.71848, 20.461784107946027 ], [ 44.718288, 20.461784107946027 ], [ 44.718288, 20.461694152923538 ], [ 44.717712, 20.461694152923538 ], [ 44.717712, 20.461784107946027 ], [ 44.717712, 20.461874062968516 ], [ 44.71752, 20.461874062968516 ], [ 44.71752, 20.461964017991004 ], [ 44.716272, 20.461964017991004 ], [ 44.716272, 20.462053973013493 ], [ 44.714832, 20.462053973013493 ] ] ] } },
{ "type": "Feature", "properties": { "class": "Class1", "id": 22 }, "geometry": { "type": "Polygon", "coordinates": [ [ [ 44.714448, 20.461874062968516 ], [ 44.714448, 20.46160419790105 ], [ 44.714256, 20.46160419790105 ], [ 44.714256, 20.461244377811095 ], [ 44.714448, 20.461244377811095 ], [ 44.714448, 20.46088455772114 ], [ 44.714448, 20.460524737631186 ], [ 44.71464, 20.460524737631186 ], [ 44.71464, 20.460344827586209 ], [ 44.71464, 20.459985007496254 ], [ 44.714832, 20.459985007496254 ], [ 44.714832, 20.459625187406299 ], [ 44.714832, 20.45935532233883 ], [ 44.715024, 20.45935532233883 ], [ 44.715024, 20.459265367316341 ], [ 44.715024, 20.458995502248875 ], [ 44.715216, 20.458995502248875 ], [ 44.715216, 20.458815592203898 ], [ 44.715216, 20.458635682158921 ], [ 44.715408, 20.458635682158921 ], [ 44.715408, 20.458545727136432 ], [ 44.715408, 20.458185907046477 ], [ 44.7156, 20.458185907046477 ], [ 44.7156, 20.457826086956523 ], [ 44.7156, 20.457646176911545 ], [ 44.715792, 20.457646176911545 ], [ 44.715984, 20.457646176911545 ], [ 44.715984, 20.457826086956523 ], [ 44.716272, 20.457826086956523 ], [ 44.716368, 20.457826086956523 ], [ 44.716368, 20.4580059970015 ], [ 44.71656, 20.4580059970015 ], [ 44.71656, 20.458185907046477 ], [ 44.717136, 20.458185907046477 ], [ 44.717328, 20.458185907046477 ], [ 44.717328, 20.458365817091455 ], [ 44.717712, 20.458365817091455 ], [ 44.717808, 20.458365817091455 ], [ 44.717808, 20.458545727136432 ], [ 44.718, 20.458545727136432 ], [ 44.718, 20.458725637181409 ], [ 44.717808, 20.458725637181409 ], [ 44.717808, 20.458815592203898 ], [ 44.717712, 20.458815592203898 ], [ 44.717712, 20.458905547226387 ], [ 44.717328, 20.458905547226387 ], [ 44.717328, 20.458995502248875 ], [ 44.717136, 20.458995502248875 ], [ 44.717136, 20.459085457271364 ], [ 44.716752, 20.459085457271364 ], [ 44.716752, 20.459175412293853 ], [ 44.71656, 20.459175412293853 ], [ 44.71656, 20.459265367316341 ], [ 44.716368, 20.459265367316341 ], [ 44.716368, 20.45935532233883 ], [ 44.716272, 20.45935532233883 ], [ 44.716272, 20.459445277361318 ], [ 44.71608, 20.459445277361318 ], [ 44.71608, 20.459625187406299 ], [ 44.715984, 20.459625187406299 ], [ 44.715792, 20.459625187406299 ], [ 44.715792, 20.459805097451277 ], [ 44.7156, 20.459805097451277 ], [ 44.7156, 20.459985007496254 ], [ 44.715408, 20.459985007496254 ], [ 44.715408, 20.460164917541231 ], [ 44.715216, 20.460164917541231 ], [ 44.715216, 20.460344827586209 ], [ 44.715216, 20.460524737631186 ], [ 44.715024, 20.460524737631186 ], [ 44.715024, 20.460704647676163 ], [ 44.715024, 20.46088455772114 ], [ 44.714832, 20.46088455772114 ], [ 44.714832, 20.461064467766118 ], [ 44.714832, 20.461424287856072 ], [ 44.71464, 20.461424287856072 ], [ 44.71464, 20.461874062968516 ], [ 44.714448, 20.461874062968516 ] ] ] } },
{ "type": "Feature", "properties": { "class": "Class1", "id": 23 }, "geometry": { "type": "Polygon", "coordinates": [ [ [ 44.74296, 20.458545727136432 ], [ 44.742864, 20.458545727136432 ], [ 44.742864, 20.458365817091455 ], [ 44.742672, 20.458365817091455 ], [ 44.742672, 20.458185907046477 ], [ 44.74248, 20.458185907046477 ], [ 44.74248, 20.457646176911545 ], [ 44.742672, 20.457646176911545 ], [ 44.742672, 20.457466266866568 ], [ 44.742864, 20.457466266866568 ], [ 44.742864, 20.457286356821591 ], [ 44.74296, 20.457286356821591 ], [ 44.74296, 20.457106446776613 ], [ 44.744016, 20.457106446776613 ], [ 44.744016, 20.457286356821591 ], [ 44.7444, 20.457286356821591 ], [ 44.744592, 20.457286356821591 ], [ 44.744592, 20.457646176911545 ], [ 44.7444, 20.457646176911545 ], [ 44.7444, 20.457826086956523 ], [ 44.744208, 20.457826086956523 ], [ 44.744016, 20.457826086956523 ], [ 44.744016, 20.4580059970015 ], [ 44.743824, 20.4580059970015 ], [ 44.743824, 20.458185907046477 ], [ 44.743632, 20.458185907046477 ], [ 44.743632, 20.458365817091455 ], [ 44.743632, 20.458545727136432 ], [ 44.74296, 20.458545727136432 ] ] ] } },
{ "type": "Feature", "properties": { "class": "Class1", "id": 24 }, "geometry": { "type": "Polygon", "coordinates": [ [ [ 44.736912, 20.459985007496254 ], [ 44.73672, 20.459985007496254 ], [ 44.73672, 20.459625187406299 ], [ 44.73672, 20.459445277361318 ], [ 44.736528, 20.459445277361318 ], [ 44.736528, 20.45935532233883 ], [ 44.736528, 20.459175412293853 ], [ 44.736336, 20.459175412293853 ], [ 44.736336, 20.459085457271364 ], [ 44.736336, 20.458905547226387 ], [ 44.73624, 20.458905547226387 ], [ 44.73624, 20.458815592203898 ], [ 44.736048, 20.458815592203898 ], [ 44.736048, 20.458725637181409 ], [ 44.735952, 20.458725637181409 ], [ 44.735952, 20.458635682158921 ], [ 44.735952, 20.458545727136432 ], [ 44.73576, 20.458545727136432 ], [ 44.73576, 20.456566716641682 ], [ 44.736336, 20.456566716641682 ], [ 44.736336, 20.456746626686659 ], [ 44.736528, 20.456746626686659 ], [ 44.73672, 20.456746626686659 ], [ 44.73672, 20.456926536731636 ], [ 44.736912, 20.456926536731636 ], [ 44.736912, 20.457106446776613 ], [ 44.737104, 20.457106446776613 ], [ 44.737104, 20.457286356821591 ], [ 44.737296, 20.457286356821591 ], [ 44.737296, 20.457466266866568 ], [ 44.737488, 20.457466266866568 ], [ 44.737488, 20.457646176911545 ], [ 44.737488, 20.4580059970015 ], [ 44.73768, 20.4580059970015 ], [ 44.73768, 20.458725637181409 ], [ 44.737488, 20.458725637181409 ], [ 44.737488, 20.458905547226387 ], [ 44.737488, 20.458995502248875 ], [ 44.737296, 20.458995502248875 ], [ 44.737296, 20.459175412293853 ], [ 44.737296, 20.459265367316341 ], [ 44.737104, 20.459265367316341 ], [ 44.737104, 20.45935532233883 ], [ 44.737104, 20.459445277361318 ], [ 44.736912, 20.459445277361318 ], [ 44.736912, 20.459985007496254 ] ] ] } },
{ "type": "Feature", "properties": { "class": "Class1", "id": 25 }, "geometry": { "type": "Polygon", "coordinates": [ [ [ 44.725584, 20.456746626686659 ], [ 44.725584, 20.456116941529235 ], [ 44.725776, 20.456116941529235 ], [ 44.725776, 20.456026986506746 ], [ 44.725776, 20.455937031484257 ], [ 44.726352, 20.455937031484257 ], [ 44.726352, 20.456026986506746 ], [ 44.726352, 20.456116941529235 ], [ 44.726448, 20.456116941529235 ], [ 44.726448, 20.456206896551723 ], [ 44.726736, 20.456206896551723 ], [ 44.726736, 20.456116941529235 ], [ 44.726736, 20.455577211394303 ], [ 44.726928, 20.455577211394303 ], [ 44.726928, 20.455487256371814 ], [ 44.727312, 20.455487256371814 ], [ 44.727312, 20.455577211394303 ], [ 44.728176, 20.455577211394303 ], [ 44.728176, 20.455667166416792 ], [ 44.728848, 20.455667166416792 ], [ 44.728848, 20.45575712143928 ], [ 44.729808, 20.45575712143928 ], [ 44.729808, 20.455847076461769 ], [ 44.730192, 20.455847076461769 ], [ 44.730192, 20.455937031484257 ], [ 44.730384, 20.455937031484257 ], [ 44.730384, 20.456206896551723 ], [ 44.730576, 20.456206896551723 ], [ 44.730576, 20.456566716641682 ], [ 44.730576, 20.456746626686659 ], [ 44.725584, 20.456746626686659 ] ] ] } },
{ "type": "Feature", "properties": { "class": "Class1", "id": 26 }, "geometry": { "type": "Polygon", "coordinates": [ [ [ 44.744592, 20.456926536731636 ], [ 44.743824, 20.456926536731636 ], [ 44.743824, 20.456746626686659 ], [ 44.743248, 20.456746626686659 ], [ 44.743152, 20.456746626686659 ], [ 44.743152, 20.456386806596704 ], [ 44.743248, 20.456386806596704 ], [ 44.743248, 20.456206896551723 ], [ 44.74344, 20.456206896551723 ], [ 44.74344, 20.456116941529235 ], [ 44.74344, 20.456026986506746 ], [ 44.743632, 20.456026986506746 ], [ 44.743632, 20.455937031484257 ], [ 44.743632, 20.455847076461769 ], [ 44.743824, 20.455847076461769 ], [ 44.743824, 20.45575712143928 ], [ 44.743824, 20.455667166416792 ], [ 44.744016, 20.455667166416792 ], [ 44.744016, 20.455487256371814 ], [ 44.744016, 20.455397301349326 ], [ 44.7444, 20.455397301349326 ], [ 44.7444, 20.455487256371814 ], [ 44.744592, 20.455487256371814 ], [ 44.744592, 20.455577211394303 ], [ 44.744784, 20.455577211394303 ], [ 44.744784, 20.455667166416792 ], [ 44.74488, 20.455667166416792 ], [ 44.74488, 20.45575712143928 ], [ 44.744976, 20.45575712143928 ], [ 44.744976, 20.455847076461769 ], [ 44.745168, 20.455847076461769 ], [ 44.745168, 20.455937031484257 ], [ 44.74536, 20.455937031484257 ], [ 44.74536, 20.456026986506746 ], [ 44.745552, 20.456026986506746 ], [ 44.745552, 20.456116941529235 ], [ 44.74584, 20.456116941529235 ], [ 44.74584, 20.456206896551723 ], [ 44.746128, 20.456206896551723 ], [ 44.746128, 20.456386806596704 ], [ 44.746128, 20.456746626686659 ], [ 44.746128, 20.456926536731636 ], [ 44.745936, 20.456926536731636 ], [ 44.744592, 20.456926536731636 ] ] ] } },
{ "type": "Feature", "properties": { "class": "Class1", "id": 27 }, "geometry": { "type": "Polygon", "coordinates": [ [ [ 44.71656, 20.457826086956523 ], [ 44.71656, 20.457646176911545 ], [ 44.716368, 20.457646176911545 ], [ 44.716368, 20.457466266866568 ], [ 44.716272, 20.457466266866568 ], [ 44.716272, 20.457286356821591 ], [ 44.715984, 20.457286356821591 ], [ 44.715984, 20.456926536731636 ], [ 44.715792, 20.456926536731636 ], [ 44.715792, 20.456746626686659 ], [ 44.715792, 20.456386806596704 ], [ 44.715984, 20.456386806596704 ], [ 44.715984, 20.456206896551723 ], [ 44.715984, 20.456026986506746 ], [ 44.71608, 20.456026986506746 ], [ 44.71608, 20.45575712143928 ], [ 44.716272, 20.45575712143928 ], [ 44.716272, 20.455577211394303 ], [ 44.716368, 20.455577211394303 ], [ 44.716368, 20.455397301349326 ], [ 44.716368, 20.455307346326837 ], [ 44.71656, 20.455307346326837 ], [ 44.71656, 20.45512743628186 ], [ 44.716752, 20.45512743628186 ], [ 44.716752, 20.454947526236882 ], [ 44.716752, 20.454767616191905 ], [ 44.717328, 20.454767616191905 ], [ 44.717328, 20.454947526236882 ], [ 44.71752, 20.454947526236882 ], [ 44.71752, 20.45512743628186 ], [ 44.71752, 20.455397301349326 ], [ 44.717712, 20.455397301349326 ], [ 44.717712, 20.456386806596704 ], [ 44.71752, 20.456386806596704 ], [ 44.71752, 20.456566716641682 ], [ 44.717136, 20.456566716641682 ], [ 44.717136, 20.456746626686659 ], [ 44.716944, 20.456746626686659 ], [ 44.716944, 20.456926536731636 ], [ 44.716944, 20.457286356821591 ], [ 44.716944, 20.457826086956523 ], [ 44.71656, 20.457826086956523 ] ] ] } },
{ "type": "Feature", "properties": { "class": "Class1", "id": 28 }, "geometry": { "type": "Polygon", "coordinates": [ [ [ 44.759184, 20.457646176911545 ], [ 44.759184, 20.457466266866568 ], [ 44.758992, 20.457466266866568 ], [ 44.758992, 20.457286356821591 ], [ 44.758992, 20.457106446776613 ], [ 44.7588, 20.457106446776613 ], [ 44.7588, 20.456926536731636 ], [ 44.7588, 20.456746626686659 ], [ 44.758608, 20.456746626686659 ], [ 44.758608, 20.456386806596704 ], [ 44.758608, 20.456116941529235 ], [ 44.758416, 20.456116941529235 ], [ 44.758416, 20.455937031484257 ], [ 44.758416, 20.455847076461769 ], [ 44.758224, 20.455847076461769 ], [ 44.758224, 20.455667166416792 ], [ 44.758224, 20.455577211394303 ], [ 44.758032, 20.455577211394303 ], [ 44.758032, 20.45512743628186 ], [ 44.758224, 20.45512743628186 ], [ 44.758416, 20.45512743628186 ], [ 44.758416, 20.454947526236882 ], [ 44.758608, 20.454947526236882 ], [ 44.7588, 20.454947526236882 ], [ 44.7588, 20.454767616191905 ], [ 44.758992, 20.454767616191905 ], [ 44.759376, 20.454767616191905 ], [ 44.759376, 20.454947526236882 ], [ 44.759376, 20.45512743628186 ], [ 44.759568, 20.45512743628186 ], [ 44.759568, 20.455307346326837 ], [ 44.759664, 20.455307346326837 ], [ 44.75976, 20.455307346326837 ], [ 44.75976, 20.455487256371814 ], [ 44.75976, 20.455577211394303 ], [ 44.759952, 20.455577211394303 ], [ 44.759952, 20.455667166416792 ], [ 44.760144, 20.455667166416792 ], [ 44.760144, 20.457466266866568 ], [ 44.759952, 20.457466266866568 ], [ 44.759952, 20.457646176911545 ], [ 44.75976, 20.457646176911545 ], [ 44.759184, 20.457646176911545 ] ] ] } },
{ "type": "Feature", "properties": { "class": "Class1", "id": 29 }, "geometry": { "type": "Polygon", "coordinates": [ [ [ 44.711952, 20.462143928035982 ], [ 44.711952, 20.462053973013493 ], [ 44.711856, 20.462053973013493 ], [ 44.711856, 20.461964017991004 ], [ 44.711664, 20.461964017991004 ], [ 44.711664, 20.461874062968516 ], [ 44.711568, 20.461874062968516 ], [ 44.711568, 20.461784107946027 ], [ 44.711568, 20.461694152923538 ], [ 44.711376, 20.461694152923538 ], [ 44.711376, 20.46160419790105 ], [ 44.711376, 20.461424287856072 ], [ 44.711184, 20.461424287856072 ], [ 44.711184, 20.461244377811095 ], [ 44.710992, 20.461244377811095 ], [ 44.710992, 20.461064467766118 ], [ 44.710992, 20.46088455772114 ], [ 44.7108, 20.46088455772114 ], [ 44.7108, 20.459085457271364 ], [ 44.711376, 20.459085457271364 ], [ 44.711376, 20.458995502248875 ], [ 44.711952, 20.458995502248875 ], [ 44.711952, 20.458905547226387 ], [ 44.712144, 20.458905547226387 ], [ 44.712144, 20.458545727136432 ], [ 44.712144, 20.458365817091455 ], [ 44.712336, 20.458365817091455 ], [ 44.712336, 20.458185907046477 ], [ 44.712528, 20.458185907046477 ], [ 44.712912, 20.458185907046477 ], [ 44.713104, 20.458185907046477 ], [ 44.713104, 20.458365817091455 ], [ 44.713296, 20.458365817091455 ], [ 44.713296, 20.458545727136432 ], [ 44.713392, 20.458545727136432 ], [ 44.71368, 20.458545727136432 ], [ 44.71368, 20.458635682158921 ], [ 44.71368, 20.458725637181409 ], [ 44.713872, 20.458725637181409 ], [ 44.713872, 20.458635682158921 ], [ 44.714064, 20.458635682158921 ], [ 44.714064, 20.458545727136432 ], [ 44.714256, 20.458545727136432 ], [ 44.714256, 20.458365817091455 ], [ 44.714448, 20.458365817091455 ], [ 44.714448, 20.458185907046477 ], [ 44.714448, 20.457466266866568 ], [ 44.71464, 20.457466266866568 ], [ 44.71464, 20.456746626686659 ], [ 44.714448, 20.456746626686659 ], [ 44.714448, 20.456386806596704 ], [ 44.71464, 20.456386806596704 ], [ 44.71464, 20.456026986506746 ], [ 44.714448, 20.456026986506746 ], [ 44.714448, 20.455937031484257 ], [ 44.714448, 20.455847076461769 ], [ 44.71368, 20.455847076461769 ], [ 44.71368, 20.455937031484257 ], [ 44.713104, 20.455937031484257 ], [ 44.713104, 20.456026986506746 ], [ 44.712528, 20.456026986506746 ], [ 44.712528, 20.455937031484257 ], [ 44.712336, 20.455937031484257 ], [ 44.712336, 20.455847076461769 ], [ 44.712144, 20.455847076461769 ], [ 44.712144, 20.45575712143928 ], [ 44.711952, 20.45575712143928 ], [ 44.711952, 20.455667166416792 ], [ 44.711952, 20.455307346326837 ], [ 44.712336, 20.455307346326837 ], [ 44.712528, 20.455307346326837 ], [ 44.712528, 20.45512743628186 ], [ 44.71272, 20.45512743628186 ], [ 44.71272, 20.454947526236882 ], [ 44.712912, 20.454947526236882 ], [ 44.712912, 20.454587706146928 ], [ 44.712912, 20.454047976011996 ], [ 44.712912, 20.453868065967018 ], [ 44.713104, 20.453868065967018 ], [ 44.71368, 20.453868065967018 ], [ 44.714064, 20.453868065967018 ], [ 44.714064, 20.454047976011996 ], [ 44.71464, 20.454047976011996 ], [ 44.715024, 20.454047976011996 ], [ 44.715024, 20.454227886056973 ], [ 44.7156, 20.454227886056973 ], [ 44.715984, 20.454227886056973 ], [ 44.715984, 20.45440779610195 ], [ 44.71608, 20.45440779610195 ], [ 44.716272, 20.45440779610195 ], [ 44.716272, 20.454587706146928 ], [ 44.71608, 20.454587706146928 ], [ 44.71608, 20.454767616191905 ], [ 44.715792, 20.454767616191905 ], [ 44.715792, 20.454587706146928 ], [ 44.715024, 20.454587706146928 ], [ 44.714256, 20.454587706146928 ], [ 44.714256, 20.454947526236882 ], [ 44.714064, 20.454947526236882 ], [ 44.714064, 20.455397301349326 ], [ 44.714256, 20.455397301349326 ], [ 44.714256, 20.455487256371814 ], [ 44.714832, 20.455487256371814 ], [ 44.714832, 20.455577211394303 ], [ 44.715408, 20.455577211394303 ], [ 44.715408, 20.455667166416792 ], [ 44.715792, 20.455667166416792 ], [ 44.715792, 20.45575712143928 ], [ 44.715984, 20.45575712143928 ], [ 44.715984, 20.455937031484257 ], [ 44.715792, 20.455937031484257 ], [ 44.715792, 20.456386806596704 ], [ 44.715792, 20.456566716641682 ], [ 44.7156, 20.456566716641682 ], [ 44.7156, 20.456746626686659 ], [ 44.7156, 20.457106446776613 ], [ 44.7156, 20.457646176911545 ], [ 44.715408, 20.457646176911545 ], [ 44.715408, 20.457826086956523 ], [ 44.715408, 20.458185907046477 ], [ 44.715216, 20.458185907046477 ], [ 44.715216, 20.458365817091455 ], [ 44.715216, 20.458635682158921 ], [ 44.715024, 20.458635682158921 ], [ 44.715024, 20.458905547226387 ], [ 44.715024, 20.459175412293853 ], [ 44.714832, 20.459175412293853 ], [ 44.714832, 20.459265367316341 ], [ 44.715024, 20.459265367316341 ], [ 44.715024, 20.45935532233883 ], [ 44.714832, 20.45935532233883 ], [ 44.714832, 20.459625187406299 ], [ 44.714832, 20.459985007496254 ], [ 44.71464, 20.459985007496254 ], [ 44.71464, 20.460344827586209 ], [ 44.71464, 20.460524737631186 ], [ 44.714448, 20.460524737631186 ], [ 44.714448, 20.46088455772114 ], [ 44.714448, 20.461244377811095 ], [ 44.714256, 20.461244377811095 ], [ 44.714256, 20.46160419790105 ], [ 44.714256, 20.461784107946027 ], [ 44.714064, 20.461784107946027 ], [ 44.714064, 20.461964017991004 ], [ 44.714064, 20.462053973013493 ], [ 44.713872, 20.462053973013493 ], [ 44.713872, 20.462143928035982 ], [ 44.711952, 20.462143928035982 ] ] ] } },
{ "type": "Feature", "properties": { "class": "Class1", "id": 30 }, "geometry": { "type": "Polygon", "coordinates": [ [ [ 44.755344, 20.456386806596704 ], [ 44.755344, 20.456206896551723 ], [ 44.755152, 20.456206896551723 ], [ 44.755152, 20.456116941529235 ], [ 44.755152, 20.456026986506746 ], [ 44.75496, 20.456026986506746 ], [ 44.75496, 20.455937031484257 ], [ 44.75496, 20.455847076461769 ], [ 44.754768, 20.455847076461769 ], [ 44.754768, 20.45575712143928 ], [ 44.754768, 20.455667166416792 ], [ 44.754576, 20.455667166416792 ], [ 44.754576, 20.455577211394303 ], [ 44.754576, 20.455487256371814 ], [ 44.75448, 20.455487256371814 ], [ 44.75448, 20.455397301349326 ], [ 44.754288, 20.455397301349326 ], [ 44.754288, 20.455307346326837 ], [ 44.754192, 20.455307346326837 ], [ 44.754192, 20.45512743628186 ], [ 44.754, 20.45512743628186 ], [ 44.754, 20.454947526236882 ], [ 44.753808, 20.454947526236882 ], [ 44.753616, 20.454947526236882 ], [ 44.753616, 20.454767616191905 ], [ 44.753424, 20.454767616191905 ], [ 44.753424, 20.454587706146928 ], [ 44.753232, 20.454587706146928 ], [ 44.753232, 20.45440779610195 ], [ 44.75304, 20.45440779610195 ], [ 44.75304, 20.454227886056973 ], [ 44.752848, 20.454227886056973 ], [ 44.752848, 20.454047976011996 ], [ 44.752752, 20.454047976011996 ], [ 44.75256, 20.454047976011996 ], [ 44.75256, 20.453868065967018 ], [ 44.752464, 20.453868065967018 ], [ 44.752464, 20.453328335832087 ], [ 44.75256, 20.453328335832087 ], [ 44.75256, 20.453148425787106 ], [ 44.752752, 20.453148425787106 ], [ 44.752752, 20.453058470764617 ], [ 44.752848, 20.453058470764617 ], [ 44.752848, 20.452968515742128 ], [ 44.75304, 20.452968515742128 ], [ 44.75304, 20.45287856071964 ], [ 44.75304, 20.452788605697151 ], [ 44.753232, 20.452788605697151 ], [ 44.753232, 20.452698650674662 ], [ 44.753232, 20.452608695652174 ], [ 44.753424, 20.452608695652174 ], [ 44.753424, 20.452428785607196 ], [ 44.753424, 20.452338830584708 ], [ 44.753616, 20.452338830584708 ], [ 44.753616, 20.452248875562219 ], [ 44.753808, 20.452248875562219 ], [ 44.753808, 20.452068965517242 ], [ 44.754, 20.452068965517242 ], [ 44.754, 20.451889055472265 ], [ 44.754192, 20.451889055472265 ], [ 44.754288, 20.451889055472265 ], [ 44.754576, 20.451889055472265 ], [ 44.754576, 20.452068965517242 ], [ 44.754768, 20.452068965517242 ], [ 44.754768, 20.452248875562219 ], [ 44.75496, 20.452248875562219 ], [ 44.75496, 20.452338830584708 ], [ 44.755344, 20.452338830584708 ], [ 44.755344, 20.452428785607196 ], [ 44.755344, 20.452518740629685 ], [ 44.755536, 20.452518740629685 ], [ 44.755536, 20.452698650674662 ], [ 44.755344, 20.452698650674662 ], [ 44.755344, 20.453148425787106 ], [ 44.755536, 20.453148425787106 ], [ 44.755536, 20.453328335832087 ], [ 44.755536, 20.453508245877064 ], [ 44.75592, 20.453508245877064 ], [ 44.75592, 20.453328335832087 ], [ 44.756016, 20.453328335832087 ], [ 44.756304, 20.453328335832087 ], [ 44.756496, 20.453328335832087 ], [ 44.756496, 20.453508245877064 ], [ 44.756688, 20.453508245877064 ], [ 44.756688, 20.453688155922041 ], [ 44.75688, 20.453688155922041 ], [ 44.75688, 20.453868065967018 ], [ 44.757072, 20.453868065967018 ], [ 44.757072, 20.454047976011996 ], [ 44.757072, 20.454227886056973 ], [ 44.757264, 20.454227886056973 ], [ 44.757264, 20.45440779610195 ], [ 44.757456, 20.45440779610195 ], [ 44.757456, 20.454767616191905 ], [ 44.757264, 20.454767616191905 ], [ 44.757264, 20.45512743628186 ], [ 44.757264, 20.455577211394303 ], [ 44.757264, 20.455667166416792 ], [ 44.757072, 20.455667166416792 ], [ 44.757072, 20.45575712143928 ], [ 44.757072, 20.455847076461769 ], [ 44.75688, 20.455847076461769 ], [ 44.75688, 20.455937031484257 ], [ 44.756688, 20.455937031484257 ], [ 44.756688, 20.45575712143928 ], [ 44.756688, 20.455667166416792 ], [ 44.756496, 20.455667166416792 ], [ 44.756304, 20.455667166416792 ], [ 44.756304, 20.45575712143928 ], [ 44.756208, 20.45575712143928 ], [ 44.756208, 20.455847076461769 ], [ 44.756016, 20.455847076461769 ], [ 44.756016, 20.455937031484257 ], [ 44.75592, 20.455937031484257 ], [ 44.75592, 20.456026986506746 ], [ 44.75592, 20.456116941529235 ], [ 44.755728, 20.456116941529235 ], [ 44.755728, 20.456206896551723 ], [ 44.755728, 20.456386806596704 ], [ 44.755344, 20.456386806596704 ] ] ] } },
{ "type": "Feature", "properties": { "class": "Class1", "id": 31 }, "geometry": { "type": "Polygon", "coordinates": [ [ [ 44.74824, 20.456386806596704 ], [ 44.74824, 20.456026986506746 ], [ 44.74824, 20.455847076461769 ], [ 44.748432, 20.455847076461769 ], [ 44.748432, 20.45575712143928 ], [ 44.748432, 20.455667166416792 ], [ 44.748624, 20.455667166416792 ], [ 44.748624, 20.455577211394303 ], [ 44.748624, 20.455487256371814 ], [ 44.748816, 20.455487256371814 ], [ 44.748816, 20.455397301349326 ], [ 44.748816, 20.455307346326837 ], [ 44.748624, 20.455307346326837 ], [ 44.748624, 20.45512743628186 ], [ 44.748432, 20.45512743628186 ], [ 44.748432, 20.455397301349326 ], [ 44.74824, 20.455397301349326 ], [ 44.74824, 20.455487256371814 ], [ 44.747856, 20.455487256371814 ], [ 44.747856, 20.454767616191905 ], [ 44.748048, 20.454767616191905 ], [ 44.748048, 20.454587706146928 ], [ 44.74824, 20.454587706146928 ], [ 44.748432, 20.454587706146928 ], [ 44.748432, 20.45440779610195 ], [ 44.748816, 20.45440779610195 ], [ 44.748816, 20.454587706146928 ], [ 44.749008, 20.454587706146928 ], [ 44.749104, 20.454587706146928 ], [ 44.749104, 20.454947526236882 ], [ 44.749296, 20.454947526236882 ], [ 44.749296, 20.45512743628186 ], [ 44.749392, 20.45512743628186 ], [ 44.749584, 20.45512743628186 ], [ 44.749584, 20.454947526236882 ], [ 44.749392, 20.454947526236882 ], [ 44.749392, 20.454587706146928 ], [ 44.749392, 20.453868065967018 ], [ 44.749296, 20.453868065967018 ], [ 44.749296, 20.453688155922041 ], [ 44.748432, 20.453688155922041 ], [ 44.748432, 20.453508245877064 ], [ 44.74824, 20.453508245877064 ], [ 44.74824, 20.453328335832087 ], [ 44.748048, 20.453328335832087 ], [ 44.748048, 20.453148425787106 ], [ 44.747856, 20.453148425787106 ], [ 44.747856, 20.45287856071964 ], [ 44.748048, 20.45287856071964 ], [ 44.748048, 20.452788605697151 ], [ 44.748048, 20.452698650674662 ], [ 44.74824, 20.452698650674662 ], [ 44.74824, 20.452608695652174 ], [ 44.74824, 20.452518740629685 ], [ 44.748432, 20.452518740629685 ], [ 44.748432, 20.452428785607196 ], [ 44.748432, 20.452338830584708 ], [ 44.748624, 20.452338830584708 ], [ 44.748624, 20.452248875562219 ], [ 44.748816, 20.452248875562219 ], [ 44.748816, 20.452068965517242 ], [ 44.749008, 20.452068965517242 ], [ 44.749008, 20.451889055472265 ], [ 44.749104, 20.451889055472265 ], [ 44.749104, 20.451709145427287 ], [ 44.749296, 20.451709145427287 ], [ 44.749392, 20.451709145427287 ], [ 44.749392, 20.45152923538231 ], [ 44.749776, 20.45152923538231 ], [ 44.749776, 20.451709145427287 ], [ 44.749968, 20.451709145427287 ], [ 44.749968, 20.451889055472265 ], [ 44.75016, 20.451889055472265 ], [ 44.75016, 20.452068965517242 ], [ 44.75016, 20.452248875562219 ], [ 44.75016, 20.452428785607196 ], [ 44.750352, 20.452428785607196 ], [ 44.750352, 20.452338830584708 ], [ 44.750544, 20.452338830584708 ], [ 44.750544, 20.452428785607196 ], [ 44.750736, 20.452428785607196 ], [ 44.750736, 20.452518740629685 ], [ 44.750832, 20.452518740629685 ], [ 44.750832, 20.452608695652174 ], [ 44.75112, 20.452608695652174 ], [ 44.75112, 20.452698650674662 ], [ 44.75112, 20.452788605697151 ], [ 44.751312, 20.452788605697151 ], [ 44.751312, 20.45287856071964 ], [ 44.751312, 20.452968515742128 ], [ 44.751504, 20.452968515742128 ], [ 44.751504, 20.453058470764617 ], [ 44.751504, 20.453148425787106 ], [ 44.751696, 20.453148425787106 ], [ 44.751696, 20.453328335832087 ], [ 44.751696, 20.453508245877064 ], [ 44.751888, 20.453508245877064 ], [ 44.751888, 20.453688155922041 ], [ 44.75208, 20.453688155922041 ], [ 44.75208, 20.453868065967018 ], [ 44.752272, 20.453868065967018 ], [ 44.752272, 20.454047976011996 ], [ 44.752464, 20.454047976011996 ], [ 44.752464, 20.454227886056973 ], [ 44.752752, 20.454227886056973 ], [ 44.752848, 20.454227886056973 ], [ 44.752848, 20.45440779610195 ], [ 44.75304, 20.45440779610195 ], [ 44.75304, 20.454587706146928 ], [ 44.753232, 20.454587706146928 ], [ 44.753232, 20.454767616191905 ], [ 44.753232, 20.454947526236882 ], [ 44.753424, 20.454947526236882 ], [ 44.753424, 20.45512743628186 ], [ 44.753616, 20.45512743628186 ], [ 44.753616, 20.455307346326837 ], [ 44.753808, 20.455307346326837 ], [ 44.753808, 20.455397301349326 ], [ 44.754, 20.455397301349326 ], [ 44.754, 20.455487256371814 ], [ 44.754, 20.455577211394303 ], [ 44.754192, 20.455577211394303 ], [ 44.754192, 20.455667166416792 ], [ 44.754288, 20.455667166416792 ], [ 44.754288, 20.45575712143928 ], [ 44.75448, 20.45575712143928 ], [ 44.75448, 20.455847076461769 ], [ 44.754576, 20.455847076461769 ], [ 44.754576, 20.455937031484257 ], [ 44.754576, 20.456026986506746 ], [ 44.754768, 20.456026986506746 ], [ 44.754768, 20.456116941529235 ], [ 44.75496, 20.456116941529235 ], [ 44.75496, 20.456386806596704 ], [ 44.75496, 20.456566716641682 ], [ 44.754768, 20.456566716641682 ], [ 44.754768, 20.456746626686659 ], [ 44.754576, 20.456746626686659 ], [ 44.754576, 20.456926536731636 ], [ 44.754576, 20.457106446776613 ], [ 44.754576, 20.457286356821591 ], [ 44.754768, 20.457286356821591 ], [ 44.754768, 20.457466266866568 ], [ 44.75496, 20.457466266866568 ], [ 44.75496, 20.457646176911545 ], [ 44.75496, 20.457826086956523 ], [ 44.75496, 20.4580059970015 ], [ 44.754768, 20.4580059970015 ], [ 44.754768, 20.458185907046477 ], [ 44.754576, 20.458185907046477 ], [ 44.754576, 20.458365817091455 ], [ 44.75448, 20.458365817091455 ], [ 44.75448, 20.458545727136432 ], [ 44.753808, 20.458545727136432 ], [ 44.753808, 20.458365817091455 ], [ 44.753616, 20.458365817091455 ], [ 44.753616, 20.458185907046477 ], [ 44.753424, 20.458185907046477 ], [ 44.753424, 20.4580059970015 ], [ 44.753232, 20.4580059970015 ], [ 44.753232, 20.457826086956523 ], [ 44.75304, 20.457826086956523 ], [ 44.75304, 20.458185907046477 ], [ 44.753232, 20.458185907046477 ], [ 44.753232, 20.458365817091455 ], [ 44.75304, 20.458365817091455 ], [ 44.75304, 20.458545727136432 ], [ 44.752848, 20.458545727136432 ], [ 44.752848, 20.458635682158921 ], [ 44.752848, 20.458725637181409 ], [ 44.75256, 20.458725637181409 ], [ 44.75256, 20.458635682158921 ], [ 44.752464, 20.458635682158921 ], [ 44.752464, 20.458545727136432 ], [ 44.752272, 20.458545727136432 ], [ 44.75208, 20.458545727136432 ], [ 44.75208, 20.458365817091455 ], [ 44.751888, 20.458365817091455 ], [ 44.751696, 20.458365817091455 ], [ 44.751696, 20.458185907046477 ], [ 44.751504, 20.458185907046477 ], [ 44.751312, 20.458185907046477 ], [ 44.751312, 20.4580059970015 ], [ 44.75112, 20.4580059970015 ], [ 44.750832, 20.4580059970015 ], [ 44.750832, 20.457826086956523 ], [ 44.750736, 20.457826086956523 ], [ 44.750544, 20.457826086956523 ], [ 44.750544, 20.457646176911545 ], [ 44.750352, 20.457646176911545 ], [ 44.750352, 20.457466266866568 ], [ 44.750352, 20.457286356821591 ], [ 44.75016, 20.457286356821591 ], [ 44.749776, 20.457286356821591 ], [ 44.749392, 20.457286356821591 ], [ 44.749104, 20.457286356821591 ], [ 44.749104, 20.457106446776613 ], [ 44.749008, 20.457106446776613 ], [ 44.748816, 20.457106446776613 ], [ 44.748816, 20.456926536731636 ], [ 44.748624, 20.456926536731636 ], [ 44.748432, 20.456926536731636 ], [ 44.748432, 20.456746626686659 ], [ 44.74824, 20.456746626686659 ], [ 44.74824, 20.456566716641682 ], [ 44.74824, 20.456386806596704 ] ] ] } },
{ "type": "Feature", "properties": { "class": "Class1", "id": 32 }, "geometry": { "type": "Polygon", "coordinates": [ [ [ 44.703312, 20.456206896551723 ], [ 44.703504, 20.456206896551723 ], [ 44.703504, 20.456386806596704 ], [ 44.703888, 20.456386806596704 ], [ 44.703888, 20.456206896551723 ], [ 44.703888, 20.456116941529235 ], [ 44.703696, 20.456116941529235 ], [ 44.703696, 20.456026986506746 ], [ 44.703696, 20.455847076461769 ], [ 44.703696, 20.455487256371814 ], [ 44.703888, 20.455487256371814 ], [ 44.703888, 20.454767616191905 ], [ 44.70408, 20.454767616191905 ], [ 44.70408, 20.45512743628186 ], [ 44.70408, 20.455307346326837 ], [ 44.704272, 20.455307346326837 ], [ 44.704272, 20.455397301349326 ], [ 44.704752, 20.455397301349326 ], [ 44.704752, 20.455487256371814 ], [ 44.705232, 20.455487256371814 ], [ 44.705232, 20.455577211394303 ], [ 44.705808, 20.455577211394303 ], [ 44.705808, 20.455487256371814 ], [ 44.706, 20.455487256371814 ], [ 44.706, 20.455397301349326 ], [ 44.706192, 20.455397301349326 ], [ 44.706192, 20.455307346326837 ], [ 44.706384, 20.455307346326837 ], [ 44.70648, 20.455307346326837 ], [ 44.70648, 20.45512743628186 ], [ 44.706672, 20.45512743628186 ], [ 44.706672, 20.454947526236882 ], [ 44.706768, 20.454947526236882 ], [ 44.706768, 20.454047976011996 ], [ 44.706672, 20.454047976011996 ], [ 44.706672, 20.453868065967018 ], [ 44.70648, 20.453868065967018 ], [ 44.70648, 20.453688155922041 ], [ 44.706384, 20.453688155922041 ], [ 44.706384, 20.453328335832087 ], [ 44.706192, 20.453328335832087 ], [ 44.706192, 20.452428785607196 ], [ 44.706192, 20.452338830584708 ], [ 44.705808, 20.452338830584708 ], [ 44.705808, 20.452248875562219 ], [ 44.705616, 20.452248875562219 ], [ 44.705424, 20.452248875562219 ], [ 44.705424, 20.452068965517242 ], [ 44.705232, 20.452068965517242 ], [ 44.705232, 20.451709145427287 ], [ 44.705232, 20.45152923538231 ], [ 44.705616, 20.45152923538231 ], [ 44.705616, 20.451709145427287 ], [ 44.705808, 20.451709145427287 ], [ 44.706, 20.451709145427287 ], [ 44.706, 20.451889055472265 ], [ 44.706192, 20.451889055472265 ], [ 44.706384, 20.451889055472265 ], [ 44.706384, 20.452068965517242 ], [ 44.706768, 20.452068965517242 ], [ 44.70696, 20.452068965517242 ], [ 44.70696, 20.452248875562219 ], [ 44.707344, 20.452248875562219 ], [ 44.707536, 20.452248875562219 ], [ 44.707536, 20.452338830584708 ], [ 44.70792, 20.452338830584708 ], [ 44.70792, 20.452428785607196 ], [ 44.708208, 20.452428785607196 ], [ 44.708208, 20.452518740629685 ], [ 44.708496, 20.452518740629685 ], [ 44.708496, 20.452608695652174 ], [ 44.70888, 20.452608695652174 ], [ 44.70888, 20.452698650674662 ], [ 44.709072, 20.452698650674662 ], [ 44.709072, 20.452788605697151 ], [ 44.709456, 20.452788605697151 ], [ 44.709456, 20.45287856071964 ], [ 44.709648, 20.45287856071964 ], [ 44.709648, 20.452968515742128 ], [ 44.70984, 20.452968515742128 ], [ 44.70984, 20.453148425787106 ], [ 44.70984, 20.453328335832087 ], [ 44.709936, 20.453328335832087 ], [ 44.709936, 20.453508245877064 ], [ 44.710224, 20.453508245877064 ], [ 44.710224, 20.453328335832087 ], [ 44.710416, 20.453328335832087 ], [ 44.710416, 20.453508245877064 ], [ 44.710416, 20.454227886056973 ], [ 44.710416, 20.454587706146928 ], [ 44.710224, 20.454587706146928 ], [ 44.710224, 20.456116941529235 ], [ 44.710416, 20.456116941529235 ], [ 44.710416, 20.456566716641682 ], [ 44.710416, 20.456746626686659 ], [ 44.710416, 20.456926536731636 ], [ 44.710416, 20.457646176911545 ], [ 44.710608, 20.457646176911545 ], [ 44.710608, 20.458365817091455 ], [ 44.710608, 20.459625187406299 ], [ 44.7108, 20.459625187406299 ], [ 44.7108, 20.460164917541231 ], [ 44.7108, 20.46088455772114 ], [ 44.710992, 20.46088455772114 ], [ 44.710992, 20.461064467766118 ], [ 44.7108, 20.461064467766118 ], [ 44.7108, 20.461874062968516 ], [ 44.7108, 20.461964017991004 ], [ 44.709264, 20.461964017991004 ], [ 44.709264, 20.461874062968516 ], [ 44.708688, 20.461874062968516 ], [ 44.708688, 20.461784107946027 ], [ 44.708208, 20.461784107946027 ], [ 44.708208, 20.461694152923538 ], [ 44.707344, 20.461694152923538 ], [ 44.707344, 20.46160419790105 ], [ 44.70696, 20.46160419790105 ], [ 44.706384, 20.46160419790105 ], [ 44.706384, 20.461424287856072 ], [ 44.706, 20.461424287856072 ], [ 44.705808, 20.461424287856072 ], [ 44.705808, 20.461244377811095 ], [ 44.705616, 20.461244377811095 ], [ 44.705424, 20.461244377811095 ], [ 44.705424, 20.461064467766118 ], [ 44.705232, 20.461064467766118 ], [ 44.70504, 20.461064467766118 ], [ 44.70504, 20.46088455772114 ], [ 44.704752, 20.46088455772114 ], [ 44.704752, 20.460704647676163 ], [ 44.704656, 20.460704647676163 ], [ 44.704464, 20.460704647676163 ], [ 44.704464, 20.460524737631186 ], [ 44.704272, 20.460524737631186 ], [ 44.70408, 20.460524737631186 ], [ 44.70408, 20.460344827586209 ], [ 44.703888, 20.460344827586209 ], [ 44.703504, 20.460344827586209 ], [ 44.703504, 20.460164917541231 ], [ 44.703312, 20.460164917541231 ], [ 44.703024, 20.460164917541231 ], [ 44.703024, 20.459985007496254 ], [ 44.702928, 20.459985007496254 ], [ 44.702736, 20.459985007496254 ], [ 44.702736, 20.459805097451277 ], [ 44.702544, 20.459805097451277 ], [ 44.702352, 20.459805097451277 ], [ 44.702352, 20.459625187406299 ], [ 44.70216, 20.459625187406299 ], [ 44.701968, 20.459625187406299 ], [ 44.701968, 20.459445277361318 ], [ 44.701776, 20.459445277361318 ], [ 44.701776, 20.45935532233883 ], [ 44.7012, 20.45935532233883 ], [ 44.7012, 20.459445277361318 ], [ 44.701008, 20.459445277361318 ], [ 44.701008, 20.459625187406299 ], [ 44.700816, 20.459625187406299 ], [ 44.700432, 20.459625187406299 ], [ 44.700432, 20.459805097451277 ], [ 44.70024, 20.459805097451277 ], [ 44.70024, 20.459625187406299 ], [ 44.700048, 20.459625187406299 ], [ 44.700048, 20.456386806596704 ], [ 44.70024, 20.456386806596704 ], [ 44.700624, 20.456386806596704 ], [ 44.701008, 20.456386806596704 ], [ 44.703216, 20.456386806596704 ], [ 44.703312, 20.456386806596704 ], [ 44.703312, 20.456206896551723 ] ] ] } },
{ "type": "Feature", "properties": { "class": "Class1", "id": 33 }, "geometry": { "type": "Polygon", "coordinates": [ [ [ 44.70024, 20.456386806596704 ], [ 44.700048, 20.456386806596704 ], [ 44.700048, 20.450269865067469 ], [ 44.70024, 20.450269865067469 ], [ 44.70024, 20.450089955022491 ], [ 44.700624, 20.450089955022491 ], [ 44.700624, 20.450269865067469 ], [ 44.701008, 20.450269865067469 ], [ 44.7012, 20.450269865067469 ], [ 44.7012, 20.450449775112446 ], [ 44.701584, 20.450449775112446 ], [ 44.701776, 20.450449775112446 ], [ 44.701776, 20.450629685157423 ], [ 44.70216, 20.450629685157423 ], [ 44.702352, 20.450629685157423 ], [ 44.702352, 20.450809595202401 ], [ 44.702736, 20.450809595202401 ], [ 44.702928, 20.450809595202401 ], [ 44.702928, 20.450989505247378 ], [ 44.703312, 20.450989505247378 ], [ 44.703504, 20.450989505247378 ], [ 44.703504, 20.451169415292355 ], [ 44.703888, 20.451169415292355 ], [ 44.70408, 20.451169415292355 ], [ 44.70408, 20.451349325337333 ], [ 44.704272, 20.451349325337333 ], [ 44.704272, 20.45152923538231 ], [ 44.704272, 20.451709145427287 ], [ 44.704464, 20.451709145427287 ], [ 44.704464, 20.452068965517242 ], [ 44.704272, 20.452068965517242 ], [ 44.704272, 20.452248875562219 ], [ 44.703888, 20.452248875562219 ], [ 44.703888, 20.452338830584708 ], [ 44.703696, 20.452338830584708 ], [ 44.703696, 20.45287856071964 ], [ 44.703696, 20.452968515742128 ], [ 44.703888, 20.452968515742128 ], [ 44.703888, 20.453058470764617 ], [ 44.703888, 20.453508245877064 ], [ 44.703888, 20.453868065967018 ], [ 44.703696, 20.453868065967018 ], [ 44.703696, 20.454587706146928 ], [ 44.703888, 20.454587706146928 ], [ 44.703888, 20.455487256371814 ], [ 44.703696, 20.455487256371814 ], [ 44.703696, 20.455847076461769 ], [ 44.703696, 20.456026986506746 ], [ 44.703696, 20.456116941529235 ], [ 44.703888, 20.456116941529235 ], [ 44.703888, 20.456206896551723 ], [ 44.703888, 20.456386806596704 ], [ 44.703504, 20.456386806596704 ], [ 44.703504, 20.456206896551723 ], [ 44.703312, 20.456206896551723 ], [ 44.703312, 20.456386806596704 ], [ 44.703216, 20.456386806596704 ], [ 44.701008, 20.456386806596704 ], [ 44.700624, 20.456386806596704 ], [ 44.70024, 20.456386806596704 ] ] ] } },
{ "type": "Feature", "properties": { "class": "Class1", "id": 34 }, "geometry": { "type": "Polygon", "coordinates": [ [ [ 44.750832, 20.452338830584708 ], [ 44.750832, 20.452248875562219 ], [ 44.750736, 20.452248875562219 ], [ 44.750736, 20.452068965517242 ], [ 44.750544, 20.452068965517242 ], [ 44.750544, 20.451889055472265 ], [ 44.750352, 20.451889055472265 ], [ 44.750352, 20.451709145427287 ], [ 44.75016, 20.451709145427287 ], [ 44.749968, 20.451709145427287 ], [ 44.749968, 20.451349325337333 ], [ 44.75016, 20.451349325337333 ], [ 44.75016, 20.451169415292355 ], [ 44.750352, 20.451169415292355 ], [ 44.750544, 20.451169415292355 ], [ 44.750544, 20.450989505247378 ], [ 44.750736, 20.450989505247378 ], [ 44.750736, 20.450809595202401 ], [ 44.751024, 20.450809595202401 ], [ 44.75112, 20.450809595202401 ], [ 44.75112, 20.450629685157423 ], [ 44.751696, 20.450629685157423 ], [ 44.751696, 20.450449775112446 ], [ 44.751888, 20.450449775112446 ], [ 44.751888, 20.450269865067469 ], [ 44.75208, 20.450269865067469 ], [ 44.752272, 20.450269865067469 ], [ 44.752272, 20.450089955022491 ], [ 44.752464, 20.450089955022491 ], [ 44.75256, 20.450089955022491 ], [ 44.752752, 20.450089955022491 ], [ 44.752752, 20.450269865067469 ], [ 44.752848, 20.450269865067469 ], [ 44.752848, 20.450449775112446 ], [ 44.75304, 20.450449775112446 ], [ 44.75304, 20.450629685157423 ], [ 44.75304, 20.450809595202401 ], [ 44.752848, 20.450809595202401 ], [ 44.752848, 20.450989505247378 ], [ 44.752752, 20.450989505247378 ], [ 44.75256, 20.450989505247378 ], [ 44.75256, 20.451169415292355 ], [ 44.752464, 20.451169415292355 ], [ 44.752464, 20.451349325337333 ], [ 44.752272, 20.451349325337333 ], [ 44.752272, 20.45152923538231 ], [ 44.75208, 20.45152923538231 ], [ 44.75208, 20.451709145427287 ], [ 44.751888, 20.451709145427287 ], [ 44.751888, 20.451889055472265 ], [ 44.751696, 20.451889055472265 ], [ 44.751696, 20.452068965517242 ], [ 44.751504, 20.452068965517242 ], [ 44.751504, 20.452248875562219 ], [ 44.751312, 20.452248875562219 ], [ 44.751312, 20.452338830584708 ], [ 44.750832, 20.452338830584708 ] ] ] } },
{ "type": "Feature", "properties": { "class": "Class1", "id": 35 }, "geometry": { "type": "Polygon", "coordinates": [ [ [ 44.75592, 20.452608695652174 ], [ 44.75592, 20.452518740629685 ], [ 44.755728, 20.452518740629685 ], [ 44.755728, 20.452428785607196 ], [ 44.755536, 20.452428785607196 ], [ 44.755536, 20.452338830584708 ], [ 44.755344, 20.452338830584708 ], [ 44.755344, 20.452248875562219 ], [ 44.755152, 20.452248875562219 ], [ 44.755152, 20.452068965517242 ], [ 44.75496, 20.452068965517242 ], [ 44.754768, 20.452068965517242 ], [ 44.754768, 20.451889055472265 ], [ 44.754576, 20.451889055472265 ], [ 44.754576, 20.451709145427287 ], [ 44.754288, 20.451709145427287 ], [ 44.754192, 20.451709145427287 ], [ 44.754192, 20.45152923538231 ], [ 44.754, 20.45152923538231 ], [ 44.754, 20.451349325337333 ], [ 44.753808, 20.451349325337333 ], [ 44.753808, 20.451169415292355 ], [ 44.753616, 20.451169415292355 ], [ 44.753616, 20.450989505247378 ], [ 44.753424, 20.450989505247378 ], [ 44.753424, 20.450809595202401 ], [ 44.753232, 20.450809595202401 ], [ 44.753232, 20.450629685157423 ], [ 44.75304, 20.450629685157423 ], [ 44.75304, 20.450089955022491 ], [ 44.753232, 20.450089955022491 ], [ 44.753232, 20.449910044977511 ], [ 44.753616, 20.449910044977511 ], [ 44.753616, 20.449820089955022 ], [ 44.754, 20.449820089955022 ], [ 44.754, 20.449730134932533 ], [ 44.754768, 20.449730134932533 ], [ 44.754768, 20.449820089955022 ], [ 44.755344, 20.449820089955022 ], [ 44.755344, 20.449910044977511 ], [ 44.755344, 20.450089955022491 ], [ 44.755536, 20.450089955022491 ], [ 44.755536, 20.450269865067469 ], [ 44.755728, 20.450269865067469 ], [ 44.755728, 20.450449775112446 ], [ 44.75592, 20.450449775112446 ], [ 44.75592, 20.450629685157423 ], [ 44.756016, 20.450629685157423 ], [ 44.756016, 20.450809595202401 ], [ 44.756208, 20.450809595202401 ], [ 44.756208, 20.450989505247378 ], [ 44.756304, 20.450989505247378 ], [ 44.756304, 20.451169415292355 ], [ 44.756496, 20.451169415292355 ], [ 44.756496, 20.452068965517242 ], [ 44.756304, 20.452068965517242 ], [ 44.756304, 20.452338830584708 ], [ 44.756304, 20.452608695652174 ], [ 44.75592, 20.452608695652174 ] ] ] } },
{ "type": "Feature", "properties": { "class": "Class1", "id": 36 }, "geometry": { "type": "Polygon", "coordinates": [ [ [ 44.742672, 20.451709145427287 ], [ 44.742672, 20.45152923538231 ], [ 44.74248, 20.45152923538231 ], [ 44.742288, 20.45152923538231 ], [ 44.742288, 20.451349325337333 ], [ 44.742288, 20.451169415292355 ], [ 44.742096, 20.451169415292355 ], [ 44.742096, 20.450989505247378 ], [ 44.741904, 20.450989505247378 ], [ 44.741904, 20.450809595202401 ], [ 44.741712, 20.450809595202401 ], [ 44.74152, 20.450809595202401 ], [ 44.74152, 20.450629685157423 ], [ 44.741424, 20.450629685157423 ], [ 44.741424, 20.450449775112446 ], [ 44.741232, 20.450449775112446 ], [ 44.741136, 20.450449775112446 ], [ 44.741136, 20.450269865067469 ], [ 44.740944, 20.450269865067469 ], [ 44.740944, 20.450089955022491 ], [ 44.740752, 20.450089955022491 ], [ 44.740752, 20.449640179910045 ], [ 44.741424, 20.449640179910045 ], [ 44.741424, 20.449550224887556 ], [ 44.741712, 20.449550224887556 ], [ 44.741712, 20.449460269865067 ], [ 44.741904, 20.449460269865067 ], [ 44.741904, 20.449550224887556 ], [ 44.742096, 20.449550224887556 ], [ 44.742096, 20.449460269865067 ], [ 44.742672, 20.449460269865067 ], [ 44.742672, 20.449370314842579 ], [ 44.742864, 20.449370314842579 ], [ 44.742864, 20.449460269865067 ], [ 44.743152, 20.449460269865067 ], [ 44.743152, 20.450269865067469 ], [ 44.74296, 20.450269865067469 ], [ 44.74296, 20.450449775112446 ], [ 44.743152, 20.450449775112446 ], [ 44.743152, 20.450629685157423 ], [ 44.74296, 20.450629685157423 ], [ 44.74296, 20.450989505247378 ], [ 44.742864, 20.450989505247378 ], [ 44.742864, 20.45152923538231 ], [ 44.742864, 20.451709145427287 ], [ 44.742672, 20.451709145427287 ] ] ] } },
{ "type": "Feature", "properties": { "class": "Class1", "id": 37 }, "geometry": { "type": "Polygon", "coordinates": [ [ [ 44.75112, 20.450629685157423 ], [ 44.75112, 20.450449775112446 ], [ 44.75112, 20.450269865067469 ], [ 44.751024, 20.450269865067469 ], [ 44.751024, 20.450089955022491 ], [ 44.750832, 20.450089955022491 ], [ 44.750736, 20.450089955022491 ], [ 44.750736, 20.449910044977511 ], [ 44.750736, 20.449820089955022 ], [ 44.750544, 20.449820089955022 ], [ 44.750544, 20.449730134932533 ], [ 44.750544, 20.449640179910045 ], [ 44.750352, 20.449640179910045 ], [ 44.750352, 20.449550224887556 ], [ 44.750352, 20.449190404797601 ], [ 44.750352, 20.449100449775113 ], [ 44.750544, 20.449100449775113 ], [ 44.750544, 20.449010494752624 ], [ 44.750736, 20.449010494752624 ], [ 44.750736, 20.448830584707647 ], [ 44.750832, 20.448830584707647 ], [ 44.751024, 20.448830584707647 ], [ 44.751024, 20.44865067466267 ], [ 44.75112, 20.44865067466267 ], [ 44.75112, 20.448470764617692 ], [ 44.751504, 20.448470764617692 ], [ 44.751504, 20.448830584707647 ], [ 44.751696, 20.448830584707647 ], [ 44.751696, 20.449010494752624 ], [ 44.751888, 20.449010494752624 ], [ 44.751888, 20.449190404797601 ], [ 44.751888, 20.44928035982009 ], [ 44.75208, 20.44928035982009 ], [ 44.75208, 20.449370314842579 ], [ 44.75208, 20.449460269865067 ], [ 44.752272, 20.449460269865067 ], [ 44.752272, 20.449550224887556 ], [ 44.752272, 20.449640179910045 ], [ 44.752464, 20.449640179910045 ], [ 44.752464, 20.449910044977511 ], [ 44.752272, 20.449910044977511 ], [ 44.752272, 20.450089955022491 ], [ 44.752272, 20.450269865067469 ], [ 44.75208, 20.450269865067469 ], [ 44.751888, 20.450269865067469 ], [ 44.751888, 20.450449775112446 ], [ 44.751696, 20.450449775112446 ], [ 44.751696, 20.450629685157423 ], [ 44.75112, 20.450629685157423 ] ] ] } },
{ "type": "Feature", "properties": { "class": "Class1", "id": 38 }, "geometry": { "type": "Polygon", "coordinates": [ [ [ 44.737488, 20.456026986506746 ], [ 44.737488, 20.455937031484257 ], [ 44.737104, 20.455937031484257 ], [ 44.737104, 20.455847076461769 ], [ 44.736912, 20.455847076461769 ], [ 44.736912, 20.44865067466267 ], [ 44.737104, 20.44865067466267 ], [ 44.737104, 20.448470764617692 ], [ 44.737296, 20.448470764617692 ], [ 44.737488, 20.448470764617692 ], [ 44.737488, 20.448290854572715 ], [ 44.73768, 20.448290854572715 ], [ 44.73768, 20.448110944527738 ], [ 44.737776, 20.448110944527738 ], [ 44.737776, 20.44793103448276 ], [ 44.737968, 20.44793103448276 ], [ 44.738064, 20.44793103448276 ], [ 44.738256, 20.44793103448276 ], [ 44.738448, 20.44793103448276 ], [ 44.738448, 20.448110944527738 ], [ 44.73864, 20.448110944527738 ], [ 44.73864, 20.448290854572715 ], [ 44.738832, 20.448290854572715 ], [ 44.738832, 20.448470764617692 ], [ 44.738832, 20.44865067466267 ], [ 44.739024, 20.44865067466267 ], [ 44.739024, 20.448830584707647 ], [ 44.739216, 20.448830584707647 ], [ 44.739216, 20.449010494752624 ], [ 44.739408, 20.449010494752624 ], [ 44.739408, 20.449100449775113 ], [ 44.739504, 20.449100449775113 ], [ 44.739504, 20.449190404797601 ], [ 44.739696, 20.449190404797601 ], [ 44.739696, 20.44928035982009 ], [ 44.739792, 20.44928035982009 ], [ 44.739792, 20.449460269865067 ], [ 44.739984, 20.449460269865067 ], [ 44.739984, 20.449550224887556 ], [ 44.740176, 20.449550224887556 ], [ 44.740176, 20.449640179910045 ], [ 44.740176, 20.449730134932533 ], [ 44.740368, 20.449730134932533 ], [ 44.740368, 20.449820089955022 ], [ 44.740368, 20.449910044977511 ], [ 44.74056, 20.449910044977511 ], [ 44.74056, 20.450089955022491 ], [ 44.740752, 20.450089955022491 ], [ 44.740752, 20.450269865067469 ], [ 44.740944, 20.450269865067469 ], [ 44.740944, 20.450449775112446 ], [ 44.741136, 20.450449775112446 ], [ 44.741136, 20.450629685157423 ], [ 44.741232, 20.450629685157423 ], [ 44.741424, 20.450629685157423 ], [ 44.741424, 20.450809595202401 ], [ 44.74152, 20.450809595202401 ], [ 44.74152, 20.450989505247378 ], [ 44.741712, 20.450989505247378 ], [ 44.741712, 20.451169415292355 ], [ 44.741904, 20.451169415292355 ], [ 44.741904, 20.451349325337333 ], [ 44.742096, 20.451349325337333 ], [ 44.742096, 20.45152923538231 ], [ 44.742288, 20.45152923538231 ], [ 44.742288, 20.451709145427287 ], [ 44.74248, 20.451709145427287 ], [ 44.74248, 20.452068965517242 ], [ 44.742288, 20.452068965517242 ], [ 44.742288, 20.452248875562219 ], [ 44.742096, 20.452248875562219 ], [ 44.742096, 20.452428785607196 ], [ 44.742096, 20.452518740629685 ], [ 44.741904, 20.452518740629685 ], [ 44.741904, 20.452698650674662 ], [ 44.741904, 20.45287856071964 ], [ 44.741712, 20.45287856071964 ], [ 44.741712, 20.452968515742128 ], [ 44.74152, 20.452968515742128 ], [ 44.74152, 20.453058470764617 ], [ 44.741424, 20.453058470764617 ], [ 44.741424, 20.453148425787106 ], [ 44.741136, 20.453148425787106 ], [ 44.741136, 20.453328335832087 ], [ 44.74056, 20.453328335832087 ], [ 44.740176, 20.453328335832087 ], [ 44.739984, 20.453328335832087 ], [ 44.739984, 20.453148425787106 ], [ 44.739696, 20.453148425787106 ], [ 44.739696, 20.453328335832087 ], [ 44.739504, 20.453328335832087 ], [ 44.739216, 20.453328335832087 ], [ 44.739216, 20.453508245877064 ], [ 44.739024, 20.453508245877064 ], [ 44.739024, 20.453688155922041 ], [ 44.739024, 20.454587706146928 ], [ 44.738832, 20.454587706146928 ], [ 44.738832, 20.455397301349326 ], [ 44.738832, 20.456026986506746 ], [ 44.737488, 20.456026986506746 ] ] ] } },
{ "type": "Feature", "properties": { "class": "Class1", "id": 39 }, "geometry": { "type": "Polygon", "coordinates": [ [ [ 44.742864, 20.451889055472265 ], [ 44.742864, 20.45152923538231 ], [ 44.742864, 20.450989505247378 ], [ 44.74296, 20.450989505247378 ], [ 44.74296, 20.450629685157423 ], [ 44.743152, 20.450629685157423 ], [ 44.743152, 20.450449775112446 ], [ 44.743248, 20.450449775112446 ], [ 44.743248, 20.450269865067469 ], [ 44.74344, 20.450269865067469 ], [ 44.743824, 20.450269865067469 ], [ 44.743824, 20.450089955022491 ], [ 44.744016, 20.450089955022491 ], [ 44.744016, 20.449910044977511 ], [ 44.744016, 20.449820089955022 ], [ 44.744208, 20.449820089955022 ], [ 44.744208, 20.449640179910045 ], [ 44.744208, 20.449100449775113 ], [ 44.744208, 20.448830584707647 ], [ 44.744016, 20.448830584707647 ], [ 44.744016, 20.44865067466267 ], [ 44.743824, 20.44865067466267 ], [ 44.743824, 20.448470764617692 ], [ 44.743632, 20.448470764617692 ], [ 44.74344, 20.448470764617692 ], [ 44.74344, 20.448290854572715 ], [ 44.74296, 20.448290854572715 ], [ 44.74296, 20.448470764617692 ], [ 44.742672, 20.448470764617692 ], [ 44.74248, 20.448470764617692 ], [ 44.74248, 20.44865067466267 ], [ 44.742288, 20.44865067466267 ], [ 44.742288, 20.448830584707647 ], [ 44.742288, 20.449010494752624 ], [ 44.742096, 20.449010494752624 ], [ 44.742096, 20.44928035982009 ], [ 44.742096, 20.449370314842579 ], [ 44.741904, 20.449370314842579 ], [ 44.741904, 20.449460269865067 ], [ 44.741712, 20.449460269865067 ], [ 44.741712, 20.449550224887556 ], [ 44.741424, 20.449550224887556 ], [ 44.741424, 20.449640179910045 ], [ 44.74056, 20.449640179910045 ], [ 44.74056, 20.448470764617692 ], [ 44.740752, 20.448470764617692 ], [ 44.740752, 20.448290854572715 ], [ 44.740944, 20.448290854572715 ], [ 44.740944, 20.448110944527738 ], [ 44.740944, 20.44793103448276 ], [ 44.741136, 20.44793103448276 ], [ 44.741136, 20.447751124437783 ], [ 44.741232, 20.447751124437783 ], [ 44.741232, 20.447571214392806 ], [ 44.741424, 20.447571214392806 ], [ 44.74152, 20.447571214392806 ], [ 44.74152, 20.447391304347828 ], [ 44.741712, 20.447391304347828 ], [ 44.741712, 20.447211394302851 ], [ 44.741904, 20.447211394302851 ], [ 44.741904, 20.447031484257874 ], [ 44.742096, 20.447031484257874 ], [ 44.742288, 20.447031484257874 ], [ 44.742288, 20.446851574212896 ], [ 44.742672, 20.446851574212896 ], [ 44.743824, 20.446851574212896 ], [ 44.744208, 20.446851574212896 ], [ 44.744208, 20.447031484257874 ], [ 44.7444, 20.447031484257874 ], [ 44.744592, 20.447031484257874 ], [ 44.744592, 20.447211394302851 ], [ 44.744784, 20.447211394302851 ], [ 44.744784, 20.447391304347828 ], [ 44.74488, 20.447391304347828 ], [ 44.744976, 20.447391304347828 ], [ 44.744976, 20.447571214392806 ], [ 44.745168, 20.447571214392806 ], [ 44.745168, 20.447751124437783 ], [ 44.74536, 20.447751124437783 ], [ 44.74536, 20.44793103448276 ], [ 44.74536, 20.448110944527738 ], [ 44.745552, 20.448110944527738 ], [ 44.745552, 20.448290854572715 ], [ 44.745648, 20.448290854572715 ], [ 44.745648, 20.448470764617692 ], [ 44.74584, 20.448470764617692 ], [ 44.74584, 20.44865067466267 ], [ 44.745936, 20.44865067466267 ], [ 44.745936, 20.449640179910045 ], [ 44.74584, 20.449640179910045 ], [ 44.74584, 20.449820089955022 ], [ 44.745648, 20.449820089955022 ], [ 44.745648, 20.450089955022491 ], [ 44.745552, 20.450089955022491 ], [ 44.745552, 20.450269865067469 ], [ 44.745552, 20.450629685157423 ], [ 44.74536, 20.450629685157423 ], [ 44.74536, 20.450809595202401 ], [ 44.745168, 20.450809595202401 ], [ 44.745168, 20.450989505247378 ], [ 44.745168, 20.451169415292355 ], [ 44.744976, 20.451169415292355 ], [ 44.744976, 20.451349325337333 ], [ 44.74488, 20.451349325337333 ], [ 44.744592, 20.451349325337333 ], [ 44.744592, 20.45152923538231 ], [ 44.7444, 20.45152923538231 ], [ 44.7444, 20.451709145427287 ], [ 44.744208, 20.451709145427287 ], [ 44.744016, 20.451709145427287 ], [ 44.744016, 20.451889055472265 ], [ 44.742864, 20.451889055472265 ] ] ] } },
{ "type": "Feature", "properties": { "class": "Class1", "id": 40 }, "geometry": { "type": "Polygon", "coordinates": [ [ [ 44.708112, 20.45152923538231 ], [ 44.70792, 20.45152923538231 ], [ 44.70792, 20.451349325337333 ], [ 44.707728, 20.451349325337333 ], [ 44.707344, 20.451349325337333 ], [ 44.707344, 20.451169415292355 ], [ 44.70696, 20.451169415292355 ], [ 44.706768, 20.451169415292355 ], [ 44.706768, 20.450989505247378 ], [ 44.706672, 20.450989505247378 ], [ 44.706672, 20.450809595202401 ], [ 44.70648, 20.450809595202401 ], [ 44.70648, 20.450449775112446 ], [ 44.706672, 20.450449775112446 ], [ 44.706672, 20.449820089955022 ], [ 44.706768, 20.449820089955022 ], [ 44.706768, 20.449460269865067 ], [ 44.706768, 20.449010494752624 ], [ 44.70696, 20.449010494752624 ], [ 44.70696, 20.44865067466267 ], [ 44.70696, 20.448470764617692 ], [ 44.707152, 20.448470764617692 ], [ 44.707152, 20.44793103448276 ], [ 44.707152, 20.447391304347828 ], [ 44.707344, 20.447391304347828 ], [ 44.707344, 20.446851574212896 ], [ 44.707344, 20.44640179910045 ], [ 44.707536, 20.44640179910045 ], [ 44.707536, 20.446311844077961 ], [ 44.707728, 20.446311844077961 ], [ 44.707728, 20.44640179910045 ], [ 44.70792, 20.44640179910045 ], [ 44.70792, 20.446491754122938 ], [ 44.708112, 20.446491754122938 ], [ 44.708112, 20.446581709145427 ], [ 44.7084, 20.446581709145427 ], [ 44.7084, 20.446671664167916 ], [ 44.708496, 20.446671664167916 ], [ 44.708496, 20.446851574212896 ], [ 44.708688, 20.446851574212896 ], [ 44.70888, 20.446851574212896 ], [ 44.70888, 20.447031484257874 ], [ 44.709072, 20.447031484257874 ], [ 44.709072, 20.447211394302851 ], [ 44.709264, 20.447211394302851 ], [ 44.709456, 20.447211394302851 ], [ 44.709456, 20.447391304347828 ], [ 44.709648, 20.447391304347828 ], [ 44.709648, 20.447571214392806 ], [ 44.709936, 20.447571214392806 ], [ 44.709936, 20.448110944527738 ], [ 44.70984, 20.448110944527738 ], [ 44.70984, 20.448290854572715 ], [ 44.70984, 20.448470764617692 ], [ 44.709648, 20.448470764617692 ], [ 44.709648, 20.44865067466267 ], [ 44.709648, 20.449010494752624 ], [ 44.709456, 20.449010494752624 ], [ 44.709456, 20.449190404797601 ], [ 44.709456, 20.44928035982009 ], [ 44.709456, 20.449370314842579 ], [ 44.709456, 20.449550224887556 ], [ 44.709264, 20.449550224887556 ], [ 44.709264, 20.449730134932533 ], [ 44.709264, 20.450089955022491 ], [ 44.709072, 20.450089955022491 ], [ 44.709072, 20.450269865067469 ], [ 44.709072, 20.450629685157423 ], [ 44.70888, 20.450629685157423 ], [ 44.70888, 20.450809595202401 ], [ 44.70888, 20.450989505247378 ], [ 44.708688, 20.450989505247378 ], [ 44.708688, 20.451169415292355 ], [ 44.708688, 20.451349325337333 ], [ 44.708496, 20.451349325337333 ], [ 44.708496, 20.45152923538231 ], [ 44.708112, 20.45152923538231 ] ] ] } },
{ "type": "Feature", "properties": { "class": "Class1", "id": 41 }, "geometry": { "type": "Polygon", "coordinates": [ [ [ 44.706, 20.450989505247378 ], [ 44.706, 20.450809595202401 ], [ 44.705616, 20.450809595202401 ], [ 44.705424, 20.450809595202401 ], [ 44.705424, 20.450629685157423 ], [ 44.705232, 20.450629685157423 ], [ 44.70504, 20.450629685157423 ], [ 44.70504, 20.450449775112446 ], [ 44.704656, 20.450449775112446 ], [ 44.704464, 20.450449775112446 ], [ 44.704464, 20.450269865067469 ], [ 44.70408, 20.450269865067469 ], [ 44.703888, 20.450269865067469 ], [ 44.703888, 20.450089955022491 ], [ 44.703504, 20.450089955022491 ], [ 44.703312, 20.450089955022491 ], [ 44.703312, 20.449100449775113 ], [ 44.703312, 20.449010494752624 ], [ 44.703504, 20.449010494752624 ], [ 44.703504, 20.44865067466267 ], [ 44.703504, 20.448470764617692 ], [ 44.703696, 20.448470764617692 ], [ 44.703696, 20.448110944527738 ], [ 44.703696, 20.447751124437783 ], [ 44.703888, 20.447751124437783 ], [ 44.703888, 20.447391304347828 ], [ 44.703888, 20.447211394302851 ], [ 44.70408, 20.447211394302851 ], [ 44.70408, 20.447031484257874 ], [ 44.705616, 20.447031484257874 ], [ 44.705808, 20.447031484257874 ], [ 44.705808, 20.446851574212896 ], [ 44.706192, 20.446851574212896 ], [ 44.706384, 20.446851574212896 ], [ 44.706384, 20.446671664167916 ], [ 44.70648, 20.446671664167916 ], [ 44.70648, 20.446581709145427 ], [ 44.706768, 20.446581709145427 ], [ 44.706768, 20.446491754122938 ], [ 44.706768, 20.44640179910045 ], [ 44.70696, 20.44640179910045 ], [ 44.70696, 20.446311844077961 ], [ 44.707152, 20.446311844077961 ], [ 44.707152, 20.446221889055472 ], [ 44.707344, 20.446221889055472 ], [ 44.707344, 20.446851574212896 ], [ 44.707344, 20.447391304347828 ], [ 44.707152, 20.447391304347828 ], [ 44.707152, 20.44793103448276 ], [ 44.707152, 20.448470764617692 ], [ 44.70696, 20.448470764617692 ], [ 44.70696, 20.44865067466267 ], [ 44.70696, 20.449010494752624 ], [ 44.706768, 20.449010494752624 ], [ 44.706768, 20.449460269865067 ], [ 44.706768, 20.449820089955022 ], [ 44.706672, 20.449820089955022 ], [ 44.706672, 20.450449775112446 ], [ 44.70648, 20.450449775112446 ], [ 44.70648, 20.450809595202401 ], [ 44.706384, 20.450809595202401 ], [ 44.706384, 20.450989505247378 ], [ 44.706, 20.450989505247378 ] ] ] } },
{ "type": "Feature", "properties": { "class": "Class1", "id": 42 }, "geometry": { "type": "Polygon", "coordinates": [ [ [ 44.738832, 20.448110944527738 ], [ 44.738832, 20.44793103448276 ], [ 44.73864, 20.44793103448276 ], [ 44.73864, 20.447571214392806 ], [ 44.738448, 20.447571214392806 ], [ 44.738448, 20.447391304347828 ], [ 44.73864, 20.447391304347828 ], [ 44.738832, 20.447391304347828 ], [ 44.738832, 20.447211394302851 ], [ 44.739024, 20.447211394302851 ], [ 44.739024, 20.447031484257874 ], [ 44.739216, 20.447031484257874 ], [ 44.739216, 20.446851574212896 ], [ 44.739408, 20.446851574212896 ], [ 44.739408, 20.446581709145427 ], [ 44.739408, 20.446491754122938 ], [ 44.739504, 20.446491754122938 ], [ 44.739504, 20.44640179910045 ], [ 44.739696, 20.44640179910045 ], [ 44.739696, 20.446311844077961 ], [ 44.739792, 20.446311844077961 ], [ 44.739792, 20.446131934032984 ], [ 44.739792, 20.446041979010495 ], [ 44.739984, 20.446041979010495 ], [ 44.739984, 20.445952023988006 ], [ 44.740176, 20.445952023988006 ], [ 44.740368, 20.445952023988006 ], [ 44.740368, 20.446041979010495 ], [ 44.74056, 20.446041979010495 ], [ 44.74056, 20.446131934032984 ], [ 44.74056, 20.446221889055472 ], [ 44.740752, 20.446221889055472 ], [ 44.740752, 20.446311844077961 ], [ 44.740752, 20.446671664167916 ], [ 44.740752, 20.446851574212896 ], [ 44.74056, 20.446851574212896 ], [ 44.740368, 20.446851574212896 ], [ 44.740368, 20.447031484257874 ], [ 44.740176, 20.447031484257874 ], [ 44.740176, 20.447211394302851 ], [ 44.739984, 20.447211394302851 ], [ 44.739984, 20.447391304347828 ], [ 44.739792, 20.447391304347828 ], [ 44.739792, 20.447571214392806 ], [ 44.739792, 20.447751124437783 ], [ 44.739696, 20.447751124437783 ], [ 44.739504, 20.447751124437783 ], [ 44.739504, 20.44793103448276 ], [ 44.739408, 20.44793103448276 ], [ 44.739408, 20.448110944527738 ], [ 44.738832, 20.448110944527738 ] ] ] } },
{ "type": "Feature", "properties": { "class": "Class1", "id": 43 }, "geometry": { "type": "Polygon", "coordinates": [ [ [ 44.7444, 20.447031484257874 ], [ 44.744208, 20.447031484257874 ], [ 44.744208, 20.446851574212896 ], [ 44.743824, 20.446851574212896 ], [ 44.742672, 20.446851574212896 ], [ 44.742288, 20.446851574212896 ], [ 44.742288, 20.447031484257874 ], [ 44.742096, 20.447031484257874 ], [ 44.742096, 20.446671664167916 ], [ 44.742096, 20.446581709145427 ], [ 44.742288, 20.446581709145427 ], [ 44.742288, 20.446491754122938 ], [ 44.742288, 20.44640179910045 ], [ 44.74248, 20.44640179910045 ], [ 44.74248, 20.446311844077961 ], [ 44.74248, 20.446221889055472 ], [ 44.742672, 20.446221889055472 ], [ 44.742672, 20.446131934032984 ], [ 44.742672, 20.446041979010495 ], [ 44.742864, 20.446041979010495 ], [ 44.742864, 20.445952023988006 ], [ 44.74296, 20.445952023988006 ], [ 44.74296, 20.445772113943029 ], [ 44.743248, 20.445772113943029 ], [ 44.743248, 20.445952023988006 ], [ 44.74344, 20.445952023988006 ], [ 44.74344, 20.446041979010495 ], [ 44.743632, 20.446041979010495 ], [ 44.743632, 20.446131934032984 ], [ 44.743824, 20.446131934032984 ], [ 44.743824, 20.446221889055472 ], [ 44.743824, 20.446311844077961 ], [ 44.744016, 20.446311844077961 ], [ 44.744016, 20.44640179910045 ], [ 44.744016, 20.446491754122938 ], [ 44.744208, 20.446491754122938 ], [ 44.744208, 20.446581709145427 ], [ 44.744208, 20.446671664167916 ], [ 44.7444, 20.446671664167916 ], [ 44.7444, 20.446851574212896 ], [ 44.744592, 20.446851574212896 ], [ 44.744592, 20.447031484257874 ], [ 44.7444, 20.447031484257874 ] ] ] } },
{ "type": "Feature", "properties": { "class": "Class1", "id": 44 }, "geometry": { "type": "Polygon", "coordinates": [ [ [ 44.753616, 20.448290854572715 ], [ 44.753616, 20.448110944527738 ], [ 44.753424, 20.448110944527738 ], [ 44.753424, 20.44793103448276 ], [ 44.753232, 20.44793103448276 ], [ 44.753232, 20.447751124437783 ], [ 44.75304, 20.447751124437783 ], [ 44.75304, 20.447571214392806 ], [ 44.752848, 20.447571214392806 ], [ 44.752848, 20.447391304347828 ], [ 44.75256, 20.447391304347828 ], [ 44.75256, 20.446851574212896 ], [ 44.752848, 20.446851574212896 ], [ 44.752848, 20.446671664167916 ], [ 44.75304, 20.446671664167916 ], [ 44.75304, 20.446581709145427 ], [ 44.75304, 20.446491754122938 ], [ 44.753232, 20.446491754122938 ], [ 44.753232, 20.44640179910045 ], [ 44.753232, 20.446311844077961 ], [ 44.753424, 20.446311844077961 ], [ 44.753424, 20.446221889055472 ], [ 44.753424, 20.446131934032984 ], [ 44.753616, 20.446131934032984 ], [ 44.753616, 20.446041979010495 ], [ 44.753616, 20.445952023988006 ], [ 44.753808, 20.445952023988006 ], [ 44.753808, 20.445772113943029 ], [ 44.754, 20.445772113943029 ], [ 44.754, 20.445592203898052 ], [ 44.754192, 20.445592203898052 ], [ 44.754192, 20.445772113943029 ], [ 44.754288, 20.445772113943029 ], [ 44.754288, 20.445952023988006 ], [ 44.75448, 20.445952023988006 ], [ 44.754576, 20.445952023988006 ], [ 44.754576, 20.446041979010495 ], [ 44.754576, 20.446131934032984 ], [ 44.754768, 20.446131934032984 ], [ 44.754768, 20.446671664167916 ], [ 44.75496, 20.446671664167916 ], [ 44.75496, 20.446581709145427 ], [ 44.755152, 20.446581709145427 ], [ 44.755152, 20.446671664167916 ], [ 44.755152, 20.447211394302851 ], [ 44.75496, 20.447211394302851 ], [ 44.75496, 20.447391304347828 ], [ 44.754768, 20.447391304347828 ], [ 44.754768, 20.447571214392806 ], [ 44.754576, 20.447571214392806 ], [ 44.754576, 20.447751124437783 ], [ 44.75448, 20.447751124437783 ], [ 44.754288, 20.447751124437783 ], [ 44.754288, 20.44793103448276 ], [ 44.754192, 20.44793103448276 ], [ 44.754192, 20.448110944527738 ], [ 44.754, 20.448110944527738 ], [ 44.754, 20.448290854572715 ], [ 44.753616, 20.448290854572715 ] ] ] } },
{ "type": "Feature", "properties": { "class": "Class1", "id": 45 }, "geometry": { "type": "Polygon", "coordinates": [ [ [ 44.737968, 20.447571214392806 ], [ 44.737968, 20.447391304347828 ], [ 44.737776, 20.447391304347828 ], [ 44.73768, 20.447391304347828 ], [ 44.73768, 20.447211394302851 ], [ 44.73768, 20.447031484257874 ], [ 44.737488, 20.447031484257874 ], [ 44.737488, 20.446851574212896 ], [ 44.737296, 20.446851574212896 ], [ 44.737104, 20.446851574212896 ], [ 44.737104, 20.446671664167916 ], [ 44.737104, 20.446221889055472 ], [ 44.738256, 20.446221889055472 ], [ 44.738256, 20.446131934032984 ], [ 44.738448, 20.446131934032984 ], [ 44.738448, 20.446041979010495 ], [ 44.73864, 20.446041979010495 ], [ 44.73864, 20.445952023988006 ], [ 44.738832, 20.445952023988006 ], [ 44.739024, 20.445952023988006 ], [ 44.739024, 20.445772113943029 ], [ 44.739216, 20.445772113943029 ], [ 44.739216, 20.445592203898052 ], [ 44.739408, 20.445592203898052 ], [ 44.739408, 20.445412293853074 ], [ 44.740176, 20.445412293853074 ], [ 44.740176, 20.445592203898052 ], [ 44.740176, 20.445772113943029 ], [ 44.739984, 20.445772113943029 ], [ 44.739984, 20.445952023988006 ], [ 44.739792, 20.445952023988006 ], [ 44.739792, 20.446131934032984 ], [ 44.739696, 20.446131934032984 ], [ 44.739696, 20.446221889055472 ], [ 44.739504, 20.446221889055472 ], [ 44.739504, 20.446311844077961 ], [ 44.739408, 20.446311844077961 ], [ 44.739408, 20.44640179910045 ], [ 44.739408, 20.446491754122938 ], [ 44.739216, 20.446491754122938 ], [ 44.739216, 20.446671664167916 ], [ 44.739216, 20.446851574212896 ], [ 44.739024, 20.446851574212896 ], [ 44.739024, 20.447031484257874 ], [ 44.738832, 20.447031484257874 ], [ 44.738832, 20.447211394302851 ], [ 44.73864, 20.447211394302851 ], [ 44.73864, 20.447391304347828 ], [ 44.738448, 20.447391304347828 ], [ 44.738448, 20.447571214392806 ], [ 44.737968, 20.447571214392806 ] ] ] } },
{ "type": "Feature", "properties": { "class": "Class1", "id": 46 }, "geometry": { "type": "Polygon", "coordinates": [ [ [ 44.755344, 20.446851574212896 ], [ 44.755344, 20.446671664167916 ], [ 44.755344, 20.446491754122938 ], [ 44.755152, 20.446491754122938 ], [ 44.755152, 20.44640179910045 ], [ 44.75496, 20.44640179910045 ], [ 44.75496, 20.446311844077961 ], [ 44.75496, 20.445952023988006 ], [ 44.75496, 20.445772113943029 ], [ 44.755152, 20.445772113943029 ], [ 44.755344, 20.445772113943029 ], [ 44.755344, 20.445592203898052 ], [ 44.755536, 20.445592203898052 ], [ 44.755536, 20.445412293853074 ], [ 44.755728, 20.445412293853074 ], [ 44.755728, 20.445232383808097 ], [ 44.75592, 20.445232383808097 ], [ 44.75592, 20.44505247376312 ], [ 44.756016, 20.44505247376312 ], [ 44.756208, 20.44505247376312 ], [ 44.756208, 20.444872563718143 ], [ 44.756304, 20.444872563718143 ], [ 44.756304, 20.444692653673165 ], [ 44.756496, 20.444692653673165 ], [ 44.756496, 20.444872563718143 ], [ 44.756688, 20.444872563718143 ], [ 44.75688, 20.444872563718143 ], [ 44.75688, 20.44505247376312 ], [ 44.757072, 20.44505247376312 ], [ 44.757072, 20.445412293853074 ], [ 44.757072, 20.445772113943029 ], [ 44.75688, 20.445772113943029 ], [ 44.75688, 20.445952023988006 ], [ 44.756688, 20.445952023988006 ], [ 44.756688, 20.446041979010495 ], [ 44.756496, 20.446041979010495 ], [ 44.756496, 20.446131934032984 ], [ 44.756496, 20.446221889055472 ], [ 44.756304, 20.446221889055472 ], [ 44.756304, 20.446311844077961 ], [ 44.756304, 20.44640179910045 ], [ 44.756208, 20.44640179910045 ], [ 44.756208, 20.446491754122938 ], [ 44.756016, 20.446491754122938 ], [ 44.756016, 20.446581709145427 ], [ 44.75592, 20.446581709145427 ], [ 44.75592, 20.446671664167916 ], [ 44.75592, 20.446851574212896 ], [ 44.755344, 20.446851574212896 ] ] ] } },
{ "type": "Feature", "properties": { "class": "Class1", "id": 47 }, "geometry": { "type": "Polygon", "coordinates": [ [ [ 44.7588, 20.446221889055472 ], [ 44.7588, 20.446131934032984 ], [ 44.758608, 20.446131934032984 ], [ 44.758608, 20.446041979010495 ], [ 44.758608, 20.445952023988006 ], [ 44.758416, 20.445952023988006 ], [ 44.758416, 20.445772113943029 ], [ 44.758224, 20.445772113943029 ], [ 44.758032, 20.445772113943029 ], [ 44.758032, 20.445232383808097 ], [ 44.758224, 20.445232383808097 ], [ 44.758224, 20.44505247376312 ], [ 44.7588, 20.44505247376312 ], [ 44.758992, 20.44505247376312 ], [ 44.758992, 20.444692653673165 ], [ 44.7588, 20.444692653673165 ], [ 44.7588, 20.444512743628188 ], [ 44.758992, 20.444512743628188 ], [ 44.758992, 20.444332833583211 ], [ 44.758992, 20.444152923538233 ], [ 44.759184, 20.444152923538233 ], [ 44.759184, 20.443973013493256 ], [ 44.759376, 20.443973013493256 ], [ 44.759568, 20.443973013493256 ], [ 44.759568, 20.443793103448279 ], [ 44.75976, 20.443793103448279 ], [ 44.75976, 20.443973013493256 ], [ 44.759952, 20.443973013493256 ], [ 44.759952, 20.444152923538233 ], [ 44.760144, 20.444152923538233 ], [ 44.760144, 20.444692653673165 ], [ 44.759952, 20.444692653673165 ], [ 44.759952, 20.44505247376312 ], [ 44.759952, 20.445232383808097 ], [ 44.75976, 20.445232383808097 ], [ 44.75976, 20.445412293853074 ], [ 44.759664, 20.445412293853074 ], [ 44.759568, 20.445412293853074 ], [ 44.759568, 20.445592203898052 ], [ 44.759376, 20.445592203898052 ], [ 44.759376, 20.445952023988006 ], [ 44.759184, 20.445952023988006 ], [ 44.759184, 20.446221889055472 ], [ 44.7588, 20.446221889055472 ] ] ] } },
{ "type": "Feature", "properties": { "class": "Class1", "id": 48 }, "geometry": { "type": "Polygon", "coordinates": [ [ [ 44.720208, 20.445412293853074 ], [ 44.720208, 20.444512743628188 ], [ 44.7204, 20.444512743628188 ], [ 44.7204, 20.444332833583211 ], [ 44.7204, 20.444152923538233 ], [ 44.720592, 20.444152923538233 ], [ 44.720592, 20.443973013493256 ], [ 44.720592, 20.443793103448279 ], [ 44.720784, 20.443793103448279 ], [ 44.720784, 20.443523238380809 ], [ 44.720976, 20.443523238380809 ], [ 44.720976, 20.443433283358321 ], [ 44.721168, 20.443433283358321 ], [ 44.721168, 20.443523238380809 ], [ 44.721264, 20.443523238380809 ], [ 44.721264, 20.443613193403298 ], [ 44.721456, 20.443613193403298 ], [ 44.721456, 20.443793103448279 ], [ 44.721552, 20.443793103448279 ], [ 44.721744, 20.443793103448279 ], [ 44.721744, 20.443973013493256 ], [ 44.721936, 20.443973013493256 ], [ 44.721936, 20.444152923538233 ], [ 44.722128, 20.444152923538233 ], [ 44.722128, 20.444332833583211 ], [ 44.72232, 20.444332833583211 ], [ 44.72232, 20.444512743628188 ], [ 44.722512, 20.444512743628188 ], [ 44.722512, 20.444692653673165 ], [ 44.722704, 20.444692653673165 ], [ 44.722704, 20.444872563718143 ], [ 44.722896, 20.444872563718143 ], [ 44.722992, 20.444872563718143 ], [ 44.722992, 20.44505247376312 ], [ 44.723184, 20.44505247376312 ], [ 44.72328, 20.44505247376312 ], [ 44.72328, 20.445232383808097 ], [ 44.72328, 20.445412293853074 ], [ 44.720208, 20.445412293853074 ] ] ] } },
{ "type": "Feature", "properties": { "class": "Class1", "id": 49 }, "geometry": { "type": "Polygon", "coordinates": [ [ [ 44.74344, 20.445592203898052 ], [ 44.743248, 20.445592203898052 ], [ 44.743248, 20.445412293853074 ], [ 44.743152, 20.445412293853074 ], [ 44.74296, 20.445412293853074 ], [ 44.74296, 20.445232383808097 ], [ 44.742864, 20.445232383808097 ], [ 44.742864, 20.44505247376312 ], [ 44.742672, 20.44505247376312 ], [ 44.742672, 20.444872563718143 ], [ 44.74248, 20.444872563718143 ], [ 44.74248, 20.444692653673165 ], [ 44.742288, 20.444692653673165 ], [ 44.742288, 20.444512743628188 ], [ 44.742096, 20.444512743628188 ], [ 44.742096, 20.443973013493256 ], [ 44.742096, 20.443793103448279 ], [ 44.742288, 20.443793103448279 ], [ 44.742288, 20.443613193403298 ], [ 44.74248, 20.443613193403298 ], [ 44.74248, 20.443523238380809 ], [ 44.74248, 20.443433283358321 ], [ 44.742672, 20.443433283358321 ], [ 44.742672, 20.443343328335832 ], [ 44.742864, 20.443343328335832 ], [ 44.742864, 20.443433283358321 ], [ 44.74296, 20.443433283358321 ], [ 44.74296, 20.443523238380809 ], [ 44.743152, 20.443523238380809 ], [ 44.743152, 20.443613193403298 ], [ 44.743248, 20.443613193403298 ], [ 44.743248, 20.443793103448279 ], [ 44.74344, 20.443793103448279 ], [ 44.74344, 20.443973013493256 ], [ 44.743632, 20.443973013493256 ], [ 44.743632, 20.444152923538233 ], [ 44.743824, 20.444152923538233 ], [ 44.743824, 20.444332833583211 ], [ 44.744016, 20.444332833583211 ], [ 44.744208, 20.444332833583211 ], [ 44.744208, 20.444512743628188 ], [ 44.7444, 20.444512743628188 ], [ 44.7444, 20.444692653673165 ], [ 44.744592, 20.444692653673165 ], [ 44.744592, 20.444872563718143 ], [ 44.744784, 20.444872563718143 ], [ 44.744784, 20.44505247376312 ], [ 44.74488, 20.44505247376312 ], [ 44.74488, 20.445232383808097 ], [ 44.744976, 20.445232383808097 ], [ 44.744976, 20.445412293853074 ], [ 44.74488, 20.445412293853074 ], [ 44.74488, 20.445592203898052 ], [ 44.744784, 20.445592203898052 ], [ 44.744208, 20.445592203898052 ], [ 44.743824, 20.445592203898052 ], [ 44.74344, 20.445592203898052 ] ] ] } },
{ "type": "Feature", "properties": { "class": "Class1", "id": 50 }, "geometry": { "type": "Polygon", "coordinates": [ [ [ 44.704464, 20.444692653673165 ], [ 44.704464, 20.444512743628188 ], [ 44.704272, 20.444512743628188 ], [ 44.704272, 20.444152923538233 ], [ 44.704272, 20.443973013493256 ], [ 44.70408, 20.443973013493256 ], [ 44.70408, 20.443793103448279 ], [ 44.703888, 20.443793103448279 ], [ 44.703888, 20.443613193403298 ], [ 44.703888, 20.443523238380809 ], [ 44.703696, 20.443523238380809 ], [ 44.703696, 20.443433283358321 ], [ 44.703504, 20.443433283358321 ], [ 44.703504, 20.443343328335832 ], [ 44.703504, 20.443163418290855 ], [ 44.703504, 20.442983508245877 ], [ 44.70408, 20.442983508245877 ], [ 44.70408, 20.442893553223389 ], [ 44.704272, 20.442893553223389 ], [ 44.704272, 20.4428035982009 ], [ 44.704464, 20.4428035982009 ], [ 44.704464, 20.442713643178411 ], [ 44.704944, 20.442713643178411 ], [ 44.705232, 20.442713643178411 ], [ 44.705232, 20.443253373313343 ], [ 44.705232, 20.443433283358321 ], [ 44.70504, 20.443433283358321 ], [ 44.70504, 20.443793103448279 ], [ 44.70504, 20.443973013493256 ], [ 44.704944, 20.443973013493256 ], [ 44.704944, 20.444152923538233 ], [ 44.704752, 20.444152923538233 ], [ 44.704752, 20.444512743628188 ], [ 44.704752, 20.444692653673165 ], [ 44.704656, 20.444692653673165 ], [ 44.704464, 20.444692653673165 ] ] ] } },
{ "type": "Feature", "properties": { "class": "Class1", "id": 51 }, "geometry": { "type": "Polygon", "coordinates": [ [ [ 44.735376, 20.444872563718143 ], [ 44.735376, 20.444692653673165 ], [ 44.735568, 20.444692653673165 ], [ 44.735568, 20.443343328335832 ], [ 44.735568, 20.443253373313343 ], [ 44.73576, 20.443253373313343 ], [ 44.73576, 20.443163418290855 ], [ 44.73576, 20.443073463268366 ], [ 44.735952, 20.443073463268366 ], [ 44.735952, 20.442893553223389 ], [ 44.735952, 20.4428035982009 ], [ 44.736048, 20.4428035982009 ], [ 44.736048, 20.442713643178411 ], [ 44.73624, 20.442713643178411 ], [ 44.736336, 20.442713643178411 ], [ 44.736336, 20.442533733133434 ], [ 44.736528, 20.442533733133434 ], [ 44.73672, 20.442533733133434 ], [ 44.73672, 20.442353823088457 ], [ 44.736912, 20.442353823088457 ], [ 44.736912, 20.445412293853074 ], [ 44.73576, 20.445412293853074 ], [ 44.73576, 20.445232383808097 ], [ 44.735568, 20.445232383808097 ], [ 44.735568, 20.44505247376312 ], [ 44.735376, 20.44505247376312 ], [ 44.735376, 20.444872563718143 ] ] ] } },
{ "type": "Feature", "properties": { "class": "Class1", "id": 52 }, "geometry": { "type": "Polygon", "coordinates": [ [ [ 44.714064, 20.453058470764617 ], [ 44.714064, 20.452968515742128 ], [ 44.71368, 20.452968515742128 ], [ 44.71368, 20.45287856071964 ], [ 44.713296, 20.45287856071964 ], [ 44.713296, 20.452788605697151 ], [ 44.71272, 20.452788605697151 ], [ 44.71272, 20.452698650674662 ], [ 44.712336, 20.452698650674662 ], [ 44.712336, 20.452608695652174 ], [ 44.711952, 20.452608695652174 ], [ 44.711952, 20.452518740629685 ], [ 44.711568, 20.452518740629685 ], [ 44.711568, 20.452428785607196 ], [ 44.711376, 20.452428785607196 ], [ 44.711376, 20.452338830584708 ], [ 44.710992, 20.452338830584708 ], [ 44.710992, 20.452248875562219 ], [ 44.710608, 20.452248875562219 ], [ 44.710416, 20.452248875562219 ], [ 44.710416, 20.452068965517242 ], [ 44.710128, 20.452068965517242 ], [ 44.70984, 20.452068965517242 ], [ 44.70984, 20.451889055472265 ], [ 44.709456, 20.451889055472265 ], [ 44.709072, 20.451889055472265 ], [ 44.709072, 20.451709145427287 ], [ 44.70888, 20.451709145427287 ], [ 44.708496, 20.451709145427287 ], [ 44.708496, 20.45152923538231 ], [ 44.708496, 20.451349325337333 ], [ 44.708688, 20.451349325337333 ], [ 44.708688, 20.451169415292355 ], [ 44.708688, 20.450989505247378 ], [ 44.70888, 20.450989505247378 ], [ 44.70888, 20.450809595202401 ], [ 44.70888, 20.450629685157423 ], [ 44.709072, 20.450629685157423 ], [ 44.709072, 20.450269865067469 ], [ 44.709072, 20.450089955022491 ], [ 44.709264, 20.450089955022491 ], [ 44.709264, 20.449730134932533 ], [ 44.709264, 20.449550224887556 ], [ 44.709456, 20.449550224887556 ], [ 44.709456, 20.449370314842579 ], [ 44.709456, 20.44928035982009 ], [ 44.709648, 20.44928035982009 ], [ 44.709648, 20.449100449775113 ], [ 44.709648, 20.448830584707647 ], [ 44.70984, 20.448830584707647 ], [ 44.70984, 20.44865067466267 ], [ 44.70984, 20.448470764617692 ], [ 44.709936, 20.448470764617692 ], [ 44.709936, 20.448290854572715 ], [ 44.710128, 20.448290854572715 ], [ 44.710128, 20.448110944527738 ], [ 44.710224, 20.448110944527738 ], [ 44.710224, 20.44793103448276 ], [ 44.710416, 20.44793103448276 ], [ 44.710416, 20.447571214392806 ], [ 44.710224, 20.447571214392806 ], [ 44.710224, 20.447391304347828 ], [ 44.710128, 20.447391304347828 ], [ 44.70984, 20.447391304347828 ], [ 44.70984, 20.447211394302851 ], [ 44.709648, 20.447211394302851 ], [ 44.709456, 20.447211394302851 ], [ 44.709456, 20.447031484257874 ], [ 44.709264, 20.447031484257874 ], [ 44.709072, 20.447031484257874 ], [ 44.709072, 20.446851574212896 ], [ 44.708688, 20.446851574212896 ], [ 44.708496, 20.446851574212896 ], [ 44.708496, 20.446671664167916 ], [ 44.7084, 20.446671664167916 ], [ 44.7084, 20.446581709145427 ], [ 44.708112, 20.446581709145427 ], [ 44.708112, 20.446491754122938 ], [ 44.70792, 20.446491754122938 ], [ 44.70792, 20.44640179910045 ], [ 44.707728, 20.44640179910045 ], [ 44.707728, 20.446311844077961 ], [ 44.707728, 20.445772113943029 ], [ 44.707728, 20.445592203898052 ], [ 44.70792, 20.445592203898052 ], [ 44.70792, 20.445232383808097 ], [ 44.707728, 20.445232383808097 ], [ 44.707728, 20.44505247376312 ], [ 44.70792, 20.44505247376312 ], [ 44.70792, 20.444872563718143 ], [ 44.70792, 20.443973013493256 ], [ 44.708112, 20.443973013493256 ], [ 44.708112, 20.443433283358321 ], [ 44.70792, 20.443433283358321 ], [ 44.70792, 20.443343328335832 ], [ 44.70792, 20.443253373313343 ], [ 44.707728, 20.443253373313343 ], [ 44.707728, 20.443163418290855 ], [ 44.707728, 20.443073463268366 ], [ 44.707536, 20.443073463268366 ], [ 44.707536, 20.442983508245877 ], [ 44.707536, 20.4428035982009 ], [ 44.707344, 20.4428035982009 ], [ 44.707344, 20.442713643178411 ], [ 44.707152, 20.442713643178411 ], [ 44.707152, 20.442533733133434 ], [ 44.707152, 20.442353823088457 ], [ 44.70696, 20.442353823088457 ], [ 44.70696, 20.442173913043479 ], [ 44.706768, 20.442173913043479 ], [ 44.706768, 20.441994002998502 ], [ 44.706672, 20.441994002998502 ], [ 44.706672, 20.441814092953525 ], [ 44.706768, 20.441814092953525 ], [ 44.708496, 20.441814092953525 ], [ 44.708496, 20.441634182908548 ], [ 44.70984, 20.441634182908548 ], [ 44.70984, 20.441814092953525 ], [ 44.710608, 20.441814092953525 ], [ 44.7108, 20.441814092953525 ], [ 44.711184, 20.441814092953525 ], [ 44.711184, 20.441994002998502 ], [ 44.711952, 20.441994002998502 ], [ 44.712912, 20.441994002998502 ], [ 44.712912, 20.442173913043479 ], [ 44.71368, 20.442173913043479 ], [ 44.714256, 20.442173913043479 ], [ 44.714256, 20.442353823088457 ], [ 44.714448, 20.442353823088457 ], [ 44.714832, 20.442353823088457 ], [ 44.714832, 20.442533733133434 ], [ 44.715024, 20.442533733133434 ], [ 44.715216, 20.442533733133434 ], [ 44.715216, 20.442713643178411 ], [ 44.715408, 20.442713643178411 ], [ 44.715408, 20.4428035982009 ], [ 44.7156, 20.4428035982009 ], [ 44.7156, 20.442713643178411 ], [ 44.715792, 20.442713643178411 ], [ 44.715792, 20.442533733133434 ], [ 44.715984, 20.442533733133434 ], [ 44.715984, 20.444512743628188 ], [ 44.715792, 20.444512743628188 ], [ 44.715792, 20.445412293853074 ], [ 44.715984, 20.445412293853074 ], [ 44.715984, 20.445592203898052 ], [ 44.715984, 20.445772113943029 ], [ 44.71608, 20.445772113943029 ], [ 44.71608, 20.445952023988006 ], [ 44.715984, 20.445952023988006 ], [ 44.715984, 20.446041979010495 ], [ 44.715984, 20.446221889055472 ], [ 44.715792, 20.446221889055472 ], [ 44.715792, 20.446581709145427 ], [ 44.715792, 20.447211394302851 ], [ 44.7156, 20.447211394302851 ], [ 44.7156, 20.44928035982009 ], [ 44.7156, 20.449820089955022 ], [ 44.715408, 20.449820089955022 ], [ 44.715408, 20.450089955022491 ], [ 44.715408, 20.450449775112446 ], [ 44.715408, 20.451349325337333 ], [ 44.715408, 20.451709145427287 ], [ 44.715408, 20.452248875562219 ], [ 44.715408, 20.452338830584708 ], [ 44.715216, 20.452338830584708 ], [ 44.715216, 20.452608695652174 ], [ 44.715216, 20.45287856071964 ], [ 44.715024, 20.45287856071964 ], [ 44.715024, 20.453058470764617 ], [ 44.714064, 20.453058470764617 ] ] ] } },
{ "type": "Feature", "properties": { "class": "Class1", "id": 53 }, "geometry": { "type": "Polygon", "coordinates": [ [ [ 44.757456, 20.44505247376312 ], [ 44.757456, 20.444872563718143 ], [ 44.757264, 20.444872563718143 ], [ 44.757072, 20.444872563718143 ], [ 44.757072, 20.444692653673165 ], [ 44.75688, 20.444692653673165 ], [ 44.75688, 20.444512743628188 ], [ 44.75688, 20.444332833583211 ], [ 44.756688, 20.444332833583211 ], [ 44.756688, 20.444152923538233 ], [ 44.756496, 20.444152923538233 ], [ 44.756304, 20.444152923538233 ], [ 44.756304, 20.443973013493256 ], [ 44.756208, 20.443973013493256 ], [ 44.756208, 20.443433283358321 ], [ 44.756304, 20.443433283358321 ], [ 44.756304, 20.443343328335832 ], [ 44.756304, 20.443253373313343 ], [ 44.756496, 20.443253373313343 ], [ 44.756496, 20.443163418290855 ], [ 44.756496, 20.443073463268366 ], [ 44.756688, 20.443073463268366 ], [ 44.756688, 20.442983508245877 ], [ 44.756688, 20.442893553223389 ], [ 44.75688, 20.442893553223389 ], [ 44.75688, 20.4428035982009 ], [ 44.75688, 20.442713643178411 ], [ 44.757072, 20.442713643178411 ], [ 44.757072, 20.442533733133434 ], [ 44.757264, 20.442533733133434 ], [ 44.757264, 20.442353823088457 ], [ 44.757456, 20.442353823088457 ], [ 44.757456, 20.442173913043479 ], [ 44.757648, 20.442173913043479 ], [ 44.757648, 20.441994002998502 ], [ 44.757744, 20.441994002998502 ], [ 44.757936, 20.441994002998502 ], [ 44.757936, 20.441814092953525 ], [ 44.758032, 20.441814092953525 ], [ 44.758032, 20.441634182908548 ], [ 44.758416, 20.441634182908548 ], [ 44.759184, 20.441634182908548 ], [ 44.759184, 20.441814092953525 ], [ 44.759376, 20.441814092953525 ], [ 44.759376, 20.441994002998502 ], [ 44.759664, 20.441994002998502 ], [ 44.75976, 20.441994002998502 ], [ 44.75976, 20.442173913043479 ], [ 44.759952, 20.442173913043479 ], [ 44.759952, 20.442353823088457 ], [ 44.759952, 20.442533733133434 ], [ 44.75976, 20.442533733133434 ], [ 44.75976, 20.442713643178411 ], [ 44.759568, 20.442713643178411 ], [ 44.759568, 20.4428035982009 ], [ 44.759376, 20.4428035982009 ], [ 44.759376, 20.442893553223389 ], [ 44.759376, 20.442983508245877 ], [ 44.759184, 20.442983508245877 ], [ 44.759184, 20.443073463268366 ], [ 44.759184, 20.443253373313343 ], [ 44.758992, 20.443253373313343 ], [ 44.758992, 20.443343328335832 ], [ 44.758992, 20.443433283358321 ], [ 44.7588, 20.443433283358321 ], [ 44.7588, 20.443523238380809 ], [ 44.7588, 20.443613193403298 ], [ 44.758608, 20.443613193403298 ], [ 44.758608, 20.443793103448279 ], [ 44.758608, 20.443973013493256 ], [ 44.758416, 20.443973013493256 ], [ 44.758416, 20.444152923538233 ], [ 44.758224, 20.444152923538233 ], [ 44.758224, 20.444332833583211 ], [ 44.758032, 20.444332833583211 ], [ 44.758032, 20.444512743628188 ], [ 44.757936, 20.444512743628188 ], [ 44.757744, 20.444512743628188 ], [ 44.757744, 20.444692653673165 ], [ 44.757648, 20.444692653673165 ], [ 44.757648, 20.444872563718143 ], [ 44.757648, 20.44505247376312 ], [ 44.757456, 20.44505247376312 ] ] ] } },
{ "type": "Feature", "properties": { "class": "Class1", "id": 54 }, "geometry": { "type": "Polygon", "coordinates": [ [ [ 44.704272, 20.447031484257874 ], [ 44.704272, 20.44640179910045 ], [ 44.704272, 20.446041979010495 ], [ 44.704464, 20.446041979010495 ], [ 44.704464, 20.445952023988006 ], [ 44.704464, 20.445592203898052 ], [ 44.704656, 20.445592203898052 ], [ 44.704656, 20.44505247376312 ], [ 44.704656, 20.444692653673165 ], [ 44.704752, 20.444692653673165 ], [ 44.704752, 20.444512743628188 ], [ 44.704944, 20.444512743628188 ], [ 44.704944, 20.444332833583211 ], [ 44.70504, 20.444332833583211 ], [ 44.70504, 20.444152923538233 ], [ 44.70504, 20.443973013493256 ], [ 44.70504, 20.443793103448279 ], [ 44.70504, 20.443433283358321 ], [ 44.705232, 20.443433283358321 ], [ 44.705232, 20.443253373313343 ], [ 44.705232, 20.442893553223389 ], [ 44.705424, 20.442893553223389 ], [ 44.705424, 20.442713643178411 ], [ 44.705424, 20.442173913043479 ], [ 44.705616, 20.442173913043479 ], [ 44.705616, 20.441814092953525 ], [ 44.705616, 20.441634182908548 ], [ 44.705808, 20.441634182908548 ], [ 44.706, 20.441634182908548 ], [ 44.706192, 20.441634182908548 ], [ 44.706192, 20.441814092953525 ], [ 44.706384, 20.441814092953525 ], [ 44.70648, 20.441814092953525 ], [ 44.70648, 20.441994002998502 ], [ 44.706672, 20.441994002998502 ], [ 44.706768, 20.441994002998502 ], [ 44.706768, 20.442173913043479 ], [ 44.70696, 20.442173913043479 ], [ 44.70696, 20.442353823088457 ], [ 44.707152, 20.442353823088457 ], [ 44.707152, 20.442533733133434 ], [ 44.707152, 20.442713643178411 ], [ 44.707344, 20.442713643178411 ], [ 44.707344, 20.4428035982009 ], [ 44.707536, 20.4428035982009 ], [ 44.707536, 20.442983508245877 ], [ 44.707536, 20.443073463268366 ], [ 44.707728, 20.443073463268366 ], [ 44.707728, 20.443343328335832 ], [ 44.707728, 20.443793103448279 ], [ 44.70792, 20.443793103448279 ], [ 44.70792, 20.443973013493256 ], [ 44.70792, 20.444872563718143 ], [ 44.70792, 20.44505247376312 ], [ 44.707728, 20.44505247376312 ], [ 44.707728, 20.445232383808097 ], [ 44.707728, 20.445412293853074 ], [ 44.707728, 20.445592203898052 ], [ 44.707536, 20.445592203898052 ], [ 44.707536, 20.445772113943029 ], [ 44.707536, 20.445952023988006 ], [ 44.707344, 20.445952023988006 ], [ 44.707344, 20.446041979010495 ], [ 44.707152, 20.446041979010495 ], [ 44.707152, 20.446131934032984 ], [ 44.707152, 20.446311844077961 ], [ 44.70696, 20.446311844077961 ], [ 44.70696, 20.44640179910045 ], [ 44.706768, 20.44640179910045 ], [ 44.706768, 20.446491754122938 ], [ 44.706768, 20.446581709145427 ], [ 44.70648, 20.446581709145427 ], [ 44.70648, 20.446671664167916 ], [ 44.706384, 20.446671664167916 ], [ 44.706384, 20.446851574212896 ], [ 44.706192, 20.446851574212896 ], [ 44.705808, 20.446851574212896 ], [ 44.705808, 20.447031484257874 ], [ 44.705616, 20.447031484257874 ], [ 44.704272, 20.447031484257874 ] ] ] } },
{ "type": "Feature", "properties": { "class": "Class1", "id": 55 }, "geometry": { "type": "Polygon", "coordinates": [ [ [ 44.752464, 20.44640179910045 ], [ 44.752464, 20.446311844077961 ], [ 44.752272, 20.446311844077961 ], [ 44.752272, 20.446131934032984 ], [ 44.752272, 20.446041979010495 ], [ 44.75208, 20.446041979010495 ], [ 44.75208, 20.445952023988006 ], [ 44.75208, 20.445772113943029 ], [ 44.751888, 20.445772113943029 ], [ 44.751888, 20.445592203898052 ], [ 44.750832, 20.445592203898052 ], [ 44.750736, 20.445592203898052 ], [ 44.750736, 20.445412293853074 ], [ 44.750544, 20.445412293853074 ], [ 44.750544, 20.445232383808097 ], [ 44.750352, 20.445232383808097 ], [ 44.750352, 20.44505247376312 ], [ 44.75016, 20.44505247376312 ], [ 44.75016, 20.444872563718143 ], [ 44.749968, 20.444872563718143 ], [ 44.749968, 20.444692653673165 ], [ 44.749776, 20.444692653673165 ], [ 44.749776, 20.444512743628188 ], [ 44.749776, 20.444152923538233 ], [ 44.749968, 20.444152923538233 ], [ 44.749968, 20.443973013493256 ], [ 44.75016, 20.443973013493256 ], [ 44.75016, 20.443793103448279 ], [ 44.750352, 20.443793103448279 ], [ 44.750352, 20.443613193403298 ], [ 44.750544, 20.443613193403298 ], [ 44.750544, 20.443433283358321 ], [ 44.750544, 20.443343328335832 ], [ 44.750736, 20.443343328335832 ], [ 44.750736, 20.443073463268366 ], [ 44.750544, 20.443073463268366 ], [ 44.750544, 20.442983508245877 ], [ 44.750544, 20.442893553223389 ], [ 44.750352, 20.442893553223389 ], [ 44.750352, 20.442713643178411 ], [ 44.750352, 20.442533733133434 ], [ 44.750544, 20.442533733133434 ], [ 44.750736, 20.442533733133434 ], [ 44.750736, 20.442353823088457 ], [ 44.750736, 20.442173913043479 ], [ 44.750736, 20.441994002998502 ], [ 44.750544, 20.441994002998502 ], [ 44.750544, 20.441814092953525 ], [ 44.750736, 20.441814092953525 ], [ 44.750736, 20.441634182908548 ], [ 44.751024, 20.441634182908548 ], [ 44.75112, 20.441634182908548 ], [ 44.75112, 20.44145427286357 ], [ 44.751312, 20.44145427286357 ], [ 44.751312, 20.441274362818593 ], [ 44.751504, 20.441274362818593 ], [ 44.751696, 20.441274362818593 ], [ 44.751696, 20.441094452773616 ], [ 44.751888, 20.441094452773616 ], [ 44.751888, 20.440914542728638 ], [ 44.751888, 20.440734632683661 ], [ 44.75208, 20.440734632683661 ], [ 44.752464, 20.440734632683661 ], [ 44.752464, 20.440914542728638 ], [ 44.75256, 20.440914542728638 ], [ 44.752752, 20.440914542728638 ], [ 44.752752, 20.441094452773616 ], [ 44.752848, 20.441094452773616 ], [ 44.752848, 20.441274362818593 ], [ 44.75304, 20.441274362818593 ], [ 44.75304, 20.44145427286357 ], [ 44.753232, 20.44145427286357 ], [ 44.753232, 20.441634182908548 ], [ 44.753424, 20.441634182908548 ], [ 44.753616, 20.441634182908548 ], [ 44.753616, 20.441814092953525 ], [ 44.753808, 20.441814092953525 ], [ 44.753808, 20.441994002998502 ], [ 44.754, 20.441994002998502 ], [ 44.754, 20.442173913043479 ], [ 44.754192, 20.442173913043479 ], [ 44.754192, 20.442353823088457 ], [ 44.754288, 20.442353823088457 ], [ 44.754288, 20.442533733133434 ], [ 44.754192, 20.442533733133434 ], [ 44.754192, 20.442713643178411 ], [ 44.754, 20.442713643178411 ], [ 44.754, 20.4428035982009 ], [ 44.753808, 20.4428035982009 ], [ 44.753808, 20.442893553223389 ], [ 44.753808, 20.443073463268366 ], [ 44.753616, 20.443073463268366 ], [ 44.753616, 20.443163418290855 ], [ 44.753616, 20.443343328335832 ], [ 44.753616, 20.443523238380809 ], [ 44.753808, 20.443523238380809 ], [ 44.753808, 20.443973013493256 ], [ 44.753616, 20.443973013493256 ], [ 44.753616, 20.444332833583211 ], [ 44.753808, 20.444332833583211 ], [ 44.753808, 20.444512743628188 ], [ 44.754, 20.444512743628188 ], [ 44.754, 20.444692653673165 ], [ 44.754192, 20.444692653673165 ], [ 44.754192, 20.444872563718143 ], [ 44.754192, 20.44505247376312 ], [ 44.754192, 20.445232383808097 ], [ 44.754, 20.445232383808097 ], [ 44.753808, 20.445232383808097 ], [ 44.753808, 20.445412293853074 ], [ 44.753616, 20.445412293853074 ], [ 44.753616, 20.445592203898052 ], [ 44.753424, 20.445592203898052 ], [ 44.753424, 20.445772113943029 ], [ 44.753232, 20.445772113943029 ], [ 44.753232, 20.445952023988006 ], [ 44.753232, 20.446041979010495 ], [ 44.75304, 20.446041979010495 ], [ 44.75304, 20.446131934032984 ], [ 44.75304, 20.446221889055472 ], [ 44.752848, 20.446221889055472 ], [ 44.752848, 20.44640179910045 ], [ 44.752464, 20.44640179910045 ] ] ] } },
{ "type": "Feature", "properties": { "class": "Class1", "id": 56 }, "geometry": { "type": "Polygon", "coordinates": [ [ [ 44.70024, 20.443793103448279 ], [ 44.700048, 20.443793103448279 ], [ 44.700048, 20.440554722638684 ], [ 44.70024, 20.440554722638684 ], [ 44.70024, 20.440734632683661 ], [ 44.700432, 20.440734632683661 ], [ 44.700432, 20.441094452773616 ], [ 44.700432, 20.441274362818593 ], [ 44.700624, 20.441274362818593 ], [ 44.700624, 20.44145427286357 ], [ 44.700624, 20.441634182908548 ], [ 44.700816, 20.441634182908548 ], [ 44.700816, 20.441814092953525 ], [ 44.700816, 20.441994002998502 ], [ 44.701008, 20.441994002998502 ], [ 44.701008, 20.442983508245877 ], [ 44.700816, 20.442983508245877 ], [ 44.700816, 20.443073463268366 ], [ 44.700816, 20.443253373313343 ], [ 44.700624, 20.443253373313343 ], [ 44.700624, 20.443343328335832 ], [ 44.700624, 20.443433283358321 ], [ 44.700432, 20.443433283358321 ], [ 44.700432, 20.443613193403298 ], [ 44.700432, 20.443793103448279 ], [ 44.70024, 20.443793103448279 ] ] ] } },
{ "type": "Feature", "properties": { "class": "Class1", "id": 57 }, "geometry": { "type": "Polygon", "coordinates": [ [ [ 44.734992, 20.44505247376312 ], [ 44.734992, 20.444872563718143 ], [ 44.7348, 20.444872563718143 ], [ 44.7348, 20.444692653673165 ], [ 44.7348, 20.444512743628188 ], [ 44.734608, 20.444512743628188 ], [ 44.734512, 20.444512743628188 ], [ 44.734512, 20.444332833583211 ], [ 44.73432, 20.444332833583211 ], [ 44.734224, 20.444332833583211 ], [ 44.734224, 20.444152923538233 ], [ 44.734032, 20.444152923538233 ], [ 44.734032, 20.443973013493256 ], [ 44.73384, 20.443973013493256 ], [ 44.73384, 20.443793103448279 ], [ 44.733648, 20.443793103448279 ], [ 44.733648, 20.443613193403298 ], [ 44.733456, 20.443613193403298 ], [ 44.733456, 20.443523238380809 ], [ 44.733456, 20.443433283358321 ], [ 44.733264, 20.443433283358321 ], [ 44.733264, 20.443343328335832 ], [ 44.733264, 20.443253373313343 ], [ 44.733072, 20.443253373313343 ], [ 44.733072, 20.443163418290855 ], [ 44.73288, 20.443163418290855 ], [ 44.73288, 20.443073463268366 ], [ 44.73288, 20.442983508245877 ], [ 44.732784, 20.442983508245877 ], [ 44.732784, 20.442893553223389 ], [ 44.732496, 20.442893553223389 ], [ 44.732496, 20.4428035982009 ], [ 44.732496, 20.442713643178411 ], [ 44.732304, 20.442713643178411 ], [ 44.732304, 20.442533733133434 ], [ 44.732112, 20.442533733133434 ], [ 44.732112, 20.442353823088457 ], [ 44.73192, 20.442353823088457 ], [ 44.73192, 20.442173913043479 ], [ 44.731728, 20.442173913043479 ], [ 44.731728, 20.441994002998502 ], [ 44.731536, 20.441994002998502 ], [ 44.731536, 20.441814092953525 ], [ 44.731344, 20.441814092953525 ], [ 44.731344, 20.441634182908548 ], [ 44.731152, 20.441634182908548 ], [ 44.731152, 20.441094452773616 ], [ 44.731152, 20.440914542728638 ], [ 44.731344, 20.440914542728638 ], [ 44.731536, 20.440914542728638 ], [ 44.731536, 20.440734632683661 ], [ 44.731728, 20.440734632683661 ], [ 44.731728, 20.440554722638684 ], [ 44.73192, 20.440554722638684 ], [ 44.73192, 20.440374812593703 ], [ 44.732112, 20.440374812593703 ], [ 44.732112, 20.440284857571214 ], [ 44.732304, 20.440284857571214 ], [ 44.732304, 20.440194902548726 ], [ 44.732304, 20.440104947526237 ], [ 44.732496, 20.440104947526237 ], [ 44.732496, 20.440014992503748 ], [ 44.732592, 20.440014992503748 ], [ 44.732592, 20.43992503748126 ], [ 44.732784, 20.43992503748126 ], [ 44.732784, 20.439835082458771 ], [ 44.73288, 20.439835082458771 ], [ 44.73288, 20.439745127436282 ], [ 44.733072, 20.439745127436282 ], [ 44.733072, 20.439655172413794 ], [ 44.733264, 20.439655172413794 ], [ 44.733264, 20.439475262368816 ], [ 44.733456, 20.439475262368816 ], [ 44.733456, 20.439295352323839 ], [ 44.733648, 20.439295352323839 ], [ 44.73384, 20.439295352323839 ], [ 44.73384, 20.439115442278862 ], [ 44.734032, 20.439115442278862 ], [ 44.734032, 20.439295352323839 ], [ 44.734224, 20.439295352323839 ], [ 44.734224, 20.439475262368816 ], [ 44.73432, 20.439475262368816 ], [ 44.734512, 20.439475262368816 ], [ 44.734512, 20.439655172413794 ], [ 44.734608, 20.439655172413794 ], [ 44.734608, 20.439745127436282 ], [ 44.7348, 20.439745127436282 ], [ 44.7348, 20.439835082458771 ], [ 44.7348, 20.43992503748126 ], [ 44.734992, 20.43992503748126 ], [ 44.734992, 20.440014992503748 ], [ 44.734992, 20.440104947526237 ], [ 44.735184, 20.440104947526237 ], [ 44.735184, 20.440194902548726 ], [ 44.735184, 20.440284857571214 ], [ 44.735376, 20.440284857571214 ], [ 44.735376, 20.440194902548726 ], [ 44.735568, 20.440194902548726 ], [ 44.735568, 20.440104947526237 ], [ 44.73576, 20.440104947526237 ], [ 44.73576, 20.440014992503748 ], [ 44.73576, 20.43992503748126 ], [ 44.735952, 20.43992503748126 ], [ 44.735952, 20.439835082458771 ], [ 44.736048, 20.439835082458771 ], [ 44.736048, 20.439745127436282 ], [ 44.73624, 20.439745127436282 ], [ 44.73624, 20.439655172413794 ], [ 44.736528, 20.439655172413794 ], [ 44.736528, 20.439745127436282 ], [ 44.73672, 20.439745127436282 ], [ 44.73672, 20.43992503748126 ], [ 44.736912, 20.43992503748126 ], [ 44.736912, 20.440014992503748 ], [ 44.736912, 20.440104947526237 ], [ 44.737104, 20.440104947526237 ], [ 44.737104, 20.440194902548726 ], [ 44.737104, 20.440284857571214 ], [ 44.737296, 20.440284857571214 ], [ 44.737296, 20.440374812593703 ], [ 44.737296, 20.440554722638684 ], [ 44.737488, 20.440554722638684 ], [ 44.737488, 20.440734632683661 ], [ 44.73768, 20.440734632683661 ], [ 44.73768, 20.440914542728638 ], [ 44.737776, 20.440914542728638 ], [ 44.737776, 20.441094452773616 ], [ 44.73768, 20.441094452773616 ], [ 44.73768, 20.441274362818593 ], [ 44.737488, 20.441274362818593 ], [ 44.737296, 20.441274362818593 ], [ 44.737296, 20.44145427286357 ], [ 44.737104, 20.44145427286357 ], [ 44.737104, 20.441634182908548 ], [ 44.736912, 20.441634182908548 ], [ 44.736912, 20.441814092953525 ], [ 44.73672, 20.441814092953525 ], [ 44.736528, 20.441814092953525 ], [ 44.736528, 20.441994002998502 ], [ 44.736336, 20.441994002998502 ], [ 44.736336, 20.442173913043479 ], [ 44.736048, 20.442173913043479 ], [ 44.735952, 20.442173913043479 ], [ 44.735952, 20.442353823088457 ], [ 44.73576, 20.442353823088457 ], [ 44.73576, 20.442533733133434 ], [ 44.735568, 20.442533733133434 ], [ 44.735568, 20.442713643178411 ], [ 44.735376, 20.442713643178411 ], [ 44.735376, 20.4428035982009 ], [ 44.735376, 20.443073463268366 ], [ 44.735184, 20.443073463268366 ], [ 44.735184, 20.443163418290855 ], [ 44.735184, 20.443793103448279 ], [ 44.735184, 20.444152923538233 ], [ 44.735376, 20.444152923538233 ], [ 44.735376, 20.444692653673165 ], [ 44.735376, 20.444872563718143 ], [ 44.735376, 20.44505247376312 ], [ 44.734992, 20.44505247376312 ] ] ] } },
{ "type": "Feature", "properties": { "class": "Class1", "id": 58 }, "geometry": { "type": "Polygon", "coordinates": [ [ [ 44.721264, 20.440104947526237 ], [ 44.721264, 20.440014992503748 ], [ 44.721168, 20.440014992503748 ], [ 44.721168, 20.43992503748126 ], [ 44.720976, 20.43992503748126 ], [ 44.720976, 20.439835082458771 ], [ 44.720976, 20.439745127436282 ], [ 44.720592, 20.439745127436282 ], [ 44.720592, 20.439655172413794 ], [ 44.720208, 20.439655172413794 ], [ 44.719824, 20.439655172413794 ], [ 44.719248, 20.439655172413794 ], [ 44.719248, 20.439295352323839 ], [ 44.71944, 20.439295352323839 ], [ 44.71944, 20.439115442278862 ], [ 44.719536, 20.439115442278862 ], [ 44.719728, 20.439115442278862 ], [ 44.719728, 20.438935532233884 ], [ 44.719824, 20.438935532233884 ], [ 44.719824, 20.438755622188907 ], [ 44.720016, 20.438755622188907 ], [ 44.7204, 20.438755622188907 ], [ 44.720592, 20.438755622188907 ], [ 44.720592, 20.438935532233884 ], [ 44.720784, 20.438935532233884 ], [ 44.720784, 20.439115442278862 ], [ 44.720976, 20.439115442278862 ], [ 44.720976, 20.439295352323839 ], [ 44.721168, 20.439295352323839 ], [ 44.721168, 20.439475262368816 ], [ 44.721264, 20.439475262368816 ], [ 44.721264, 20.439655172413794 ], [ 44.721456, 20.439655172413794 ], [ 44.721552, 20.439655172413794 ], [ 44.721552, 20.439745127436282 ], [ 44.721552, 20.439835082458771 ], [ 44.721744, 20.439835082458771 ], [ 44.721744, 20.440104947526237 ], [ 44.721264, 20.440104947526237 ] ] ] } },
{ "type": "Feature", "properties": { "class": "Class1", "id": 59 }, "geometry": { "type": "Polygon", "coordinates": [ [ [ 44.702736, 20.442983508245877 ], [ 44.702736, 20.442893553223389 ], [ 44.702544, 20.442893553223389 ], [ 44.702544, 20.4428035982009 ], [ 44.70216, 20.4428035982009 ], [ 44.70216, 20.442713643178411 ], [ 44.701968, 20.442713643178411 ], [ 44.701584, 20.442713643178411 ], [ 44.701584, 20.442533733133434 ], [ 44.701488, 20.442533733133434 ], [ 44.701488, 20.442353823088457 ], [ 44.701296, 20.442353823088457 ], [ 44.701296, 20.442173913043479 ], [ 44.7012, 20.442173913043479 ], [ 44.7012, 20.441994002998502 ], [ 44.7012, 20.441814092953525 ], [ 44.701008, 20.441814092953525 ], [ 44.701008, 20.43992503748126 ], [ 44.7012, 20.43992503748126 ], [ 44.7012, 20.439745127436282 ], [ 44.7012, 20.439655172413794 ], [ 44.701296, 20.439655172413794 ], [ 44.701488, 20.439655172413794 ], [ 44.701488, 20.439475262368816 ], [ 44.701584, 20.439475262368816 ], [ 44.701584, 20.439295352323839 ], [ 44.701776, 20.439295352323839 ], [ 44.701776, 20.439115442278862 ], [ 44.701968, 20.439115442278862 ], [ 44.70216, 20.439115442278862 ], [ 44.70216, 20.438935532233884 ], [ 44.702352, 20.438935532233884 ], [ 44.702544, 20.438935532233884 ], [ 44.702544, 20.438755622188907 ], [ 44.702736, 20.438755622188907 ], [ 44.703024, 20.438755622188907 ], [ 44.703024, 20.43857571214393 ], [ 44.703312, 20.43857571214393 ], [ 44.703312, 20.438755622188907 ], [ 44.703888, 20.438755622188907 ], [ 44.70408, 20.438755622188907 ], [ 44.70408, 20.438935532233884 ], [ 44.704272, 20.438935532233884 ], [ 44.704464, 20.438935532233884 ], [ 44.704464, 20.439115442278862 ], [ 44.704656, 20.439115442278862 ], [ 44.704752, 20.439115442278862 ], [ 44.704752, 20.439295352323839 ], [ 44.704944, 20.439295352323839 ], [ 44.70504, 20.439295352323839 ], [ 44.70504, 20.439475262368816 ], [ 44.705232, 20.439475262368816 ], [ 44.705232, 20.439655172413794 ], [ 44.705232, 20.439745127436282 ], [ 44.705424, 20.439745127436282 ], [ 44.705424, 20.440014992503748 ], [ 44.705424, 20.440194902548726 ], [ 44.705616, 20.440194902548726 ], [ 44.705616, 20.440554722638684 ], [ 44.705616, 20.44145427286357 ], [ 44.705616, 20.441634182908548 ], [ 44.705424, 20.441634182908548 ], [ 44.705424, 20.441814092953525 ], [ 44.705424, 20.441994002998502 ], [ 44.705232, 20.441994002998502 ], [ 44.705232, 20.442173913043479 ], [ 44.705232, 20.442353823088457 ], [ 44.70504, 20.442353823088457 ], [ 44.70504, 20.442533733133434 ], [ 44.704944, 20.442533733133434 ], [ 44.704656, 20.442533733133434 ], [ 44.704656, 20.442713643178411 ], [ 44.704464, 20.442713643178411 ], [ 44.704464, 20.4428035982009 ], [ 44.704272, 20.4428035982009 ], [ 44.704272, 20.442893553223389 ], [ 44.70408, 20.442893553223389 ], [ 44.70408, 20.442983508245877 ], [ 44.702736, 20.442983508245877 ] ] ] } },
{ "type": "Feature", "properties": { "class": "Class1", "id": 60 }, "geometry": { "type": "Polygon", "coordinates": [ [ [ 44.751696, 20.439655172413794 ], [ 44.751312, 20.439655172413794 ], [ 44.751312, 20.439475262368816 ], [ 44.75112, 20.439475262368816 ], [ 44.75112, 20.439115442278862 ], [ 44.751312, 20.439115442278862 ], [ 44.751312, 20.438935532233884 ], [ 44.751504, 20.438935532233884 ], [ 44.751504, 20.438755622188907 ], [ 44.751696, 20.438755622188907 ], [ 44.751696, 20.43857571214393 ], [ 44.751888, 20.43857571214393 ], [ 44.751888, 20.438395802098952 ], [ 44.751888, 20.438215892053975 ], [ 44.75208, 20.438215892053975 ], [ 44.75208, 20.438035982008998 ], [ 44.752272, 20.438035982008998 ], [ 44.752464, 20.438035982008998 ], [ 44.752464, 20.438215892053975 ], [ 44.75256, 20.438215892053975 ], [ 44.75256, 20.438395802098952 ], [ 44.752752, 20.438395802098952 ], [ 44.752752, 20.43857571214393 ], [ 44.75256, 20.43857571214393 ], [ 44.75256, 20.438755622188907 ], [ 44.752464, 20.438755622188907 ], [ 44.752464, 20.438935532233884 ], [ 44.752272, 20.438935532233884 ], [ 44.752272, 20.439115442278862 ], [ 44.752272, 20.439295352323839 ], [ 44.75208, 20.439295352323839 ], [ 44.751888, 20.439295352323839 ], [ 44.751888, 20.439475262368816 ], [ 44.751888, 20.439655172413794 ], [ 44.751696, 20.439655172413794 ] ] ] } },
{ "type": "Feature", "properties": { "class": "Class1", "id": 61 }, "geometry": { "type": "Polygon", "coordinates": [ [ [ 44.755536, 20.443343328335832 ], [ 44.755536, 20.443253373313343 ], [ 44.755536, 20.443163418290855 ], [ 44.755344, 20.443163418290855 ], [ 44.755344, 20.443073463268366 ], [ 44.755344, 20.442983508245877 ], [ 44.755152, 20.442983508245877 ], [ 44.755152, 20.4428035982009 ], [ 44.755152, 20.442713643178411 ], [ 44.75496, 20.442713643178411 ], [ 44.75496, 20.442533733133434 ], [ 44.75496, 20.442353823088457 ], [ 44.754768, 20.442353823088457 ], [ 44.754768, 20.442173913043479 ], [ 44.754288, 20.442173913043479 ], [ 44.754288, 20.441994002998502 ], [ 44.754192, 20.441994002998502 ], [ 44.754, 20.441994002998502 ], [ 44.754, 20.441814092953525 ], [ 44.753808, 20.441814092953525 ], [ 44.753808, 20.441634182908548 ], [ 44.753616, 20.441634182908548 ], [ 44.753616, 20.44145427286357 ], [ 44.753616, 20.441094452773616 ], [ 44.753616, 20.440914542728638 ], [ 44.753808, 20.440914542728638 ], [ 44.753808, 20.440734632683661 ], [ 44.753808, 20.440554722638684 ], [ 44.753808, 20.440284857571214 ], [ 44.753808, 20.440104947526237 ], [ 44.754, 20.440104947526237 ], [ 44.754, 20.43992503748126 ], [ 44.754192, 20.43992503748126 ], [ 44.754192, 20.439835082458771 ], [ 44.754192, 20.439745127436282 ], [ 44.754288, 20.439745127436282 ], [ 44.754288, 20.439655172413794 ], [ 44.75448, 20.439655172413794 ], [ 44.754576, 20.439655172413794 ], [ 44.754576, 20.439475262368816 ], [ 44.754768, 20.439475262368816 ], [ 44.754768, 20.439295352323839 ], [ 44.75496, 20.439295352323839 ], [ 44.75496, 20.439115442278862 ], [ 44.755152, 20.439115442278862 ], [ 44.755152, 20.438935532233884 ], [ 44.755344, 20.438935532233884 ], [ 44.755344, 20.438755622188907 ], [ 44.755536, 20.438755622188907 ], [ 44.755536, 20.43857571214393 ], [ 44.755536, 20.438395802098952 ], [ 44.755728, 20.438395802098952 ], [ 44.755728, 20.438215892053975 ], [ 44.75592, 20.438215892053975 ], [ 44.75592, 20.438035982008998 ], [ 44.756016, 20.438035982008998 ], [ 44.756208, 20.438035982008998 ], [ 44.756208, 20.437856071964021 ], [ 44.756304, 20.437856071964021 ], [ 44.756496, 20.437856071964021 ], [ 44.756688, 20.437856071964021 ], [ 44.756688, 20.438035982008998 ], [ 44.75688, 20.438035982008998 ], [ 44.75688, 20.438215892053975 ], [ 44.757072, 20.438215892053975 ], [ 44.757072, 20.438395802098952 ], [ 44.757264, 20.438395802098952 ], [ 44.757264, 20.43857571214393 ], [ 44.757456, 20.43857571214393 ], [ 44.757456, 20.438755622188907 ], [ 44.757648, 20.438755622188907 ], [ 44.757648, 20.438935532233884 ], [ 44.757744, 20.438935532233884 ], [ 44.757744, 20.439115442278862 ], [ 44.757936, 20.439115442278862 ], [ 44.758032, 20.439115442278862 ], [ 44.758032, 20.439295352323839 ], [ 44.758224, 20.439295352323839 ], [ 44.758224, 20.439475262368816 ], [ 44.758416, 20.439475262368816 ], [ 44.758416, 20.439745127436282 ], [ 44.758224, 20.439745127436282 ], [ 44.758224, 20.439835082458771 ], [ 44.758224, 20.43992503748126 ], [ 44.758032, 20.43992503748126 ], [ 44.758032, 20.440014992503748 ], [ 44.757936, 20.440014992503748 ], [ 44.757936, 20.440104947526237 ], [ 44.757744, 20.440104947526237 ], [ 44.757744, 20.440194902548726 ], [ 44.757648, 20.440194902548726 ], [ 44.757648, 20.440284857571214 ], [ 44.757648, 20.440374812593703 ], [ 44.757456, 20.440374812593703 ], [ 44.757456, 20.440554722638684 ], [ 44.757264, 20.440554722638684 ], [ 44.757264, 20.440734632683661 ], [ 44.757072, 20.440734632683661 ], [ 44.757072, 20.440914542728638 ], [ 44.75688, 20.440914542728638 ], [ 44.75688, 20.441094452773616 ], [ 44.756688, 20.441094452773616 ], [ 44.756688, 20.441274362818593 ], [ 44.756496, 20.441274362818593 ], [ 44.756496, 20.44145427286357 ], [ 44.756496, 20.441634182908548 ], [ 44.756304, 20.441634182908548 ], [ 44.756304, 20.441994002998502 ], [ 44.756304, 20.442533733133434 ], [ 44.756304, 20.442713643178411 ], [ 44.756304, 20.4428035982009 ], [ 44.756304, 20.442983508245877 ], [ 44.756208, 20.442983508245877 ], [ 44.756208, 20.443073463268366 ], [ 44.756016, 20.443073463268366 ], [ 44.756016, 20.443253373313343 ], [ 44.75592, 20.443253373313343 ], [ 44.75592, 20.443343328335832 ], [ 44.755536, 20.443343328335832 ] ] ] } },
{ "type": "Feature", "properties": { "class": "Class1", "id": 62 }, "geometry": { "type": "Polygon", "coordinates": [ [ [ 44.725776, 20.440284857571214 ], [ 44.725776, 20.440194902548726 ], [ 44.725584, 20.440194902548726 ], [ 44.725584, 20.440014992503748 ], [ 44.725584, 20.439745127436282 ], [ 44.725392, 20.439745127436282 ], [ 44.725392, 20.439655172413794 ], [ 44.725392, 20.439475262368816 ], [ 44.7252, 20.439475262368816 ], [ 44.7252, 20.438935532233884 ], [ 44.7252, 20.438755622188907 ], [ 44.725392, 20.438755622188907 ], [ 44.725392, 20.43857571214393 ], [ 44.725584, 20.43857571214393 ], [ 44.725584, 20.438395802098952 ], [ 44.725776, 20.438395802098952 ], [ 44.725968, 20.438395802098952 ], [ 44.725968, 20.438215892053975 ], [ 44.72616, 20.438215892053975 ], [ 44.72616, 20.438035982008998 ], [ 44.72616, 20.437856071964021 ], [ 44.726352, 20.437856071964021 ], [ 44.726352, 20.437676161919043 ], [ 44.726736, 20.437676161919043 ], [ 44.726736, 20.437856071964021 ], [ 44.726928, 20.437856071964021 ], [ 44.726928, 20.438035982008998 ], [ 44.72712, 20.438035982008998 ], [ 44.727312, 20.438035982008998 ], [ 44.727312, 20.438215892053975 ], [ 44.727504, 20.438215892053975 ], [ 44.727504, 20.438395802098952 ], [ 44.727696, 20.438395802098952 ], [ 44.727696, 20.43857571214393 ], [ 44.727888, 20.43857571214393 ], [ 44.727888, 20.438755622188907 ], [ 44.727888, 20.438935532233884 ], [ 44.727888, 20.439115442278862 ], [ 44.727696, 20.439115442278862 ], [ 44.727696, 20.439295352323839 ], [ 44.727504, 20.439295352323839 ], [ 44.727312, 20.439295352323839 ], [ 44.727312, 20.439475262368816 ], [ 44.72712, 20.439475262368816 ], [ 44.72712, 20.439655172413794 ], [ 44.726928, 20.439655172413794 ], [ 44.726928, 20.439745127436282 ], [ 44.726736, 20.439745127436282 ], [ 44.726736, 20.439835082458771 ], [ 44.72664, 20.439835082458771 ], [ 44.72664, 20.43992503748126 ], [ 44.726448, 20.43992503748126 ], [ 44.726448, 20.440014992503748 ], [ 44.726352, 20.440014992503748 ], [ 44.726352, 20.440104947526237 ], [ 44.726352, 20.440284857571214 ], [ 44.725776, 20.440284857571214 ] ] ] } },
{ "type": "Feature", "properties": { "class": "Class1", "id": 63 }, "geometry": { "type": "Polygon", "coordinates": [ [ [ 44.752848, 20.440914542728638 ], [ 44.752848, 20.440734632683661 ], [ 44.752752, 20.440734632683661 ], [ 44.75256, 20.440734632683661 ], [ 44.75256, 20.440554722638684 ], [ 44.752464, 20.440554722638684 ], [ 44.752464, 20.440374812593703 ], [ 44.752272, 20.440374812593703 ], [ 44.752272, 20.440284857571214 ], [ 44.752272, 20.440194902548726 ], [ 44.75208, 20.440194902548726 ], [ 44.75208, 20.440104947526237 ], [ 44.75208, 20.440014992503748 ], [ 44.751888, 20.440014992503748 ], [ 44.751888, 20.43992503748126 ], [ 44.751696, 20.43992503748126 ], [ 44.751696, 20.439655172413794 ], [ 44.751888, 20.439655172413794 ], [ 44.751888, 20.439475262368816 ], [ 44.751888, 20.439295352323839 ], [ 44.75208, 20.439295352323839 ], [ 44.752272, 20.439295352323839 ], [ 44.752272, 20.439115442278862 ], [ 44.752272, 20.438935532233884 ], [ 44.752464, 20.438935532233884 ], [ 44.752464, 20.438755622188907 ], [ 44.752752, 20.438755622188907 ], [ 44.752848, 20.438755622188907 ], [ 44.752848, 20.43857571214393 ], [ 44.75304, 20.43857571214393 ], [ 44.75304, 20.438395802098952 ], [ 44.753232, 20.438395802098952 ], [ 44.753232, 20.438215892053975 ], [ 44.753424, 20.438215892053975 ], [ 44.753424, 20.438035982008998 ], [ 44.753616, 20.438035982008998 ], [ 44.753616, 20.437856071964021 ], [ 44.753808, 20.437856071964021 ], [ 44.753808, 20.437676161919043 ], [ 44.754, 20.437676161919043 ], [ 44.754, 20.437496251874066 ], [ 44.754192, 20.437496251874066 ], [ 44.754192, 20.437676161919043 ], [ 44.754288, 20.437676161919043 ], [ 44.754288, 20.437856071964021 ], [ 44.75448, 20.437856071964021 ], [ 44.754576, 20.437856071964021 ], [ 44.754576, 20.438035982008998 ], [ 44.754576, 20.438215892053975 ], [ 44.754768, 20.438215892053975 ], [ 44.754768, 20.438395802098952 ], [ 44.75496, 20.438395802098952 ], [ 44.75496, 20.43857571214393 ], [ 44.755152, 20.43857571214393 ], [ 44.755152, 20.438935532233884 ], [ 44.75496, 20.438935532233884 ], [ 44.75496, 20.439115442278862 ], [ 44.754768, 20.439115442278862 ], [ 44.754768, 20.439295352323839 ], [ 44.754576, 20.439295352323839 ], [ 44.754576, 20.439475262368816 ], [ 44.75448, 20.439475262368816 ], [ 44.754288, 20.439475262368816 ], [ 44.754288, 20.439655172413794 ], [ 44.754192, 20.439655172413794 ], [ 44.754192, 20.439745127436282 ], [ 44.754, 20.439745127436282 ], [ 44.754, 20.43992503748126 ], [ 44.754, 20.440014992503748 ], [ 44.753808, 20.440014992503748 ], [ 44.753808, 20.440104947526237 ], [ 44.753808, 20.440194902548726 ], [ 44.753616, 20.440194902548726 ], [ 44.753616, 20.440284857571214 ], [ 44.753616, 20.440374812593703 ], [ 44.753424, 20.440374812593703 ], [ 44.753424, 20.440554722638684 ], [ 44.753232, 20.440554722638684 ], [ 44.753232, 20.440734632683661 ], [ 44.753232, 20.440914542728638 ], [ 44.752848, 20.440914542728638 ] ] ] } },
{ "type": "Feature", "properties": { "class": "Class1", "id": 64 }, "geometry": { "type": "Polygon", "coordinates": [ [ [ 44.712528, 20.440194902548726 ], [ 44.712528, 20.440104947526237 ], [ 44.712528, 20.438035982008998 ], [ 44.712336, 20.438035982008998 ], [ 44.712336, 20.437676161919043 ], [ 44.712336, 20.437316341829085 ], [ 44.712336, 20.43695652173913 ], [ 44.712912, 20.43695652173913 ], [ 44.712912, 20.436866566716642 ], [ 44.713392, 20.436866566716642 ], [ 44.713392, 20.436776611694153 ], [ 44.71368, 20.436776611694153 ], [ 44.71368, 20.436686656671665 ], [ 44.714256, 20.436686656671665 ], [ 44.714256, 20.436596701649176 ], [ 44.71464, 20.436596701649176 ], [ 44.71464, 20.436506746626687 ], [ 44.715024, 20.436506746626687 ], [ 44.715024, 20.436416791604199 ], [ 44.715408, 20.436416791604199 ], [ 44.715984, 20.436416791604199 ], [ 44.715984, 20.436236881559221 ], [ 44.71656, 20.436236881559221 ], [ 44.716944, 20.436236881559221 ], [ 44.716944, 20.436416791604199 ], [ 44.716944, 20.436506746626687 ], [ 44.716752, 20.436506746626687 ], [ 44.716752, 20.436596701649176 ], [ 44.716944, 20.436596701649176 ], [ 44.716944, 20.436686656671665 ], [ 44.716944, 20.436776611694153 ], [ 44.717136, 20.436776611694153 ], [ 44.717136, 20.436866566716642 ], [ 44.717136, 20.43695652173913 ], [ 44.717328, 20.43695652173913 ], [ 44.717328, 20.437046476761619 ], [ 44.71752, 20.437046476761619 ], [ 44.71752, 20.437136431784108 ], [ 44.71752, 20.437226386806596 ], [ 44.717712, 20.437226386806596 ], [ 44.717712, 20.437316341829085 ], [ 44.717712, 20.437496251874066 ], [ 44.717808, 20.437496251874066 ], [ 44.718, 20.437496251874066 ], [ 44.718, 20.437676161919043 ], [ 44.717808, 20.437676161919043 ], [ 44.717808, 20.437856071964021 ], [ 44.717712, 20.437856071964021 ], [ 44.71752, 20.437856071964021 ], [ 44.71752, 20.438035982008998 ], [ 44.717328, 20.438035982008998 ], [ 44.717136, 20.438035982008998 ], [ 44.717136, 20.438215892053975 ], [ 44.716944, 20.438215892053975 ], [ 44.716944, 20.438395802098952 ], [ 44.716752, 20.438395802098952 ], [ 44.71656, 20.438395802098952 ], [ 44.71656, 20.43857571214393 ], [ 44.716368, 20.43857571214393 ], [ 44.716272, 20.43857571214393 ], [ 44.716272, 20.438755622188907 ], [ 44.715984, 20.438755622188907 ], [ 44.7156, 20.438755622188907 ], [ 44.7156, 20.438935532233884 ], [ 44.715408, 20.438935532233884 ], [ 44.715216, 20.438935532233884 ], [ 44.715216, 20.439115442278862 ], [ 44.715024, 20.439115442278862 ], [ 44.715024, 20.439295352323839 ], [ 44.714832, 20.439295352323839 ], [ 44.714832, 20.439475262368816 ], [ 44.71464, 20.439475262368816 ], [ 44.71464, 20.439655172413794 ], [ 44.714448, 20.439655172413794 ], [ 44.714256, 20.439655172413794 ], [ 44.714256, 20.439745127436282 ], [ 44.714064, 20.439745127436282 ], [ 44.714064, 20.439835082458771 ], [ 44.713872, 20.439835082458771 ], [ 44.713872, 20.43992503748126 ], [ 44.71368, 20.43992503748126 ], [ 44.71368, 20.440014992503748 ], [ 44.713584, 20.440014992503748 ], [ 44.713584, 20.440104947526237 ], [ 44.713392, 20.440104947526237 ], [ 44.713392, 20.440194902548726 ], [ 44.712528, 20.440194902548726 ] ] ] } },
{ "type": "Feature", "properties": { "class": "Class1", "id": 65 }, "geometry": { "type": "Polygon", "coordinates": [ [ [ 44.7348, 20.438035982008998 ], [ 44.7348, 20.437676161919043 ], [ 44.734992, 20.437676161919043 ], [ 44.734992, 20.437496251874066 ], [ 44.735184, 20.437496251874066 ], [ 44.735184, 20.437316341829085 ], [ 44.735376, 20.437316341829085 ], [ 44.735376, 20.437226386806596 ], [ 44.735376, 20.437136431784108 ], [ 44.735568, 20.437136431784108 ], [ 44.735568, 20.43695652173913 ], [ 44.735568, 20.436866566716642 ], [ 44.73576, 20.436866566716642 ], [ 44.73576, 20.436776611694153 ], [ 44.73576, 20.436686656671665 ], [ 44.735952, 20.436686656671665 ], [ 44.735952, 20.436596701649176 ], [ 44.735952, 20.436506746626687 ], [ 44.736048, 20.436506746626687 ], [ 44.736048, 20.436416791604199 ], [ 44.736336, 20.436416791604199 ], [ 44.736336, 20.436236881559221 ], [ 44.736336, 20.436056971514244 ], [ 44.736528, 20.436056971514244 ], [ 44.73672, 20.436056971514244 ], [ 44.736912, 20.436056971514244 ], [ 44.736912, 20.437046476761619 ], [ 44.73672, 20.437046476761619 ], [ 44.73672, 20.437136431784108 ], [ 44.736528, 20.437136431784108 ], [ 44.736528, 20.437226386806596 ], [ 44.736336, 20.437226386806596 ], [ 44.736336, 20.437316341829085 ], [ 44.736048, 20.437316341829085 ], [ 44.736048, 20.437496251874066 ], [ 44.735952, 20.437496251874066 ], [ 44.73576, 20.437496251874066 ], [ 44.73576, 20.437676161919043 ], [ 44.735568, 20.437676161919043 ], [ 44.735568, 20.437856071964021 ], [ 44.735376, 20.437856071964021 ], [ 44.735376, 20.438035982008998 ], [ 44.735184, 20.438035982008998 ], [ 44.7348, 20.438035982008998 ] ] ] } },
{ "type": "Feature", "properties": { "class": "Class1", "id": 66 }, "geometry": { "type": "Polygon", "coordinates": [ [ [ 44.72328, 20.439745127436282 ], [ 44.72328, 20.439655172413794 ], [ 44.72328, 20.439475262368816 ], [ 44.723184, 20.439475262368816 ], [ 44.722992, 20.439475262368816 ], [ 44.722992, 20.439295352323839 ], [ 44.722896, 20.439295352323839 ], [ 44.722896, 20.439115442278862 ], [ 44.722704, 20.439115442278862 ], [ 44.722512, 20.439115442278862 ], [ 44.722512, 20.438935532233884 ], [ 44.72232, 20.438935532233884 ], [ 44.72232, 20.438755622188907 ], [ 44.722128, 20.438755622188907 ], [ 44.722128, 20.43857571214393 ], [ 44.721936, 20.43857571214393 ], [ 44.721936, 20.438395802098952 ], [ 44.721744, 20.438395802098952 ], [ 44.721744, 20.438215892053975 ], [ 44.721744, 20.437856071964021 ], [ 44.721744, 20.437496251874066 ], [ 44.721744, 20.437046476761619 ], [ 44.721744, 20.43695652173913 ], [ 44.721936, 20.43695652173913 ], [ 44.721936, 20.436866566716642 ], [ 44.721936, 20.436686656671665 ], [ 44.722128, 20.436686656671665 ], [ 44.722128, 20.436596701649176 ], [ 44.722128, 20.436506746626687 ], [ 44.72232, 20.436506746626687 ], [ 44.72232, 20.436416791604199 ], [ 44.722512, 20.436416791604199 ], [ 44.722512, 20.436236881559221 ], [ 44.722704, 20.436236881559221 ], [ 44.722896, 20.436236881559221 ], [ 44.722896, 20.436056971514244 ], [ 44.722992, 20.436056971514244 ], [ 44.724624, 20.436056971514244 ], [ 44.72472, 20.436056971514244 ], [ 44.724912, 20.436056971514244 ], [ 44.725008, 20.436056971514244 ], [ 44.725008, 20.436236881559221 ], [ 44.7252, 20.436236881559221 ], [ 44.7252, 20.436416791604199 ], [ 44.725392, 20.436416791604199 ], [ 44.725392, 20.436506746626687 ], [ 44.725392, 20.436596701649176 ], [ 44.725584, 20.436596701649176 ], [ 44.725584, 20.436686656671665 ], [ 44.725584, 20.436866566716642 ], [ 44.725776, 20.436866566716642 ], [ 44.725776, 20.43695652173913 ], [ 44.725776, 20.437046476761619 ], [ 44.725968, 20.437046476761619 ], [ 44.725968, 20.437136431784108 ], [ 44.72616, 20.437136431784108 ], [ 44.72616, 20.437226386806596 ], [ 44.72616, 20.437316341829085 ], [ 44.726352, 20.437316341829085 ], [ 44.726352, 20.437496251874066 ], [ 44.726352, 20.437676161919043 ], [ 44.726352, 20.437856071964021 ], [ 44.72616, 20.437856071964021 ], [ 44.72616, 20.438035982008998 ], [ 44.725968, 20.438035982008998 ], [ 44.725968, 20.438215892053975 ], [ 44.725776, 20.438215892053975 ], [ 44.725776, 20.438395802098952 ], [ 44.725584, 20.438395802098952 ], [ 44.725584, 20.43857571214393 ], [ 44.725392, 20.43857571214393 ], [ 44.725392, 20.438755622188907 ], [ 44.7252, 20.438755622188907 ], [ 44.7252, 20.438935532233884 ], [ 44.725008, 20.438935532233884 ], [ 44.725008, 20.439115442278862 ], [ 44.72472, 20.439115442278862 ], [ 44.72472, 20.439295352323839 ], [ 44.724624, 20.439295352323839 ], [ 44.724624, 20.439475262368816 ], [ 44.72424, 20.439475262368816 ], [ 44.72424, 20.439745127436282 ], [ 44.72328, 20.439745127436282 ] ] ] } },
{ "type": "Feature", "properties": { "class": "Class1", "id": 67 }, "geometry": { "type": "Polygon", "coordinates": [ [ [ 44.712528, 20.436686656671665 ], [ 44.712528, 20.436596701649176 ], [ 44.712528, 20.436506746626687 ], [ 44.712336, 20.436506746626687 ], [ 44.712336, 20.435337331334335 ], [ 44.712528, 20.435337331334335 ], [ 44.712528, 20.435157421289357 ], [ 44.71272, 20.435157421289357 ], [ 44.71272, 20.43497751124438 ], [ 44.713296, 20.43497751124438 ], [ 44.713296, 20.435157421289357 ], [ 44.713584, 20.435157421289357 ], [ 44.713584, 20.435337331334335 ], [ 44.71368, 20.435337331334335 ], [ 44.71368, 20.435517241379312 ], [ 44.713872, 20.435517241379312 ], [ 44.713872, 20.435697151424289 ], [ 44.713872, 20.435877061469267 ], [ 44.714064, 20.435877061469267 ], [ 44.714064, 20.436236881559221 ], [ 44.713872, 20.436236881559221 ], [ 44.713872, 20.436416791604199 ], [ 44.713872, 20.436506746626687 ], [ 44.71368, 20.436506746626687 ], [ 44.71368, 20.436596701649176 ], [ 44.713584, 20.436596701649176 ], [ 44.713584, 20.436686656671665 ], [ 44.712528, 20.436686656671665 ] ] ] } },
{ "type": "Feature", "properties": { "class": "Class1", "id": 68 }, "geometry": { "type": "Polygon", "coordinates": [ [ [ 44.706672, 20.441814092953525 ], [ 44.706192, 20.441814092953525 ], [ 44.706192, 20.441634182908548 ], [ 44.706, 20.441634182908548 ], [ 44.706, 20.44145427286357 ], [ 44.705808, 20.44145427286357 ], [ 44.705808, 20.440194902548726 ], [ 44.706, 20.440194902548726 ], [ 44.706, 20.440014992503748 ], [ 44.706, 20.439835082458771 ], [ 44.706192, 20.439835082458771 ], [ 44.706192, 20.439745127436282 ], [ 44.706192, 20.439475262368816 ], [ 44.706384, 20.439475262368816 ], [ 44.706384, 20.439295352323839 ], [ 44.706384, 20.438935532233884 ], [ 44.70648, 20.438935532233884 ], [ 44.70648, 20.438755622188907 ], [ 44.706672, 20.438755622188907 ], [ 44.706672, 20.438395802098952 ], [ 44.706768, 20.438395802098952 ], [ 44.706768, 20.438035982008998 ], [ 44.706768, 20.437676161919043 ], [ 44.70696, 20.437676161919043 ], [ 44.70696, 20.437496251874066 ], [ 44.70696, 20.437046476761619 ], [ 44.707152, 20.437046476761619 ], [ 44.707152, 20.436686656671665 ], [ 44.707152, 20.436236881559221 ], [ 44.707344, 20.436236881559221 ], [ 44.707344, 20.436056971514244 ], [ 44.707152, 20.436056971514244 ], [ 44.707152, 20.435877061469267 ], [ 44.707344, 20.435877061469267 ], [ 44.707344, 20.435337331334335 ], [ 44.707344, 20.435157421289357 ], [ 44.707536, 20.435157421289357 ], [ 44.707536, 20.43497751124438 ], [ 44.708688, 20.43497751124438 ], [ 44.70888, 20.43497751124438 ], [ 44.70888, 20.435157421289357 ], [ 44.709072, 20.435157421289357 ], [ 44.709264, 20.435157421289357 ], [ 44.709264, 20.435337331334335 ], [ 44.709456, 20.435337331334335 ], [ 44.709456, 20.435517241379312 ], [ 44.709648, 20.435517241379312 ], [ 44.709648, 20.435697151424289 ], [ 44.70984, 20.435697151424289 ], [ 44.710224, 20.435697151424289 ], [ 44.710224, 20.435877061469267 ], [ 44.710416, 20.435877061469267 ], [ 44.710608, 20.435877061469267 ], [ 44.710608, 20.436056971514244 ], [ 44.7108, 20.436056971514244 ], [ 44.7108, 20.436236881559221 ], [ 44.710992, 20.436236881559221 ], [ 44.710992, 20.436416791604199 ], [ 44.711184, 20.436416791604199 ], [ 44.711376, 20.436416791604199 ], [ 44.711376, 20.436506746626687 ], [ 44.711376, 20.436596701649176 ], [ 44.711568, 20.436596701649176 ], [ 44.711568, 20.436686656671665 ], [ 44.711664, 20.436686656671665 ], [ 44.711664, 20.436776611694153 ], [ 44.711856, 20.436776611694153 ], [ 44.711856, 20.436866566716642 ], [ 44.711952, 20.436866566716642 ], [ 44.711952, 20.43695652173913 ], [ 44.712144, 20.43695652173913 ], [ 44.712144, 20.437136431784108 ], [ 44.712144, 20.437316341829085 ], [ 44.712336, 20.437316341829085 ], [ 44.712336, 20.437676161919043 ], [ 44.712336, 20.438035982008998 ], [ 44.712528, 20.438035982008998 ], [ 44.712528, 20.440104947526237 ], [ 44.712528, 20.440194902548726 ], [ 44.712912, 20.440194902548726 ], [ 44.712912, 20.440734632683661 ], [ 44.712912, 20.441094452773616 ], [ 44.713104, 20.441094452773616 ], [ 44.713104, 20.44145427286357 ], [ 44.713104, 20.441634182908548 ], [ 44.713104, 20.441814092953525 ], [ 44.711856, 20.441814092953525 ], [ 44.7108, 20.441814092953525 ], [ 44.7108, 20.441634182908548 ], [ 44.710608, 20.441634182908548 ], [ 44.710608, 20.441814092953525 ], [ 44.70984, 20.441814092953525 ], [ 44.70984, 20.441634182908548 ], [ 44.708496, 20.441634182908548 ], [ 44.708496, 20.441814092953525 ], [ 44.706768, 20.441814092953525 ], [ 44.706672, 20.441814092953525 ] ] ] } },
{ "type": "Feature", "properties": { "class": "Class1", "id": 69 }, "geometry": { "type": "Polygon", "coordinates": [ [ [ 44.734224, 20.437676161919043 ], [ 44.734224, 20.437496251874066 ], [ 44.734032, 20.437496251874066 ], [ 44.734032, 20.437316341829085 ], [ 44.734032, 20.437226386806596 ], [ 44.73384, 20.437226386806596 ], [ 44.73384, 20.437136431784108 ], [ 44.73384, 20.437046476761619 ], [ 44.733648, 20.437046476761619 ], [ 44.733648, 20.43695652173913 ], [ 44.733648, 20.436866566716642 ], [ 44.733456, 20.436866566716642 ], [ 44.733456, 20.436776611694153 ], [ 44.733264, 20.436776611694153 ], [ 44.733264, 20.436686656671665 ], [ 44.733264, 20.436236881559221 ], [ 44.733456, 20.436236881559221 ], [ 44.733456, 20.436056971514244 ], [ 44.733648, 20.436056971514244 ], [ 44.733648, 20.435877061469267 ], [ 44.73384, 20.435877061469267 ], [ 44.73384, 20.435697151424289 ], [ 44.734032, 20.435697151424289 ], [ 44.734032, 20.435517241379312 ], [ 44.734224, 20.435517241379312 ], [ 44.734224, 20.435337331334335 ], [ 44.73432, 20.435337331334335 ], [ 44.73432, 20.435157421289357 ], [ 44.734512, 20.435157421289357 ], [ 44.734608, 20.435157421289357 ], [ 44.734608, 20.43497751124438 ], [ 44.734608, 20.434797601199403 ], [ 44.734992, 20.434797601199403 ], [ 44.734992, 20.43497751124438 ], [ 44.735184, 20.43497751124438 ], [ 44.735184, 20.435157421289357 ], [ 44.735376, 20.435157421289357 ], [ 44.735376, 20.435337331334335 ], [ 44.735568, 20.435337331334335 ], [ 44.735568, 20.435517241379312 ], [ 44.73576, 20.435517241379312 ], [ 44.73576, 20.435697151424289 ], [ 44.735952, 20.435697151424289 ], [ 44.735952, 20.435877061469267 ], [ 44.736048, 20.435877061469267 ], [ 44.736048, 20.436236881559221 ], [ 44.735952, 20.436236881559221 ], [ 44.73576, 20.436236881559221 ], [ 44.73576, 20.436416791604199 ], [ 44.735568, 20.436416791604199 ], [ 44.735568, 20.436596701649176 ], [ 44.735568, 20.436686656671665 ], [ 44.735376, 20.436686656671665 ], [ 44.735376, 20.436776611694153 ], [ 44.735376, 20.43695652173913 ], [ 44.735184, 20.43695652173913 ], [ 44.735184, 20.437046476761619 ], [ 44.735184, 20.437136431784108 ], [ 44.734992, 20.437136431784108 ], [ 44.734992, 20.437226386806596 ], [ 44.734992, 20.437316341829085 ], [ 44.7348, 20.437316341829085 ], [ 44.7348, 20.437496251874066 ], [ 44.7348, 20.437676161919043 ], [ 44.734224, 20.437676161919043 ] ] ] } },
{ "type": "Feature", "properties": { "class": "Class1", "id": 70 }, "geometry": { "type": "Polygon", "coordinates": [ [ [ 44.701008, 20.438035982008998 ], [ 44.700816, 20.438035982008998 ], [ 44.700816, 20.437856071964021 ], [ 44.700624, 20.437856071964021 ], [ 44.700624, 20.437676161919043 ], [ 44.700432, 20.437676161919043 ], [ 44.70024, 20.437676161919043 ], [ 44.70024, 20.437496251874066 ], [ 44.700048, 20.437496251874066 ], [ 44.700048, 20.434617691154426 ], [ 44.70024, 20.434617691154426 ], [ 44.70024, 20.434797601199403 ], [ 44.700432, 20.434797601199403 ], [ 44.700432, 20.43497751124438 ], [ 44.700432, 20.435337331334335 ], [ 44.700624, 20.435337331334335 ], [ 44.700624, 20.435697151424289 ], [ 44.700624, 20.435877061469267 ], [ 44.700624, 20.436056971514244 ], [ 44.700624, 20.436236881559221 ], [ 44.700816, 20.436236881559221 ], [ 44.700816, 20.436596701649176 ], [ 44.700816, 20.436776611694153 ], [ 44.701008, 20.436776611694153 ], [ 44.701008, 20.436866566716642 ], [ 44.700816, 20.436866566716642 ], [ 44.700816, 20.43695652173913 ], [ 44.701008, 20.43695652173913 ], [ 44.701008, 20.437136431784108 ], [ 44.701008, 20.437676161919043 ], [ 44.7012, 20.437676161919043 ], [ 44.7012, 20.437856071964021 ], [ 44.701008, 20.437856071964021 ], [ 44.701008, 20.438035982008998 ] ] ] } },
{ "type": "Feature", "properties": { "class": "Class1", "id": 71 }, "geometry": { "type": "Polygon", "coordinates": [ [ [ 44.758992, 20.439835082458771 ], [ 44.758992, 20.439745127436282 ], [ 44.7588, 20.439745127436282 ], [ 44.7588, 20.439655172413794 ], [ 44.758608, 20.439655172413794 ], [ 44.758608, 20.439475262368816 ], [ 44.758416, 20.439475262368816 ], [ 44.758416, 20.439295352323839 ], [ 44.758224, 20.439295352323839 ], [ 44.758224, 20.439115442278862 ], [ 44.758032, 20.439115442278862 ], [ 44.758032, 20.438935532233884 ], [ 44.757936, 20.438935532233884 ], [ 44.757936, 20.438755622188907 ], [ 44.757648, 20.438755622188907 ], [ 44.757648, 20.43857571214393 ], [ 44.757456, 20.43857571214393 ], [ 44.757456, 20.438395802098952 ], [ 44.757264, 20.438395802098952 ], [ 44.757264, 20.438215892053975 ], [ 44.757072, 20.438215892053975 ], [ 44.757072, 20.438035982008998 ], [ 44.75688, 20.438035982008998 ], [ 44.75688, 20.437856071964021 ], [ 44.756688, 20.437856071964021 ], [ 44.756496, 20.437856071964021 ], [ 44.756496, 20.437676161919043 ], [ 44.756496, 20.43695652173913 ], [ 44.756496, 20.436866566716642 ], [ 44.756688, 20.436866566716642 ], [ 44.756688, 20.436776611694153 ], [ 44.75688, 20.436776611694153 ], [ 44.75688, 20.436686656671665 ], [ 44.75688, 20.436596701649176 ], [ 44.757072, 20.436596701649176 ], [ 44.757072, 20.436506746626687 ], [ 44.757072, 20.436416791604199 ], [ 44.757264, 20.436416791604199 ], [ 44.757264, 20.436236881559221 ], [ 44.757456, 20.436236881559221 ], [ 44.758032, 20.436236881559221 ], [ 44.758032, 20.436056971514244 ], [ 44.758224, 20.436056971514244 ], [ 44.758224, 20.435877061469267 ], [ 44.758224, 20.435697151424289 ], [ 44.758416, 20.435697151424289 ], [ 44.758416, 20.435517241379312 ], [ 44.758608, 20.435517241379312 ], [ 44.758608, 20.435337331334335 ], [ 44.7588, 20.435337331334335 ], [ 44.7588, 20.435157421289357 ], [ 44.758992, 20.435157421289357 ], [ 44.758992, 20.434437781109448 ], [ 44.759184, 20.434437781109448 ], [ 44.759184, 20.434257871064471 ], [ 44.759376, 20.434257871064471 ], [ 44.759376, 20.43407796101949 ], [ 44.759376, 20.433988005997001 ], [ 44.75976, 20.433988005997001 ], [ 44.75976, 20.43407796101949 ], [ 44.759952, 20.43407796101949 ], [ 44.759952, 20.434257871064471 ], [ 44.760144, 20.434257871064471 ], [ 44.760144, 20.439115442278862 ], [ 44.759952, 20.439115442278862 ], [ 44.759952, 20.439295352323839 ], [ 44.759952, 20.439475262368816 ], [ 44.75976, 20.439475262368816 ], [ 44.75976, 20.439655172413794 ], [ 44.759664, 20.439655172413794 ], [ 44.759568, 20.439655172413794 ], [ 44.759568, 20.439745127436282 ], [ 44.759376, 20.439745127436282 ], [ 44.759376, 20.439835082458771 ], [ 44.758992, 20.439835082458771 ] ] ] } },
{ "type": "Feature", "properties": { "class": "Class1", "id": 72 }, "geometry": { "type": "Polygon", "coordinates": [ [ [ 44.701296, 20.439115442278862 ], [ 44.701296, 20.43857571214393 ], [ 44.7012, 20.43857571214393 ], [ 44.7012, 20.437856071964021 ], [ 44.7012, 20.437676161919043 ], [ 44.701008, 20.437676161919043 ], [ 44.701008, 20.437136431784108 ], [ 44.701008, 20.43695652173913 ], [ 44.701008, 20.436866566716642 ], [ 44.701008, 20.436506746626687 ], [ 44.700816, 20.436506746626687 ], [ 44.700816, 20.436416791604199 ], [ 44.700816, 20.435877061469267 ], [ 44.700624, 20.435877061469267 ], [ 44.700624, 20.435697151424289 ], [ 44.700624, 20.435337331334335 ], [ 44.700432, 20.435337331334335 ], [ 44.700432, 20.43497751124438 ], [ 44.700432, 20.434797601199403 ], [ 44.70024, 20.434797601199403 ], [ 44.70024, 20.433808095952024 ], [ 44.703888, 20.433808095952024 ], [ 44.703888, 20.433898050974513 ], [ 44.70408, 20.433898050974513 ], [ 44.70408, 20.433988005997001 ], [ 44.704464, 20.433988005997001 ], [ 44.704464, 20.433898050974513 ], [ 44.704944, 20.433898050974513 ], [ 44.704944, 20.433808095952024 ], [ 44.70696, 20.433808095952024 ], [ 44.70696, 20.433898050974513 ], [ 44.707152, 20.433898050974513 ], [ 44.707152, 20.433988005997001 ], [ 44.707152, 20.434257871064471 ], [ 44.707344, 20.434257871064471 ], [ 44.707344, 20.435697151424289 ], [ 44.707152, 20.435697151424289 ], [ 44.707152, 20.436056971514244 ], [ 44.707152, 20.436236881559221 ], [ 44.707152, 20.436416791604199 ], [ 44.70696, 20.436416791604199 ], [ 44.70696, 20.436866566716642 ], [ 44.70696, 20.437136431784108 ], [ 44.706768, 20.437136431784108 ], [ 44.706768, 20.437496251874066 ], [ 44.70648, 20.437496251874066 ], [ 44.70648, 20.437676161919043 ], [ 44.706384, 20.437676161919043 ], [ 44.706192, 20.437676161919043 ], [ 44.706192, 20.437856071964021 ], [ 44.706, 20.437856071964021 ], [ 44.705616, 20.437856071964021 ], [ 44.705616, 20.438035982008998 ], [ 44.705232, 20.438035982008998 ], [ 44.704944, 20.438035982008998 ], [ 44.704944, 20.438215892053975 ], [ 44.704656, 20.438215892053975 ], [ 44.704272, 20.438215892053975 ], [ 44.704272, 20.438395802098952 ], [ 44.70408, 20.438395802098952 ], [ 44.703696, 20.438395802098952 ], [ 44.703696, 20.43857571214393 ], [ 44.703312, 20.43857571214393 ], [ 44.703024, 20.43857571214393 ], [ 44.703024, 20.438755622188907 ], [ 44.702736, 20.438755622188907 ], [ 44.70216, 20.438755622188907 ], [ 44.70216, 20.438935532233884 ], [ 44.701968, 20.438935532233884 ], [ 44.701776, 20.438935532233884 ], [ 44.701776, 20.439115442278862 ], [ 44.701296, 20.439115442278862 ] ] ] } },
{ "type": "Feature", "properties": { "class": "Class1", "id": 73 }, "geometry": { "type": "Polygon", "coordinates": [ [ [ 44.7204, 20.434437781109448 ], [ 44.720208, 20.434437781109448 ], [ 44.720208, 20.434257871064471 ], [ 44.720208, 20.43407796101949 ], [ 44.720016, 20.43407796101949 ], [ 44.720016, 20.433988005997001 ], [ 44.720016, 20.433808095952024 ], [ 44.721744, 20.433808095952024 ], [ 44.721744, 20.433898050974513 ], [ 44.721552, 20.433898050974513 ], [ 44.721552, 20.433988005997001 ], [ 44.721552, 20.434257871064471 ], [ 44.721456, 20.434257871064471 ], [ 44.721264, 20.434257871064471 ], [ 44.721264, 20.434437781109448 ], [ 44.721168, 20.434437781109448 ], [ 44.7204, 20.434437781109448 ] ] ] } },
{ "type": "Feature", "properties": { "class": "Class1", "id": 74 }, "geometry": { "type": "Polygon", "coordinates": [ [ [ 44.723472, 20.434797601199403 ], [ 44.723472, 20.434617691154426 ], [ 44.72328, 20.434617691154426 ], [ 44.72328, 20.434437781109448 ], [ 44.723184, 20.434437781109448 ], [ 44.722992, 20.434437781109448 ], [ 44.722992, 20.434257871064471 ], [ 44.722896, 20.434257871064471 ], [ 44.722896, 20.433988005997001 ], [ 44.722704, 20.433988005997001 ], [ 44.722704, 20.433898050974513 ], [ 44.722704, 20.433808095952024 ], [ 44.72328, 20.433808095952024 ], [ 44.72328, 20.433898050974513 ], [ 44.723664, 20.433898050974513 ], [ 44.723664, 20.433988005997001 ], [ 44.723856, 20.433988005997001 ], [ 44.723856, 20.433898050974513 ], [ 44.724048, 20.433898050974513 ], [ 44.724048, 20.433808095952024 ], [ 44.724624, 20.433808095952024 ], [ 44.724624, 20.43407796101949 ], [ 44.724432, 20.43407796101949 ], [ 44.724432, 20.434257871064471 ], [ 44.72424, 20.434257871064471 ], [ 44.72424, 20.434437781109448 ], [ 44.724048, 20.434437781109448 ], [ 44.724048, 20.434617691154426 ], [ 44.724048, 20.434797601199403 ], [ 44.723856, 20.434797601199403 ], [ 44.723472, 20.434797601199403 ] ] ] } },
{ "type": "Feature", "properties": { "class": "Class1", "id": 75 }, "geometry": { "type": "Polygon", "coordinates": [ [ [ 44.740752, 20.436776611694153 ], [ 44.740752, 20.436686656671665 ], [ 44.74056, 20.436686656671665 ], [ 44.74056, 20.436506746626687 ], [ 44.74056, 20.436416791604199 ], [ 44.740368, 20.436416791604199 ], [ 44.740368, 20.436236881559221 ], [ 44.740176, 20.436236881559221 ], [ 44.739984, 20.436236881559221 ], [ 44.739984, 20.436056971514244 ], [ 44.739792, 20.436056971514244 ], [ 44.739792, 20.435877061469267 ], [ 44.739696, 20.435877061469267 ], [ 44.739696, 20.435697151424289 ], [ 44.739504, 20.435697151424289 ], [ 44.739408, 20.435697151424289 ], [ 44.739408, 20.435517241379312 ], [ 44.739216, 20.435517241379312 ], [ 44.739216, 20.435337331334335 ], [ 44.739024, 20.435337331334335 ], [ 44.739024, 20.435157421289357 ], [ 44.739024, 20.43497751124438 ], [ 44.738832, 20.43497751124438 ], [ 44.738832, 20.434797601199403 ], [ 44.73864, 20.434797601199403 ], [ 44.73864, 20.434617691154426 ], [ 44.738448, 20.434617691154426 ], [ 44.738448, 20.434437781109448 ], [ 44.738256, 20.434437781109448 ], [ 44.738256, 20.433988005997001 ], [ 44.738256, 20.433898050974513 ], [ 44.738448, 20.433898050974513 ], [ 44.738448, 20.433808095952024 ], [ 44.73864, 20.433808095952024 ], [ 44.73864, 20.433718140929535 ], [ 44.73864, 20.433628185907047 ], [ 44.738832, 20.433628185907047 ], [ 44.738832, 20.433538230884558 ], [ 44.738832, 20.433448275862069 ], [ 44.739024, 20.433448275862069 ], [ 44.739024, 20.433358320839581 ], [ 44.739024, 20.433268365817092 ], [ 44.739216, 20.433268365817092 ], [ 44.739216, 20.433178410794604 ], [ 44.739408, 20.433178410794604 ], [ 44.739504, 20.433178410794604 ], [ 44.739696, 20.433178410794604 ], [ 44.739696, 20.433268365817092 ], [ 44.739792, 20.433268365817092 ], [ 44.739792, 20.433358320839581 ], [ 44.739984, 20.433358320839581 ], [ 44.739984, 20.433448275862069 ], [ 44.740368, 20.433448275862069 ], [ 44.740368, 20.433358320839581 ], [ 44.74056, 20.433358320839581 ], [ 44.74056, 20.433448275862069 ], [ 44.740752, 20.433448275862069 ], [ 44.740752, 20.433538230884558 ], [ 44.740752, 20.433628185907047 ], [ 44.740944, 20.433628185907047 ], [ 44.740944, 20.433718140929535 ], [ 44.741136, 20.433718140929535 ], [ 44.741136, 20.433808095952024 ], [ 44.741232, 20.433808095952024 ], [ 44.741232, 20.433898050974513 ], [ 44.741424, 20.433898050974513 ], [ 44.741424, 20.433988005997001 ], [ 44.74152, 20.433988005997001 ], [ 44.74152, 20.43407796101949 ], [ 44.74152, 20.434257871064471 ], [ 44.741712, 20.434257871064471 ], [ 44.741712, 20.434437781109448 ], [ 44.741904, 20.434437781109448 ], [ 44.741904, 20.434617691154426 ], [ 44.742096, 20.434617691154426 ], [ 44.742096, 20.434797601199403 ], [ 44.742288, 20.434797601199403 ], [ 44.742288, 20.43497751124438 ], [ 44.74248, 20.43497751124438 ], [ 44.74248, 20.435337331334335 ], [ 44.742288, 20.435337331334335 ], [ 44.742288, 20.435517241379312 ], [ 44.742096, 20.435517241379312 ], [ 44.742096, 20.435697151424289 ], [ 44.742096, 20.435877061469267 ], [ 44.741904, 20.435877061469267 ], [ 44.741904, 20.436056971514244 ], [ 44.741712, 20.436056971514244 ], [ 44.741712, 20.436236881559221 ], [ 44.74152, 20.436236881559221 ], [ 44.74152, 20.436416791604199 ], [ 44.741424, 20.436416791604199 ], [ 44.741424, 20.436506746626687 ], [ 44.741232, 20.436506746626687 ], [ 44.741232, 20.436596701649176 ], [ 44.741136, 20.436596701649176 ], [ 44.741136, 20.436776611694153 ], [ 44.740752, 20.436776611694153 ] ] ] } },
{ "type": "Feature", "properties": { "class": "Class1", "id": 76 }, "geometry": { "type": "MultiPolygon", "coordinates": [ [ [ [ 44.739792, 20.433268365817092 ], [ 44.739984, 20.433268365817092 ], [ 44.739984, 20.433358320839581 ], [ 44.739792, 20.433358320839581 ], [ 44.739792, 20.433268365817092 ] ] ], [ [ [ 44.739792, 20.433268365817092 ], [ 44.739696, 20.433268365817092 ], [ 44.739696, 20.433178410794604 ], [ 44.739504, 20.433178410794604 ], [ 44.739408, 20.433178410794604 ], [ 44.739408, 20.432998500749626 ], [ 44.739792, 20.432998500749626 ], [ 44.739792, 20.433178410794604 ], [ 44.739792, 20.433268365817092 ] ] ], [ [ [ 44.739984, 20.433358320839581 ], [ 44.740176, 20.433358320839581 ], [ 44.740176, 20.433448275862069 ], [ 44.739984, 20.433448275862069 ], [ 44.739984, 20.433358320839581 ] ] ] ] } },
{ "type": "Feature", "properties": { "class": "Class1", "id": 77 }, "geometry": { "type": "Polygon", "coordinates": [ [ [ 44.733456, 20.436056971514244 ], [ 44.733264, 20.436056971514244 ], [ 44.733264, 20.435877061469267 ], [ 44.733264, 20.435697151424289 ], [ 44.733072, 20.435697151424289 ], [ 44.733072, 20.435517241379312 ], [ 44.73288, 20.435517241379312 ], [ 44.73288, 20.435337331334335 ], [ 44.73288, 20.43497751124438 ], [ 44.732784, 20.43497751124438 ], [ 44.732784, 20.434257871064471 ], [ 44.732592, 20.434257871064471 ], [ 44.732592, 20.433988005997001 ], [ 44.732496, 20.433988005997001 ], [ 44.732496, 20.433898050974513 ], [ 44.732304, 20.433898050974513 ], [ 44.732304, 20.433808095952024 ], [ 44.731056, 20.433808095952024 ], [ 44.731056, 20.432998500749626 ], [ 44.731152, 20.432998500749626 ], [ 44.731344, 20.432998500749626 ], [ 44.731344, 20.432818590704649 ], [ 44.731536, 20.432818590704649 ], [ 44.731536, 20.432638680659672 ], [ 44.731728, 20.432638680659672 ], [ 44.731728, 20.432458770614694 ], [ 44.73192, 20.432458770614694 ], [ 44.732112, 20.432458770614694 ], [ 44.732304, 20.432458770614694 ], [ 44.732304, 20.432638680659672 ], [ 44.732496, 20.432638680659672 ], [ 44.732496, 20.432818590704649 ], [ 44.732592, 20.432818590704649 ], [ 44.732592, 20.432998500749626 ], [ 44.732784, 20.432998500749626 ], [ 44.73288, 20.432998500749626 ], [ 44.73288, 20.433178410794604 ], [ 44.733072, 20.433178410794604 ], [ 44.733072, 20.433268365817092 ], [ 44.733264, 20.433268365817092 ], [ 44.733264, 20.433358320839581 ], [ 44.733264, 20.433448275862069 ], [ 44.733456, 20.433448275862069 ], [ 44.733456, 20.433538230884558 ], [ 44.733456, 20.433628185907047 ], [ 44.733648, 20.433628185907047 ], [ 44.733648, 20.433718140929535 ], [ 44.733648, 20.433808095952024 ], [ 44.73384, 20.433808095952024 ], [ 44.73384, 20.433898050974513 ], [ 44.734032, 20.433898050974513 ], [ 44.734032, 20.433988005997001 ], [ 44.734032, 20.43407796101949 ], [ 44.734224, 20.43407796101949 ], [ 44.734224, 20.434257871064471 ], [ 44.73432, 20.434257871064471 ], [ 44.734512, 20.434257871064471 ], [ 44.734512, 20.434437781109448 ], [ 44.734608, 20.434437781109448 ], [ 44.734608, 20.434617691154426 ], [ 44.7348, 20.434617691154426 ], [ 44.7348, 20.434797601199403 ], [ 44.734608, 20.434797601199403 ], [ 44.734608, 20.43497751124438 ], [ 44.734608, 20.435157421289357 ], [ 44.734512, 20.435157421289357 ], [ 44.73432, 20.435157421289357 ], [ 44.73432, 20.435337331334335 ], [ 44.734224, 20.435337331334335 ], [ 44.734224, 20.435517241379312 ], [ 44.734032, 20.435517241379312 ], [ 44.734032, 20.435697151424289 ], [ 44.73384, 20.435697151424289 ], [ 44.73384, 20.435877061469267 ], [ 44.733648, 20.435877061469267 ], [ 44.733648, 20.436056971514244 ], [ 44.733456, 20.436056971514244 ] ] ] } },
{ "type": "Feature", "properties": { "class": "Class1", "id": 78 }, "geometry": { "type": "Polygon", "coordinates": [ [ [ 44.710992, 20.436236881559221 ], [ 44.710992, 20.436056971514244 ], [ 44.7108, 20.436056971514244 ], [ 44.7108, 20.435877061469267 ], [ 44.710608, 20.435877061469267 ], [ 44.710608, 20.435697151424289 ], [ 44.710416, 20.435697151424289 ], [ 44.710224, 20.435697151424289 ], [ 44.710224, 20.435517241379312 ], [ 44.710128, 20.435517241379312 ], [ 44.710128, 20.435337331334335 ], [ 44.709936, 20.435337331334335 ], [ 44.70984, 20.435337331334335 ], [ 44.70984, 20.435157421289357 ], [ 44.709648, 20.435157421289357 ], [ 44.709648, 20.43497751124438 ], [ 44.709456, 20.43497751124438 ], [ 44.709456, 20.434797601199403 ], [ 44.709456, 20.434617691154426 ], [ 44.709264, 20.434617691154426 ], [ 44.709264, 20.434437781109448 ], [ 44.709072, 20.434437781109448 ], [ 44.709072, 20.434257871064471 ], [ 44.70888, 20.434257871064471 ], [ 44.70888, 20.433808095952024 ], [ 44.709648, 20.433808095952024 ], [ 44.709648, 20.433718140929535 ], [ 44.709648, 20.433178410794604 ], [ 44.70984, 20.433178410794604 ], [ 44.70984, 20.433358320839581 ], [ 44.70984, 20.433718140929535 ], [ 44.709936, 20.433718140929535 ], [ 44.709936, 20.433808095952024 ], [ 44.710608, 20.433808095952024 ], [ 44.710608, 20.433718140929535 ], [ 44.710992, 20.433718140929535 ], [ 44.710992, 20.433628185907047 ], [ 44.711184, 20.433628185907047 ], [ 44.711184, 20.433538230884558 ], [ 44.711184, 20.433448275862069 ], [ 44.711376, 20.433448275862069 ], [ 44.711376, 20.433358320839581 ], [ 44.711376, 20.433178410794604 ], [ 44.711568, 20.433178410794604 ], [ 44.711568, 20.432998500749626 ], [ 44.711664, 20.432998500749626 ], [ 44.711664, 20.432818590704649 ], [ 44.711856, 20.432818590704649 ], [ 44.711856, 20.432638680659672 ], [ 44.711952, 20.432638680659672 ], [ 44.711952, 20.432458770614694 ], [ 44.712144, 20.432458770614694 ], [ 44.712144, 20.432278860569717 ], [ 44.712336, 20.432278860569717 ], [ 44.712336, 20.43209895052474 ], [ 44.71272, 20.43209895052474 ], [ 44.71272, 20.432278860569717 ], [ 44.712912, 20.432278860569717 ], [ 44.712912, 20.432458770614694 ], [ 44.713104, 20.432458770614694 ], [ 44.713104, 20.432638680659672 ], [ 44.713296, 20.432638680659672 ], [ 44.713296, 20.432818590704649 ], [ 44.713584, 20.432818590704649 ], [ 44.71368, 20.432818590704649 ], [ 44.71368, 20.432998500749626 ], [ 44.713872, 20.432998500749626 ], [ 44.713872, 20.433178410794604 ], [ 44.714064, 20.433178410794604 ], [ 44.714064, 20.433358320839581 ], [ 44.714064, 20.433448275862069 ], [ 44.713872, 20.433448275862069 ], [ 44.713872, 20.433538230884558 ], [ 44.713872, 20.433628185907047 ], [ 44.71368, 20.433628185907047 ], [ 44.71368, 20.433718140929535 ], [ 44.713584, 20.433718140929535 ], [ 44.713584, 20.433898050974513 ], [ 44.713392, 20.433898050974513 ], [ 44.713392, 20.43407796101949 ], [ 44.713296, 20.43407796101949 ], [ 44.713296, 20.434257871064471 ], [ 44.713104, 20.434257871064471 ], [ 44.713104, 20.434437781109448 ], [ 44.712912, 20.434437781109448 ], [ 44.712912, 20.434617691154426 ], [ 44.71272, 20.434617691154426 ], [ 44.71272, 20.434797601199403 ], [ 44.712528, 20.434797601199403 ], [ 44.712528, 20.43497751124438 ], [ 44.712336, 20.43497751124438 ], [ 44.712336, 20.435157421289357 ], [ 44.712336, 20.435337331334335 ], [ 44.712144, 20.435337331334335 ], [ 44.712144, 20.435517241379312 ], [ 44.711952, 20.435517241379312 ], [ 44.711952, 20.435697151424289 ], [ 44.711856, 20.435697151424289 ], [ 44.711856, 20.435877061469267 ], [ 44.711664, 20.435877061469267 ], [ 44.711568, 20.435877061469267 ], [ 44.711568, 20.436056971514244 ], [ 44.711568, 20.436236881559221 ], [ 44.710992, 20.436236881559221 ] ] ] } },
{ "type": "Feature", "properties": { "class": "Class1", "id": 79 }, "geometry": { "type": "Polygon", "coordinates": [ [ [ 44.717136, 20.43497751124438 ], [ 44.717136, 20.434797601199403 ], [ 44.717136, 20.434257871064471 ], [ 44.717136, 20.433988005997001 ], [ 44.716368, 20.433988005997001 ], [ 44.716368, 20.433898050974513 ], [ 44.715984, 20.433898050974513 ], [ 44.715984, 20.433808095952024 ], [ 44.715792, 20.433808095952024 ], [ 44.715792, 20.433718140929535 ], [ 44.7156, 20.433718140929535 ], [ 44.7156, 20.433628185907047 ], [ 44.7156, 20.433538230884558 ], [ 44.715408, 20.433538230884558 ], [ 44.715408, 20.433448275862069 ], [ 44.715216, 20.433448275862069 ], [ 44.715216, 20.432818590704649 ], [ 44.715408, 20.432818590704649 ], [ 44.715408, 20.432638680659672 ], [ 44.7156, 20.432638680659672 ], [ 44.7156, 20.432458770614694 ], [ 44.7156, 20.432278860569717 ], [ 44.715792, 20.432278860569717 ], [ 44.715792, 20.43209895052474 ], [ 44.715984, 20.43209895052474 ], [ 44.715984, 20.431919040479762 ], [ 44.71608, 20.431919040479762 ], [ 44.716272, 20.431919040479762 ], [ 44.716272, 20.431739130434785 ], [ 44.716368, 20.431739130434785 ], [ 44.716368, 20.431919040479762 ], [ 44.71656, 20.431919040479762 ], [ 44.716752, 20.431919040479762 ], [ 44.716752, 20.43209895052474 ], [ 44.716944, 20.43209895052474 ], [ 44.716944, 20.432278860569717 ], [ 44.717136, 20.432278860569717 ], [ 44.717136, 20.432458770614694 ], [ 44.717328, 20.432458770614694 ], [ 44.717328, 20.432638680659672 ], [ 44.71752, 20.432638680659672 ], [ 44.71752, 20.432818590704649 ], [ 44.717712, 20.432818590704649 ], [ 44.717808, 20.432818590704649 ], [ 44.717808, 20.432998500749626 ], [ 44.718, 20.432998500749626 ], [ 44.718096, 20.432998500749626 ], [ 44.718096, 20.433178410794604 ], [ 44.718288, 20.433178410794604 ], [ 44.718288, 20.433268365817092 ], [ 44.71848, 20.433268365817092 ], [ 44.71848, 20.433358320839581 ], [ 44.71848, 20.433448275862069 ], [ 44.718672, 20.433448275862069 ], [ 44.718672, 20.433628185907047 ], [ 44.718672, 20.433718140929535 ], [ 44.718864, 20.433718140929535 ], [ 44.718864, 20.433808095952024 ], [ 44.719056, 20.433808095952024 ], [ 44.719056, 20.433898050974513 ], [ 44.718864, 20.433898050974513 ], [ 44.718864, 20.43407796101949 ], [ 44.718864, 20.434257871064471 ], [ 44.718672, 20.434257871064471 ], [ 44.718672, 20.434437781109448 ], [ 44.71848, 20.434437781109448 ], [ 44.71848, 20.434617691154426 ], [ 44.718288, 20.434617691154426 ], [ 44.718288, 20.434797601199403 ], [ 44.718096, 20.434797601199403 ], [ 44.718096, 20.43497751124438 ], [ 44.718, 20.43497751124438 ], [ 44.717808, 20.43497751124438 ], [ 44.717808, 20.435157421289357 ], [ 44.717712, 20.435157421289357 ], [ 44.717712, 20.435337331334335 ], [ 44.717328, 20.435337331334335 ], [ 44.717136, 20.435337331334335 ], [ 44.717136, 20.435157421289357 ], [ 44.717136, 20.43497751124438 ] ] ] } },
{ "type": "Feature", "properties": { "class": "Class1", "id": 80 }, "geometry": { "type": "Polygon", "coordinates": [ [ [ 44.724048, 20.435517241379312 ], [ 44.723856, 20.435517241379312 ], [ 44.723856, 20.434797601199403 ], [ 44.724048, 20.434797601199403 ], [ 44.724048, 20.434617691154426 ], [ 44.724048, 20.434437781109448 ], [ 44.72424, 20.434437781109448 ], [ 44.72424, 20.434257871064471 ], [ 44.724432, 20.434257871064471 ], [ 44.724432, 20.43407796101949 ], [ 44.724624, 20.43407796101949 ], [ 44.724624, 20.433988005997001 ], [ 44.724624, 20.433898050974513 ], [ 44.72472, 20.433898050974513 ], [ 44.72472, 20.433808095952024 ], [ 44.724912, 20.433808095952024 ], [ 44.724912, 20.433628185907047 ], [ 44.725008, 20.433628185907047 ], [ 44.725008, 20.433538230884558 ], [ 44.7252, 20.433538230884558 ], [ 44.7252, 20.433448275862069 ], [ 44.7252, 20.433358320839581 ], [ 44.725392, 20.433358320839581 ], [ 44.725392, 20.433268365817092 ], [ 44.725584, 20.433268365817092 ], [ 44.725584, 20.433178410794604 ], [ 44.725776, 20.433178410794604 ], [ 44.725776, 20.432998500749626 ], [ 44.725968, 20.432998500749626 ], [ 44.725968, 20.432818590704649 ], [ 44.72616, 20.432818590704649 ], [ 44.72616, 20.432638680659672 ], [ 44.726352, 20.432638680659672 ], [ 44.726352, 20.432458770614694 ], [ 44.726448, 20.432458770614694 ], [ 44.72664, 20.432458770614694 ], [ 44.72664, 20.432278860569717 ], [ 44.726736, 20.432278860569717 ], [ 44.726736, 20.43209895052474 ], [ 44.726928, 20.43209895052474 ], [ 44.726928, 20.431919040479762 ], [ 44.72712, 20.431919040479762 ], [ 44.72712, 20.431739130434785 ], [ 44.727312, 20.431739130434785 ], [ 44.727504, 20.431739130434785 ], [ 44.727696, 20.431739130434785 ], [ 44.727696, 20.431919040479762 ], [ 44.727888, 20.431919040479762 ], [ 44.727888, 20.43209895052474 ], [ 44.727888, 20.432278860569717 ], [ 44.72808, 20.432278860569717 ], [ 44.72808, 20.432458770614694 ], [ 44.728176, 20.432458770614694 ], [ 44.728368, 20.432458770614694 ], [ 44.728368, 20.432638680659672 ], [ 44.728464, 20.432638680659672 ], [ 44.728656, 20.432638680659672 ], [ 44.728656, 20.432818590704649 ], [ 44.728848, 20.432818590704649 ], [ 44.728848, 20.432998500749626 ], [ 44.72904, 20.432998500749626 ], [ 44.72904, 20.433178410794604 ], [ 44.729232, 20.433178410794604 ], [ 44.729232, 20.433268365817092 ], [ 44.729232, 20.433358320839581 ], [ 44.729424, 20.433358320839581 ], [ 44.729424, 20.433448275862069 ], [ 44.729424, 20.433538230884558 ], [ 44.729616, 20.433538230884558 ], [ 44.729616, 20.433628185907047 ], [ 44.729616, 20.433808095952024 ], [ 44.729808, 20.433808095952024 ], [ 44.729808, 20.433898050974513 ], [ 44.729808, 20.433988005997001 ], [ 44.73, 20.433988005997001 ], [ 44.73, 20.43407796101949 ], [ 44.730096, 20.43407796101949 ], [ 44.730096, 20.434257871064471 ], [ 44.730192, 20.434257871064471 ], [ 44.730384, 20.434257871064471 ], [ 44.730384, 20.434437781109448 ], [ 44.730384, 20.434617691154426 ], [ 44.730576, 20.434617691154426 ], [ 44.730576, 20.43497751124438 ], [ 44.730576, 20.435157421289357 ], [ 44.730384, 20.435157421289357 ], [ 44.730384, 20.435337331334335 ], [ 44.730192, 20.435337331334335 ], [ 44.730192, 20.435517241379312 ], [ 44.730096, 20.435517241379312 ], [ 44.730096, 20.435697151424289 ], [ 44.730192, 20.435697151424289 ], [ 44.730192, 20.435877061469267 ], [ 44.730384, 20.435877061469267 ], [ 44.730384, 20.436056971514244 ], [ 44.730576, 20.436056971514244 ], [ 44.730768, 20.436056971514244 ], [ 44.730768, 20.436236881559221 ], [ 44.731152, 20.436236881559221 ], [ 44.731344, 20.436236881559221 ], [ 44.731344, 20.436416791604199 ], [ 44.731536, 20.436416791604199 ], [ 44.73192, 20.436416791604199 ], [ 44.73192, 20.436506746626687 ], [ 44.732304, 20.436506746626687 ], [ 44.732304, 20.436416791604199 ], [ 44.732592, 20.436416791604199 ], [ 44.732592, 20.436506746626687 ], [ 44.732784, 20.436506746626687 ], [ 44.732784, 20.436596701649176 ], [ 44.73288, 20.436596701649176 ], [ 44.73288, 20.436686656671665 ], [ 44.733072, 20.436686656671665 ], [ 44.733072, 20.436776611694153 ], [ 44.733264, 20.436776611694153 ], [ 44.733264, 20.436866566716642 ], [ 44.733264, 20.43695652173913 ], [ 44.733456, 20.43695652173913 ], [ 44.733456, 20.437046476761619 ], [ 44.733456, 20.437136431784108 ], [ 44.733648, 20.437136431784108 ], [ 44.733648, 20.437226386806596 ], [ 44.733648, 20.437316341829085 ], [ 44.73384, 20.437316341829085 ], [ 44.73384, 20.437496251874066 ], [ 44.734032, 20.437496251874066 ], [ 44.734032, 20.437676161919043 ], [ 44.734224, 20.437676161919043 ], [ 44.734224, 20.437856071964021 ], [ 44.73432, 20.437856071964021 ], [ 44.734512, 20.437856071964021 ], [ 44.734512, 20.438215892053975 ], [ 44.73432, 20.438215892053975 ], [ 44.73432, 20.438395802098952 ], [ 44.734224, 20.438395802098952 ], [ 44.734224, 20.43857571214393 ], [ 44.734032, 20.43857571214393 ], [ 44.734032, 20.438755622188907 ], [ 44.73384, 20.438755622188907 ], [ 44.73384, 20.438935532233884 ], [ 44.733648, 20.438935532233884 ], [ 44.733648, 20.439115442278862 ], [ 44.733456, 20.439115442278862 ], [ 44.733456, 20.439295352323839 ], [ 44.733264, 20.439295352323839 ], [ 44.733264, 20.439475262368816 ], [ 44.733072, 20.439475262368816 ], [ 44.73288, 20.439475262368816 ], [ 44.73288, 20.439655172413794 ], [ 44.732784, 20.439655172413794 ], [ 44.732784, 20.439745127436282 ], [ 44.732592, 20.439745127436282 ], [ 44.732592, 20.439835082458771 ], [ 44.732496, 20.439835082458771 ], [ 44.732496, 20.43992503748126 ], [ 44.732304, 20.43992503748126 ], [ 44.732304, 20.440014992503748 ], [ 44.732112, 20.440014992503748 ], [ 44.732112, 20.440104947526237 ], [ 44.732112, 20.440194902548726 ], [ 44.73192, 20.440194902548726 ], [ 44.73192, 20.440284857571214 ], [ 44.73192, 20.440374812593703 ], [ 44.731728, 20.440374812593703 ], [ 44.731728, 20.440554722638684 ], [ 44.731536, 20.440554722638684 ], [ 44.731536, 20.440734632683661 ], [ 44.731344, 20.440734632683661 ], [ 44.731344, 20.440914542728638 ], [ 44.731152, 20.440914542728638 ], [ 44.731152, 20.441094452773616 ], [ 44.730768, 20.441094452773616 ], [ 44.730768, 20.440914542728638 ], [ 44.730576, 20.440914542728638 ], [ 44.730576, 20.440734632683661 ], [ 44.730384, 20.440734632683661 ], [ 44.730384, 20.440554722638684 ], [ 44.730192, 20.440554722638684 ], [ 44.730192, 20.440374812593703 ], [ 44.730192, 20.440284857571214 ], [ 44.730096, 20.440284857571214 ], [ 44.730096, 20.440194902548726 ], [ 44.73, 20.440194902548726 ], [ 44.73, 20.440104947526237 ], [ 44.729808, 20.440104947526237 ], [ 44.729808, 20.440014992503748 ], [ 44.729808, 20.43992503748126 ], [ 44.729616, 20.43992503748126 ], [ 44.729616, 20.439835082458771 ], [ 44.729616, 20.439745127436282 ], [ 44.729424, 20.439745127436282 ], [ 44.729424, 20.439655172413794 ], [ 44.729232, 20.439655172413794 ], [ 44.729232, 20.439475262368816 ], [ 44.72904, 20.439475262368816 ], [ 44.72904, 20.439295352323839 ], [ 44.728848, 20.439295352323839 ], [ 44.728848, 20.439115442278862 ], [ 44.728656, 20.439115442278862 ], [ 44.728464, 20.439115442278862 ], [ 44.728464, 20.438935532233884 ], [ 44.728368, 20.438935532233884 ], [ 44.728368, 20.438755622188907 ], [ 44.728176, 20.438755622188907 ], [ 44.72808, 20.438755622188907 ], [ 44.72808, 20.43857571214393 ], [ 44.727888, 20.43857571214393 ], [ 44.727888, 20.438395802098952 ], [ 44.727696, 20.438395802098952 ], [ 44.727696, 20.438215892053975 ], [ 44.727504, 20.438215892053975 ], [ 44.727504, 20.438035982008998 ], [ 44.727312, 20.438035982008998 ], [ 44.727312, 20.437856071964021 ], [ 44.72712, 20.437856071964021 ], [ 44.72712, 20.437676161919043 ], [ 44.726928, 20.437676161919043 ], [ 44.726928, 20.437496251874066 ], [ 44.726736, 20.437496251874066 ], [ 44.726736, 20.437316341829085 ], [ 44.72664, 20.437316341829085 ], [ 44.72664, 20.437226386806596 ], [ 44.726448, 20.437226386806596 ], [ 44.726448, 20.437136431784108 ], [ 44.72616, 20.437136431784108 ], [ 44.725968, 20.437136431784108 ], [ 44.725968, 20.437046476761619 ], [ 44.725776, 20.437046476761619 ], [ 44.725776, 20.43695652173913 ], [ 44.725776, 20.436866566716642 ], [ 44.725584, 20.436866566716642 ], [ 44.725584, 20.436686656671665 ], [ 44.725584, 20.436596701649176 ], [ 44.725392, 20.436596701649176 ], [ 44.725392, 20.436506746626687 ], [ 44.725392, 20.436416791604199 ], [ 44.7252, 20.436416791604199 ], [ 44.7252, 20.436236881559221 ], [ 44.725008, 20.436236881559221 ], [ 44.725008, 20.436056971514244 ], [ 44.724912, 20.436056971514244 ], [ 44.72472, 20.436056971514244 ], [ 44.72472, 20.435697151424289 ], [ 44.724624, 20.435697151424289 ], [ 44.724432, 20.435697151424289 ], [ 44.724432, 20.435517241379312 ], [ 44.724048, 20.435517241379312 ] ] ] } },
{ "type": "Feature", "properties": { "class": "Class1", "id": 81 }, "geometry": { "type": "Polygon", "coordinates": [ [ [ 44.719248, 20.433268365817092 ], [ 44.719248, 20.433178410794604 ], [ 44.719056, 20.433178410794604 ], [ 44.719056, 20.432998500749626 ], [ 44.718672, 20.432998500749626 ], [ 44.718672, 20.432818590704649 ], [ 44.71848, 20.432818590704649 ], [ 44.718288, 20.432818590704649 ], [ 44.718288, 20.432638680659672 ], [ 44.718288, 20.432278860569717 ], [ 44.71848, 20.432278860569717 ], [ 44.71848, 20.43209895052474 ], [ 44.718672, 20.43209895052474 ], [ 44.718672, 20.431919040479762 ], [ 44.718864, 20.431919040479762 ], [ 44.718864, 20.431739130434785 ], [ 44.719056, 20.431739130434785 ], [ 44.719056, 20.431559220389808 ], [ 44.719056, 20.43137931034483 ], [ 44.719248, 20.43137931034483 ], [ 44.719248, 20.431199400299853 ], [ 44.71944, 20.431199400299853 ], [ 44.71944, 20.43137931034483 ], [ 44.719536, 20.43137931034483 ], [ 44.719728, 20.43137931034483 ], [ 44.719728, 20.431559220389808 ], [ 44.719824, 20.431559220389808 ], [ 44.719824, 20.431739130434785 ], [ 44.720016, 20.431739130434785 ], [ 44.720208, 20.431739130434785 ], [ 44.720208, 20.431919040479762 ], [ 44.7204, 20.431919040479762 ], [ 44.7204, 20.43209895052474 ], [ 44.720592, 20.43209895052474 ], [ 44.720592, 20.432278860569717 ], [ 44.720784, 20.432278860569717 ], [ 44.720784, 20.432638680659672 ], [ 44.720592, 20.432638680659672 ], [ 44.7204, 20.432638680659672 ], [ 44.7204, 20.432818590704649 ], [ 44.720208, 20.432818590704649 ], [ 44.720208, 20.432998500749626 ], [ 44.720016, 20.432998500749626 ], [ 44.720016, 20.433178410794604 ], [ 44.719824, 20.433178410794604 ], [ 44.719824, 20.433268365817092 ], [ 44.719248, 20.433268365817092 ] ] ] } },
{ "type": "Feature", "properties": { "class": "Class1", "id": 82 }, "geometry": { "type": "Polygon", "coordinates": [ [ [ 44.748624, 20.437046476761619 ], [ 44.748624, 20.43695652173913 ], [ 44.748432, 20.43695652173913 ], [ 44.748432, 20.436866566716642 ], [ 44.74824, 20.436866566716642 ], [ 44.74824, 20.436776611694153 ], [ 44.74824, 20.436686656671665 ], [ 44.748048, 20.436686656671665 ], [ 44.748048, 20.436596701649176 ], [ 44.748048, 20.436506746626687 ], [ 44.747856, 20.436506746626687 ], [ 44.747856, 20.436416791604199 ], [ 44.747664, 20.436416791604199 ], [ 44.747664, 20.436236881559221 ], [ 44.747568, 20.436236881559221 ], [ 44.747376, 20.436236881559221 ], [ 44.747376, 20.436056971514244 ], [ 44.74728, 20.436056971514244 ], [ 44.747088, 20.436056971514244 ], [ 44.747088, 20.435877061469267 ], [ 44.746896, 20.435877061469267 ], [ 44.746896, 20.435697151424289 ], [ 44.746704, 20.435697151424289 ], [ 44.746704, 20.435517241379312 ], [ 44.746512, 20.435517241379312 ], [ 44.746512, 20.435337331334335 ], [ 44.74632, 20.435337331334335 ], [ 44.74632, 20.435157421289357 ], [ 44.746128, 20.435157421289357 ], [ 44.746128, 20.43497751124438 ], [ 44.745936, 20.43497751124438 ], [ 44.745936, 20.434797601199403 ], [ 44.74584, 20.434797601199403 ], [ 44.74584, 20.434617691154426 ], [ 44.745648, 20.434617691154426 ], [ 44.745552, 20.434617691154426 ], [ 44.745552, 20.434437781109448 ], [ 44.74536, 20.434437781109448 ], [ 44.74536, 20.434257871064471 ], [ 44.745168, 20.434257871064471 ], [ 44.745168, 20.43407796101949 ], [ 44.744976, 20.43407796101949 ], [ 44.744976, 20.433898050974513 ], [ 44.74488, 20.433898050974513 ], [ 44.74488, 20.433718140929535 ], [ 44.744784, 20.433718140929535 ], [ 44.744784, 20.433628185907047 ], [ 44.744592, 20.433628185907047 ], [ 44.744592, 20.433538230884558 ], [ 44.744592, 20.433448275862069 ], [ 44.7444, 20.433448275862069 ], [ 44.7444, 20.433358320839581 ], [ 44.7444, 20.432998500749626 ], [ 44.744592, 20.432998500749626 ], [ 44.744784, 20.432998500749626 ], [ 44.74488, 20.432998500749626 ], [ 44.74488, 20.432818590704649 ], [ 44.744976, 20.432818590704649 ], [ 44.744976, 20.432638680659672 ], [ 44.745168, 20.432638680659672 ], [ 44.745168, 20.432458770614694 ], [ 44.74536, 20.432458770614694 ], [ 44.74536, 20.432278860569717 ], [ 44.745552, 20.432278860569717 ], [ 44.745552, 20.43209895052474 ], [ 44.74584, 20.43209895052474 ], [ 44.745936, 20.43209895052474 ], [ 44.745936, 20.431919040479762 ], [ 44.746128, 20.431919040479762 ], [ 44.746128, 20.431739130434785 ], [ 44.74632, 20.431739130434785 ], [ 44.746512, 20.431739130434785 ], [ 44.746512, 20.431559220389808 ], [ 44.746512, 20.43137931034483 ], [ 44.746704, 20.43137931034483 ], [ 44.746704, 20.431199400299853 ], [ 44.746896, 20.431199400299853 ], [ 44.747088, 20.431199400299853 ], [ 44.747088, 20.43137931034483 ], [ 44.74728, 20.43137931034483 ], [ 44.747376, 20.43137931034483 ], [ 44.747376, 20.431559220389808 ], [ 44.747568, 20.431559220389808 ], [ 44.747568, 20.431739130434785 ], [ 44.747664, 20.431739130434785 ], [ 44.747664, 20.431919040479762 ], [ 44.747856, 20.431919040479762 ], [ 44.748048, 20.431919040479762 ], [ 44.748048, 20.43209895052474 ], [ 44.74824, 20.43209895052474 ], [ 44.74824, 20.432278860569717 ], [ 44.748432, 20.432278860569717 ], [ 44.748432, 20.43209895052474 ], [ 44.748624, 20.43209895052474 ], [ 44.748624, 20.431919040479762 ], [ 44.748816, 20.431919040479762 ], [ 44.748816, 20.431739130434785 ], [ 44.749008, 20.431739130434785 ], [ 44.749008, 20.431559220389808 ], [ 44.749104, 20.431559220389808 ], [ 44.749104, 20.43137931034483 ], [ 44.749296, 20.43137931034483 ], [ 44.749296, 20.431559220389808 ], [ 44.749392, 20.431559220389808 ], [ 44.749392, 20.431739130434785 ], [ 44.749584, 20.431739130434785 ], [ 44.749776, 20.431739130434785 ], [ 44.749776, 20.431919040479762 ], [ 44.749968, 20.431919040479762 ], [ 44.749968, 20.43209895052474 ], [ 44.75016, 20.43209895052474 ], [ 44.75016, 20.432278860569717 ], [ 44.750352, 20.432278860569717 ], [ 44.750352, 20.432458770614694 ], [ 44.750544, 20.432458770614694 ], [ 44.750544, 20.432638680659672 ], [ 44.750736, 20.432638680659672 ], [ 44.750736, 20.432818590704649 ], [ 44.750832, 20.432818590704649 ], [ 44.75112, 20.432818590704649 ], [ 44.75112, 20.432998500749626 ], [ 44.751312, 20.432998500749626 ], [ 44.751312, 20.433178410794604 ], [ 44.751504, 20.433178410794604 ], [ 44.751504, 20.433268365817092 ], [ 44.751504, 20.433358320839581 ], [ 44.751696, 20.433358320839581 ], [ 44.751696, 20.433448275862069 ], [ 44.751696, 20.433538230884558 ], [ 44.751888, 20.433538230884558 ], [ 44.751888, 20.433628185907047 ], [ 44.751888, 20.433718140929535 ], [ 44.75208, 20.433718140929535 ], [ 44.75208, 20.433808095952024 ], [ 44.75208, 20.433898050974513 ], [ 44.752272, 20.433898050974513 ], [ 44.752272, 20.433988005997001 ], [ 44.752272, 20.43407796101949 ], [ 44.752272, 20.434257871064471 ], [ 44.75208, 20.434257871064471 ], [ 44.751696, 20.434257871064471 ], [ 44.751696, 20.434437781109448 ], [ 44.751504, 20.434437781109448 ], [ 44.751504, 20.434617691154426 ], [ 44.751312, 20.434617691154426 ], [ 44.75112, 20.434617691154426 ], [ 44.75112, 20.434797601199403 ], [ 44.751024, 20.434797601199403 ], [ 44.751024, 20.43497751124438 ], [ 44.750832, 20.43497751124438 ], [ 44.750736, 20.43497751124438 ], [ 44.750736, 20.435157421289357 ], [ 44.750544, 20.435157421289357 ], [ 44.750544, 20.435337331334335 ], [ 44.750352, 20.435337331334335 ], [ 44.750352, 20.435517241379312 ], [ 44.75016, 20.435517241379312 ], [ 44.75016, 20.435697151424289 ], [ 44.749968, 20.435697151424289 ], [ 44.749968, 20.435877061469267 ], [ 44.749776, 20.435877061469267 ], [ 44.749776, 20.436056971514244 ], [ 44.749584, 20.436056971514244 ], [ 44.749584, 20.436236881559221 ], [ 44.749392, 20.436236881559221 ], [ 44.749392, 20.436416791604199 ], [ 44.749296, 20.436416791604199 ], [ 44.749104, 20.436416791604199 ], [ 44.749104, 20.436506746626687 ], [ 44.749008, 20.436506746626687 ], [ 44.749008, 20.436596701649176 ], [ 44.749008, 20.43695652173913 ], [ 44.748816, 20.43695652173913 ], [ 44.748816, 20.437046476761619 ], [ 44.748624, 20.437046476761619 ] ] ] } },
{ "type": "Feature", "properties": { "class": "Class1", "id": 83 }, "geometry": { "type": "Polygon", "coordinates": [ [ [ 44.739984, 20.432818590704649 ], [ 44.739984, 20.432638680659672 ], [ 44.740176, 20.432638680659672 ], [ 44.740176, 20.432458770614694 ], [ 44.740368, 20.432458770614694 ], [ 44.740368, 20.432278860569717 ], [ 44.74056, 20.432278860569717 ], [ 44.74056, 20.43209895052474 ], [ 44.740752, 20.43209895052474 ], [ 44.740752, 20.431919040479762 ], [ 44.740944, 20.431919040479762 ], [ 44.740944, 20.431739130434785 ], [ 44.740944, 20.431559220389808 ], [ 44.741136, 20.431559220389808 ], [ 44.741136, 20.43137931034483 ], [ 44.741232, 20.43137931034483 ], [ 44.741424, 20.43137931034483 ], [ 44.741424, 20.431199400299853 ], [ 44.74152, 20.431199400299853 ], [ 44.74152, 20.431019490254872 ], [ 44.741712, 20.431019490254872 ], [ 44.741712, 20.431199400299853 ], [ 44.741904, 20.431199400299853 ], [ 44.742096, 20.431199400299853 ], [ 44.742096, 20.43137931034483 ], [ 44.742288, 20.43137931034483 ], [ 44.742288, 20.431559220389808 ], [ 44.74248, 20.431559220389808 ], [ 44.74248, 20.431739130434785 ], [ 44.742672, 20.431739130434785 ], [ 44.742672, 20.431919040479762 ], [ 44.742864, 20.431919040479762 ], [ 44.742864, 20.43209895052474 ], [ 44.74296, 20.43209895052474 ], [ 44.743152, 20.43209895052474 ], [ 44.743152, 20.432278860569717 ], [ 44.743248, 20.432278860569717 ], [ 44.743248, 20.432458770614694 ], [ 44.74344, 20.432458770614694 ], [ 44.74344, 20.432638680659672 ], [ 44.743632, 20.432638680659672 ], [ 44.743632, 20.432818590704649 ], [ 44.743824, 20.432818590704649 ], [ 44.743824, 20.432998500749626 ], [ 44.744016, 20.432998500749626 ], [ 44.744016, 20.433178410794604 ], [ 44.744016, 20.433268365817092 ], [ 44.744208, 20.433268365817092 ], [ 44.744208, 20.433358320839581 ], [ 44.744208, 20.433448275862069 ], [ 44.7444, 20.433448275862069 ], [ 44.7444, 20.433538230884558 ], [ 44.7444, 20.433628185907047 ], [ 44.744592, 20.433628185907047 ], [ 44.744592, 20.433718140929535 ], [ 44.744592, 20.433808095952024 ], [ 44.744784, 20.433808095952024 ], [ 44.744784, 20.433898050974513 ], [ 44.744976, 20.433898050974513 ], [ 44.744976, 20.43407796101949 ], [ 44.745168, 20.43407796101949 ], [ 44.745168, 20.434257871064471 ], [ 44.745168, 20.434437781109448 ], [ 44.74536, 20.434437781109448 ], [ 44.74536, 20.434617691154426 ], [ 44.745552, 20.434617691154426 ], [ 44.745552, 20.434797601199403 ], [ 44.745648, 20.434797601199403 ], [ 44.74584, 20.434797601199403 ], [ 44.74584, 20.43497751124438 ], [ 44.745936, 20.43497751124438 ], [ 44.745936, 20.435157421289357 ], [ 44.746128, 20.435157421289357 ], [ 44.746128, 20.435337331334335 ], [ 44.74632, 20.435337331334335 ], [ 44.74632, 20.435517241379312 ], [ 44.746512, 20.435517241379312 ], [ 44.746512, 20.435697151424289 ], [ 44.746512, 20.435877061469267 ], [ 44.746512, 20.436056971514244 ], [ 44.74632, 20.436056971514244 ], [ 44.74632, 20.436236881559221 ], [ 44.746128, 20.436236881559221 ], [ 44.745936, 20.436236881559221 ], [ 44.745936, 20.436056971514244 ], [ 44.744208, 20.436056971514244 ], [ 44.744208, 20.436236881559221 ], [ 44.744016, 20.436236881559221 ], [ 44.744016, 20.436416791604199 ], [ 44.743824, 20.436416791604199 ], [ 44.743824, 20.436596701649176 ], [ 44.743632, 20.436596701649176 ], [ 44.743632, 20.436866566716642 ], [ 44.743632, 20.43695652173913 ], [ 44.743248, 20.43695652173913 ], [ 44.743248, 20.436866566716642 ], [ 44.742864, 20.436866566716642 ], [ 44.742864, 20.437136431784108 ], [ 44.74296, 20.437136431784108 ], [ 44.74296, 20.437316341829085 ], [ 44.742864, 20.437316341829085 ], [ 44.742864, 20.437496251874066 ], [ 44.742672, 20.437496251874066 ], [ 44.742672, 20.437676161919043 ], [ 44.74248, 20.437676161919043 ], [ 44.74248, 20.437856071964021 ], [ 44.742288, 20.437856071964021 ], [ 44.742288, 20.438035982008998 ], [ 44.742096, 20.438035982008998 ], [ 44.742096, 20.437856071964021 ], [ 44.741904, 20.437856071964021 ], [ 44.741904, 20.437676161919043 ], [ 44.741712, 20.437676161919043 ], [ 44.741712, 20.437496251874066 ], [ 44.74152, 20.437496251874066 ], [ 44.74152, 20.437316341829085 ], [ 44.741424, 20.437316341829085 ], [ 44.741424, 20.437226386806596 ], [ 44.741232, 20.437226386806596 ], [ 44.741232, 20.437136431784108 ], [ 44.741136, 20.437136431784108 ], [ 44.741136, 20.437046476761619 ], [ 44.740944, 20.437046476761619 ], [ 44.740944, 20.43695652173913 ], [ 44.740944, 20.436866566716642 ], [ 44.740752, 20.436866566716642 ], [ 44.740752, 20.436776611694153 ], [ 44.741136, 20.436776611694153 ], [ 44.741136, 20.436596701649176 ], [ 44.741232, 20.436596701649176 ], [ 44.741232, 20.436506746626687 ], [ 44.741424, 20.436506746626687 ], [ 44.741424, 20.436416791604199 ], [ 44.74152, 20.436416791604199 ], [ 44.74152, 20.436236881559221 ], [ 44.741712, 20.436236881559221 ], [ 44.741712, 20.436056971514244 ], [ 44.741904, 20.436056971514244 ], [ 44.741904, 20.435877061469267 ], [ 44.742096, 20.435877061469267 ], [ 44.742096, 20.435697151424289 ], [ 44.742096, 20.435517241379312 ], [ 44.742288, 20.435517241379312 ], [ 44.742288, 20.435337331334335 ], [ 44.74248, 20.435337331334335 ], [ 44.74248, 20.43497751124438 ], [ 44.742288, 20.43497751124438 ], [ 44.742288, 20.434797601199403 ], [ 44.742096, 20.434797601199403 ], [ 44.742096, 20.434617691154426 ], [ 44.741904, 20.434617691154426 ], [ 44.741904, 20.434437781109448 ], [ 44.741712, 20.434437781109448 ], [ 44.741712, 20.434257871064471 ], [ 44.74152, 20.434257871064471 ], [ 44.74152, 20.43407796101949 ], [ 44.74152, 20.433988005997001 ], [ 44.741424, 20.433988005997001 ], [ 44.741424, 20.433898050974513 ], [ 44.741232, 20.433898050974513 ], [ 44.741232, 20.433808095952024 ], [ 44.741136, 20.433808095952024 ], [ 44.741136, 20.433718140929535 ], [ 44.740944, 20.433718140929535 ], [ 44.740944, 20.433628185907047 ], [ 44.740752, 20.433628185907047 ], [ 44.740752, 20.433538230884558 ], [ 44.740752, 20.433448275862069 ], [ 44.74056, 20.433448275862069 ], [ 44.74056, 20.433358320839581 ], [ 44.740368, 20.433358320839581 ], [ 44.740368, 20.433178410794604 ], [ 44.740176, 20.433178410794604 ], [ 44.740176, 20.432998500749626 ], [ 44.739984, 20.432998500749626 ], [ 44.739984, 20.432818590704649 ] ] ] } },
{ "type": "Feature", "properties": { "class": "Class1", "id": 84 }, "geometry": { "type": "Polygon", "coordinates": [ [ [ 44.733456, 20.433448275862069 ], [ 44.733264, 20.433448275862069 ], [ 44.733264, 20.433358320839581 ], [ 44.733264, 20.433268365817092 ], [ 44.733072, 20.433268365817092 ], [ 44.733072, 20.433178410794604 ], [ 44.73288, 20.433178410794604 ], [ 44.73288, 20.432998500749626 ], [ 44.732784, 20.432998500749626 ], [ 44.732592, 20.432998500749626 ], [ 44.732592, 20.432818590704649 ], [ 44.732496, 20.432818590704649 ], [ 44.732496, 20.432638680659672 ], [ 44.732304, 20.432638680659672 ], [ 44.732304, 20.432458770614694 ], [ 44.732112, 20.432458770614694 ], [ 44.732112, 20.43209895052474 ], [ 44.732304, 20.43209895052474 ], [ 44.732304, 20.431919040479762 ], [ 44.732496, 20.431919040479762 ], [ 44.732496, 20.431739130434785 ], [ 44.732592, 20.431739130434785 ], [ 44.732592, 20.431559220389808 ], [ 44.732784, 20.431559220389808 ], [ 44.732784, 20.43137931034483 ], [ 44.73288, 20.43137931034483 ], [ 44.73288, 20.431199400299853 ], [ 44.733072, 20.431199400299853 ], [ 44.733072, 20.431019490254872 ], [ 44.733264, 20.431019490254872 ], [ 44.733264, 20.430929535232384 ], [ 44.733264, 20.430839580209895 ], [ 44.733456, 20.430839580209895 ], [ 44.733456, 20.430749625187406 ], [ 44.733456, 20.430659670164918 ], [ 44.73384, 20.430659670164918 ], [ 44.73384, 20.430749625187406 ], [ 44.73384, 20.430839580209895 ], [ 44.734032, 20.430839580209895 ], [ 44.734032, 20.430929535232384 ], [ 44.734032, 20.431199400299853 ], [ 44.734224, 20.431199400299853 ], [ 44.734224, 20.43137931034483 ], [ 44.734032, 20.43137931034483 ], [ 44.734032, 20.431739130434785 ], [ 44.734224, 20.431739130434785 ], [ 44.734224, 20.431919040479762 ], [ 44.73432, 20.431919040479762 ], [ 44.734608, 20.431919040479762 ], [ 44.734608, 20.431739130434785 ], [ 44.735184, 20.431739130434785 ], [ 44.735184, 20.431919040479762 ], [ 44.735376, 20.431919040479762 ], [ 44.735376, 20.43209895052474 ], [ 44.735568, 20.43209895052474 ], [ 44.735568, 20.432278860569717 ], [ 44.73576, 20.432278860569717 ], [ 44.73576, 20.432458770614694 ], [ 44.735952, 20.432458770614694 ], [ 44.735952, 20.432638680659672 ], [ 44.735952, 20.432818590704649 ], [ 44.73624, 20.432818590704649 ], [ 44.736336, 20.432818590704649 ], [ 44.736336, 20.432998500749626 ], [ 44.736528, 20.432998500749626 ], [ 44.736528, 20.433178410794604 ], [ 44.73672, 20.433178410794604 ], [ 44.73672, 20.433268365817092 ], [ 44.736912, 20.433268365817092 ], [ 44.736912, 20.433358320839581 ], [ 44.736912, 20.433448275862069 ], [ 44.737104, 20.433448275862069 ], [ 44.737104, 20.433628185907047 ], [ 44.737104, 20.433718140929535 ], [ 44.737104, 20.433808095952024 ], [ 44.736336, 20.433808095952024 ], [ 44.736336, 20.433898050974513 ], [ 44.736336, 20.434257871064471 ], [ 44.736336, 20.434437781109448 ], [ 44.736336, 20.434617691154426 ], [ 44.73624, 20.434617691154426 ], [ 44.73576, 20.434617691154426 ], [ 44.73576, 20.434797601199403 ], [ 44.73576, 20.435157421289357 ], [ 44.735952, 20.435157421289357 ], [ 44.735952, 20.435337331334335 ], [ 44.736048, 20.435337331334335 ], [ 44.73624, 20.435337331334335 ], [ 44.73624, 20.435517241379312 ], [ 44.736336, 20.435517241379312 ], [ 44.736336, 20.435697151424289 ], [ 44.736336, 20.435877061469267 ], [ 44.735952, 20.435877061469267 ], [ 44.735952, 20.435697151424289 ], [ 44.73576, 20.435697151424289 ], [ 44.73576, 20.435517241379312 ], [ 44.735568, 20.435517241379312 ], [ 44.735568, 20.435337331334335 ], [ 44.735568, 20.435157421289357 ], [ 44.735376, 20.435157421289357 ], [ 44.735376, 20.43497751124438 ], [ 44.735184, 20.43497751124438 ], [ 44.735184, 20.434797601199403 ], [ 44.734992, 20.434797601199403 ], [ 44.734992, 20.434617691154426 ], [ 44.7348, 20.434617691154426 ], [ 44.7348, 20.434437781109448 ], [ 44.734608, 20.434437781109448 ], [ 44.734608, 20.433898050974513 ], [ 44.734608, 20.433808095952024 ], [ 44.73432, 20.433808095952024 ], [ 44.73432, 20.433718140929535 ], [ 44.734224, 20.433718140929535 ], [ 44.734224, 20.433538230884558 ], [ 44.734224, 20.433358320839581 ], [ 44.734032, 20.433358320839581 ], [ 44.734032, 20.433268365817092 ], [ 44.734224, 20.433268365817092 ], [ 44.734224, 20.432998500749626 ], [ 44.734032, 20.432998500749626 ], [ 44.73384, 20.432998500749626 ], [ 44.73384, 20.433178410794604 ], [ 44.73384, 20.433268365817092 ], [ 44.733648, 20.433268365817092 ], [ 44.733648, 20.433358320839581 ], [ 44.733648, 20.433448275862069 ], [ 44.733456, 20.433448275862069 ] ] ] } },
{ "type": "Feature", "properties": { "class": "Class1", "id": 85 }, "geometry": { "type": "Polygon", "coordinates": [ [ [ 44.714448, 20.433178410794604 ], [ 44.714256, 20.433178410794604 ], [ 44.714256, 20.432998500749626 ], [ 44.714256, 20.432818590704649 ], [ 44.714064, 20.432818590704649 ], [ 44.713872, 20.432818590704649 ], [ 44.713872, 20.432638680659672 ], [ 44.71368, 20.432638680659672 ], [ 44.71368, 20.432458770614694 ], [ 44.71368, 20.43209895052474 ], [ 44.71368, 20.431919040479762 ], [ 44.713584, 20.431919040479762 ], [ 44.713584, 20.431739130434785 ], [ 44.713392, 20.431739130434785 ], [ 44.713392, 20.43137931034483 ], [ 44.713584, 20.43137931034483 ], [ 44.713584, 20.431199400299853 ], [ 44.71368, 20.431199400299853 ], [ 44.713872, 20.431199400299853 ], [ 44.713872, 20.431019490254872 ], [ 44.713872, 20.430929535232384 ], [ 44.714064, 20.430929535232384 ], [ 44.714064, 20.430839580209895 ], [ 44.715024, 20.430839580209895 ], [ 44.715024, 20.430749625187406 ], [ 44.715408, 20.430749625187406 ], [ 44.715408, 20.430659670164918 ], [ 44.715408, 20.430569715142429 ], [ 44.715792, 20.430569715142429 ], [ 44.715792, 20.430659670164918 ], [ 44.715984, 20.430659670164918 ], [ 44.715984, 20.430749625187406 ], [ 44.716272, 20.430749625187406 ], [ 44.716272, 20.430839580209895 ], [ 44.716368, 20.430839580209895 ], [ 44.716368, 20.430929535232384 ], [ 44.71656, 20.430929535232384 ], [ 44.71656, 20.43137931034483 ], [ 44.71656, 20.431559220389808 ], [ 44.716368, 20.431559220389808 ], [ 44.716368, 20.431739130434785 ], [ 44.716272, 20.431739130434785 ], [ 44.716272, 20.431919040479762 ], [ 44.71608, 20.431919040479762 ], [ 44.715984, 20.431919040479762 ], [ 44.715984, 20.43209895052474 ], [ 44.715792, 20.43209895052474 ], [ 44.715792, 20.432278860569717 ], [ 44.7156, 20.432278860569717 ], [ 44.7156, 20.432458770614694 ], [ 44.7156, 20.432638680659672 ], [ 44.715408, 20.432638680659672 ], [ 44.715408, 20.432818590704649 ], [ 44.715216, 20.432818590704649 ], [ 44.715216, 20.432998500749626 ], [ 44.715024, 20.432998500749626 ], [ 44.715024, 20.433178410794604 ], [ 44.714448, 20.433178410794604 ] ] ] } },
{ "type": "Feature", "properties": { "class": "Class1", "id": 86 }, "geometry": { "type": "Polygon", "coordinates": [ [ [ 44.73576, 20.43209895052474 ], [ 44.735568, 20.43209895052474 ], [ 44.735568, 20.431919040479762 ], [ 44.735376, 20.431919040479762 ], [ 44.735376, 20.43137931034483 ], [ 44.735568, 20.43137931034483 ], [ 44.735568, 20.431199400299853 ], [ 44.73576, 20.431199400299853 ], [ 44.73576, 20.431019490254872 ], [ 44.735952, 20.431019490254872 ], [ 44.735952, 20.430929535232384 ], [ 44.735952, 20.430839580209895 ], [ 44.736048, 20.430839580209895 ], [ 44.736048, 20.430749625187406 ], [ 44.73624, 20.430749625187406 ], [ 44.73624, 20.430659670164918 ], [ 44.736336, 20.430659670164918 ], [ 44.736336, 20.430569715142429 ], [ 44.736336, 20.43047976011994 ], [ 44.736528, 20.43047976011994 ], [ 44.736528, 20.430389805097452 ], [ 44.73672, 20.430389805097452 ], [ 44.73672, 20.43047976011994 ], [ 44.736912, 20.43047976011994 ], [ 44.736912, 20.431199400299853 ], [ 44.736912, 20.43137931034483 ], [ 44.73672, 20.43137931034483 ], [ 44.73672, 20.431559220389808 ], [ 44.736528, 20.431559220389808 ], [ 44.736528, 20.431739130434785 ], [ 44.736336, 20.431739130434785 ], [ 44.736336, 20.431919040479762 ], [ 44.73624, 20.431919040479762 ], [ 44.736048, 20.431919040479762 ], [ 44.736048, 20.43209895052474 ], [ 44.73576, 20.43209895052474 ] ] ] } },
{ "type": "Feature", "properties": { "class": "Class1", "id": 87 }, "geometry": { "type": "Polygon", "coordinates": [ [ [ 44.718, 20.432278860569717 ], [ 44.718, 20.431919040479762 ], [ 44.717808, 20.431919040479762 ], [ 44.717808, 20.431739130434785 ], [ 44.717712, 20.431739130434785 ], [ 44.717712, 20.430299850074963 ], [ 44.717808, 20.430299850074963 ], [ 44.717808, 20.430119940029986 ], [ 44.718, 20.430119940029986 ], [ 44.718096, 20.430119940029986 ], [ 44.718288, 20.430119940029986 ], [ 44.718288, 20.430209895052474 ], [ 44.71848, 20.430209895052474 ], [ 44.71848, 20.430299850074963 ], [ 44.71848, 20.430389805097452 ], [ 44.718672, 20.430389805097452 ], [ 44.718672, 20.43047976011994 ], [ 44.718672, 20.430569715142429 ], [ 44.718864, 20.430569715142429 ], [ 44.718864, 20.430659670164918 ], [ 44.718864, 20.430749625187406 ], [ 44.719056, 20.430749625187406 ], [ 44.719056, 20.430839580209895 ], [ 44.719056, 20.430929535232384 ], [ 44.719248, 20.430929535232384 ], [ 44.719248, 20.431019490254872 ], [ 44.719248, 20.43137931034483 ], [ 44.719056, 20.43137931034483 ], [ 44.719056, 20.431559220389808 ], [ 44.719056, 20.431739130434785 ], [ 44.718864, 20.431739130434785 ], [ 44.718864, 20.431919040479762 ], [ 44.718672, 20.431919040479762 ], [ 44.718672, 20.43209895052474 ], [ 44.71848, 20.43209895052474 ], [ 44.71848, 20.432278860569717 ], [ 44.718288, 20.432278860569717 ], [ 44.718, 20.432278860569717 ] ] ] } },
{ "type": "Feature", "properties": { "class": "Class1", "id": 88 }, "geometry": { "type": "Polygon", "coordinates": [ [ [ 44.729616, 20.432818590704649 ], [ 44.729424, 20.432818590704649 ], [ 44.729424, 20.432638680659672 ], [ 44.729232, 20.432638680659672 ], [ 44.729232, 20.432458770614694 ], [ 44.72904, 20.432458770614694 ], [ 44.72904, 20.432278860569717 ], [ 44.728848, 20.432278860569717 ], [ 44.728848, 20.43209895052474 ], [ 44.728848, 20.431919040479762 ], [ 44.728656, 20.431919040479762 ], [ 44.728656, 20.431739130434785 ], [ 44.728464, 20.431739130434785 ], [ 44.728464, 20.430299850074963 ], [ 44.728656, 20.430299850074963 ], [ 44.728656, 20.430209895052474 ], [ 44.728656, 20.430119940029986 ], [ 44.728848, 20.430119940029986 ], [ 44.728848, 20.429940029985008 ], [ 44.72904, 20.429940029985008 ], [ 44.72904, 20.429760119940031 ], [ 44.729232, 20.429760119940031 ], [ 44.729232, 20.429940029985008 ], [ 44.729424, 20.429940029985008 ], [ 44.729424, 20.430119940029986 ], [ 44.729616, 20.430119940029986 ], [ 44.729616, 20.430209895052474 ], [ 44.729808, 20.430209895052474 ], [ 44.729808, 20.430389805097452 ], [ 44.729808, 20.43047976011994 ], [ 44.73, 20.43047976011994 ], [ 44.73, 20.430569715142429 ], [ 44.730096, 20.430569715142429 ], [ 44.730096, 20.430749625187406 ], [ 44.730192, 20.430749625187406 ], [ 44.730192, 20.430929535232384 ], [ 44.730192, 20.431199400299853 ], [ 44.730384, 20.431199400299853 ], [ 44.730384, 20.432818590704649 ], [ 44.729616, 20.432818590704649 ] ] ] } },
{ "type": "Feature", "properties": { "class": "Class1", "id": 89 }, "geometry": { "type": "Polygon", "coordinates": [ [ [ 44.758992, 20.433178410794604 ], [ 44.758992, 20.432998500749626 ], [ 44.7588, 20.432998500749626 ], [ 44.7588, 20.432818590704649 ], [ 44.758608, 20.432818590704649 ], [ 44.758608, 20.432638680659672 ], [ 44.758416, 20.432638680659672 ], [ 44.758416, 20.432458770614694 ], [ 44.758224, 20.432458770614694 ], [ 44.758224, 20.432278860569717 ], [ 44.758032, 20.432278860569717 ], [ 44.758032, 20.430659670164918 ], [ 44.758224, 20.430659670164918 ], [ 44.758224, 20.430569715142429 ], [ 44.758224, 20.43047976011994 ], [ 44.758416, 20.43047976011994 ], [ 44.758416, 20.430389805097452 ], [ 44.758416, 20.430299850074963 ], [ 44.758608, 20.430299850074963 ], [ 44.758608, 20.430209895052474 ], [ 44.758608, 20.430119940029986 ], [ 44.7588, 20.430119940029986 ], [ 44.758992, 20.430119940029986 ], [ 44.758992, 20.429940029985008 ], [ 44.759184, 20.429940029985008 ], [ 44.759376, 20.429940029985008 ], [ 44.759376, 20.429760119940031 ], [ 44.75976, 20.429760119940031 ], [ 44.759952, 20.429760119940031 ], [ 44.759952, 20.429940029985008 ], [ 44.760144, 20.429940029985008 ], [ 44.760144, 20.431199400299853 ], [ 44.759952, 20.431199400299853 ], [ 44.759952, 20.43137931034483 ], [ 44.759952, 20.431739130434785 ], [ 44.759952, 20.431919040479762 ], [ 44.760144, 20.431919040479762 ], [ 44.760144, 20.433178410794604 ], [ 44.758992, 20.433178410794604 ] ] ] } },
{ "type": "Feature", "properties": { "class": "Class1", "id": 90 }, "geometry": { "type": "Polygon", "coordinates": [ [ [ 44.712528, 20.429580209895054 ], [ 44.71272, 20.429580209895054 ], [ 44.71272, 20.429760119940031 ], [ 44.712912, 20.429760119940031 ], [ 44.713104, 20.429760119940031 ], [ 44.713104, 20.429940029985008 ], [ 44.713104, 20.430119940029986 ], [ 44.713296, 20.430119940029986 ], [ 44.713296, 20.43047976011994 ], [ 44.71272, 20.43047976011994 ], [ 44.71272, 20.430299850074963 ], [ 44.71272, 20.430209895052474 ], [ 44.712528, 20.430209895052474 ], [ 44.712528, 20.430119940029986 ], [ 44.712144, 20.430119940029986 ], [ 44.712144, 20.429580209895054 ], [ 44.712336, 20.429580209895054 ], [ 44.712528, 20.429580209895054 ] ] ] } },
{ "type": "Feature", "properties": { "class": "Class1", "id": 91 }, "geometry": { "type": "Polygon", "coordinates": [ [ [ 44.73192, 20.43137931034483 ], [ 44.73192, 20.431199400299853 ], [ 44.73192, 20.429220389805099 ], [ 44.732112, 20.429220389805099 ], [ 44.732304, 20.429220389805099 ], [ 44.732304, 20.429400299850077 ], [ 44.732496, 20.429400299850077 ], [ 44.732496, 20.429580209895054 ], [ 44.732592, 20.429580209895054 ], [ 44.732592, 20.429760119940031 ], [ 44.732784, 20.429760119940031 ], [ 44.73288, 20.429760119940031 ], [ 44.73288, 20.429940029985008 ], [ 44.733072, 20.429940029985008 ], [ 44.733072, 20.430119940029986 ], [ 44.733264, 20.430119940029986 ], [ 44.733264, 20.430209895052474 ], [ 44.733264, 20.430299850074963 ], [ 44.733456, 20.430299850074963 ], [ 44.733456, 20.430389805097452 ], [ 44.733456, 20.43047976011994 ], [ 44.733648, 20.43047976011994 ], [ 44.733648, 20.430659670164918 ], [ 44.733456, 20.430659670164918 ], [ 44.733456, 20.430749625187406 ], [ 44.733456, 20.430839580209895 ], [ 44.733264, 20.430839580209895 ], [ 44.733264, 20.430929535232384 ], [ 44.733264, 20.431019490254872 ], [ 44.733072, 20.431019490254872 ], [ 44.733072, 20.431199400299853 ], [ 44.73288, 20.431199400299853 ], [ 44.73288, 20.43137931034483 ], [ 44.73192, 20.43137931034483 ] ] ] } },
{ "type": "Feature", "properties": { "class": "Class1", "id": 92 }, "geometry": { "type": "Polygon", "coordinates": [ [ [ 44.731152, 20.431559220389808 ], [ 44.731152, 20.43137931034483 ], [ 44.731056, 20.43137931034483 ], [ 44.731056, 20.431199400299853 ], [ 44.730864, 20.431199400299853 ], [ 44.730768, 20.431199400299853 ], [ 44.730768, 20.431019490254872 ], [ 44.730576, 20.431019490254872 ], [ 44.730576, 20.430929535232384 ], [ 44.730384, 20.430929535232384 ], [ 44.730384, 20.430299850074963 ], [ 44.730576, 20.430299850074963 ], [ 44.730576, 20.430209895052474 ], [ 44.730768, 20.430209895052474 ], [ 44.730768, 20.430119940029986 ], [ 44.730864, 20.430119940029986 ], [ 44.730864, 20.429940029985008 ], [ 44.731056, 20.429940029985008 ], [ 44.731152, 20.429940029985008 ], [ 44.731152, 20.429760119940031 ], [ 44.731344, 20.429760119940031 ], [ 44.731344, 20.429580209895054 ], [ 44.731536, 20.429580209895054 ], [ 44.731536, 20.429400299850077 ], [ 44.731536, 20.429220389805099 ], [ 44.731728, 20.429220389805099 ], [ 44.73192, 20.429220389805099 ], [ 44.73192, 20.431199400299853 ], [ 44.73192, 20.43137931034483 ], [ 44.731728, 20.43137931034483 ], [ 44.731728, 20.431559220389808 ], [ 44.731152, 20.431559220389808 ] ] ] } },
{ "type": "Feature", "properties": { "class": "Class1", "id": 93 }, "geometry": { "type": "Polygon", "coordinates": [ [ [ 44.753808, 20.431199400299853 ], [ 44.753808, 20.430749625187406 ], [ 44.753616, 20.430749625187406 ], [ 44.753616, 20.430659670164918 ], [ 44.753616, 20.430569715142429 ], [ 44.753424, 20.430569715142429 ], [ 44.753424, 20.43047976011994 ], [ 44.753424, 20.430389805097452 ], [ 44.753232, 20.430389805097452 ], [ 44.753232, 20.430299850074963 ], [ 44.75304, 20.430299850074963 ], [ 44.75304, 20.430209895052474 ], [ 44.752848, 20.430209895052474 ], [ 44.752848, 20.429580209895054 ], [ 44.75304, 20.429580209895054 ], [ 44.753424, 20.429580209895054 ], [ 44.753616, 20.429580209895054 ], [ 44.753616, 20.429400299850077 ], [ 44.753808, 20.429400299850077 ], [ 44.753808, 20.429220389805099 ], [ 44.754, 20.429220389805099 ], [ 44.754, 20.429040479760122 ], [ 44.754288, 20.429040479760122 ], [ 44.754288, 20.429220389805099 ], [ 44.75448, 20.429220389805099 ], [ 44.754576, 20.429220389805099 ], [ 44.754576, 20.429400299850077 ], [ 44.754768, 20.429400299850077 ], [ 44.754768, 20.429580209895054 ], [ 44.75496, 20.429580209895054 ], [ 44.75496, 20.429760119940031 ], [ 44.755152, 20.429760119940031 ], [ 44.755152, 20.429940029985008 ], [ 44.755344, 20.429940029985008 ], [ 44.755344, 20.430119940029986 ], [ 44.755344, 20.430389805097452 ], [ 44.755344, 20.43047976011994 ], [ 44.755152, 20.43047976011994 ], [ 44.755152, 20.430569715142429 ], [ 44.755152, 20.430659670164918 ], [ 44.75496, 20.430659670164918 ], [ 44.75496, 20.430749625187406 ], [ 44.75496, 20.430839580209895 ], [ 44.754768, 20.430839580209895 ], [ 44.754768, 20.430929535232384 ], [ 44.754576, 20.430929535232384 ], [ 44.754576, 20.431019490254872 ], [ 44.75448, 20.431019490254872 ], [ 44.75448, 20.431199400299853 ], [ 44.754288, 20.431199400299853 ], [ 44.753808, 20.431199400299853 ] ] ] } },
{ "type": "Feature", "properties": { "class": "Class1", "id": 94 }, "geometry": { "type": "Polygon", "coordinates": [ [ [ 44.742672, 20.430569715142429 ], [ 44.74248, 20.430569715142429 ], [ 44.74248, 20.429940029985008 ], [ 44.742672, 20.429940029985008 ], [ 44.742672, 20.429760119940031 ], [ 44.742864, 20.429760119940031 ], [ 44.742864, 20.429580209895054 ], [ 44.74296, 20.429580209895054 ], [ 44.74296, 20.429400299850077 ], [ 44.743152, 20.429400299850077 ], [ 44.743248, 20.429400299850077 ], [ 44.743248, 20.429220389805099 ], [ 44.74344, 20.429220389805099 ], [ 44.74344, 20.429040479760122 ], [ 44.74344, 20.428860569715145 ], [ 44.743632, 20.428860569715145 ], [ 44.743824, 20.428860569715145 ], [ 44.743824, 20.428680659670167 ], [ 44.744016, 20.428680659670167 ], [ 44.744016, 20.428860569715145 ], [ 44.744208, 20.428860569715145 ], [ 44.744208, 20.429040479760122 ], [ 44.7444, 20.429040479760122 ], [ 44.7444, 20.429220389805099 ], [ 44.744592, 20.429220389805099 ], [ 44.744784, 20.429220389805099 ], [ 44.744784, 20.429400299850077 ], [ 44.744592, 20.429400299850077 ], [ 44.7444, 20.429400299850077 ], [ 44.7444, 20.429580209895054 ], [ 44.744208, 20.429580209895054 ], [ 44.743824, 20.429580209895054 ], [ 44.743824, 20.429760119940031 ], [ 44.743632, 20.429760119940031 ], [ 44.743632, 20.429940029985008 ], [ 44.74344, 20.429940029985008 ], [ 44.74344, 20.430299850074963 ], [ 44.743632, 20.430299850074963 ], [ 44.743632, 20.430389805097452 ], [ 44.743632, 20.43047976011994 ], [ 44.743824, 20.43047976011994 ], [ 44.743824, 20.430569715142429 ], [ 44.743824, 20.430659670164918 ], [ 44.744016, 20.430659670164918 ], [ 44.744016, 20.431199400299853 ], [ 44.743824, 20.431199400299853 ], [ 44.74344, 20.431199400299853 ], [ 44.74344, 20.430929535232384 ], [ 44.743248, 20.430929535232384 ], [ 44.743248, 20.430839580209895 ], [ 44.743152, 20.430839580209895 ], [ 44.743152, 20.430749625187406 ], [ 44.74296, 20.430749625187406 ], [ 44.74296, 20.430659670164918 ], [ 44.742864, 20.430659670164918 ], [ 44.742864, 20.430569715142429 ], [ 44.742672, 20.430569715142429 ] ] ] } },
{ "type": "Feature", "properties": { "class": "Class1", "id": 95 }, "geometry": { "type": "Polygon", "coordinates": [ [ [ 44.751888, 20.429580209895054 ], [ 44.751888, 20.429400299850077 ], [ 44.751696, 20.429400299850077 ], [ 44.751696, 20.429220389805099 ], [ 44.751696, 20.428680659670167 ], [ 44.751888, 20.428680659670167 ], [ 44.751888, 20.42850074962519 ], [ 44.75208, 20.42850074962519 ], [ 44.75208, 20.428320839580213 ], [ 44.752272, 20.428320839580213 ], [ 44.752272, 20.428140929535235 ], [ 44.752464, 20.428140929535235 ], [ 44.752464, 20.427961019490258 ], [ 44.752848, 20.427961019490258 ], [ 44.752848, 20.428140929535235 ], [ 44.75304, 20.428140929535235 ], [ 44.75304, 20.428320839580213 ], [ 44.753232, 20.428320839580213 ], [ 44.753232, 20.428680659670167 ], [ 44.75304, 20.428680659670167 ], [ 44.75304, 20.428860569715145 ], [ 44.752848, 20.428860569715145 ], [ 44.752848, 20.429040479760122 ], [ 44.752752, 20.429040479760122 ], [ 44.752752, 20.429220389805099 ], [ 44.75256, 20.429220389805099 ], [ 44.752464, 20.429220389805099 ], [ 44.752464, 20.429400299850077 ], [ 44.752464, 20.429580209895054 ], [ 44.751888, 20.429580209895054 ] ] ] } },
{ "type": "Feature", "properties": { "class": "Class1", "id": 96 }, "geometry": { "type": "Polygon", "coordinates": [ [ [ 44.711952, 20.429400299850077 ], [ 44.711856, 20.429400299850077 ], [ 44.711856, 20.429220389805099 ], [ 44.711664, 20.429220389805099 ], [ 44.711568, 20.429220389805099 ], [ 44.711568, 20.429040479760122 ], [ 44.711376, 20.429040479760122 ], [ 44.711376, 20.428860569715145 ], [ 44.711184, 20.428860569715145 ], [ 44.711184, 20.428680659670167 ], [ 44.710992, 20.428680659670167 ], [ 44.710992, 20.42850074962519 ], [ 44.7108, 20.42850074962519 ], [ 44.7108, 20.428140929535235 ], [ 44.7108, 20.427961019490258 ], [ 44.710992, 20.427961019490258 ], [ 44.711184, 20.427961019490258 ], [ 44.711184, 20.427781109445277 ], [ 44.711376, 20.427781109445277 ], [ 44.711376, 20.427691154422789 ], [ 44.711376, 20.4276011994003 ], [ 44.711568, 20.4276011994003 ], [ 44.711568, 20.427691154422789 ], [ 44.711856, 20.427691154422789 ], [ 44.711856, 20.427961019490258 ], [ 44.711952, 20.427961019490258 ], [ 44.711952, 20.428140929535235 ], [ 44.712144, 20.428140929535235 ], [ 44.712336, 20.428140929535235 ], [ 44.712336, 20.428320839580213 ], [ 44.712528, 20.428320839580213 ], [ 44.712528, 20.42850074962519 ], [ 44.71272, 20.42850074962519 ], [ 44.71272, 20.428860569715145 ], [ 44.712528, 20.428860569715145 ], [ 44.712528, 20.429040479760122 ], [ 44.712528, 20.429220389805099 ], [ 44.712336, 20.429220389805099 ], [ 44.712336, 20.429400299850077 ], [ 44.711952, 20.429400299850077 ] ] ] } },
{ "type": "Feature", "properties": { "class": "Class1", "id": 97 }, "geometry": { "type": "Polygon", "coordinates": [ [ [ 44.706384, 20.429760119940031 ], [ 44.706192, 20.429760119940031 ], [ 44.706192, 20.429580209895054 ], [ 44.706192, 20.429400299850077 ], [ 44.706, 20.429400299850077 ], [ 44.705808, 20.429400299850077 ], [ 44.705808, 20.429220389805099 ], [ 44.705616, 20.429220389805099 ], [ 44.705616, 20.429040479760122 ], [ 44.705616, 20.427511244377811 ], [ 44.706768, 20.427511244377811 ], [ 44.706768, 20.4276011994003 ], [ 44.706768, 20.427691154422789 ], [ 44.70696, 20.427691154422789 ], [ 44.70696, 20.427961019490258 ], [ 44.70696, 20.428860569715145 ], [ 44.70696, 20.429220389805099 ], [ 44.70696, 20.429580209895054 ], [ 44.70696, 20.429760119940031 ], [ 44.706768, 20.429760119940031 ], [ 44.706384, 20.429760119940031 ] ] ] } },
{ "type": "Feature", "properties": { "class": "Class1", "id": 98 }, "geometry": { "type": "Polygon", "coordinates": [ [ [ 44.70024, 20.430659670164918 ], [ 44.70024, 20.429040479760122 ], [ 44.700432, 20.429040479760122 ], [ 44.700624, 20.429040479760122 ], [ 44.700624, 20.428860569715145 ], [ 44.700816, 20.428860569715145 ], [ 44.701008, 20.428860569715145 ], [ 44.701008, 20.428680659670167 ], [ 44.7012, 20.428680659670167 ], [ 44.7012, 20.42850074962519 ], [ 44.701296, 20.42850074962519 ], [ 44.701488, 20.42850074962519 ], [ 44.701488, 20.428320839580213 ], [ 44.701584, 20.428320839580213 ], [ 44.701584, 20.428140929535235 ], [ 44.701776, 20.428140929535235 ], [ 44.701776, 20.427961019490258 ], [ 44.701968, 20.427961019490258 ], [ 44.701968, 20.427781109445277 ], [ 44.701968, 20.427691154422789 ], [ 44.70216, 20.427691154422789 ], [ 44.70216, 20.4276011994003 ], [ 44.70216, 20.427511244377811 ], [ 44.702352, 20.427511244377811 ], [ 44.702352, 20.427421289355323 ], [ 44.702736, 20.427421289355323 ], [ 44.702736, 20.427331334332834 ], [ 44.703024, 20.427331334332834 ], [ 44.703024, 20.427241379310345 ], [ 44.703504, 20.427241379310345 ], [ 44.703504, 20.427151424287857 ], [ 44.703888, 20.427151424287857 ], [ 44.703888, 20.427061469265368 ], [ 44.704272, 20.427061469265368 ], [ 44.704272, 20.426971514242879 ], [ 44.704464, 20.426971514242879 ], [ 44.704464, 20.426881559220391 ], [ 44.704752, 20.426881559220391 ], [ 44.704752, 20.426971514242879 ], [ 44.705232, 20.426971514242879 ], [ 44.705232, 20.427061469265368 ], [ 44.705232, 20.427151424287857 ], [ 44.705424, 20.427151424287857 ], [ 44.705424, 20.427331334332834 ], [ 44.705424, 20.427511244377811 ], [ 44.705616, 20.427511244377811 ], [ 44.705616, 20.4276011994003 ], [ 44.705616, 20.429040479760122 ], [ 44.705232, 20.429040479760122 ], [ 44.704656, 20.429040479760122 ], [ 44.704656, 20.428860569715145 ], [ 44.704464, 20.428860569715145 ], [ 44.704464, 20.429040479760122 ], [ 44.703888, 20.429040479760122 ], [ 44.703504, 20.429040479760122 ], [ 44.703504, 20.429220389805099 ], [ 44.703312, 20.429220389805099 ], [ 44.703024, 20.429220389805099 ], [ 44.703024, 20.429400299850077 ], [ 44.702928, 20.429400299850077 ], [ 44.702928, 20.429580209895054 ], [ 44.702736, 20.429580209895054 ], [ 44.702736, 20.429760119940031 ], [ 44.702544, 20.429760119940031 ], [ 44.702544, 20.429940029985008 ], [ 44.702352, 20.429940029985008 ], [ 44.702352, 20.430119940029986 ], [ 44.70216, 20.430119940029986 ], [ 44.70216, 20.430299850074963 ], [ 44.70216, 20.43047976011994 ], [ 44.701968, 20.43047976011994 ], [ 44.701968, 20.430569715142429 ], [ 44.701968, 20.430659670164918 ], [ 44.701776, 20.430659670164918 ], [ 44.701776, 20.430569715142429 ], [ 44.701584, 20.430569715142429 ], [ 44.701584, 20.430299850074963 ], [ 44.701584, 20.430209895052474 ], [ 44.701488, 20.430209895052474 ], [ 44.701488, 20.430119940029986 ], [ 44.701296, 20.430119940029986 ], [ 44.7012, 20.430119940029986 ], [ 44.7012, 20.429940029985008 ], [ 44.701008, 20.429940029985008 ], [ 44.701008, 20.429760119940031 ], [ 44.700816, 20.429760119940031 ], [ 44.700816, 20.429580209895054 ], [ 44.700432, 20.429580209895054 ], [ 44.700432, 20.429760119940031 ], [ 44.700432, 20.430119940029986 ], [ 44.700432, 20.430389805097452 ], [ 44.700624, 20.430389805097452 ], [ 44.700624, 20.430659670164918 ], [ 44.70024, 20.430659670164918 ] ] ] } },
{ "type": "Feature", "properties": { "class": "Class1", "id": 99 }, "geometry": { "type": "Polygon", "coordinates": [ [ [ 44.748624, 20.428860569715145 ], [ 44.748432, 20.428860569715145 ], [ 44.748432, 20.428680659670167 ], [ 44.74824, 20.428680659670167 ], [ 44.74824, 20.42850074962519 ], [ 44.748048, 20.42850074962519 ], [ 44.748048, 20.428320839580213 ], [ 44.747664, 20.428320839580213 ], [ 44.747664, 20.42850074962519 ], [ 44.747568, 20.42850074962519 ], [ 44.747568, 20.428680659670167 ], [ 44.747376, 20.428680659670167 ], [ 44.74728, 20.428680659670167 ], [ 44.74728, 20.428860569715145 ], [ 44.746896, 20.428860569715145 ], [ 44.746896, 20.428320839580213 ], [ 44.747088, 20.428320839580213 ], [ 44.747088, 20.427961019490258 ], [ 44.747088, 20.427781109445277 ], [ 44.747088, 20.427691154422789 ], [ 44.74728, 20.427691154422789 ], [ 44.74728, 20.427511244377811 ], [ 44.747376, 20.427511244377811 ], [ 44.747376, 20.427331334332834 ], [ 44.747568, 20.427331334332834 ], [ 44.747568, 20.427151424287857 ], [ 44.747664, 20.427151424287857 ], [ 44.747664, 20.427061469265368 ], [ 44.747664, 20.426971514242879 ], [ 44.747856, 20.426971514242879 ], [ 44.747856, 20.426881559220391 ], [ 44.747856, 20.426701649175413 ], [ 44.748048, 20.426701649175413 ], [ 44.74824, 20.426701649175413 ], [ 44.74824, 20.426881559220391 ], [ 44.748432, 20.426881559220391 ], [ 44.748624, 20.426881559220391 ], [ 44.748624, 20.426971514242879 ], [ 44.748624, 20.427061469265368 ], [ 44.748816, 20.427061469265368 ], [ 44.748816, 20.427151424287857 ], [ 44.749008, 20.427151424287857 ], [ 44.749008, 20.427241379310345 ], [ 44.749104, 20.427241379310345 ], [ 44.749104, 20.427331334332834 ], [ 44.749296, 20.427331334332834 ], [ 44.749296, 20.427421289355323 ], [ 44.749968, 20.427421289355323 ], [ 44.749968, 20.427511244377811 ], [ 44.75016, 20.427511244377811 ], [ 44.75016, 20.427691154422789 ], [ 44.749968, 20.427691154422789 ], [ 44.749968, 20.427781109445277 ], [ 44.749968, 20.427961019490258 ], [ 44.749776, 20.427961019490258 ], [ 44.749776, 20.428140929535235 ], [ 44.749584, 20.428140929535235 ], [ 44.749584, 20.428320839580213 ], [ 44.749392, 20.428320839580213 ], [ 44.749392, 20.42850074962519 ], [ 44.749296, 20.42850074962519 ], [ 44.749296, 20.428680659670167 ], [ 44.749008, 20.428680659670167 ], [ 44.749008, 20.428860569715145 ], [ 44.748624, 20.428860569715145 ] ] ] } },
{ "type": "Feature", "properties": { "class": "Class1", "id": 100 }, "geometry": { "type": "Polygon", "coordinates": [ [ [ 44.752752, 20.427421289355323 ], [ 44.752752, 20.427331334332834 ], [ 44.75256, 20.427331334332834 ], [ 44.75256, 20.427241379310345 ], [ 44.752464, 20.427241379310345 ], [ 44.752464, 20.427151424287857 ], [ 44.752464, 20.427061469265368 ], [ 44.752272, 20.427061469265368 ], [ 44.752272, 20.426701649175413 ], [ 44.752464, 20.426701649175413 ], [ 44.752464, 20.426521739130436 ], [ 44.75256, 20.426521739130436 ], [ 44.752848, 20.426521739130436 ], [ 44.752848, 20.426341829085459 ], [ 44.753232, 20.426341829085459 ], [ 44.753232, 20.426521739130436 ], [ 44.753424, 20.426521739130436 ], [ 44.753424, 20.426701649175413 ], [ 44.753616, 20.426701649175413 ], [ 44.753616, 20.426971514242879 ], [ 44.753424, 20.426971514242879 ], [ 44.753424, 20.427061469265368 ], [ 44.753232, 20.427061469265368 ], [ 44.753232, 20.427151424287857 ], [ 44.753232, 20.427331334332834 ], [ 44.75304, 20.427331334332834 ], [ 44.75304, 20.427421289355323 ], [ 44.752752, 20.427421289355323 ] ] ] } },
{ "type": "Feature", "properties": { "class": "Class1", "id": 101 }, "geometry": { "type": "Polygon", "coordinates": [ [ [ 44.746128, 20.427961019490258 ], [ 44.746128, 20.427691154422789 ], [ 44.745936, 20.427691154422789 ], [ 44.745936, 20.4276011994003 ], [ 44.74584, 20.4276011994003 ], [ 44.74584, 20.427691154422789 ], [ 44.74536, 20.427691154422789 ], [ 44.74536, 20.4276011994003 ], [ 44.745168, 20.4276011994003 ], [ 44.745168, 20.427511244377811 ], [ 44.745168, 20.427151424287857 ], [ 44.745168, 20.427061469265368 ], [ 44.74536, 20.427061469265368 ], [ 44.74536, 20.426971514242879 ], [ 44.74536, 20.426881559220391 ], [ 44.745552, 20.426881559220391 ], [ 44.745552, 20.426701649175413 ], [ 44.745648, 20.426701649175413 ], [ 44.74584, 20.426701649175413 ], [ 44.74584, 20.426521739130436 ], [ 44.745936, 20.426521739130436 ], [ 44.745936, 20.426341829085459 ], [ 44.746128, 20.426341829085459 ], [ 44.746128, 20.426161919040482 ], [ 44.74632, 20.426161919040482 ], [ 44.74632, 20.425982008995504 ], [ 44.746512, 20.425982008995504 ], [ 44.746512, 20.425802098950527 ], [ 44.746896, 20.425802098950527 ], [ 44.746896, 20.425982008995504 ], [ 44.747088, 20.425982008995504 ], [ 44.747088, 20.426161919040482 ], [ 44.74728, 20.426161919040482 ], [ 44.747376, 20.426161919040482 ], [ 44.747376, 20.426341829085459 ], [ 44.747568, 20.426341829085459 ], [ 44.747664, 20.426341829085459 ], [ 44.747664, 20.426521739130436 ], [ 44.747856, 20.426521739130436 ], [ 44.747856, 20.426701649175413 ], [ 44.747856, 20.426881559220391 ], [ 44.747856, 20.426971514242879 ], [ 44.747664, 20.426971514242879 ], [ 44.747664, 20.427061469265368 ], [ 44.747664, 20.427151424287857 ], [ 44.747568, 20.427151424287857 ], [ 44.747568, 20.427331334332834 ], [ 44.747376, 20.427331334332834 ], [ 44.747376, 20.427511244377811 ], [ 44.74728, 20.427511244377811 ], [ 44.74728, 20.427691154422789 ], [ 44.747088, 20.427691154422789 ], [ 44.747088, 20.427781109445277 ], [ 44.747088, 20.427961019490258 ], [ 44.746896, 20.427961019490258 ], [ 44.746128, 20.427961019490258 ] ] ] } },
{ "type": "Feature", "properties": { "class": "Class1", "id": 102 }, "geometry": { "type": "Polygon", "coordinates": [ [ [ 44.727888, 20.430119940029986 ], [ 44.727888, 20.429940029985008 ], [ 44.727696, 20.429940029985008 ], [ 44.727696, 20.429760119940031 ], [ 44.727504, 20.429760119940031 ], [ 44.727504, 20.429580209895054 ], [ 44.727312, 20.429580209895054 ], [ 44.727312, 20.429400299850077 ], [ 44.727312, 20.429220389805099 ], [ 44.72712, 20.429220389805099 ], [ 44.72712, 20.428680659670167 ], [ 44.727312, 20.428680659670167 ], [ 44.727312, 20.428320839580213 ], [ 44.72712, 20.428320839580213 ], [ 44.72712, 20.427961019490258 ], [ 44.72712, 20.427781109445277 ], [ 44.726928, 20.427781109445277 ], [ 44.726928, 20.427691154422789 ], [ 44.726928, 20.4276011994003 ], [ 44.726736, 20.4276011994003 ], [ 44.726736, 20.427511244377811 ], [ 44.726448, 20.427511244377811 ], [ 44.726448, 20.427421289355323 ], [ 44.72616, 20.427421289355323 ], [ 44.72616, 20.427151424287857 ], [ 44.72616, 20.426971514242879 ], [ 44.726352, 20.426971514242879 ], [ 44.726352, 20.426881559220391 ], [ 44.726448, 20.426881559220391 ], [ 44.726448, 20.426701649175413 ], [ 44.72664, 20.426701649175413 ], [ 44.726736, 20.426701649175413 ], [ 44.726736, 20.426521739130436 ], [ 44.726928, 20.426521739130436 ], [ 44.726928, 20.426341829085459 ], [ 44.72712, 20.426341829085459 ], [ 44.72712, 20.426161919040482 ], [ 44.727312, 20.426161919040482 ], [ 44.727312, 20.425982008995504 ], [ 44.727504, 20.425982008995504 ], [ 44.727504, 20.425802098950527 ], [ 44.727696, 20.425802098950527 ], [ 44.727696, 20.42562218890555 ], [ 44.727888, 20.42562218890555 ], [ 44.72808, 20.42562218890555 ], [ 44.72808, 20.425802098950527 ], [ 44.728176, 20.425802098950527 ], [ 44.728368, 20.425802098950527 ], [ 44.728368, 20.425982008995504 ], [ 44.728464, 20.425982008995504 ], [ 44.728464, 20.426161919040482 ], [ 44.728656, 20.426161919040482 ], [ 44.728656, 20.426341829085459 ], [ 44.728848, 20.426341829085459 ], [ 44.728848, 20.426521739130436 ], [ 44.72904, 20.426521739130436 ], [ 44.729232, 20.426521739130436 ], [ 44.729232, 20.426701649175413 ], [ 44.729424, 20.426701649175413 ], [ 44.729424, 20.426881559220391 ], [ 44.729616, 20.426881559220391 ], [ 44.729616, 20.426971514242879 ], [ 44.729808, 20.426971514242879 ], [ 44.729808, 20.427061469265368 ], [ 44.729808, 20.427151424287857 ], [ 44.73, 20.427151424287857 ], [ 44.73, 20.427241379310345 ], [ 44.730096, 20.427241379310345 ], [ 44.730096, 20.427331334332834 ], [ 44.730192, 20.427331334332834 ], [ 44.730192, 20.427421289355323 ], [ 44.730384, 20.427421289355323 ], [ 44.730384, 20.427511244377811 ], [ 44.730384, 20.4276011994003 ], [ 44.730576, 20.4276011994003 ], [ 44.730576, 20.427691154422789 ], [ 44.730576, 20.427961019490258 ], [ 44.730576, 20.428140929535235 ], [ 44.730384, 20.428140929535235 ], [ 44.730384, 20.428320839580213 ], [ 44.730192, 20.428320839580213 ], [ 44.730192, 20.42850074962519 ], [ 44.730192, 20.428680659670167 ], [ 44.730096, 20.428680659670167 ], [ 44.73, 20.428680659670167 ], [ 44.73, 20.428860569715145 ], [ 44.729808, 20.428860569715145 ], [ 44.729808, 20.429040479760122 ], [ 44.729616, 20.429040479760122 ], [ 44.729616, 20.429220389805099 ], [ 44.729424, 20.429220389805099 ], [ 44.729424, 20.429400299850077 ], [ 44.729232, 20.429400299850077 ], [ 44.729232, 20.429580209895054 ], [ 44.72904, 20.429580209895054 ], [ 44.728848, 20.429580209895054 ], [ 44.728848, 20.429760119940031 ], [ 44.728656, 20.429760119940031 ], [ 44.728656, 20.429940029985008 ], [ 44.728464, 20.429940029985008 ], [ 44.728464, 20.430119940029986 ], [ 44.727888, 20.430119940029986 ] ] ] } },
{ "type": "Feature", "properties": { "class": "Class1", "id": 103 }, "geometry": { "type": "Polygon", "coordinates": [ [ [ 44.724624, 20.428680659670167 ], [ 44.724432, 20.428680659670167 ], [ 44.724432, 20.42850074962519 ], [ 44.724432, 20.428320839580213 ], [ 44.72424, 20.428320839580213 ], [ 44.724048, 20.428320839580213 ], [ 44.724048, 20.428140929535235 ], [ 44.723856, 20.428140929535235 ], [ 44.723664, 20.428140929535235 ], [ 44.723664, 20.427961019490258 ], [ 44.723472, 20.427961019490258 ], [ 44.723472, 20.427781109445277 ], [ 44.72328, 20.427781109445277 ], [ 44.72328, 20.427691154422789 ], [ 44.72328, 20.427331334332834 ], [ 44.72328, 20.427241379310345 ], [ 44.723472, 20.427241379310345 ], [ 44.723472, 20.427151424287857 ], [ 44.723472, 20.427061469265368 ], [ 44.723664, 20.427061469265368 ], [ 44.723664, 20.426881559220391 ], [ 44.723856, 20.426881559220391 ], [ 44.723856, 20.426701649175413 ], [ 44.724048, 20.426701649175413 ], [ 44.724048, 20.426521739130436 ], [ 44.724048, 20.426341829085459 ], [ 44.72424, 20.426341829085459 ], [ 44.72424, 20.426161919040482 ], [ 44.724624, 20.426161919040482 ], [ 44.724624, 20.425982008995504 ], [ 44.72472, 20.425982008995504 ], [ 44.724912, 20.425982008995504 ], [ 44.724912, 20.425802098950527 ], [ 44.725008, 20.425802098950527 ], [ 44.7252, 20.425802098950527 ], [ 44.7252, 20.42562218890555 ], [ 44.725392, 20.42562218890555 ], [ 44.725584, 20.42562218890555 ], [ 44.725584, 20.425442278860572 ], [ 44.725776, 20.425442278860572 ], [ 44.725776, 20.425262368815595 ], [ 44.725968, 20.425262368815595 ], [ 44.725968, 20.425442278860572 ], [ 44.72616, 20.425442278860572 ], [ 44.72616, 20.425802098950527 ], [ 44.726352, 20.425802098950527 ], [ 44.726352, 20.426701649175413 ], [ 44.72616, 20.426701649175413 ], [ 44.72616, 20.426881559220391 ], [ 44.72616, 20.427061469265368 ], [ 44.725968, 20.427061469265368 ], [ 44.725968, 20.427151424287857 ], [ 44.725968, 20.427241379310345 ], [ 44.725776, 20.427241379310345 ], [ 44.725776, 20.427331334332834 ], [ 44.725776, 20.427421289355323 ], [ 44.725584, 20.427421289355323 ], [ 44.725584, 20.427511244377811 ], [ 44.725584, 20.4276011994003 ], [ 44.725392, 20.4276011994003 ], [ 44.725392, 20.427691154422789 ], [ 44.725392, 20.427781109445277 ], [ 44.7252, 20.427781109445277 ], [ 44.7252, 20.427961019490258 ], [ 44.7252, 20.428140929535235 ], [ 44.725008, 20.428140929535235 ], [ 44.724912, 20.428140929535235 ], [ 44.724912, 20.428320839580213 ], [ 44.72472, 20.428320839580213 ], [ 44.724624, 20.428320839580213 ], [ 44.724624, 20.428680659670167 ] ] ] } },
{ "type": "Feature", "properties": { "class": "Class1", "id": 104 }, "geometry": { "type": "Polygon", "coordinates": [ ] } },
{ "type": "Feature", "properties": { "class": "Class1", "id": 105 }, "geometry": { "type": "Polygon", "coordinates": [ [ [ 44.758608, 20.428680659670167 ], [ 44.758416, 20.428680659670167 ], [ 44.758416, 20.42850074962519 ], [ 44.758416, 20.428320839580213 ], [ 44.758224, 20.428320839580213 ], [ 44.758224, 20.428140929535235 ], [ 44.758224, 20.427961019490258 ], [ 44.758032, 20.427961019490258 ], [ 44.758032, 20.427691154422789 ], [ 44.758032, 20.427511244377811 ], [ 44.757936, 20.427511244377811 ], [ 44.757936, 20.427331334332834 ], [ 44.757648, 20.427331334332834 ], [ 44.757648, 20.427241379310345 ], [ 44.757264, 20.427241379310345 ], [ 44.757264, 20.427331334332834 ], [ 44.75688, 20.427331334332834 ], [ 44.75688, 20.426881559220391 ], [ 44.757072, 20.426881559220391 ], [ 44.757072, 20.426701649175413 ], [ 44.757264, 20.426701649175413 ], [ 44.757264, 20.426521739130436 ], [ 44.757456, 20.426521739130436 ], [ 44.757648, 20.426521739130436 ], [ 44.757648, 20.426341829085459 ], [ 44.757744, 20.426341829085459 ], [ 44.758032, 20.426341829085459 ], [ 44.758032, 20.426161919040482 ], [ 44.758224, 20.426161919040482 ], [ 44.758224, 20.425982008995504 ], [ 44.758416, 20.425982008995504 ], [ 44.758608, 20.425982008995504 ], [ 44.758608, 20.425802098950527 ], [ 44.7588, 20.425802098950527 ], [ 44.7588, 20.42562218890555 ], [ 44.758992, 20.42562218890555 ], [ 44.758992, 20.425442278860572 ], [ 44.759184, 20.425442278860572 ], [ 44.759184, 20.425262368815595 ], [ 44.759376, 20.425262368815595 ], [ 44.759568, 20.425262368815595 ], [ 44.75976, 20.425262368815595 ], [ 44.75976, 20.425442278860572 ], [ 44.759952, 20.425442278860572 ], [ 44.759952, 20.42562218890555 ], [ 44.760144, 20.42562218890555 ], [ 44.760144, 20.427691154422789 ], [ 44.759952, 20.427691154422789 ], [ 44.759952, 20.427961019490258 ], [ 44.75976, 20.427961019490258 ], [ 44.759664, 20.427961019490258 ], [ 44.759664, 20.428140929535235 ], [ 44.759568, 20.428140929535235 ], [ 44.759376, 20.428140929535235 ], [ 44.759376, 20.428320839580213 ], [ 44.759376, 20.42850074962519 ], [ 44.759184, 20.42850074962519 ], [ 44.759184, 20.428680659670167 ], [ 44.758608, 20.428680659670167 ] ] ] } },
{ "type": "Feature", "properties": { "class": "Class1", "id": 106 }, "geometry": { "type": "Polygon", "coordinates": [ [ [ 44.721744, 20.432998500749626 ], [ 44.721744, 20.432818590704649 ], [ 44.721552, 20.432818590704649 ], [ 44.721552, 20.432638680659672 ], [ 44.721456, 20.432638680659672 ], [ 44.721264, 20.432638680659672 ], [ 44.721264, 20.432458770614694 ], [ 44.721168, 20.432458770614694 ], [ 44.721168, 20.432278860569717 ], [ 44.720976, 20.432278860569717 ], [ 44.720784, 20.432278860569717 ], [ 44.720784, 20.43209895052474 ], [ 44.720592, 20.43209895052474 ], [ 44.720592, 20.431919040479762 ], [ 44.7204, 20.431919040479762 ], [ 44.720208, 20.431919040479762 ], [ 44.720208, 20.431739130434785 ], [ 44.720016, 20.431739130434785 ], [ 44.720016, 20.431559220389808 ], [ 44.719824, 20.431559220389808 ], [ 44.719824, 20.43137931034483 ], [ 44.719728, 20.43137931034483 ], [ 44.719728, 20.431199400299853 ], [ 44.719536, 20.431199400299853 ], [ 44.71944, 20.431199400299853 ], [ 44.71944, 20.431019490254872 ], [ 44.71944, 20.430929535232384 ], [ 44.719248, 20.430929535232384 ], [ 44.719248, 20.430839580209895 ], [ 44.719248, 20.430749625187406 ], [ 44.719056, 20.430749625187406 ], [ 44.719056, 20.430659670164918 ], [ 44.719056, 20.430569715142429 ], [ 44.718864, 20.430569715142429 ], [ 44.718864, 20.43047976011994 ], [ 44.718864, 20.430389805097452 ], [ 44.718672, 20.430389805097452 ], [ 44.718672, 20.430299850074963 ], [ 44.718672, 20.430209895052474 ], [ 44.71848, 20.430209895052474 ], [ 44.71848, 20.430119940029986 ], [ 44.718288, 20.430119940029986 ], [ 44.718288, 20.429940029985008 ], [ 44.718096, 20.429940029985008 ], [ 44.718, 20.429940029985008 ], [ 44.718, 20.429760119940031 ], [ 44.717808, 20.429760119940031 ], [ 44.717712, 20.429760119940031 ], [ 44.717712, 20.429580209895054 ], [ 44.71752, 20.429580209895054 ], [ 44.71752, 20.429400299850077 ], [ 44.717328, 20.429400299850077 ], [ 44.717328, 20.429220389805099 ], [ 44.717136, 20.429220389805099 ], [ 44.717136, 20.429040479760122 ], [ 44.716944, 20.429040479760122 ], [ 44.716944, 20.428860569715145 ], [ 44.716752, 20.428860569715145 ], [ 44.716752, 20.428320839580213 ], [ 44.716752, 20.428140929535235 ], [ 44.716944, 20.428140929535235 ], [ 44.717136, 20.428140929535235 ], [ 44.717136, 20.427961019490258 ], [ 44.717328, 20.427961019490258 ], [ 44.717328, 20.427781109445277 ], [ 44.717328, 20.427691154422789 ], [ 44.71752, 20.427691154422789 ], [ 44.71752, 20.4276011994003 ], [ 44.71752, 20.427511244377811 ], [ 44.717712, 20.427511244377811 ], [ 44.717712, 20.427421289355323 ], [ 44.717712, 20.427331334332834 ], [ 44.717808, 20.427331334332834 ], [ 44.717808, 20.427241379310345 ], [ 44.718, 20.427241379310345 ], [ 44.718, 20.427151424287857 ], [ 44.718096, 20.427151424287857 ], [ 44.718096, 20.427061469265368 ], [ 44.718096, 20.426971514242879 ], [ 44.718288, 20.426971514242879 ], [ 44.718288, 20.426881559220391 ], [ 44.71848, 20.426881559220391 ], [ 44.71848, 20.426701649175413 ], [ 44.718672, 20.426701649175413 ], [ 44.718672, 20.426521739130436 ], [ 44.718864, 20.426521739130436 ], [ 44.718864, 20.426341829085459 ], [ 44.719056, 20.426341829085459 ], [ 44.719056, 20.426161919040482 ], [ 44.719056, 20.425982008995504 ], [ 44.719248, 20.425982008995504 ], [ 44.71944, 20.425982008995504 ], [ 44.71944, 20.425802098950527 ], [ 44.71944, 20.42562218890555 ], [ 44.719536, 20.42562218890555 ], [ 44.719728, 20.42562218890555 ], [ 44.719728, 20.425442278860572 ], [ 44.719824, 20.425442278860572 ], [ 44.719824, 20.425262368815595 ], [ 44.720016, 20.425262368815595 ], [ 44.720016, 20.425082458770618 ], [ 44.720208, 20.425082458770618 ], [ 44.720208, 20.425262368815595 ], [ 44.7204, 20.425262368815595 ], [ 44.7204, 20.42562218890555 ], [ 44.7204, 20.425802098950527 ], [ 44.720592, 20.425802098950527 ], [ 44.720592, 20.425982008995504 ], [ 44.720784, 20.425982008995504 ], [ 44.720784, 20.426161919040482 ], [ 44.720976, 20.426161919040482 ], [ 44.720976, 20.426341829085459 ], [ 44.721168, 20.426341829085459 ], [ 44.721168, 20.426521739130436 ], [ 44.721264, 20.426521739130436 ], [ 44.721456, 20.426521739130436 ], [ 44.721456, 20.426701649175413 ], [ 44.721552, 20.426701649175413 ], [ 44.721552, 20.426881559220391 ], [ 44.721744, 20.426881559220391 ], [ 44.721744, 20.426971514242879 ], [ 44.721936, 20.426971514242879 ], [ 44.721936, 20.427061469265368 ], [ 44.721936, 20.427421289355323 ], [ 44.721936, 20.427511244377811 ], [ 44.721744, 20.427511244377811 ], [ 44.721744, 20.427691154422789 ], [ 44.722128, 20.427691154422789 ], [ 44.72232, 20.427691154422789 ], [ 44.72232, 20.427781109445277 ], [ 44.722512, 20.427781109445277 ], [ 44.722512, 20.427961019490258 ], [ 44.722704, 20.427961019490258 ], [ 44.722704, 20.428140929535235 ], [ 44.722896, 20.428140929535235 ], [ 44.72328, 20.428140929535235 ], [ 44.72328, 20.428320839580213 ], [ 44.723472, 20.428320839580213 ], [ 44.723664, 20.428320839580213 ], [ 44.723664, 20.42850074962519 ], [ 44.723664, 20.428680659670167 ], [ 44.723664, 20.428860569715145 ], [ 44.723472, 20.428860569715145 ], [ 44.723472, 20.429040479760122 ], [ 44.723472, 20.429580209895054 ], [ 44.723664, 20.429580209895054 ], [ 44.723856, 20.429580209895054 ], [ 44.723856, 20.429400299850077 ], [ 44.724048, 20.429400299850077 ], [ 44.724048, 20.429220389805099 ], [ 44.72424, 20.429220389805099 ], [ 44.72424, 20.429040479760122 ], [ 44.724432, 20.429040479760122 ], [ 44.724624, 20.429040479760122 ], [ 44.724624, 20.429220389805099 ], [ 44.724624, 20.430209895052474 ], [ 44.72424, 20.430209895052474 ], [ 44.72424, 20.430119940029986 ], [ 44.72328, 20.430119940029986 ], [ 44.72328, 20.430209895052474 ], [ 44.722992, 20.430209895052474 ], [ 44.722992, 20.430299850074963 ], [ 44.722896, 20.430299850074963 ], [ 44.722896, 20.430389805097452 ], [ 44.722896, 20.43047976011994 ], [ 44.722704, 20.43047976011994 ], [ 44.722704, 20.430569715142429 ], [ 44.722512, 20.430569715142429 ], [ 44.722512, 20.430659670164918 ], [ 44.722512, 20.430749625187406 ], [ 44.72232, 20.430749625187406 ], [ 44.72232, 20.430839580209895 ], [ 44.72232, 20.430929535232384 ], [ 44.722128, 20.430929535232384 ], [ 44.722128, 20.431199400299853 ], [ 44.722128, 20.43137931034483 ], [ 44.721936, 20.43137931034483 ], [ 44.721936, 20.431559220389808 ], [ 44.721936, 20.432458770614694 ], [ 44.721936, 20.432818590704649 ], [ 44.721936, 20.432998500749626 ], [ 44.721744, 20.432998500749626 ] ] ] } },
{ "type": "Feature", "properties": { "class": "Class1", "id": 107 }, "geometry": { "type": "Polygon", "coordinates": [ [ [ 44.74248, 20.429040479760122 ], [ 44.74248, 20.428860569715145 ], [ 44.74248, 20.42850074962519 ], [ 44.742288, 20.42850074962519 ], [ 44.742288, 20.428320839580213 ], [ 44.741712, 20.428320839580213 ], [ 44.741712, 20.428140929535235 ], [ 44.74152, 20.428140929535235 ], [ 44.74152, 20.427961019490258 ], [ 44.741232, 20.427961019490258 ], [ 44.741136, 20.427961019490258 ], [ 44.741136, 20.427781109445277 ], [ 44.741136, 20.427691154422789 ], [ 44.740944, 20.427691154422789 ], [ 44.740944, 20.4276011994003 ], [ 44.740752, 20.4276011994003 ], [ 44.740752, 20.427511244377811 ], [ 44.740752, 20.427421289355323 ], [ 44.74056, 20.427421289355323 ], [ 44.74056, 20.427331334332834 ], [ 44.74056, 20.427241379310345 ], [ 44.740368, 20.427241379310345 ], [ 44.740368, 20.427151424287857 ], [ 44.740368, 20.427061469265368 ], [ 44.740176, 20.427061469265368 ], [ 44.740176, 20.426701649175413 ], [ 44.740368, 20.426701649175413 ], [ 44.740368, 20.426521739130436 ], [ 44.74056, 20.426521739130436 ], [ 44.74056, 20.426341829085459 ], [ 44.740752, 20.426341829085459 ], [ 44.740752, 20.426161919040482 ], [ 44.740944, 20.426161919040482 ], [ 44.740944, 20.425982008995504 ], [ 44.741136, 20.425982008995504 ], [ 44.741136, 20.425802098950527 ], [ 44.741232, 20.425802098950527 ], [ 44.741232, 20.42562218890555 ], [ 44.74152, 20.42562218890555 ], [ 44.74152, 20.425442278860572 ], [ 44.741712, 20.425442278860572 ], [ 44.741904, 20.425442278860572 ], [ 44.741904, 20.425262368815595 ], [ 44.742096, 20.425262368815595 ], [ 44.742096, 20.425082458770618 ], [ 44.742288, 20.425082458770618 ], [ 44.742288, 20.425262368815595 ], [ 44.74248, 20.425262368815595 ], [ 44.74248, 20.425442278860572 ], [ 44.742672, 20.425442278860572 ], [ 44.742672, 20.42562218890555 ], [ 44.742864, 20.42562218890555 ], [ 44.742864, 20.425802098950527 ], [ 44.74296, 20.425802098950527 ], [ 44.743248, 20.425802098950527 ], [ 44.743248, 20.425982008995504 ], [ 44.74344, 20.425982008995504 ], [ 44.74344, 20.426161919040482 ], [ 44.743632, 20.426161919040482 ], [ 44.743632, 20.426341829085459 ], [ 44.743824, 20.426341829085459 ], [ 44.743824, 20.426521739130436 ], [ 44.744016, 20.426521739130436 ], [ 44.744016, 20.426701649175413 ], [ 44.744208, 20.426701649175413 ], [ 44.744208, 20.426881559220391 ], [ 44.7444, 20.426881559220391 ], [ 44.7444, 20.426971514242879 ], [ 44.7444, 20.427061469265368 ], [ 44.744592, 20.427061469265368 ], [ 44.744592, 20.427151424287857 ], [ 44.744784, 20.427151424287857 ], [ 44.744784, 20.427421289355323 ], [ 44.744592, 20.427421289355323 ], [ 44.744592, 20.427511244377811 ], [ 44.744592, 20.4276011994003 ], [ 44.7444, 20.4276011994003 ], [ 44.7444, 20.427691154422789 ], [ 44.7444, 20.427781109445277 ], [ 44.744208, 20.427781109445277 ], [ 44.744208, 20.427961019490258 ], [ 44.744016, 20.427961019490258 ], [ 44.744016, 20.428140929535235 ], [ 44.743824, 20.428140929535235 ], [ 44.743824, 20.428320839580213 ], [ 44.743632, 20.428320839580213 ], [ 44.743632, 20.42850074962519 ], [ 44.74344, 20.42850074962519 ], [ 44.74344, 20.428680659670167 ], [ 44.743248, 20.428680659670167 ], [ 44.743248, 20.428860569715145 ], [ 44.743152, 20.428860569715145 ], [ 44.74296, 20.428860569715145 ], [ 44.74296, 20.429040479760122 ], [ 44.742864, 20.429040479760122 ], [ 44.74248, 20.429040479760122 ] ] ] } },
{ "type": "Feature", "properties": { "class": "Class1", "id": 108 }, "geometry": { "type": "Polygon", "coordinates": [ [ [ 44.749008, 20.426161919040482 ], [ 44.748816, 20.426161919040482 ], [ 44.748816, 20.425982008995504 ], [ 44.748624, 20.425982008995504 ], [ 44.748624, 20.425442278860572 ], [ 44.748816, 20.425442278860572 ], [ 44.748816, 20.425262368815595 ], [ 44.749008, 20.425262368815595 ], [ 44.749104, 20.425262368815595 ], [ 44.749104, 20.425082458770618 ], [ 44.749296, 20.425082458770618 ], [ 44.749392, 20.425082458770618 ], [ 44.749392, 20.42490254872564 ], [ 44.749776, 20.42490254872564 ], [ 44.749776, 20.425082458770618 ], [ 44.749968, 20.425082458770618 ], [ 44.749968, 20.425262368815595 ], [ 44.749968, 20.425442278860572 ], [ 44.75016, 20.425442278860572 ], [ 44.75016, 20.42562218890555 ], [ 44.75016, 20.425802098950527 ], [ 44.749968, 20.425802098950527 ], [ 44.749776, 20.425802098950527 ], [ 44.749776, 20.425982008995504 ], [ 44.749584, 20.425982008995504 ], [ 44.749584, 20.426161919040482 ], [ 44.749392, 20.426161919040482 ], [ 44.749008, 20.426161919040482 ] ] ] } },
{ "type": "Feature", "properties": { "class": "Class1", "id": 109 }, "geometry": { "type": "Polygon", "coordinates": [ [ [ 44.709456, 20.429040479760122 ], [ 44.709264, 20.429040479760122 ], [ 44.709264, 20.428860569715145 ], [ 44.709264, 20.428680659670167 ], [ 44.709072, 20.428680659670167 ], [ 44.709072, 20.42850074962519 ], [ 44.70888, 20.42850074962519 ], [ 44.70888, 20.428320839580213 ], [ 44.709072, 20.428320839580213 ], [ 44.709072, 20.428140929535235 ], [ 44.709264, 20.428140929535235 ], [ 44.709264, 20.427961019490258 ], [ 44.709264, 20.427781109445277 ], [ 44.709072, 20.427781109445277 ], [ 44.709072, 20.427691154422789 ], [ 44.709072, 20.4276011994003 ], [ 44.70888, 20.4276011994003 ], [ 44.70888, 20.427061469265368 ], [ 44.709072, 20.427061469265368 ], [ 44.709072, 20.426881559220391 ], [ 44.709072, 20.426701649175413 ], [ 44.709456, 20.426701649175413 ], [ 44.709456, 20.426521739130436 ], [ 44.709648, 20.426521739130436 ], [ 44.709648, 20.426341829085459 ], [ 44.709456, 20.426341829085459 ], [ 44.709456, 20.426161919040482 ], [ 44.709264, 20.426161919040482 ], [ 44.709264, 20.425982008995504 ], [ 44.709072, 20.425982008995504 ], [ 44.709072, 20.425802098950527 ], [ 44.70888, 20.425802098950527 ], [ 44.708688, 20.425802098950527 ], [ 44.708688, 20.42562218890555 ], [ 44.708496, 20.42562218890555 ], [ 44.708496, 20.425442278860572 ], [ 44.708496, 20.42490254872564 ], [ 44.70888, 20.42490254872564 ], [ 44.70888, 20.42472263868066 ], [ 44.70888, 20.424632683658171 ], [ 44.709072, 20.424632683658171 ], [ 44.709072, 20.424542728635682 ], [ 44.709072, 20.424452773613194 ], [ 44.709264, 20.424452773613194 ], [ 44.709264, 20.424272863568216 ], [ 44.709264, 20.424182908545728 ], [ 44.709456, 20.424182908545728 ], [ 44.709456, 20.424272863568216 ], [ 44.709648, 20.424272863568216 ], [ 44.709648, 20.424362818590705 ], [ 44.70984, 20.424362818590705 ], [ 44.70984, 20.424452773613194 ], [ 44.70984, 20.424542728635682 ], [ 44.710128, 20.424542728635682 ], [ 44.710128, 20.424632683658171 ], [ 44.710224, 20.424632683658171 ], [ 44.710224, 20.42472263868066 ], [ 44.710416, 20.42472263868066 ], [ 44.710416, 20.42490254872564 ], [ 44.710608, 20.42490254872564 ], [ 44.710608, 20.425082458770618 ], [ 44.7108, 20.425082458770618 ], [ 44.710992, 20.425082458770618 ], [ 44.710992, 20.425262368815595 ], [ 44.711184, 20.425262368815595 ], [ 44.711376, 20.425262368815595 ], [ 44.711376, 20.425442278860572 ], [ 44.711568, 20.425442278860572 ], [ 44.711568, 20.42562218890555 ], [ 44.711856, 20.42562218890555 ], [ 44.711952, 20.42562218890555 ], [ 44.711952, 20.425802098950527 ], [ 44.712336, 20.425802098950527 ], [ 44.712528, 20.425802098950527 ], [ 44.712528, 20.426161919040482 ], [ 44.712336, 20.426161919040482 ], [ 44.712336, 20.426341829085459 ], [ 44.712144, 20.426341829085459 ], [ 44.712144, 20.426521739130436 ], [ 44.711952, 20.426521739130436 ], [ 44.711952, 20.426701649175413 ], [ 44.711856, 20.426701649175413 ], [ 44.711856, 20.426881559220391 ], [ 44.711664, 20.426881559220391 ], [ 44.711568, 20.426881559220391 ], [ 44.711568, 20.426971514242879 ], [ 44.711568, 20.427061469265368 ], [ 44.711376, 20.427061469265368 ], [ 44.711376, 20.427241379310345 ], [ 44.711376, 20.427421289355323 ], [ 44.711184, 20.427421289355323 ], [ 44.711184, 20.4276011994003 ], [ 44.711184, 20.427691154422789 ], [ 44.710992, 20.427691154422789 ], [ 44.710992, 20.427961019490258 ], [ 44.7108, 20.427961019490258 ], [ 44.7108, 20.428140929535235 ], [ 44.710608, 20.428140929535235 ], [ 44.710608, 20.428320839580213 ], [ 44.710608, 20.42850074962519 ], [ 44.710416, 20.42850074962519 ], [ 44.710416, 20.428680659670167 ], [ 44.710224, 20.428680659670167 ], [ 44.710224, 20.428860569715145 ], [ 44.710128, 20.428860569715145 ], [ 44.710128, 20.429040479760122 ], [ 44.709936, 20.429040479760122 ], [ 44.709456, 20.429040479760122 ] ] ] } },
{ "type": "Feature", "properties": { "class": "Class1", "id": 110 }, "geometry": { "type": "Polygon", "coordinates": [ [ [ 44.74728, 20.424632683658171 ], [ 44.74728, 20.424542728635682 ], [ 44.74728, 20.424182908545728 ], [ 44.747376, 20.424182908545728 ], [ 44.747376, 20.42400299850075 ], [ 44.747568, 20.42400299850075 ], [ 44.747568, 20.423913043478262 ], [ 44.747664, 20.423913043478262 ], [ 44.747664, 20.423823088455773 ], [ 44.747856, 20.423823088455773 ], [ 44.747856, 20.424092953523239 ], [ 44.747664, 20.424092953523239 ], [ 44.747664, 20.424182908545728 ], [ 44.747664, 20.424362818590705 ], [ 44.747568, 20.424362818590705 ], [ 44.747568, 20.424452773613194 ], [ 44.747376, 20.424452773613194 ], [ 44.747376, 20.424632683658171 ], [ 44.74728, 20.424632683658171 ] ] ] } },
{ "type": "Feature", "properties": { "class": "Class1", "id": 111 }, "geometry": { "type": "Polygon", "coordinates": [ [ [ 44.75592, 20.424272863568216 ], [ 44.756304, 20.424272863568216 ], [ 44.756304, 20.424182908545728 ], [ 44.756496, 20.424182908545728 ], [ 44.756496, 20.424092953523239 ], [ 44.756688, 20.424092953523239 ], [ 44.756688, 20.42400299850075 ], [ 44.756688, 20.423913043478262 ], [ 44.75688, 20.423913043478262 ], [ 44.75688, 20.423823088455773 ], [ 44.757072, 20.423823088455773 ], [ 44.757264, 20.423823088455773 ], [ 44.757264, 20.42400299850075 ], [ 44.757456, 20.42400299850075 ], [ 44.757456, 20.424092953523239 ], [ 44.757456, 20.424272863568216 ], [ 44.757648, 20.424272863568216 ], [ 44.757648, 20.424362818590705 ], [ 44.757648, 20.424542728635682 ], [ 44.757744, 20.424542728635682 ], [ 44.757744, 20.42472263868066 ], [ 44.757648, 20.42472263868066 ], [ 44.757648, 20.42490254872564 ], [ 44.757456, 20.42490254872564 ], [ 44.757264, 20.42490254872564 ], [ 44.757264, 20.425082458770618 ], [ 44.757072, 20.425082458770618 ], [ 44.757072, 20.425262368815595 ], [ 44.75688, 20.425262368815595 ], [ 44.75688, 20.425442278860572 ], [ 44.756688, 20.425442278860572 ], [ 44.756688, 20.42562218890555 ], [ 44.756304, 20.42562218890555 ], [ 44.756304, 20.425442278860572 ], [ 44.756208, 20.425442278860572 ], [ 44.756208, 20.425262368815595 ], [ 44.756016, 20.425262368815595 ], [ 44.756016, 20.425082458770618 ], [ 44.75592, 20.425082458770618 ], [ 44.75592, 20.42490254872564 ], [ 44.755728, 20.42490254872564 ], [ 44.755728, 20.42472263868066 ], [ 44.755728, 20.424632683658171 ], [ 44.755536, 20.424632683658171 ], [ 44.755536, 20.424362818590705 ], [ 44.755728, 20.424362818590705 ], [ 44.755728, 20.424272863568216 ], [ 44.75592, 20.424272863568216 ] ] ] } },
{ "type": "Feature", "properties": { "class": "Class1", "id": 112 }, "geometry": { "type": "Polygon", "coordinates": [ [ [ 44.730768, 20.427421289355323 ], [ 44.730768, 20.427241379310345 ], [ 44.730576, 20.427241379310345 ], [ 44.730576, 20.427151424287857 ], [ 44.730192, 20.427151424287857 ], [ 44.730192, 20.427061469265368 ], [ 44.730192, 20.426521739130436 ], [ 44.730096, 20.426521739130436 ], [ 44.73, 20.426521739130436 ], [ 44.73, 20.426341829085459 ], [ 44.729808, 20.426341829085459 ], [ 44.729808, 20.426161919040482 ], [ 44.729616, 20.426161919040482 ], [ 44.729616, 20.425982008995504 ], [ 44.729616, 20.425802098950527 ], [ 44.729424, 20.425802098950527 ], [ 44.729424, 20.42562218890555 ], [ 44.729232, 20.42562218890555 ], [ 44.729232, 20.425442278860572 ], [ 44.72904, 20.425442278860572 ], [ 44.72904, 20.425262368815595 ], [ 44.728848, 20.425262368815595 ], [ 44.728176, 20.425262368815595 ], [ 44.728176, 20.425082458770618 ], [ 44.72808, 20.425082458770618 ], [ 44.72808, 20.424452773613194 ], [ 44.728176, 20.424452773613194 ], [ 44.728176, 20.424362818590705 ], [ 44.728656, 20.424362818590705 ], [ 44.728656, 20.424272863568216 ], [ 44.728848, 20.424272863568216 ], [ 44.728848, 20.424182908545728 ], [ 44.728848, 20.424092953523239 ], [ 44.72904, 20.424092953523239 ], [ 44.72904, 20.42400299850075 ], [ 44.72904, 20.423913043478262 ], [ 44.729232, 20.423913043478262 ], [ 44.729232, 20.423823088455773 ], [ 44.729424, 20.423823088455773 ], [ 44.729424, 20.423643178410796 ], [ 44.729616, 20.423643178410796 ], [ 44.729616, 20.423823088455773 ], [ 44.729808, 20.423823088455773 ], [ 44.73, 20.423823088455773 ], [ 44.73, 20.423913043478262 ], [ 44.730096, 20.423913043478262 ], [ 44.730096, 20.42400299850075 ], [ 44.730192, 20.42400299850075 ], [ 44.730192, 20.424092953523239 ], [ 44.730192, 20.424182908545728 ], [ 44.730384, 20.424182908545728 ], [ 44.730384, 20.424272863568216 ], [ 44.730384, 20.424362818590705 ], [ 44.730576, 20.424362818590705 ], [ 44.730576, 20.424452773613194 ], [ 44.730576, 20.424542728635682 ], [ 44.730768, 20.424542728635682 ], [ 44.730768, 20.424632683658171 ], [ 44.730768, 20.42472263868066 ], [ 44.731056, 20.42472263868066 ], [ 44.731056, 20.42490254872564 ], [ 44.731152, 20.42490254872564 ], [ 44.731152, 20.425082458770618 ], [ 44.731344, 20.425082458770618 ], [ 44.731344, 20.425262368815595 ], [ 44.731536, 20.425262368815595 ], [ 44.731536, 20.425442278860572 ], [ 44.731728, 20.425442278860572 ], [ 44.731728, 20.42562218890555 ], [ 44.73192, 20.42562218890555 ], [ 44.732112, 20.42562218890555 ], [ 44.732112, 20.425802098950527 ], [ 44.732304, 20.425802098950527 ], [ 44.732304, 20.425982008995504 ], [ 44.732304, 20.426161919040482 ], [ 44.732304, 20.426341829085459 ], [ 44.732112, 20.426341829085459 ], [ 44.732112, 20.426521739130436 ], [ 44.73192, 20.426521739130436 ], [ 44.73192, 20.426701649175413 ], [ 44.731728, 20.426701649175413 ], [ 44.731728, 20.426881559220391 ], [ 44.731728, 20.426971514242879 ], [ 44.731536, 20.426971514242879 ], [ 44.731536, 20.427061469265368 ], [ 44.731536, 20.427151424287857 ], [ 44.731344, 20.427151424287857 ], [ 44.731344, 20.427331334332834 ], [ 44.731344, 20.427421289355323 ], [ 44.730768, 20.427421289355323 ] ] ] } },
{ "type": "Feature", "properties": { "class": "Class1", "id": 113 }, "geometry": { "type": "Polygon", "coordinates": [ [ [ 44.740368, 20.42490254872564 ], [ 44.740176, 20.42490254872564 ], [ 44.740176, 20.42472263868066 ], [ 44.740176, 20.424632683658171 ], [ 44.739984, 20.424632683658171 ], [ 44.739984, 20.424542728635682 ], [ 44.739984, 20.424452773613194 ], [ 44.739792, 20.424452773613194 ], [ 44.739792, 20.424362818590705 ], [ 44.739792, 20.424272863568216 ], [ 44.739504, 20.424272863568216 ], [ 44.739504, 20.424182908545728 ], [ 44.739408, 20.424182908545728 ], [ 44.739408, 20.424092953523239 ], [ 44.739408, 20.42400299850075 ], [ 44.739216, 20.42400299850075 ], [ 44.739216, 20.423643178410796 ], [ 44.739216, 20.423463268365818 ], [ 44.739408, 20.423463268365818 ], [ 44.739504, 20.423463268365818 ], [ 44.739504, 20.423283358320841 ], [ 44.739696, 20.423283358320841 ], [ 44.739792, 20.423283358320841 ], [ 44.739792, 20.423103448275864 ], [ 44.739984, 20.423103448275864 ], [ 44.740176, 20.423103448275864 ], [ 44.740176, 20.423283358320841 ], [ 44.740368, 20.423283358320841 ], [ 44.740368, 20.423463268365818 ], [ 44.74056, 20.423463268365818 ], [ 44.74056, 20.423643178410796 ], [ 44.740752, 20.423643178410796 ], [ 44.740752, 20.423823088455773 ], [ 44.740944, 20.423823088455773 ], [ 44.740944, 20.423913043478262 ], [ 44.741136, 20.423913043478262 ], [ 44.741136, 20.42400299850075 ], [ 44.741136, 20.424092953523239 ], [ 44.741232, 20.424092953523239 ], [ 44.741232, 20.424272863568216 ], [ 44.741136, 20.424272863568216 ], [ 44.741136, 20.424362818590705 ], [ 44.741136, 20.424452773613194 ], [ 44.740944, 20.424452773613194 ], [ 44.740944, 20.424542728635682 ], [ 44.740944, 20.424632683658171 ], [ 44.740752, 20.424632683658171 ], [ 44.740752, 20.42472263868066 ], [ 44.740752, 20.42490254872564 ], [ 44.740368, 20.42490254872564 ] ] ] } },
{ "type": "Feature", "properties": { "class": "Class1", "id": 114 }, "geometry": { "type": "Polygon", "coordinates": [ [ [ 44.70024, 20.428860569715145 ], [ 44.700048, 20.428860569715145 ], [ 44.700048, 20.422923538230886 ], [ 44.70024, 20.422923538230886 ], [ 44.700432, 20.422923538230886 ], [ 44.700624, 20.422923538230886 ], [ 44.700624, 20.423103448275864 ], [ 44.700816, 20.423103448275864 ], [ 44.701008, 20.423103448275864 ], [ 44.701008, 20.423283358320841 ], [ 44.7012, 20.423283358320841 ], [ 44.7012, 20.423463268365818 ], [ 44.701296, 20.423463268365818 ], [ 44.701296, 20.423643178410796 ], [ 44.701584, 20.423643178410796 ], [ 44.701584, 20.423823088455773 ], [ 44.701776, 20.423823088455773 ], [ 44.701776, 20.423913043478262 ], [ 44.701776, 20.42400299850075 ], [ 44.701968, 20.42400299850075 ], [ 44.701968, 20.424092953523239 ], [ 44.701968, 20.424272863568216 ], [ 44.70216, 20.424272863568216 ], [ 44.70216, 20.424362818590705 ], [ 44.70216, 20.424632683658171 ], [ 44.702352, 20.424632683658171 ], [ 44.702352, 20.42490254872564 ], [ 44.702352, 20.425082458770618 ], [ 44.702544, 20.425082458770618 ], [ 44.702544, 20.425442278860572 ], [ 44.702736, 20.425442278860572 ], [ 44.702736, 20.425802098950527 ], [ 44.702544, 20.425802098950527 ], [ 44.702544, 20.426341829085459 ], [ 44.702544, 20.426701649175413 ], [ 44.702352, 20.426701649175413 ], [ 44.702352, 20.426881559220391 ], [ 44.702352, 20.427151424287857 ], [ 44.70216, 20.427151424287857 ], [ 44.70216, 20.427331334332834 ], [ 44.70216, 20.427421289355323 ], [ 44.701968, 20.427421289355323 ], [ 44.701968, 20.4276011994003 ], [ 44.701968, 20.427691154422789 ], [ 44.701776, 20.427691154422789 ], [ 44.701776, 20.427781109445277 ], [ 44.701776, 20.427961019490258 ], [ 44.701584, 20.427961019490258 ], [ 44.701584, 20.428140929535235 ], [ 44.701488, 20.428140929535235 ], [ 44.701296, 20.428140929535235 ], [ 44.701296, 20.428320839580213 ], [ 44.7012, 20.428320839580213 ], [ 44.7012, 20.42850074962519 ], [ 44.701008, 20.42850074962519 ], [ 44.701008, 20.428680659670167 ], [ 44.700816, 20.428680659670167 ], [ 44.700624, 20.428680659670167 ], [ 44.700624, 20.428860569715145 ], [ 44.700432, 20.428860569715145 ], [ 44.70024, 20.428860569715145 ] ] ] } },
{ "type": "Feature", "properties": { "class": "Class1", "id": 115 }, "geometry": { "type": "Polygon", "coordinates": [ [ [ 44.731536, 20.42400299850075 ], [ 44.731536, 20.423913043478262 ], [ 44.731536, 20.423823088455773 ], [ 44.731344, 20.423823088455773 ], [ 44.731344, 20.423283358320841 ], [ 44.731536, 20.423283358320841 ], [ 44.731536, 20.423103448275864 ], [ 44.731728, 20.423103448275864 ], [ 44.73192, 20.423103448275864 ], [ 44.73192, 20.422923538230886 ], [ 44.732112, 20.422923538230886 ], [ 44.732112, 20.422743628185909 ], [ 44.732304, 20.422743628185909 ], [ 44.732304, 20.422923538230886 ], [ 44.732496, 20.422923538230886 ], [ 44.732496, 20.423103448275864 ], [ 44.732784, 20.423103448275864 ], [ 44.732784, 20.423463268365818 ], [ 44.732592, 20.423463268365818 ], [ 44.732496, 20.423463268365818 ], [ 44.732496, 20.423643178410796 ], [ 44.732304, 20.423643178410796 ], [ 44.732304, 20.423823088455773 ], [ 44.732112, 20.423823088455773 ], [ 44.732112, 20.423913043478262 ], [ 44.732112, 20.42400299850075 ], [ 44.731536, 20.42400299850075 ] ] ] } },
{ "type": "Feature", "properties": { "class": "Class1", "id": 116 }, "geometry": { "type": "Polygon", "coordinates": [ [ [ 44.736336, 20.424542728635682 ], [ 44.736336, 20.424452773613194 ], [ 44.73624, 20.424452773613194 ], [ 44.73624, 20.424362818590705 ], [ 44.736048, 20.424362818590705 ], [ 44.736048, 20.424272863568216 ], [ 44.735952, 20.424272863568216 ], [ 44.735952, 20.424182908545728 ], [ 44.735952, 20.424092953523239 ], [ 44.73576, 20.424092953523239 ], [ 44.73576, 20.42400299850075 ], [ 44.73576, 20.423913043478262 ], [ 44.735568, 20.423913043478262 ], [ 44.735568, 20.423823088455773 ], [ 44.735376, 20.423823088455773 ], [ 44.735376, 20.423463268365818 ], [ 44.735568, 20.423463268365818 ], [ 44.735568, 20.423283358320841 ], [ 44.73576, 20.423283358320841 ], [ 44.73576, 20.423103448275864 ], [ 44.735952, 20.423103448275864 ], [ 44.735952, 20.422923538230886 ], [ 44.736048, 20.422923538230886 ], [ 44.736048, 20.422743628185909 ], [ 44.73624, 20.422743628185909 ], [ 44.736336, 20.422743628185909 ], [ 44.736336, 20.422563718140932 ], [ 44.736528, 20.422563718140932 ], [ 44.736528, 20.422383808095955 ], [ 44.736912, 20.422383808095955 ], [ 44.736912, 20.422743628185909 ], [ 44.73672, 20.422743628185909 ], [ 44.73672, 20.422923538230886 ], [ 44.73672, 20.423283358320841 ], [ 44.736912, 20.423283358320841 ], [ 44.736912, 20.424182908545728 ], [ 44.736912, 20.424542728635682 ], [ 44.736336, 20.424542728635682 ] ] ] } },
{ "type": "Feature", "properties": { "class": "Class1", "id": 117 }, "geometry": { "type": "MultiPolygon", "coordinates": [ [ [ [ 44.751312, 20.425082458770618 ], [ 44.751312, 20.42490254872564 ], [ 44.75112, 20.42490254872564 ], [ 44.75112, 20.42472263868066 ], [ 44.75112, 20.424632683658171 ], [ 44.751024, 20.424632683658171 ], [ 44.751024, 20.424542728635682 ], [ 44.750832, 20.424542728635682 ], [ 44.750832, 20.424272863568216 ], [ 44.750352, 20.424272863568216 ], [ 44.750352, 20.424182908545728 ], [ 44.750352, 20.424092953523239 ], [ 44.749968, 20.424092953523239 ], [ 44.749968, 20.424182908545728 ], [ 44.749776, 20.424182908545728 ], [ 44.749776, 20.424272863568216 ], [ 44.749776, 20.424362818590705 ], [ 44.749392, 20.424362818590705 ], [ 44.749392, 20.424272863568216 ], [ 44.749296, 20.424272863568216 ], [ 44.749296, 20.424182908545728 ], [ 44.749104, 20.424182908545728 ], [ 44.749104, 20.424092953523239 ], [ 44.749008, 20.424092953523239 ], [ 44.749008, 20.42400299850075 ], [ 44.748816, 20.42400299850075 ], [ 44.748816, 20.423643178410796 ], [ 44.748816, 20.423463268365818 ], [ 44.749008, 20.423463268365818 ], [ 44.749008, 20.423283358320841 ], [ 44.749296, 20.423283358320841 ], [ 44.749296, 20.423103448275864 ], [ 44.749392, 20.423103448275864 ], [ 44.749392, 20.422923538230886 ], [ 44.749584, 20.422923538230886 ], [ 44.749584, 20.422743628185909 ], [ 44.749776, 20.422743628185909 ], [ 44.749776, 20.422563718140932 ], [ 44.749968, 20.422563718140932 ], [ 44.749968, 20.422383808095955 ], [ 44.751888, 20.422383808095955 ], [ 44.751888, 20.422563718140932 ], [ 44.751696, 20.422563718140932 ], [ 44.751504, 20.422563718140932 ], [ 44.751504, 20.422743628185909 ], [ 44.751504, 20.422923538230886 ], [ 44.751696, 20.422923538230886 ], [ 44.751696, 20.423103448275864 ], [ 44.751888, 20.423103448275864 ], [ 44.75208, 20.423103448275864 ], [ 44.75208, 20.423283358320841 ], [ 44.75208, 20.423463268365818 ], [ 44.752272, 20.423463268365818 ], [ 44.752272, 20.423643178410796 ], [ 44.752464, 20.423643178410796 ], [ 44.752464, 20.423823088455773 ], [ 44.75256, 20.423823088455773 ], [ 44.752752, 20.423823088455773 ], [ 44.752752, 20.423913043478262 ], [ 44.752848, 20.423913043478262 ], [ 44.752848, 20.424182908545728 ], [ 44.752752, 20.424182908545728 ], [ 44.752752, 20.424272863568216 ], [ 44.75256, 20.424272863568216 ], [ 44.75256, 20.424362818590705 ], [ 44.752464, 20.424362818590705 ], [ 44.752464, 20.424452773613194 ], [ 44.752272, 20.424452773613194 ], [ 44.752272, 20.424542728635682 ], [ 44.752272, 20.42472263868066 ], [ 44.75208, 20.42472263868066 ], [ 44.75208, 20.42490254872564 ], [ 44.751888, 20.42490254872564 ], [ 44.751888, 20.425082458770618 ], [ 44.751312, 20.425082458770618 ] ] ], [ [ [ 44.75208, 20.422383808095955 ], [ 44.752464, 20.422383808095955 ], [ 44.752464, 20.422563718140932 ], [ 44.75208, 20.422563718140932 ], [ 44.75208, 20.422383808095955 ] ] ] ] } },
{ "type": "Feature", "properties": { "class": "Class1", "id": 118 }, "geometry": { "type": "Polygon", "coordinates": [ [ [ 44.755536, 20.424362818590705 ], [ 44.755536, 20.424272863568216 ], [ 44.755344, 20.424272863568216 ], [ 44.755344, 20.424182908545728 ], [ 44.755344, 20.42400299850075 ], [ 44.755152, 20.42400299850075 ], [ 44.755152, 20.423913043478262 ], [ 44.755152, 20.423823088455773 ], [ 44.75496, 20.423823088455773 ], [ 44.75496, 20.423643178410796 ], [ 44.754768, 20.423643178410796 ], [ 44.754768, 20.423463268365818 ], [ 44.754576, 20.423463268365818 ], [ 44.754576, 20.423283358320841 ], [ 44.754576, 20.422923538230886 ], [ 44.754768, 20.422923538230886 ], [ 44.754768, 20.422743628185909 ], [ 44.75496, 20.422743628185909 ], [ 44.755152, 20.422743628185909 ], [ 44.755152, 20.422563718140932 ], [ 44.755344, 20.422563718140932 ], [ 44.755344, 20.422383808095955 ], [ 44.755536, 20.422383808095955 ], [ 44.756496, 20.422383808095955 ], [ 44.756496, 20.422563718140932 ], [ 44.756688, 20.422563718140932 ], [ 44.756688, 20.422743628185909 ], [ 44.756688, 20.422923538230886 ], [ 44.75688, 20.422923538230886 ], [ 44.75688, 20.423103448275864 ], [ 44.75688, 20.423283358320841 ], [ 44.757072, 20.423283358320841 ], [ 44.757072, 20.423463268365818 ], [ 44.757072, 20.423643178410796 ], [ 44.757264, 20.423643178410796 ], [ 44.757264, 20.423823088455773 ], [ 44.757072, 20.423823088455773 ], [ 44.75688, 20.423823088455773 ], [ 44.75688, 20.423913043478262 ], [ 44.756688, 20.423913043478262 ], [ 44.756688, 20.42400299850075 ], [ 44.756688, 20.424092953523239 ], [ 44.756496, 20.424092953523239 ], [ 44.756496, 20.424182908545728 ], [ 44.756304, 20.424182908545728 ], [ 44.756304, 20.424272863568216 ], [ 44.75592, 20.424272863568216 ], [ 44.755728, 20.424272863568216 ], [ 44.755728, 20.424362818590705 ], [ 44.755536, 20.424362818590705 ] ] ] } },
{ "type": "Feature", "properties": { "class": "Class1", "id": 119 }, "geometry": { "type": "Polygon", "coordinates": [ [ [ 44.702352, 20.423463268365818 ], [ 44.70216, 20.423463268365818 ], [ 44.70216, 20.423283358320841 ], [ 44.701968, 20.423283358320841 ], [ 44.701776, 20.423283358320841 ], [ 44.701776, 20.423103448275864 ], [ 44.701584, 20.423103448275864 ], [ 44.701584, 20.422923538230886 ], [ 44.701488, 20.422923538230886 ], [ 44.701296, 20.422923538230886 ], [ 44.701296, 20.422743628185909 ], [ 44.7012, 20.422743628185909 ], [ 44.7012, 20.422563718140932 ], [ 44.701008, 20.422563718140932 ], [ 44.700816, 20.422563718140932 ], [ 44.700816, 20.422383808095955 ], [ 44.705616, 20.422383808095955 ], [ 44.705616, 20.422563718140932 ], [ 44.705424, 20.422563718140932 ], [ 44.705424, 20.422743628185909 ], [ 44.705232, 20.422743628185909 ], [ 44.705232, 20.422923538230886 ], [ 44.70504, 20.422923538230886 ], [ 44.704944, 20.422923538230886 ], [ 44.704944, 20.423103448275864 ], [ 44.704656, 20.423103448275864 ], [ 44.704464, 20.423103448275864 ], [ 44.704464, 20.423283358320841 ], [ 44.704272, 20.423283358320841 ], [ 44.704272, 20.423463268365818 ], [ 44.70408, 20.423463268365818 ], [ 44.702352, 20.423463268365818 ] ] ] } },
{ "type": "Feature", "properties": { "class": "Class1", "id": 120 }, "geometry": { "type": "Polygon", "coordinates": [ [ [ 44.71464, 20.424182908545728 ], [ 44.71464, 20.424092953523239 ], [ 44.71464, 20.423913043478262 ], [ 44.714448, 20.423913043478262 ], [ 44.714448, 20.423823088455773 ], [ 44.714448, 20.423643178410796 ], [ 44.714256, 20.423643178410796 ], [ 44.714256, 20.423463268365818 ], [ 44.714064, 20.423463268365818 ], [ 44.714064, 20.423283358320841 ], [ 44.713872, 20.423283358320841 ], [ 44.713872, 20.423103448275864 ], [ 44.71368, 20.423103448275864 ], [ 44.71368, 20.422923538230886 ], [ 44.713584, 20.422923538230886 ], [ 44.713584, 20.422743628185909 ], [ 44.713392, 20.422743628185909 ], [ 44.713296, 20.422743628185909 ], [ 44.713296, 20.422563718140932 ], [ 44.713104, 20.422563718140932 ], [ 44.713104, 20.422383808095955 ], [ 44.7156, 20.422383808095955 ], [ 44.7156, 20.422563718140932 ], [ 44.715792, 20.422563718140932 ], [ 44.715792, 20.423283358320841 ], [ 44.7156, 20.423283358320841 ], [ 44.7156, 20.423463268365818 ], [ 44.715408, 20.423463268365818 ], [ 44.715408, 20.423643178410796 ], [ 44.715408, 20.423823088455773 ], [ 44.715216, 20.423823088455773 ], [ 44.715216, 20.424182908545728 ], [ 44.71464, 20.424182908545728 ] ] ] } },
{ "type": "Feature", "properties": { "class": "Class1", "id": 121 }, "geometry": { "type": "Polygon", "coordinates": [ [ [ 44.757072, 20.423643178410796 ], [ 44.757072, 20.423463268365818 ], [ 44.757072, 20.423283358320841 ], [ 44.75688, 20.423283358320841 ], [ 44.75688, 20.423103448275864 ], [ 44.75688, 20.422923538230886 ], [ 44.756688, 20.422923538230886 ], [ 44.756688, 20.422743628185909 ], [ 44.756688, 20.422563718140932 ], [ 44.756496, 20.422563718140932 ], [ 44.756496, 20.422383808095955 ], [ 44.757648, 20.422383808095955 ], [ 44.757936, 20.422383808095955 ], [ 44.757936, 20.422563718140932 ], [ 44.758032, 20.422563718140932 ], [ 44.758224, 20.422563718140932 ], [ 44.758224, 20.422743628185909 ], [ 44.758608, 20.422743628185909 ], [ 44.7588, 20.422743628185909 ], [ 44.7588, 20.422923538230886 ], [ 44.759952, 20.422923538230886 ], [ 44.760144, 20.422923538230886 ], [ 44.760144, 20.423283358320841 ], [ 44.759952, 20.423283358320841 ], [ 44.759952, 20.423463268365818 ], [ 44.75976, 20.423463268365818 ], [ 44.759184, 20.423463268365818 ], [ 44.759184, 20.423643178410796 ], [ 44.7588, 20.423643178410796 ], [ 44.757072, 20.423643178410796 ] ] ] } },
{ "type": "Feature", "properties": { "class": "Class1", "id": 122 }, "geometry": { "type": "Polygon", "coordinates": [ [ [ 44.72232, 20.426971514242879 ], [ 44.72232, 20.426881559220391 ], [ 44.722128, 20.426881559220391 ], [ 44.722128, 20.426701649175413 ], [ 44.721936, 20.426701649175413 ], [ 44.721936, 20.426521739130436 ], [ 44.721744, 20.426521739130436 ], [ 44.721744, 20.426341829085459 ], [ 44.721552, 20.426341829085459 ], [ 44.721552, 20.426161919040482 ], [ 44.721456, 20.426161919040482 ], [ 44.721456, 20.425982008995504 ], [ 44.721264, 20.425982008995504 ], [ 44.721168, 20.425982008995504 ], [ 44.721168, 20.425802098950527 ], [ 44.720976, 20.425802098950527 ], [ 44.720976, 20.42562218890555 ], [ 44.720784, 20.42562218890555 ], [ 44.720784, 20.425442278860572 ], [ 44.720592, 20.425442278860572 ], [ 44.720592, 20.425262368815595 ], [ 44.7204, 20.425262368815595 ], [ 44.720208, 20.425262368815595 ], [ 44.720208, 20.42490254872564 ], [ 44.7204, 20.42490254872564 ], [ 44.7204, 20.42472263868066 ], [ 44.7204, 20.424632683658171 ], [ 44.720592, 20.424632683658171 ], [ 44.720592, 20.424542728635682 ], [ 44.720592, 20.424452773613194 ], [ 44.720784, 20.424452773613194 ], [ 44.720784, 20.424362818590705 ], [ 44.720784, 20.424272863568216 ], [ 44.720976, 20.424272863568216 ], [ 44.720976, 20.424182908545728 ], [ 44.720976, 20.424092953523239 ], [ 44.721168, 20.424092953523239 ], [ 44.721168, 20.42400299850075 ], [ 44.721168, 20.423913043478262 ], [ 44.721264, 20.423913043478262 ], [ 44.721264, 20.423823088455773 ], [ 44.721456, 20.423823088455773 ], [ 44.721552, 20.423823088455773 ], [ 44.721552, 20.423643178410796 ], [ 44.721744, 20.423643178410796 ], [ 44.721744, 20.423463268365818 ], [ 44.721936, 20.423463268365818 ], [ 44.721936, 20.423283358320841 ], [ 44.721936, 20.423103448275864 ], [ 44.722128, 20.423103448275864 ], [ 44.722128, 20.422923538230886 ], [ 44.72232, 20.422923538230886 ], [ 44.72232, 20.422743628185909 ], [ 44.722512, 20.422743628185909 ], [ 44.722512, 20.422563718140932 ], [ 44.722704, 20.422563718140932 ], [ 44.722704, 20.422383808095955 ], [ 44.722896, 20.422383808095955 ], [ 44.723184, 20.422383808095955 ], [ 44.723184, 20.422203898050977 ], [ 44.72328, 20.422203898050977 ], [ 44.723472, 20.422203898050977 ], [ 44.723472, 20.422023988006 ], [ 44.723664, 20.422023988006 ], [ 44.723856, 20.422023988006 ], [ 44.724048, 20.422023988006 ], [ 44.724048, 20.422203898050977 ], [ 44.72424, 20.422203898050977 ], [ 44.72424, 20.422383808095955 ], [ 44.72424, 20.422563718140932 ], [ 44.724048, 20.422563718140932 ], [ 44.724048, 20.422743628185909 ], [ 44.72424, 20.422743628185909 ], [ 44.72424, 20.422923538230886 ], [ 44.72424, 20.423103448275864 ], [ 44.724432, 20.423103448275864 ], [ 44.724432, 20.423283358320841 ], [ 44.724624, 20.423283358320841 ], [ 44.724624, 20.423463268365818 ], [ 44.725008, 20.423463268365818 ], [ 44.725008, 20.423283358320841 ], [ 44.7252, 20.423283358320841 ], [ 44.725392, 20.423283358320841 ], [ 44.725584, 20.423283358320841 ], [ 44.725584, 20.423463268365818 ], [ 44.725776, 20.423463268365818 ], [ 44.725776, 20.423643178410796 ], [ 44.725968, 20.423643178410796 ], [ 44.725968, 20.423823088455773 ], [ 44.72616, 20.423823088455773 ], [ 44.72616, 20.423913043478262 ], [ 44.72616, 20.424272863568216 ], [ 44.72616, 20.424362818590705 ], [ 44.725968, 20.424362818590705 ], [ 44.725968, 20.424452773613194 ], [ 44.725968, 20.424542728635682 ], [ 44.725776, 20.424542728635682 ], [ 44.725776, 20.424632683658171 ], [ 44.725776, 20.42490254872564 ], [ 44.725584, 20.42490254872564 ], [ 44.725584, 20.425082458770618 ], [ 44.725392, 20.425082458770618 ], [ 44.725392, 20.425262368815595 ], [ 44.7252, 20.425262368815595 ], [ 44.7252, 20.425442278860572 ], [ 44.725008, 20.425442278860572 ], [ 44.725008, 20.42562218890555 ], [ 44.724912, 20.42562218890555 ], [ 44.72472, 20.42562218890555 ], [ 44.72472, 20.425802098950527 ], [ 44.724624, 20.425802098950527 ], [ 44.724432, 20.425802098950527 ], [ 44.724432, 20.425982008995504 ], [ 44.72424, 20.425982008995504 ], [ 44.72424, 20.426161919040482 ], [ 44.724048, 20.426161919040482 ], [ 44.723856, 20.426161919040482 ], [ 44.723856, 20.426341829085459 ], [ 44.723664, 20.426341829085459 ], [ 44.723472, 20.426341829085459 ], [ 44.723472, 20.426161919040482 ], [ 44.72328, 20.426161919040482 ], [ 44.722896, 20.426161919040482 ], [ 44.722896, 20.425982008995504 ], [ 44.722704, 20.425982008995504 ], [ 44.722704, 20.426341829085459 ], [ 44.722896, 20.426341829085459 ], [ 44.722896, 20.426701649175413 ], [ 44.722704, 20.426701649175413 ], [ 44.722704, 20.426881559220391 ], [ 44.722704, 20.426971514242879 ], [ 44.72232, 20.426971514242879 ] ] ] } },
{ "type": "Feature", "properties": { "class": "Class1", "id": 123 }, "geometry": { "type": "Polygon", "coordinates": [ [ [ 44.711952, 20.425802098950527 ], [ 44.711952, 20.42562218890555 ], [ 44.712144, 20.42562218890555 ], [ 44.712144, 20.425442278860572 ], [ 44.712144, 20.425262368815595 ], [ 44.712336, 20.425262368815595 ], [ 44.712336, 20.425082458770618 ], [ 44.712336, 20.422923538230886 ], [ 44.712336, 20.422743628185909 ], [ 44.712144, 20.422743628185909 ], [ 44.712144, 20.422563718140932 ], [ 44.712144, 20.422383808095955 ], [ 44.712336, 20.422383808095955 ], [ 44.712336, 20.421844077961023 ], [ 44.712528, 20.421844077961023 ], [ 44.71272, 20.421844077961023 ], [ 44.71272, 20.422023988006 ], [ 44.712912, 20.422023988006 ], [ 44.712912, 20.422203898050977 ], [ 44.712912, 20.422383808095955 ], [ 44.713104, 20.422383808095955 ], [ 44.713104, 20.422563718140932 ], [ 44.713296, 20.422563718140932 ], [ 44.713296, 20.422743628185909 ], [ 44.713296, 20.422923538230886 ], [ 44.713392, 20.422923538230886 ], [ 44.713392, 20.423283358320841 ], [ 44.713296, 20.423283358320841 ], [ 44.713296, 20.423643178410796 ], [ 44.713296, 20.423823088455773 ], [ 44.713104, 20.423823088455773 ], [ 44.713104, 20.42400299850075 ], [ 44.713104, 20.424272863568216 ], [ 44.712912, 20.424272863568216 ], [ 44.712912, 20.424542728635682 ], [ 44.712912, 20.425262368815595 ], [ 44.71272, 20.425262368815595 ], [ 44.71272, 20.42562218890555 ], [ 44.71272, 20.425802098950527 ], [ 44.711952, 20.425802098950527 ] ] ] } },
{ "type": "Feature", "properties": { "class": "Class1", "id": 124 }, "geometry": { "type": "Polygon", "coordinates": [ [ [ 44.72472, 20.422383808095955 ], [ 44.72472, 20.421844077961023 ], [ 44.724912, 20.421844077961023 ], [ 44.724912, 20.421664167916045 ], [ 44.725008, 20.421664167916045 ], [ 44.725392, 20.421664167916045 ], [ 44.725392, 20.421844077961023 ], [ 44.725584, 20.421844077961023 ], [ 44.725584, 20.422023988006 ], [ 44.725776, 20.422023988006 ], [ 44.725776, 20.422203898050977 ], [ 44.725968, 20.422203898050977 ], [ 44.725968, 20.422383808095955 ], [ 44.72616, 20.422383808095955 ], [ 44.726352, 20.422383808095955 ], [ 44.726352, 20.422563718140932 ], [ 44.726448, 20.422563718140932 ], [ 44.72712, 20.422563718140932 ], [ 44.727696, 20.422563718140932 ], [ 44.727696, 20.422743628185909 ], [ 44.727696, 20.422923538230886 ], [ 44.727504, 20.422923538230886 ], [ 44.727504, 20.423103448275864 ], [ 44.727312, 20.423103448275864 ], [ 44.727312, 20.423283358320841 ], [ 44.72712, 20.423283358320841 ], [ 44.72712, 20.423463268365818 ], [ 44.72712, 20.423643178410796 ], [ 44.726928, 20.423643178410796 ], [ 44.726928, 20.423823088455773 ], [ 44.726928, 20.423913043478262 ], [ 44.726352, 20.423913043478262 ], [ 44.726352, 20.423823088455773 ], [ 44.72616, 20.423823088455773 ], [ 44.72616, 20.423643178410796 ], [ 44.725968, 20.423643178410796 ], [ 44.725968, 20.423463268365818 ], [ 44.725776, 20.423463268365818 ], [ 44.725776, 20.423283358320841 ], [ 44.725584, 20.423283358320841 ], [ 44.725584, 20.423103448275864 ], [ 44.725392, 20.423103448275864 ], [ 44.725392, 20.422923538230886 ], [ 44.7252, 20.422923538230886 ], [ 44.7252, 20.422743628185909 ], [ 44.725008, 20.422743628185909 ], [ 44.725008, 20.422563718140932 ], [ 44.72472, 20.422563718140932 ], [ 44.72472, 20.422383808095955 ] ] ] } },
{ "type": "Feature", "properties": { "class": "Class1", "id": 125 }, "geometry": { "type": "Polygon", "coordinates": [ [ [ 44.719824, 20.42490254872564 ], [ 44.719824, 20.42472263868066 ], [ 44.719824, 20.424632683658171 ], [ 44.719728, 20.424632683658171 ], [ 44.719728, 20.424542728635682 ], [ 44.719536, 20.424542728635682 ], [ 44.719536, 20.424452773613194 ], [ 44.71944, 20.424452773613194 ], [ 44.71944, 20.424362818590705 ], [ 44.71944, 20.424272863568216 ], [ 44.719248, 20.424272863568216 ], [ 44.719248, 20.424182908545728 ], [ 44.719056, 20.424182908545728 ], [ 44.719056, 20.424092953523239 ], [ 44.718864, 20.424092953523239 ], [ 44.718864, 20.42400299850075 ], [ 44.718864, 20.423913043478262 ], [ 44.718672, 20.423913043478262 ], [ 44.718672, 20.423823088455773 ], [ 44.71848, 20.423823088455773 ], [ 44.718288, 20.423823088455773 ], [ 44.718288, 20.423643178410796 ], [ 44.718096, 20.423643178410796 ], [ 44.718096, 20.423463268365818 ], [ 44.718, 20.423463268365818 ], [ 44.718, 20.423283358320841 ], [ 44.717712, 20.423283358320841 ], [ 44.717712, 20.423103448275864 ], [ 44.71752, 20.423103448275864 ], [ 44.717328, 20.423103448275864 ], [ 44.717328, 20.422923538230886 ], [ 44.717136, 20.422923538230886 ], [ 44.717136, 20.422743628185909 ], [ 44.716944, 20.422743628185909 ], [ 44.716944, 20.422563718140932 ], [ 44.716752, 20.422563718140932 ], [ 44.716752, 20.422383808095955 ], [ 44.71656, 20.422383808095955 ], [ 44.71656, 20.422203898050977 ], [ 44.716368, 20.422203898050977 ], [ 44.716368, 20.422023988006 ], [ 44.716368, 20.421844077961023 ], [ 44.716272, 20.421844077961023 ], [ 44.716272, 20.421214392803599 ], [ 44.716368, 20.421214392803599 ], [ 44.716368, 20.42112443778111 ], [ 44.716368, 20.421034482758621 ], [ 44.71656, 20.421034482758621 ], [ 44.71656, 20.420944527736133 ], [ 44.716752, 20.420944527736133 ], [ 44.716752, 20.421034482758621 ], [ 44.716944, 20.421034482758621 ], [ 44.716944, 20.42112443778111 ], [ 44.716944, 20.421214392803599 ], [ 44.717136, 20.421214392803599 ], [ 44.717136, 20.421304347826087 ], [ 44.717136, 20.421484257871064 ], [ 44.717328, 20.421484257871064 ], [ 44.717328, 20.421664167916045 ], [ 44.71752, 20.421664167916045 ], [ 44.71752, 20.421484257871064 ], [ 44.717712, 20.421484257871064 ], [ 44.717712, 20.421394302848576 ], [ 44.717808, 20.421394302848576 ], [ 44.717808, 20.421304347826087 ], [ 44.718, 20.421304347826087 ], [ 44.718, 20.421214392803599 ], [ 44.718096, 20.421214392803599 ], [ 44.718096, 20.42112443778111 ], [ 44.718288, 20.42112443778111 ], [ 44.718288, 20.421034482758621 ], [ 44.71848, 20.421034482758621 ], [ 44.71848, 20.420944527736133 ], [ 44.71848, 20.420854572713644 ], [ 44.718672, 20.420854572713644 ], [ 44.718672, 20.420764617691155 ], [ 44.718672, 20.420674662668667 ], [ 44.718864, 20.420674662668667 ], [ 44.718864, 20.420764617691155 ], [ 44.719248, 20.420764617691155 ], [ 44.719248, 20.420854572713644 ], [ 44.719248, 20.420944527736133 ], [ 44.71944, 20.420944527736133 ], [ 44.71944, 20.42112443778111 ], [ 44.719536, 20.42112443778111 ], [ 44.719536, 20.421214392803599 ], [ 44.719728, 20.421214392803599 ], [ 44.719728, 20.421304347826087 ], [ 44.719824, 20.421304347826087 ], [ 44.719824, 20.421394302848576 ], [ 44.719824, 20.421484257871064 ], [ 44.720016, 20.421484257871064 ], [ 44.720016, 20.421664167916045 ], [ 44.720016, 20.421844077961023 ], [ 44.720208, 20.421844077961023 ], [ 44.7204, 20.421844077961023 ], [ 44.7204, 20.422023988006 ], [ 44.720592, 20.422023988006 ], [ 44.720592, 20.422203898050977 ], [ 44.720784, 20.422203898050977 ], [ 44.720784, 20.422383808095955 ], [ 44.720784, 20.422563718140932 ], [ 44.720976, 20.422563718140932 ], [ 44.720976, 20.422743628185909 ], [ 44.720976, 20.422923538230886 ], [ 44.720784, 20.422923538230886 ], [ 44.720784, 20.423103448275864 ], [ 44.720592, 20.423103448275864 ], [ 44.720592, 20.423283358320841 ], [ 44.7204, 20.423283358320841 ], [ 44.7204, 20.423643178410796 ], [ 44.720592, 20.423643178410796 ], [ 44.720592, 20.423823088455773 ], [ 44.720784, 20.423823088455773 ], [ 44.720784, 20.423913043478262 ], [ 44.720976, 20.423913043478262 ], [ 44.720976, 20.42400299850075 ], [ 44.720784, 20.42400299850075 ], [ 44.720784, 20.424182908545728 ], [ 44.720784, 20.424272863568216 ], [ 44.720592, 20.424272863568216 ], [ 44.720592, 20.424362818590705 ], [ 44.720592, 20.424452773613194 ], [ 44.7204, 20.424452773613194 ], [ 44.7204, 20.424542728635682 ], [ 44.7204, 20.424632683658171 ], [ 44.720208, 20.424632683658171 ], [ 44.720208, 20.42472263868066 ], [ 44.720208, 20.42490254872564 ], [ 44.719824, 20.42490254872564 ] ] ] } },
{ "type": "Feature", "properties": { "class": "Class1", "id": 126 }, "geometry": { "type": "Polygon", "coordinates": [ [ [ 44.73384, 20.423643178410796 ], [ 44.73384, 20.423463268365818 ], [ 44.733648, 20.423463268365818 ], [ 44.733456, 20.423463268365818 ], [ 44.733456, 20.423283358320841 ], [ 44.733264, 20.423283358320841 ], [ 44.733072, 20.423283358320841 ], [ 44.733072, 20.423103448275864 ], [ 44.73288, 20.423103448275864 ], [ 44.73288, 20.422923538230886 ], [ 44.73288, 20.422743628185909 ], [ 44.73288, 20.422563718140932 ], [ 44.733264, 20.422563718140932 ], [ 44.733264, 20.422383808095955 ], [ 44.733456, 20.422383808095955 ], [ 44.733456, 20.422203898050977 ], [ 44.733648, 20.422203898050977 ], [ 44.73384, 20.422203898050977 ], [ 44.73384, 20.422023988006 ], [ 44.734032, 20.422023988006 ], [ 44.734032, 20.421844077961023 ], [ 44.734032, 20.421664167916045 ], [ 44.734224, 20.421664167916045 ], [ 44.734224, 20.421484257871064 ], [ 44.73432, 20.421484257871064 ], [ 44.73432, 20.421394302848576 ], [ 44.734512, 20.421394302848576 ], [ 44.734512, 20.421304347826087 ], [ 44.734608, 20.421304347826087 ], [ 44.734608, 20.421214392803599 ], [ 44.7348, 20.421214392803599 ], [ 44.7348, 20.42112443778111 ], [ 44.7348, 20.421034482758621 ], [ 44.734992, 20.421034482758621 ], [ 44.734992, 20.420944527736133 ], [ 44.734992, 20.420854572713644 ], [ 44.735184, 20.420854572713644 ], [ 44.735184, 20.420764617691155 ], [ 44.735184, 20.420674662668667 ], [ 44.735376, 20.420674662668667 ], [ 44.735376, 20.420584707646178 ], [ 44.735376, 20.420404797601201 ], [ 44.73576, 20.420404797601201 ], [ 44.73576, 20.420584707646178 ], [ 44.735952, 20.420584707646178 ], [ 44.735952, 20.420764617691155 ], [ 44.735952, 20.420854572713644 ], [ 44.736048, 20.420854572713644 ], [ 44.736048, 20.421034482758621 ], [ 44.73624, 20.421034482758621 ], [ 44.73624, 20.421484257871064 ], [ 44.736336, 20.421484257871064 ], [ 44.736336, 20.422023988006 ], [ 44.73624, 20.422023988006 ], [ 44.73624, 20.422383808095955 ], [ 44.73624, 20.422563718140932 ], [ 44.736048, 20.422563718140932 ], [ 44.735952, 20.422563718140932 ], [ 44.735952, 20.422743628185909 ], [ 44.73576, 20.422743628185909 ], [ 44.73576, 20.422923538230886 ], [ 44.735568, 20.422923538230886 ], [ 44.735568, 20.423103448275864 ], [ 44.735376, 20.423103448275864 ], [ 44.735376, 20.423283358320841 ], [ 44.735184, 20.423283358320841 ], [ 44.734992, 20.423283358320841 ], [ 44.734992, 20.423463268365818 ], [ 44.7348, 20.423463268365818 ], [ 44.7348, 20.423643178410796 ], [ 44.73384, 20.423643178410796 ] ] ] } },
{ "type": "Feature", "properties": { "class": "Class1", "id": 127 }, "geometry": { "type": "Polygon", "coordinates": [ [ [ 44.74488, 20.427151424287857 ], [ 44.74488, 20.427061469265368 ], [ 44.744784, 20.427061469265368 ], [ 44.744784, 20.426971514242879 ], [ 44.744592, 20.426971514242879 ], [ 44.744592, 20.426881559220391 ], [ 44.7444, 20.426881559220391 ], [ 44.7444, 20.426701649175413 ], [ 44.744208, 20.426701649175413 ], [ 44.744208, 20.426521739130436 ], [ 44.744016, 20.426521739130436 ], [ 44.744016, 20.426341829085459 ], [ 44.743824, 20.426341829085459 ], [ 44.743824, 20.426161919040482 ], [ 44.743632, 20.426161919040482 ], [ 44.743632, 20.425982008995504 ], [ 44.74344, 20.425982008995504 ], [ 44.74344, 20.425802098950527 ], [ 44.743248, 20.425802098950527 ], [ 44.743248, 20.42562218890555 ], [ 44.743152, 20.42562218890555 ], [ 44.74296, 20.42562218890555 ], [ 44.74296, 20.425442278860572 ], [ 44.742864, 20.425442278860572 ], [ 44.742864, 20.425262368815595 ], [ 44.742672, 20.425262368815595 ], [ 44.742672, 20.425082458770618 ], [ 44.74248, 20.425082458770618 ], [ 44.742288, 20.425082458770618 ], [ 44.742288, 20.42490254872564 ], [ 44.742096, 20.42490254872564 ], [ 44.742096, 20.42472263868066 ], [ 44.742096, 20.424632683658171 ], [ 44.741904, 20.424632683658171 ], [ 44.741904, 20.424542728635682 ], [ 44.741904, 20.424452773613194 ], [ 44.741712, 20.424452773613194 ], [ 44.741712, 20.424362818590705 ], [ 44.741712, 20.424272863568216 ], [ 44.74152, 20.424272863568216 ], [ 44.74152, 20.424182908545728 ], [ 44.74152, 20.424092953523239 ], [ 44.741424, 20.424092953523239 ], [ 44.741424, 20.42400299850075 ], [ 44.741232, 20.42400299850075 ], [ 44.741232, 20.423913043478262 ], [ 44.741136, 20.423913043478262 ], [ 44.741136, 20.423823088455773 ], [ 44.740944, 20.423823088455773 ], [ 44.740944, 20.423643178410796 ], [ 44.740752, 20.423643178410796 ], [ 44.740752, 20.423463268365818 ], [ 44.74056, 20.423463268365818 ], [ 44.74056, 20.423283358320841 ], [ 44.740368, 20.423283358320841 ], [ 44.740368, 20.423103448275864 ], [ 44.740176, 20.423103448275864 ], [ 44.740176, 20.422923538230886 ], [ 44.739984, 20.422923538230886 ], [ 44.739792, 20.422923538230886 ], [ 44.739792, 20.422743628185909 ], [ 44.739696, 20.422743628185909 ], [ 44.739696, 20.422563718140932 ], [ 44.739504, 20.422563718140932 ], [ 44.739408, 20.422563718140932 ], [ 44.739408, 20.422383808095955 ], [ 44.739408, 20.422203898050977 ], [ 44.739504, 20.422203898050977 ], [ 44.739504, 20.422023988006 ], [ 44.739792, 20.422023988006 ], [ 44.739792, 20.421844077961023 ], [ 44.739984, 20.421844077961023 ], [ 44.739984, 20.421664167916045 ], [ 44.740176, 20.421664167916045 ], [ 44.740176, 20.421484257871064 ], [ 44.740176, 20.421394302848576 ], [ 44.740368, 20.421394302848576 ], [ 44.740368, 20.421304347826087 ], [ 44.740368, 20.421214392803599 ], [ 44.74056, 20.421214392803599 ], [ 44.74056, 20.42112443778111 ], [ 44.74056, 20.421034482758621 ], [ 44.740752, 20.421034482758621 ], [ 44.740752, 20.420944527736133 ], [ 44.740752, 20.420854572713644 ], [ 44.740944, 20.420854572713644 ], [ 44.740944, 20.420764617691155 ], [ 44.740944, 20.420674662668667 ], [ 44.741136, 20.420674662668667 ], [ 44.741136, 20.420584707646178 ], [ 44.741136, 20.420404797601201 ], [ 44.741232, 20.420404797601201 ], [ 44.741424, 20.420404797601201 ], [ 44.741424, 20.420224887556223 ], [ 44.74152, 20.420224887556223 ], [ 44.74152, 20.421214392803599 ], [ 44.74152, 20.421304347826087 ], [ 44.741712, 20.421304347826087 ], [ 44.741712, 20.421394302848576 ], [ 44.741904, 20.421394302848576 ], [ 44.741904, 20.421484257871064 ], [ 44.741904, 20.421664167916045 ], [ 44.742096, 20.421664167916045 ], [ 44.742096, 20.421844077961023 ], [ 44.742288, 20.421844077961023 ], [ 44.742288, 20.422023988006 ], [ 44.74248, 20.422023988006 ], [ 44.74248, 20.422203898050977 ], [ 44.742672, 20.422203898050977 ], [ 44.742864, 20.422203898050977 ], [ 44.742864, 20.422383808095955 ], [ 44.743152, 20.422383808095955 ], [ 44.743152, 20.422563718140932 ], [ 44.743248, 20.422563718140932 ], [ 44.74344, 20.422563718140932 ], [ 44.74344, 20.422743628185909 ], [ 44.743632, 20.422743628185909 ], [ 44.743632, 20.422923538230886 ], [ 44.743824, 20.422923538230886 ], [ 44.743824, 20.423103448275864 ], [ 44.744016, 20.423103448275864 ], [ 44.744016, 20.423283358320841 ], [ 44.744208, 20.423283358320841 ], [ 44.744208, 20.423463268365818 ], [ 44.7444, 20.423463268365818 ], [ 44.7444, 20.423643178410796 ], [ 44.744592, 20.423643178410796 ], [ 44.744592, 20.423823088455773 ], [ 44.744784, 20.423823088455773 ], [ 44.74488, 20.423823088455773 ], [ 44.74488, 20.423913043478262 ], [ 44.744976, 20.423913043478262 ], [ 44.744976, 20.42400299850075 ], [ 44.745168, 20.42400299850075 ], [ 44.745168, 20.424092953523239 ], [ 44.745168, 20.424542728635682 ], [ 44.745168, 20.424632683658171 ], [ 44.744976, 20.424632683658171 ], [ 44.744976, 20.42472263868066 ], [ 44.744976, 20.42490254872564 ], [ 44.744784, 20.42490254872564 ], [ 44.744784, 20.425262368815595 ], [ 44.745168, 20.425262368815595 ], [ 44.74536, 20.425262368815595 ], [ 44.74536, 20.425442278860572 ], [ 44.745552, 20.425442278860572 ], [ 44.74584, 20.425442278860572 ], [ 44.745936, 20.425442278860572 ], [ 44.745936, 20.42562218890555 ], [ 44.746128, 20.42562218890555 ], [ 44.74632, 20.42562218890555 ], [ 44.74632, 20.425802098950527 ], [ 44.746128, 20.425802098950527 ], [ 44.746128, 20.425982008995504 ], [ 44.746128, 20.426161919040482 ], [ 44.745936, 20.426161919040482 ], [ 44.745552, 20.426161919040482 ], [ 44.745552, 20.426701649175413 ], [ 44.74536, 20.426701649175413 ], [ 44.74536, 20.426881559220391 ], [ 44.745168, 20.426881559220391 ], [ 44.745168, 20.426971514242879 ], [ 44.745168, 20.427061469265368 ], [ 44.744976, 20.427061469265368 ], [ 44.744976, 20.427151424287857 ], [ 44.74488, 20.427151424287857 ] ] ] } },
{ "type": "Feature", "properties": { "class": "Class1", "id": 128 }, "geometry": { "type": "Polygon", "coordinates": [ [ [ 44.732496, 20.422743628185909 ], [ 44.732496, 20.422563718140932 ], [ 44.732304, 20.422563718140932 ], [ 44.732304, 20.422383808095955 ], [ 44.732112, 20.422383808095955 ], [ 44.732112, 20.422203898050977 ], [ 44.73192, 20.422203898050977 ], [ 44.73192, 20.422023988006 ], [ 44.731728, 20.422023988006 ], [ 44.731536, 20.422023988006 ], [ 44.731536, 20.421664167916045 ], [ 44.731728, 20.421664167916045 ], [ 44.731728, 20.421484257871064 ], [ 44.731728, 20.421394302848576 ], [ 44.73192, 20.421394302848576 ], [ 44.73192, 20.421304347826087 ], [ 44.73192, 20.421214392803599 ], [ 44.732112, 20.421214392803599 ], [ 44.732112, 20.42112443778111 ], [ 44.732112, 20.421034482758621 ], [ 44.732304, 20.421034482758621 ], [ 44.732304, 20.420944527736133 ], [ 44.732304, 20.420854572713644 ], [ 44.732496, 20.420854572713644 ], [ 44.732496, 20.420764617691155 ], [ 44.732496, 20.420674662668667 ], [ 44.732592, 20.420674662668667 ], [ 44.732592, 20.420584707646178 ], [ 44.732784, 20.420584707646178 ], [ 44.73288, 20.420584707646178 ], [ 44.73288, 20.420404797601201 ], [ 44.733072, 20.420404797601201 ], [ 44.733072, 20.420224887556223 ], [ 44.733264, 20.420224887556223 ], [ 44.733264, 20.420044977511246 ], [ 44.733648, 20.420044977511246 ], [ 44.73384, 20.420044977511246 ], [ 44.73384, 20.420224887556223 ], [ 44.734032, 20.420224887556223 ], [ 44.734032, 20.420404797601201 ], [ 44.734224, 20.420404797601201 ], [ 44.734224, 20.420584707646178 ], [ 44.73432, 20.420584707646178 ], [ 44.73432, 20.420674662668667 ], [ 44.734608, 20.420674662668667 ], [ 44.734608, 20.420584707646178 ], [ 44.7348, 20.420584707646178 ], [ 44.7348, 20.420944527736133 ], [ 44.7348, 20.421034482758621 ], [ 44.734608, 20.421034482758621 ], [ 44.734608, 20.42112443778111 ], [ 44.734608, 20.421304347826087 ], [ 44.734512, 20.421304347826087 ], [ 44.734512, 20.421394302848576 ], [ 44.73432, 20.421394302848576 ], [ 44.73432, 20.421484257871064 ], [ 44.734224, 20.421484257871064 ], [ 44.734224, 20.421664167916045 ], [ 44.734032, 20.421664167916045 ], [ 44.734032, 20.421844077961023 ], [ 44.73384, 20.421844077961023 ], [ 44.73384, 20.422023988006 ], [ 44.733648, 20.422023988006 ], [ 44.733648, 20.422203898050977 ], [ 44.733456, 20.422203898050977 ], [ 44.733456, 20.422383808095955 ], [ 44.733264, 20.422383808095955 ], [ 44.733264, 20.422563718140932 ], [ 44.73288, 20.422563718140932 ], [ 44.73288, 20.422743628185909 ], [ 44.732496, 20.422743628185909 ] ] ] } },
{ "type": "Feature", "properties": { "class": "Class1", "id": 129 }, "geometry": { "type": "Polygon", "coordinates": [ [ [ 44.746512, 20.425442278860572 ], [ 44.746512, 20.425262368815595 ], [ 44.74632, 20.425262368815595 ], [ 44.74632, 20.425082458770618 ], [ 44.746128, 20.425082458770618 ], [ 44.746128, 20.42490254872564 ], [ 44.745936, 20.42490254872564 ], [ 44.745936, 20.42472263868066 ], [ 44.745936, 20.424632683658171 ], [ 44.74584, 20.424632683658171 ], [ 44.74584, 20.424542728635682 ], [ 44.745648, 20.424542728635682 ], [ 44.745648, 20.424452773613194 ], [ 44.745552, 20.424452773613194 ], [ 44.745552, 20.424362818590705 ], [ 44.74536, 20.424362818590705 ], [ 44.74536, 20.424272863568216 ], [ 44.745168, 20.424272863568216 ], [ 44.745168, 20.424092953523239 ], [ 44.745168, 20.42400299850075 ], [ 44.744976, 20.42400299850075 ], [ 44.744976, 20.423913043478262 ], [ 44.74488, 20.423913043478262 ], [ 44.74488, 20.423823088455773 ], [ 44.744784, 20.423823088455773 ], [ 44.744592, 20.423823088455773 ], [ 44.744592, 20.423643178410796 ], [ 44.7444, 20.423643178410796 ], [ 44.7444, 20.423463268365818 ], [ 44.744208, 20.423463268365818 ], [ 44.744208, 20.423283358320841 ], [ 44.744016, 20.423283358320841 ], [ 44.744016, 20.423103448275864 ], [ 44.743824, 20.423103448275864 ], [ 44.743824, 20.422923538230886 ], [ 44.743632, 20.422923538230886 ], [ 44.743632, 20.422743628185909 ], [ 44.74344, 20.422743628185909 ], [ 44.74344, 20.422563718140932 ], [ 44.743248, 20.422563718140932 ], [ 44.743152, 20.422563718140932 ], [ 44.743152, 20.422383808095955 ], [ 44.742864, 20.422383808095955 ], [ 44.742864, 20.422203898050977 ], [ 44.742672, 20.422203898050977 ], [ 44.74248, 20.422203898050977 ], [ 44.74248, 20.422023988006 ], [ 44.742288, 20.422023988006 ], [ 44.742288, 20.421844077961023 ], [ 44.742096, 20.421844077961023 ], [ 44.742096, 20.421664167916045 ], [ 44.741904, 20.421664167916045 ], [ 44.741904, 20.421484257871064 ], [ 44.741904, 20.421394302848576 ], [ 44.741712, 20.421394302848576 ], [ 44.741712, 20.421304347826087 ], [ 44.74152, 20.421304347826087 ], [ 44.74152, 20.421214392803599 ], [ 44.74152, 20.420224887556223 ], [ 44.741712, 20.420224887556223 ], [ 44.741712, 20.420044977511246 ], [ 44.742288, 20.420044977511246 ], [ 44.742672, 20.420044977511246 ], [ 44.743632, 20.420044977511246 ], [ 44.743824, 20.420044977511246 ], [ 44.744016, 20.420044977511246 ], [ 44.744016, 20.420224887556223 ], [ 44.744208, 20.420224887556223 ], [ 44.744208, 20.420404797601201 ], [ 44.7444, 20.420404797601201 ], [ 44.7444, 20.420584707646178 ], [ 44.744592, 20.420584707646178 ], [ 44.744592, 20.420674662668667 ], [ 44.744592, 20.420764617691155 ], [ 44.744784, 20.420764617691155 ], [ 44.744784, 20.420854572713644 ], [ 44.74488, 20.420854572713644 ], [ 44.74488, 20.420944527736133 ], [ 44.744976, 20.420944527736133 ], [ 44.744976, 20.421034482758621 ], [ 44.745168, 20.421034482758621 ], [ 44.745168, 20.42112443778111 ], [ 44.745168, 20.421214392803599 ], [ 44.74536, 20.421214392803599 ], [ 44.74536, 20.421304347826087 ], [ 44.74536, 20.421394302848576 ], [ 44.745552, 20.421394302848576 ], [ 44.745552, 20.421484257871064 ], [ 44.745552, 20.421664167916045 ], [ 44.745648, 20.421664167916045 ], [ 44.74584, 20.421664167916045 ], [ 44.74584, 20.421844077961023 ], [ 44.745936, 20.421844077961023 ], [ 44.745936, 20.422023988006 ], [ 44.746128, 20.422023988006 ], [ 44.746128, 20.422203898050977 ], [ 44.74632, 20.422203898050977 ], [ 44.746512, 20.422203898050977 ], [ 44.746512, 20.422383808095955 ], [ 44.746512, 20.422563718140932 ], [ 44.746704, 20.422563718140932 ], [ 44.746704, 20.422743628185909 ], [ 44.746704, 20.423103448275864 ], [ 44.746896, 20.423103448275864 ], [ 44.746896, 20.423283358320841 ], [ 44.747088, 20.423283358320841 ], [ 44.747088, 20.423463268365818 ], [ 44.74728, 20.423463268365818 ], [ 44.74728, 20.423643178410796 ], [ 44.747856, 20.423643178410796 ], [ 44.747856, 20.423823088455773 ], [ 44.747664, 20.423823088455773 ], [ 44.747664, 20.423913043478262 ], [ 44.747568, 20.423913043478262 ], [ 44.747568, 20.42400299850075 ], [ 44.747376, 20.42400299850075 ], [ 44.747376, 20.424182908545728 ], [ 44.74728, 20.424182908545728 ], [ 44.74728, 20.424542728635682 ], [ 44.74728, 20.42490254872564 ], [ 44.747088, 20.42490254872564 ], [ 44.747088, 20.425082458770618 ], [ 44.746896, 20.425082458770618 ], [ 44.746896, 20.425262368815595 ], [ 44.746896, 20.425442278860572 ], [ 44.746704, 20.425442278860572 ], [ 44.746512, 20.425442278860572 ] ] ] } },
{ "type": "Feature", "properties": { "class": "Class1", "id": 130 }, "geometry": { "type": "Polygon", "coordinates": [ [ [ 44.724624, 20.421214392803599 ], [ 44.724624, 20.419865067466269 ], [ 44.7252, 20.419865067466269 ], [ 44.7252, 20.420044977511246 ], [ 44.7252, 20.420404797601201 ], [ 44.7252, 20.421034482758621 ], [ 44.725008, 20.421034482758621 ], [ 44.725008, 20.42112443778111 ], [ 44.725008, 20.421214392803599 ], [ 44.724624, 20.421214392803599 ] ] ] } },
{ "type": "Feature", "properties": { "class": "Class1", "id": 131 }, "geometry": { "type": "Polygon", "coordinates": [ [ [ 44.721936, 20.423103448275864 ], [ 44.721552, 20.423103448275864 ], [ 44.721456, 20.423103448275864 ], [ 44.721456, 20.422923538230886 ], [ 44.721168, 20.422923538230886 ], [ 44.721168, 20.422743628185909 ], [ 44.721168, 20.422563718140932 ], [ 44.720976, 20.422563718140932 ], [ 44.720784, 20.422563718140932 ], [ 44.720784, 20.422383808095955 ], [ 44.720784, 20.422203898050977 ], [ 44.720592, 20.422203898050977 ], [ 44.720592, 20.422023988006 ], [ 44.7204, 20.422023988006 ], [ 44.7204, 20.421844077961023 ], [ 44.720208, 20.421844077961023 ], [ 44.720208, 20.421664167916045 ], [ 44.720016, 20.421664167916045 ], [ 44.720016, 20.421484257871064 ], [ 44.719824, 20.421484257871064 ], [ 44.719824, 20.421394302848576 ], [ 44.719824, 20.421304347826087 ], [ 44.719728, 20.421304347826087 ], [ 44.719728, 20.421214392803599 ], [ 44.719536, 20.421214392803599 ], [ 44.719536, 20.42112443778111 ], [ 44.71944, 20.42112443778111 ], [ 44.71944, 20.420944527736133 ], [ 44.719248, 20.420944527736133 ], [ 44.719248, 20.420854572713644 ], [ 44.719248, 20.420764617691155 ], [ 44.718864, 20.420764617691155 ], [ 44.718864, 20.420404797601201 ], [ 44.719056, 20.420404797601201 ], [ 44.719056, 20.420224887556223 ], [ 44.719248, 20.420224887556223 ], [ 44.719248, 20.420044977511246 ], [ 44.71944, 20.420044977511246 ], [ 44.71944, 20.419865067466269 ], [ 44.721456, 20.419865067466269 ], [ 44.721456, 20.420044977511246 ], [ 44.721936, 20.420044977511246 ], [ 44.721936, 20.420224887556223 ], [ 44.722128, 20.420224887556223 ], [ 44.72232, 20.420224887556223 ], [ 44.72232, 20.420404797601201 ], [ 44.72232, 20.420584707646178 ], [ 44.722512, 20.420584707646178 ], [ 44.722512, 20.420674662668667 ], [ 44.722704, 20.420674662668667 ], [ 44.722704, 20.420764617691155 ], [ 44.722704, 20.420854572713644 ], [ 44.722896, 20.420854572713644 ], [ 44.722896, 20.420944527736133 ], [ 44.722896, 20.421034482758621 ], [ 44.722992, 20.421034482758621 ], [ 44.722992, 20.42112443778111 ], [ 44.72328, 20.42112443778111 ], [ 44.72328, 20.421214392803599 ], [ 44.72328, 20.421304347826087 ], [ 44.723472, 20.421304347826087 ], [ 44.723472, 20.421394302848576 ], [ 44.723472, 20.421484257871064 ], [ 44.723472, 20.421664167916045 ], [ 44.72328, 20.421664167916045 ], [ 44.72328, 20.421844077961023 ], [ 44.723184, 20.421844077961023 ], [ 44.723184, 20.422023988006 ], [ 44.722992, 20.422023988006 ], [ 44.722896, 20.422023988006 ], [ 44.722896, 20.422203898050977 ], [ 44.722704, 20.422203898050977 ], [ 44.722704, 20.422383808095955 ], [ 44.722512, 20.422383808095955 ], [ 44.722512, 20.422563718140932 ], [ 44.72232, 20.422563718140932 ], [ 44.72232, 20.422743628185909 ], [ 44.722128, 20.422743628185909 ], [ 44.722128, 20.422923538230886 ], [ 44.722128, 20.423103448275864 ], [ 44.721936, 20.423103448275864 ] ] ] } },
{ "type": "Feature", "properties": { "class": "Class1", "id": 132 }, "geometry": { "type": "Polygon", "coordinates": [ [ [ 44.731536, 20.421664167916045 ], [ 44.731056, 20.421664167916045 ], [ 44.731056, 20.421484257871064 ], [ 44.730864, 20.421484257871064 ], [ 44.730864, 20.421394302848576 ], [ 44.730768, 20.421394302848576 ], [ 44.730768, 20.421304347826087 ], [ 44.730768, 20.421214392803599 ], [ 44.730576, 20.421214392803599 ], [ 44.730576, 20.421034482758621 ], [ 44.730576, 20.420944527736133 ], [ 44.730384, 20.420944527736133 ], [ 44.730384, 20.420854572713644 ], [ 44.730384, 20.420764617691155 ], [ 44.730192, 20.420764617691155 ], [ 44.730192, 20.420674662668667 ], [ 44.730192, 20.420224887556223 ], [ 44.730384, 20.420224887556223 ], [ 44.730576, 20.420224887556223 ], [ 44.730576, 20.420044977511246 ], [ 44.730768, 20.420044977511246 ], [ 44.730768, 20.419865067466269 ], [ 44.733264, 20.419865067466269 ], [ 44.733264, 20.420044977511246 ], [ 44.733264, 20.420224887556223 ], [ 44.733072, 20.420224887556223 ], [ 44.733072, 20.420404797601201 ], [ 44.73288, 20.420404797601201 ], [ 44.73288, 20.420584707646178 ], [ 44.732784, 20.420584707646178 ], [ 44.732592, 20.420584707646178 ], [ 44.732592, 20.420674662668667 ], [ 44.732496, 20.420674662668667 ], [ 44.732496, 20.420764617691155 ], [ 44.732496, 20.420854572713644 ], [ 44.732304, 20.420854572713644 ], [ 44.732304, 20.420944527736133 ], [ 44.732304, 20.421034482758621 ], [ 44.732112, 20.421034482758621 ], [ 44.732112, 20.42112443778111 ], [ 44.732112, 20.421214392803599 ], [ 44.73192, 20.421214392803599 ], [ 44.73192, 20.421304347826087 ], [ 44.73192, 20.421394302848576 ], [ 44.731728, 20.421394302848576 ], [ 44.731728, 20.421484257871064 ], [ 44.731728, 20.421664167916045 ], [ 44.731536, 20.421664167916045 ] ] ] } },
{ "type": "Feature", "properties": { "class": "Class1", "id": 133 }, "geometry": { "type": "Polygon", "coordinates": [ [ [ 44.7588, 20.422923538230886 ], [ 44.7588, 20.422743628185909 ], [ 44.758608, 20.422743628185909 ], [ 44.758224, 20.422743628185909 ], [ 44.758224, 20.422563718140932 ], [ 44.758032, 20.422563718140932 ], [ 44.757936, 20.422563718140932 ], [ 44.757936, 20.422383808095955 ], [ 44.757648, 20.422383808095955 ], [ 44.757456, 20.422383808095955 ], [ 44.757456, 20.422203898050977 ], [ 44.757456, 20.422023988006 ], [ 44.757264, 20.422023988006 ], [ 44.757264, 20.421844077961023 ], [ 44.757072, 20.421844077961023 ], [ 44.757072, 20.421664167916045 ], [ 44.75688, 20.421664167916045 ], [ 44.75688, 20.421394302848576 ], [ 44.756688, 20.421394302848576 ], [ 44.756688, 20.421214392803599 ], [ 44.756688, 20.42112443778111 ], [ 44.756496, 20.42112443778111 ], [ 44.756496, 20.420944527736133 ], [ 44.756496, 20.420764617691155 ], [ 44.756304, 20.420764617691155 ], [ 44.756304, 20.420584707646178 ], [ 44.756304, 20.419865067466269 ], [ 44.759952, 20.419865067466269 ], [ 44.759952, 20.420044977511246 ], [ 44.760144, 20.420044977511246 ], [ 44.760144, 20.422923538230886 ], [ 44.7588, 20.422923538230886 ] ] ] } },
{ "type": "Feature", "properties": { "class": "Class1", "id": 134 }, "geometry": { "type": "Polygon", "coordinates": [ [ [ 44.723472, 20.421394302848576 ], [ 44.723472, 20.421304347826087 ], [ 44.723472, 20.42112443778111 ], [ 44.72328, 20.42112443778111 ], [ 44.72328, 20.421034482758621 ], [ 44.723184, 20.421034482758621 ], [ 44.723184, 20.420944527736133 ], [ 44.722992, 20.420944527736133 ], [ 44.722992, 20.420854572713644 ], [ 44.722896, 20.420854572713644 ], [ 44.722896, 20.420764617691155 ], [ 44.722896, 20.420674662668667 ], [ 44.722704, 20.420674662668667 ], [ 44.722704, 20.420584707646178 ], [ 44.722512, 20.420584707646178 ], [ 44.722512, 20.420404797601201 ], [ 44.72232, 20.420404797601201 ], [ 44.72232, 20.420224887556223 ], [ 44.722128, 20.420224887556223 ], [ 44.722128, 20.419865067466269 ], [ 44.724624, 20.419865067466269 ], [ 44.724624, 20.420584707646178 ], [ 44.724624, 20.420674662668667 ], [ 44.724432, 20.420674662668667 ], [ 44.724432, 20.420854572713644 ], [ 44.724432, 20.420944527736133 ], [ 44.72424, 20.420944527736133 ], [ 44.72424, 20.421034482758621 ], [ 44.72424, 20.42112443778111 ], [ 44.724048, 20.42112443778111 ], [ 44.724048, 20.421304347826087 ], [ 44.724048, 20.421394302848576 ], [ 44.723472, 20.421394302848576 ] ] ] } },
{ "type": "Feature", "properties": { "class": "Class1", "id": 135 }, "geometry": { "type": "Polygon", "coordinates": [ [ [ 44.748432, 20.423643178410796 ], [ 44.74824, 20.423643178410796 ], [ 44.748048, 20.423643178410796 ], [ 44.748048, 20.423463268365818 ], [ 44.748048, 20.423283358320841 ], [ 44.747856, 20.423283358320841 ], [ 44.747856, 20.423103448275864 ], [ 44.747664, 20.423103448275864 ], [ 44.747664, 20.422923538230886 ], [ 44.747568, 20.422923538230886 ], [ 44.747376, 20.422923538230886 ], [ 44.747376, 20.422743628185909 ], [ 44.74728, 20.422743628185909 ], [ 44.74728, 20.422563718140932 ], [ 44.747088, 20.422563718140932 ], [ 44.747088, 20.422383808095955 ], [ 44.746896, 20.422383808095955 ], [ 44.746704, 20.422383808095955 ], [ 44.746704, 20.422203898050977 ], [ 44.746512, 20.422203898050977 ], [ 44.746512, 20.422023988006 ], [ 44.74632, 20.422023988006 ], [ 44.74632, 20.421844077961023 ], [ 44.746128, 20.421844077961023 ], [ 44.746128, 20.421664167916045 ], [ 44.745936, 20.421664167916045 ], [ 44.745936, 20.421484257871064 ], [ 44.74584, 20.421484257871064 ], [ 44.74584, 20.421394302848576 ], [ 44.745648, 20.421394302848576 ], [ 44.745648, 20.421304347826087 ], [ 44.745552, 20.421304347826087 ], [ 44.745552, 20.421214392803599 ], [ 44.745552, 20.42112443778111 ], [ 44.74536, 20.42112443778111 ], [ 44.74536, 20.421034482758621 ], [ 44.745168, 20.421034482758621 ], [ 44.745168, 20.420854572713644 ], [ 44.745168, 20.420764617691155 ], [ 44.744976, 20.420764617691155 ], [ 44.744976, 20.420674662668667 ], [ 44.74488, 20.420674662668667 ], [ 44.74488, 20.420584707646178 ], [ 44.744784, 20.420584707646178 ], [ 44.744592, 20.420584707646178 ], [ 44.744592, 20.420404797601201 ], [ 44.7444, 20.420404797601201 ], [ 44.7444, 20.420224887556223 ], [ 44.744208, 20.420224887556223 ], [ 44.744208, 20.420044977511246 ], [ 44.744208, 20.419865067466269 ], [ 44.749968, 20.419865067466269 ], [ 44.749968, 20.420044977511246 ], [ 44.750544, 20.420044977511246 ], [ 44.750736, 20.420044977511246 ], [ 44.750736, 20.420224887556223 ], [ 44.750736, 20.420404797601201 ], [ 44.750736, 20.420584707646178 ], [ 44.750544, 20.420584707646178 ], [ 44.750544, 20.420854572713644 ], [ 44.750544, 20.421394302848576 ], [ 44.750352, 20.421394302848576 ], [ 44.750352, 20.421664167916045 ], [ 44.75016, 20.421664167916045 ], [ 44.75016, 20.422023988006 ], [ 44.749968, 20.422023988006 ], [ 44.749968, 20.422203898050977 ], [ 44.749968, 20.422563718140932 ], [ 44.749776, 20.422563718140932 ], [ 44.749584, 20.422563718140932 ], [ 44.749584, 20.422743628185909 ], [ 44.749392, 20.422743628185909 ], [ 44.749392, 20.422923538230886 ], [ 44.749296, 20.422923538230886 ], [ 44.749296, 20.423103448275864 ], [ 44.749104, 20.423103448275864 ], [ 44.749104, 20.423283358320841 ], [ 44.749008, 20.423283358320841 ], [ 44.749008, 20.423463268365818 ], [ 44.748816, 20.423463268365818 ], [ 44.748816, 20.423643178410796 ], [ 44.748624, 20.423643178410796 ], [ 44.748432, 20.423643178410796 ] ] ] } },
{ "type": "Feature", "properties": { "class": "Class1", "id": 136 }, "geometry": { "type": "Polygon", "coordinates": [ [ [ 44.70696, 20.420404797601201 ], [ 44.706768, 20.420404797601201 ], [ 44.706768, 20.420224887556223 ], [ 44.706672, 20.420224887556223 ], [ 44.706384, 20.420224887556223 ], [ 44.706384, 20.419865067466269 ], [ 44.709456, 20.419865067466269 ], [ 44.709456, 20.420044977511246 ], [ 44.709456, 20.420224887556223 ], [ 44.709264, 20.420224887556223 ], [ 44.709072, 20.420224887556223 ], [ 44.709072, 20.420404797601201 ], [ 44.70888, 20.420404797601201 ], [ 44.70696, 20.420404797601201 ] ] ] } },
{ "type": "Feature", "properties": { "class": "Class1", "id": 137 }, "geometry": { "type": "Polygon", "coordinates": [ [ [ 44.737488, 20.420764617691155 ], [ 44.737488, 20.420584707646178 ], [ 44.737296, 20.420584707646178 ], [ 44.737296, 20.420404797601201 ], [ 44.737104, 20.420404797601201 ], [ 44.736912, 20.420404797601201 ], [ 44.736912, 20.420224887556223 ], [ 44.73672, 20.420224887556223 ], [ 44.73672, 20.420044977511246 ], [ 44.73672, 20.419865067466269 ], [ 44.73864, 20.419865067466269 ], [ 44.73864, 20.420044977511246 ], [ 44.738448, 20.420044977511246 ], [ 44.738448, 20.420224887556223 ], [ 44.738256, 20.420224887556223 ], [ 44.738256, 20.420404797601201 ], [ 44.738256, 20.420584707646178 ], [ 44.738064, 20.420584707646178 ], [ 44.738064, 20.420674662668667 ], [ 44.738064, 20.420764617691155 ], [ 44.737488, 20.420764617691155 ] ] ] } }
]
}
